agua_1px,agua_3x3,agua_5x5,aot,nubes300,sr_1px_B11,sr_1px_B2,sr_1px_B3,sr_1px_B4,sr_1px_B5,sr_1px_B6,sr_1px_B7,sr_1px_B8A,sr_3x3_B11,sr_3x3_B2,sr_3x3_B3,sr_3x3_B4,sr_3x3_B5,sr_3x3_B6,sr_3x3_B7,sr_3x3_B8A,sr_5x5_B11,sr_5x5_B2,sr_5x5_B3,sr_5x5_B4,sr_5x5_B5,sr_5x5_B6,sr_5x5_B7,sr_5x5_B8A,t,toa_1px_B11,toa_1px_B2,toa_1px_B3,toa_1px_B4,toa_1px_B5,toa_1px_B6,toa_1px_B7,toa_1px_B8A,toa_3x3_B11,toa_3x3_B2,toa_3x3_B3,toa_3x3_B4,toa_3x3_B5,toa_3x3_B6,toa_3x3_B7,toa_3x3_B8A,toa_5x5_B11,toa_5x5_B2,toa_5x5_B3,toa_5x5_B4,toa_5x5_B5,toa_5x5_B6,toa_5x5_B7,toa_5x5_B8A
1.0,1.0,1.0,0.127,0.032938179900472944,0.013934,0.015476,0.032011000000000005,0.011166,0.004915,0.0001,0.0001,0.001153,0.013810762331838568,0.01609103139013453,0.03242797085201794,0.01088963004484305,0.004523374439461884,0.0001,0.00015919282511210763,0.0011542040358744395,0.013943145568342419,0.016191843327276398,0.03346434484151019,0.01089297395517868,0.004609287300625883,0.0001355340197859883,0.0005803351504138905,0.0015999596204320614,2018-01-04 11:04:52.496000+00:00,0.018221,0.107008,0.08240199999999999,0.049919,0.042451,0.036283,0.033923,0.029671999999999997,0.01784551569506727,0.10721093049327356,0.08236849775784753,0.04957012331838566,0.042119002242152474,0.03601384529147982,0.03444786995515695,0.029604372197309416,0.017552574197456084,0.10695083787603474,0.08225404805168583,0.04924694124772865,0.04195227135069654,0.0359338784575005,0.035016979608318184,0.02979739551786795
1.0,1.0,1.0,0.132,0.032938179900472944,0.012519,0.01281,0.030028000000000003,0.009883000000000001,0.003266,0.0001,0.0001,0.0001,0.012528531390134531,0.013354988789237668,0.03035089686098655,0.009566199551569506,0.002991816143497758,0.0001,0.0001,0.00010280269058295964,0.012592166363819905,0.013367211790833835,0.0312905309913184,0.009534423581667676,0.003072844740561276,0.0001,0.00014952554007672118,0.00022697355138300013,2018-01-04 11:04:52.496000+00:00,0.018072,0.107008,0.08240199999999999,0.049919,0.042351,0.036334,0.034155,0.029689,0.017851233183856504,0.10721093049327356,0.08235498878923768,0.04957012331838566,0.042080549327354264,0.036116199551569514,0.034503755605381166,0.02962371076233184,0.017563254593175856,0.10695083787603474,0.08224988895618814,0.04924694124772865,0.04195049464970724,0.03598233393902685,0.035041005451241655,0.02984673934988895
0.0,0.0,0.0,0.154,1.0,0.209354,0.6528330000000001,0.586798,0.5414890000000001,0.538822,0.518428,0.503235,0.474142,0.21272387892376687,0.664070908071749,0.5945252802690584,0.5480147982062781,0.5455042600896862,0.5273558856502243,0.510210369955157,0.482767600896861,0.220004663840097,0.6816866343630125,0.6117977993135473,0.563798687664042,0.5610943468604886,0.544755158489804,0.5268004037956794,0.49775182717544925,2018-01-09 11:06:03.474000+00:00,0.19507000000000002,0.45753799999999994,0.40979200000000005,0.429011,0.434457,0.43912700000000005,0.441751,0.43640100000000004,0.19514871076233184,0.4587275784753364,0.4089833520179373,0.4269059977578476,0.4339747757847534,0.4404038677130046,0.44183295964125563,0.43792847533632295,0.19486414294367047,0.4587555420956995,0.40872404603270734,0.4252222895215021,0.4327528366646476,0.440591459721381,0.441434867756915,0.4368020189783969
0.17,0.5184977578475336,0.4651726226529376,0.11,0.14719792642628318,0.011480000000000002,0.0001,0.002526,0.0001,0.0001,0.0001,0.0001,0.0001,0.013912892376681614,0.001476121076233184,0.0048497197309417045,0.0009071188340807175,0.0016457959641255609,0.0014797085201793726,0.002800224215246637,0.0032920403587443953,0.018075711689884914,0.0038079749646678777,0.008520129214617403,0.0030804562891177064,0.00462079547748839,0.0042632344033918836,0.0060710074702200675,0.007460306884716333,2018-01-19 11:08:40.077000+00:00,0.014818000000000001,0.087449,0.059262,0.034783,0.031645,0.028841,0.027624000000000003,0.020585,0.016094226457399104,0.08855,0.060244002242152477,0.03552600896860987,0.03250190582959642,0.02982920403587444,0.02902533632286996,0.023471356502242156,0.01834677972945689,0.08959244902079545,0.06178279830405814,0.036991964465980215,0.03432180496668685,0.0315844740561276,0.0314010498687664,0.026777427821522305
0.17,0.5184977578475336,0.4651726226529376,0.116,0.1400335497046167,0.010231000000000002,0.004479,0.004907000000000001,0.0001,0.0001,0.0001,0.0001,0.0001,0.012525672645739911,0.006740470852017938,0.007066479820627804,0.0008374439461883409,0.0014170403587443947,0.0010598654708520179,0.002203026905829597,0.002573430493273543,0.016491177064405407,0.009429981829194425,0.010691378962245103,0.0028767817484352913,0.0040126993741166975,0.0035141126589945493,0.00503547345043408,0.006247708459519483,2018-01-19 11:08:40.077000+00:00,0.017480000000000002,0.088915,0.06077900000000001,0.035698,0.032777,0.030601,0.030382,0.024424,0.018345739910313904,0.08991451793721975,0.06208895739910314,0.03720246636771301,0.03453228699551569,0.031630381165919284,0.03151434977578476,0.02622713004484305,0.01974972743791641,0.09108348475671307,0.06327670098929943,0.0384182919442762,0.03583795679386229,0.03286226529376136,0.03278429234807187,0.028422168382798305
1.0,1.0,1.0,0.121,0.02553255948340187,0.004781,0.014032000000000001,0.016026000000000002,0.0050810000000000004,0.0022979999999999997,0.0001,0.0001,0.0001,0.004739966367713005,0.015923654708520182,0.016278979820627804,0.005569394618834081,0.0033509529147982067,0.0001,0.0001789237668161435,0.00018878923766816146,0.005078780537048253,0.016621179083383807,0.01686593983444377,0.005806541490006056,0.004041732283464567,0.00025402786190187765,0.0005329295376539471,0.0004712497476277003,2018-01-24 11:03:32.457000+00:00,0.009366000000000001,0.09761900000000001,0.068032,0.0419,0.0371,0.032019,0.030296,0.024872000000000002,0.009198318385650226,0.098587668161435,0.06800117713004485,0.04215594170403587,0.0377140134529148,0.03243312780269059,0.030138677130044852,0.025117544843049334,0.009304603270745001,0.09868778518069858,0.06800385624873813,0.04209652735715727,0.038021401171007475,0.03280631940238239,0.030699152029073282,0.025117302644861696
1.0,1.0,1.0,0.121,0.024101928266467683,0.004098,0.023281,0.020026000000000002,0.005698,0.0027809999999999996,0.0001,0.0001,0.0001,0.00406042600896861,0.025357006726457406,0.020431558295964127,0.006242432735426009,0.0037301008968609866,0.0001,0.0001295964125560538,0.0001147982062780269,0.004363153644256005,0.026296931152836663,0.021137613567534824,0.006497557036139713,0.00444397334948516,0.00021554613365636985,0.00034908136482939635,0.00021389057137088631,2018-01-24 11:03:32.457000+00:00,0.009366000000000001,0.09761900000000001,0.068032,0.0419,0.037183,0.032053,0.030296,0.024789000000000002,0.009187500000000001,0.098587668161435,0.06799837443946188,0.04215594170403587,0.03772864349775785,0.0324880605381166,0.030193105381165923,0.025055661434977578,0.009291802947708457,0.0986851403189986,0.06799870785382596,0.04209652735715727,0.03804076317383405,0.03285612759943468,0.03068935998384817,0.025065192812436906
1.0,1.0,1.0,0.121,0.0,0.0019,0.0,0.005149,0.0,0.0,0.0,0.0,0.0,0.002144899103139014,0.0,0.004598374439461884,0.0,0.0,0.0,0.0,0.0,0.002476600040379568,0.0,0.004334948516050878,0.0,0.0,0.0,0.0,0.0,2018-01-29 11:09:27.540000+00:00,0.007,0.08553,0.058766,0.032385000000000004,0.0278,0.022987,0.023233999999999998,0.016919,0.007190639013452915,0.08492331838565023,0.0584302130044843,0.032331614349775786,0.02829786995515695,0.023626008968609866,0.02276541479820628,0.017162219730941706,0.007472057338986473,0.08494346860488595,0.058251564708257604,0.03226912982031092,0.028518312134060156,0.024064324651726223,0.02254080355340197,0.017394447809408436
1.0,1.0,1.0,0.083,0.0,0.0039,0.009228,0.014732,0.002702,0.000685,0.0,0.0,0.0,0.004066872197309418,0.008293890134529148,0.014212163677130046,0.002586491031390134,0.0014141816143497757,0.0,0.0,0.0,0.004379123763375732,0.008332263274782961,0.013974682010902484,0.00252140117100747,0.0016656167979002623,0.0,4.694124772864929e-05,0.0,2018-01-29 11:09:23.830000+00:00,0.007083000000000001,0.08553,0.058766,0.032385000000000004,0.027951000000000004,0.022887000000000005,0.023134,0.017002,0.007276121076233185,0.08492331838565023,0.0584302130044843,0.032331614349775786,0.028423542600896867,0.023611098654708524,0.022644786995515698,0.017186827354260095,0.007521542499495256,0.08494346860488595,0.05824667878053703,0.03227417726630325,0.02856022612558045,0.02405580456289117,0.022438320209973755,0.017423359580052488
0.0,0.0,0.0,0.187,0.8252610200681093,0.22823600000000005,0.19736099999999998,0.192925,0.19175700000000004,0.202589,0.21385900000000002,0.218649,0.22256399999999998,0.23323475336322874,0.19976210762331842,0.1949898542600897,0.19472264573991033,0.20683503363228703,0.21861799327354262,0.22315700672645747,0.22585011210762337,0.24077411669695128,0.20505554209569957,0.20080785382596403,0.20114968705834851,0.213444720371492,0.22549250959014736,0.2306845144356955,0.23382018978396932,2018-02-08 11:02:11.458000+00:00,0.20613299999999998,0.218709,0.184307,0.183905,0.18955200000000003,0.20405600000000002,0.21166500000000002,0.218063,0.20785711883408076,0.21880823991031392,0.1842265134529148,0.18435229820627805,0.19068054932735426,0.20547853139013456,0.21292623318385653,0.21829176008968612,0.20930341207349074,0.21915857056329502,0.18482029073288916,0.1852292146174036,0.19163898647284472,0.2063926711084191,0.21427771047849783,0.21994942459115682
0.0,0.0,0.0,0.105,0.8252610200681093,0.21894,0.209246,0.198212,0.19014599999999998,0.200493,0.209063,0.211821,0.21437,0.2233991591928252,0.21164736547085208,0.2002531950672646,0.19291362107623322,0.20426922645739912,0.21326406950672647,0.2158119394618834,0.2172082959641256,0.2303537250151423,0.21708415101958412,0.2059869170199879,0.1989515647082576,0.21049513426206337,0.21963585705632951,0.2227314354936402,0.2244751059963658,2018-02-08 11:02:11.458000+00:00,0.20613299999999998,0.218709,0.18432400000000002,0.183822,0.18955200000000003,0.20405600000000002,0.21156499999999998,0.21808000000000002,0.20784641255605382,0.21881860986547086,0.18423587443946188,0.18434837443946195,0.1906772421524664,0.20546502242152465,0.2128934417040359,0.21833122197309418,0.20929844538663434,0.21916093276801943,0.18481871592973953,0.1852410458308096,0.19164284272158288,0.2063779325661215,0.2142659196446598,0.21997540884312536
0.0,0.0,0.0,0.11,1.0,0.27356,0.35273800000000005,0.35772600000000004,0.35558700000000004,0.382556,0.385434,0.378273,0.376619,0.2765014573991032,0.35782376681614353,0.35895140134529147,0.35616255605381175,0.3859462443946189,0.39143536995515704,0.3863994394618835,0.3842694506726458,0.28082014940440125,0.3648387240056531,0.36180658186957393,0.3579490611750454,0.38929913183928927,0.39822465172622656,0.39714936402180495,0.3951005047445993,2018-02-18 11:05:29.830000+00:00,0.24735900000000002,0.29801900000000003,0.280252,0.30318900000000004,0.317886,0.337381,0.345022,0.355321,0.24719747757847532,0.29981423766816145,0.2795797085201794,0.3014984865470852,0.3172710201793722,0.33864831838565024,0.348230269058296,0.3584872757847534,0.24657133050676353,0.30065410862103775,0.2777381990712699,0.2981830203916817,0.31488273773470615,0.33847240056531386,0.35139428629113667,0.36192873006258836
0.0,0.0,0.0,0.187,1.0,0.271011,0.37265699999999996,0.370764,0.36468900000000004,0.388924,0.389136,0.380607,0.379402,0.2733616031390135,0.3777019618834081,0.3715818946188341,0.3647767376681615,0.3915475896860987,0.39443486547085205,0.3881294843049329,0.38646227578475345,0.2777117908338381,0.38464502321825156,0.3740324853624066,0.3661972743791641,0.3948278417120936,0.40135992327882075,0.39921556632344024,0.39767789218655347,2018-02-18 11:05:29.830000+00:00,0.24735900000000002,0.29801900000000003,0.280252,0.303172,0.317886,0.337381,0.345022,0.355404,0.24719747757847532,0.2998246076233184,0.27956900224215253,0.3014894058295965,0.3172944506726457,0.33864831838565024,0.34823279147982067,0.3585125560538117,0.24656644457904298,0.3006681001413285,0.2777394912174439,0.29820351302241066,0.31489178275792445,0.3384732485362406,0.35139299414496267,0.36194538663436304
1.0,1.0,1.0,0.159,0.0,0.003221,0.0,0.005866,3.4e-05,0.0,0.0,0.0,0.0,0.0031677130044843044,0.0,0.006283408071748881,0.00022584080717488793,0.0,0.0,0.0,0.0,0.003170401776700989,1.8170805572380375e-07,0.0065875429032909326,0.00030337169392287503,0.0,0.0,0.0,0.0,2018-02-23 11:09:31.052000+00:00,0.008987,0.08395300000000001,0.057766000000000005,0.035334,0.031168,0.028350999999999998,0.026049,0.022213,0.008939910313901346,0.08400033632286995,0.058003867713004496,0.03546468609865471,0.03146597533632287,0.02827186098654709,0.026228979820627805,0.02178817264573991,0.008938481728245507,0.0840313749242883,0.05818037552998182,0.03553678578639209,0.03163026448617,0.02815087825560266,0.026510882293559454,0.02175172622652938
0.0,0.0,0.0,0.187,1.0,0.4266020000000001,1.025559,0.926073,0.873411,0.910816,0.8784360000000001,0.8552730000000001,0.834632,0.4291313901345291,1.0326216928251124,0.9318719730941706,0.8784704035874442,0.9139552690582959,0.8848578475336325,0.8609273542600897,0.8415585762331839,0.4348971330506763,1.046615061578841,0.9444434282253179,0.8906389864728446,0.9266991318392891,0.8976275186755499,0.873026186149808,0.8540958207147183,2018-03-05 11:04:34.905000+00:00,0.385387,0.6789300000000001,0.6228830000000001,0.6736169999999999,0.7066769999999999,0.71924,0.734094,0.737566,0.38559781390134534,0.679497869955157,0.622890470852018,0.6731012892376683,0.7055048206278027,0.7206016255605382,0.7350586322869955,0.7396165358744395,0.3854334746618211,0.6798824752675144,0.6228865334140924,0.6729157278417119,0.7056925903492832,0.7209791237633756,0.7350739147991117,0.7400957399555824
0.0,0.0,0.0,0.198,1.0,0.419304,1.039986,0.9275340000000001,0.8685889999999999,0.9068030000000001,0.8712230000000001,0.846677,0.822502,0.4220453475336323,1.0472601457399104,0.9334677130044845,0.8738206278026905,0.9102788677130047,0.8779565582959642,0.8526190022421526,0.8296745515695068,0.42739460932768025,1.0607679386230568,0.9454509792045224,0.8853802745810616,0.9221976176054916,0.8898658994548758,0.8638641833232384,0.8413870381586914,2018-03-05 11:04:34.905000+00:00,0.38537,0.6789300000000001,0.622866,0.6736169999999999,0.7066769999999999,0.71924,0.7341770000000001,0.7376320000000001,0.3855884529147983,0.6794871636771301,0.622876177130045,0.6731150784753365,0.7054944506726458,0.7206016255605382,0.7350775224215247,0.7396060538116592,0.38542929537653947,0.6798724409448816,0.6228856248738138,0.6729208762366241,0.7056853220270543,0.7209789622451037,0.7350793660407833,0.740086210377549
1.0,1.0,1.0,0.11748150224215248,0.0032371537732197053,0.00846,0.024464000000000003,0.043890000000000005,0.021777,0.016411000000000002,0.00253,0.003598,0.0020259999999999996,0.0082210201793722,0.025587556053811664,0.04454596412556054,0.02242090807174888,0.017126345291479824,0.003653755605381166,0.00383335201793722,0.0022341367713004487,0.008394286291136682,0.026629335756107406,0.04566844336765596,0.023133171815061575,0.017793135473450426,0.004021360791439531,0.004082232990107005,0.0028068443367655965,2018-03-15 11:06:09.689000+00:00,0.011362,0.08825100000000001,0.073881,0.043798000000000004,0.037098,0.026732,0.0259,0.020428,0.01105347533632287,0.08887275784753365,0.0740707399103139,0.0441730941704036,0.037517208520179375,0.02755140134529149,0.026011827354260095,0.020484473094170404,0.01108059761760549,0.08927452049263071,0.07438231374924287,0.044445830809610336,0.03782063395921664,0.027708015344235816,0.026075590551181096,0.02086139713305067
1.0,1.0,1.0,0.094,0.0032371537732197053,0.009294,0.031313,0.047772999999999996,0.024677000000000004,0.020111,0.006847000000000001,0.007515000000000001,0.005409,0.009052970852017938,0.03240280269058296,0.048396188340807174,0.025313957399103148,0.020885538116591933,0.008024047085201796,0.007832903587443948,0.005494394618834083,0.009227962850797496,0.03350954976781748,0.04953080961033716,0.026044942459115684,0.021566888754290324,0.00842549969715324,0.008178114274177264,0.0060769634564910155,2018-03-15 11:06:09.689000+00:00,0.011378999999999998,0.08825100000000001,0.073881,0.043798000000000004,0.037098,0.026649,0.025716999999999997,0.020511,0.011069002242152466,0.08887275784753365,0.0740707399103139,0.04417337443946189,0.03754439461883408,0.027517825112107628,0.025910818385650226,0.02047281390134529,0.011095416919038965,0.08927474258025436,0.07438231374924287,0.044450615788411064,0.037833454472037155,0.027682374318594792,0.026045891378962245,0.020856773672521697
0.0,0.0,0.0,0.121,1.0,0.7037469999999999,1.2102730000000002,1.09664,1.053893,1.0843990000000001,1.043664,1.0174460000000003,0.990352,0.7087616591928252,1.2166961322869958,1.1063358744394618,1.0632532511210764,1.0919108744394619,1.0482122757847534,1.0250764013452915,0.9952959641255608,0.7200724611346657,1.230391479911165,1.1215370482535836,1.0785719765798505,1.106565758126388,1.063798445386634,1.0399861094286291,1.0099088431253784,2018-03-20 11:04:36.565000+00:00,0.6419520000000001,0.8506890000000001,0.780893,0.856295,0.880229,0.8928940000000001,0.904555,0.917225,0.6437853139013455,0.8512315582959643,0.7838453475336323,0.8595679932735427,0.8829614910313903,0.8933838565022423,0.9077247757847534,0.9182761210762334,0.6473407429840501,0.8517637795275591,0.7859917423783567,0.8622844336765596,0.8859997981021602,0.8976462951746416,0.9117728447405611,0.9225387038158693
0.0,0.0,0.0,0.187,1.0,0.5865980000000001,1.1982640000000002,1.094456,1.047027,1.0808300000000002,1.025123,0.9960359999999999,0.979207,0.5766404708520179,1.1880014573991033,1.0858040358744396,1.0373271860986548,1.0732359304932737,1.0183743273542603,0.991358912556054,0.9723987107623319,0.5683808197052291,1.1842219866747423,1.0826644256006461,1.0345372501514234,1.0702303856248734,1.0170495457298605,0.9900710882293559,0.9724263476680797,2018-03-25 11:09:19.448000+00:00,0.532949,0.7960710000000001,0.746629,0.8159870000000001,0.835352,0.8482069999999999,0.869003,0.8789079999999999,0.5232514013452915,0.7878890695067264,0.73898783632287,0.80614899103139,0.8282288677130045,0.8412560538116594,0.8633823991031392,0.8711564461883409,0.5125800323036545,0.7804564708257619,0.7316622652937613,0.7978371492025036,0.8203688269735512,0.8343451039773874,0.8561595396729255,0.8648547546941246
1.0,1.0,1.0,0.08786547085201793,0.0029229759373439624,0.013111000000000001,0.029280999999999998,0.03486,0.014112999999999999,0.010098,0.00703,0.008798,0.0062959999999999995,0.013243609865470855,0.030100112107623325,0.0353127802690583,0.014513060538116594,0.011091199551569508,0.006961827354260091,0.008942320627802692,0.007111995515695068,0.013637007874015745,0.03045422975974156,0.03585596608116293,0.01490060569351908,0.012138057742782154,0.007375105996365839,0.008952634766807991,0.007629113668483746,2018-03-30 11:00:02+00:00,0.015113000000000001,0.08598499999999999,0.066449,0.036248999999999997,0.0309,0.028749,0.0285,0.022698,0.015118553811659193,0.08646776905829598,0.06663643497757847,0.03652673766816144,0.0316197869955157,0.028627858744394625,0.028520067264573994,0.02332673766816144,0.01527248132444983,0.08647070462346051,0.06674276196244701,0.03665711689884917,0.032286048859277196,0.02877952755905511,0.028334060165556233,0.023600020189783962
1.0,1.0,1.0,0.083,0.0029229759373439624,0.013245000000000002,0.032981,0.036893999999999996,0.015213,0.011366000000000001,0.008213,0.009798000000000001,0.007064,0.013308127802690584,0.033872926008968615,0.037438396860986545,0.015685033632287,0.012458688340807177,0.008195739910313903,0.009860033632286998,0.0077858744394618835,0.013727942661013527,0.03430686452654957,0.038030002018978395,0.01610817686250757,0.013453099131839286,0.008604542701393094,0.009882677165354327,0.008311508176862508,2018-03-30 11:00:02+00:00,0.015130000000000001,0.08598499999999999,0.066449,0.036248999999999997,0.030851000000000003,0.028732,0.0285,0.022666000000000002,0.015118273542600898,0.0864572869955157,0.06663643497757847,0.03652673766816144,0.03166765695067265,0.028661322869955163,0.02849232062780269,0.023295683856502245,0.015320775287704425,0.08646555622854835,0.06673979406420352,0.036654855643044625,0.03229006662628709,0.028803230365435084,0.028307147183525123,0.02357258227336967
0.0,0.0,0.0,0.14300000000000002,0.5657613482717414,0.106047,0.132365,0.120493,0.11868799999999999,0.13078,0.151753,0.16178000000000003,0.168884,0.10490913677130044,0.13047847533632287,0.12172813901345293,0.11954349775784755,0.13241418161434979,0.15223800448430497,0.1625806614349776,0.16622729820627802,0.10382473248536242,0.12844968705834847,0.1209389460932768,0.11927492428831009,0.1311778114274177,0.15100581465778312,0.16026626287098725,0.1634377548960226,2018-04-09 11:04:05.466000+00:00,0.09937800000000002,0.160415,0.130677,0.12305899999999999,0.130221,0.152213,0.163338,0.171391,0.09815409192825114,0.1590765134529148,0.13117864349775785,0.12335594170403588,0.13118615470852021,0.15223828475336323,0.1636035874439462,0.16865543721973095,0.09661354734504336,0.15741887744801125,0.1302101150817686,0.12255903492832627,0.129560508782556,0.1503136079143953,0.1606048657379366,0.16505150413890568
0.0,0.0,0.0,0.154,0.5657613482717414,0.104615,0.130448,0.116976,0.115205,0.128399,0.146521,0.15511600000000003,0.16255399999999998,0.10365846412556054,0.12826642376681616,0.11793593049327357,0.11581687219730942,0.1304135089686099,0.1471664798206278,0.1561502802690583,0.16017909192825114,0.10259030890369471,0.12622580254391277,0.1171581061982637,0.11553797698364625,0.12917322834645667,0.1459459721380981,0.1538275792449021,0.15732824550777305,2018-04-09 11:04:05.466000+00:00,0.099361,0.160415,0.130677,0.12307599999999998,0.130138,0.152279,0.163338,0.171491,0.09812909192825113,0.15906423766816144,0.1311498878923767,0.12335263452914799,0.13117202914798207,0.15220375560538113,0.16359299327354265,0.1687185538116592,0.09659014738542297,0.1574139107611548,0.13019551786795877,0.12256959418534219,0.1295466182111851,0.15027985059559862,0.16058302039168182,0.16506054916212395
1.0,0.9686098654708521,0.8312134060165555,0.132,0.26904282356109355,0.009268,0.028625000000000005,0.036787,0.017177,0.011087000000000001,0.0022419999999999996,0.0040420000000000005,0.0058119999999999995,0.012528082959641255,0.035591704035874444,0.04564915919282512,0.022468778026905827,0.015459360986547089,0.007286771300448433,0.008480773542600899,0.009091367713004485,0.014432424793054711,0.03778088027458106,0.048364526549565905,0.025166606097314758,0.01826369876842317,0.010542822531798907,0.010910276600040378,0.011477044215626892,2018-04-14 11:07:09+00:00,0.012766,0.091367,0.070974,0.041599,0.034947,0.029487,0.029921,0.027059000000000003,0.01577853139013453,0.0957943946188341,0.07711121076233185,0.04575784753363229,0.038344058295964135,0.033888228699551576,0.03372219730941704,0.030068778026905836,0.01749004643650313,0.0971957803351504,0.0789794064203513,0.0478799313547345,0.04052810417928528,0.03656664647688269,0.03578570563294973,0.03217530789420553
1.0,0.9686098654708521,0.8312134060165555,0.116,0.2718367621729886,0.009751,0.033555,0.0397,0.019274999999999997,0.013853,0.0045590000000000006,0.0064080000000000005,0.007844,0.013026345291479825,0.040257903587443945,0.04828004484304933,0.024412443946188342,0.018000280269058297,0.009795123318385652,0.010706838565022421,0.010904484304932738,0.0148676963456491,0.042450050474459926,0.0509655158489804,0.02708075913587724,0.020723137492428826,0.013064223702806379,0.013160367454068237,0.013302160306884716,2018-04-14 11:07:09.384000+00:00,0.012766,0.091367,0.070974,0.041599,0.035147000000000005,0.029470000000000003,0.029838,0.027142000000000003,0.015823318385650226,0.09577875560538118,0.07711121076233185,0.04575784753363229,0.03843015695067266,0.033859809417040365,0.03366698430493274,0.03003800448430494,0.017509630526953365,0.09718524126791843,0.0789794064203513,0.04788001211387038,0.04056820109024833,0.03654140924692105,0.03578120331112456,0.032179244902079546
1.0,0.95347533632287,0.7173430244296385,0.219,0.12370191255757587,0.030183000000000005,0.038763000000000006,0.05348,0.026936,0.025755,0.020087,0.025068000000000003,0.026651,0.03035375560538117,0.04046552690582961,0.05525616591928252,0.028308744394618838,0.025671356502242164,0.022004035874439463,0.025349887892376678,0.026159417040358752,0.03128390874217646,0.041514536644457894,0.056255582475267504,0.02943561477892186,0.02633476680799515,0.022676014536644456,0.026670644054108624,0.02709275186755501,2018-04-19 11:09:32.885000+00:00,0.034083,0.098874,0.085691,0.054202,0.052253,0.053335999999999995,0.057134000000000004,0.054617000000000006,0.03421877802690583,0.09985807174887894,0.0867362668161435,0.05518856502242154,0.05211126681614351,0.0547240470852018,0.05732371076233184,0.05426020179372197,0.03500405814657782,0.10042899252977992,0.08731815061578842,0.05597086614173228,0.05259909145972137,0.05520983242479305,0.0583143347466182,0.05504516454673935
1.0,0.7146860986547084,0.616596002422774,0.20800000000000002,0.04975791475682074,0.030566,0.04142900000000001,0.053963000000000004,0.027153,0.027570000000000004,0.021253,0.0255,0.026251,0.030617769058295965,0.04310397982062781,0.055752466367713006,0.02858015695067265,0.027141143497757855,0.02291967488789238,0.025645964125560538,0.02593335201793722,0.031444316575812634,0.04414544720371491,0.05672285483545325,0.029700989299414497,0.02786779729456894,0.023575671310316973,0.027002564102564096,0.02698667474258025,2018-04-19 11:09:29.174000+00:00,0.0341,0.098874,0.085691,0.054202,0.052336,0.053436000000000004,0.057116999999999994,0.054517,0.03423738789237668,0.09985807174887894,0.0867362668161435,0.05520196188340808,0.05213525784753364,0.05474265695067266,0.05730571748878925,0.054230213004484315,0.035001251766606095,0.10042899252977992,0.08731815061578842,0.055976256814052085,0.05264037956793863,0.05524502321825155,0.058329477084595176,0.0550584292348072
0.0,0.0,0.0,0.279,0.0028612624338683703,0.036624,0.026439,0.036958000000000005,0.024777000000000004,0.024632,0.02372,0.026616000000000004,0.028893,0.037916311659192826,0.02790560538116592,0.03700689461883408,0.025441423766816147,0.026655156950672648,0.024106278026905834,0.02772970852017937,0.02965532511210762,0.0395804562891177,0.03004797092671108,0.039121380981223496,0.027299212598425198,0.029297415707651923,0.026806178073894606,0.030052008883504948,0.03285027256208358,2018-04-24 11:06:09+00:00,0.040945,0.094213,0.07809800000000001,0.056615,0.055584999999999996,0.06239400000000001,0.065341,0.063052,0.04190246636771301,0.09483923766816146,0.07801771300448432,0.05690510089686099,0.056782286995515706,0.06254366591928252,0.06601591928251123,0.0635322869955157,0.04298205128205128,0.09567742782152232,0.07889638602866948,0.05781786795881283,0.058210740965071665,0.06408273773470621,0.06737118917827578,0.06561538461538459
0.0,0.0,0.0,0.296,0.0028612624338683703,0.035824,0.029139,0.036975,0.023211000000000002,0.0236,0.021505000000000003,0.024067,0.026178,0.03725375560538117,0.030700280269058303,0.037067769058295966,0.02392163677130045,0.025763901345291485,0.022170067264573993,0.025291984304932735,0.027061827354260094,0.0389603270745003,0.032870724813244497,0.039189440742984034,0.025774742580254393,0.028482495457298605,0.02496856450635978,0.027726165960024213,0.030268746214415502,2018-04-24 11:06:09+00:00,0.040928000000000006,0.094213,0.078115,0.056615,0.055602,0.062328,0.065341,0.063186,0.04190168161434978,0.09483923766816146,0.07803200672645741,0.05690510089686099,0.05678066143497759,0.06252393497757847,0.06599220852017938,0.06362331838565023,0.04300430042398546,0.09568126388047649,0.07890153442358165,0.05781786795881283,0.05821043811831212,0.0640729658792651,0.06737700383605895,0.06566476882697354
0.0,0.0,0.0,0.214,0.7452410473342571,0.09798300000000001,0.119627,0.10411499999999999,0.09175,0.097089,0.096583,0.096252,0.089975,0.1147867152466368,0.12314411434977579,0.1107483744394619,0.10077572869955158,0.10846406950672648,0.10866670403587445,0.11012141255605383,0.10983402466367713,0.13126107409650714,0.13559240864122757,0.125013809812235,0.11621510195840905,0.125399333737129,0.12744918231374924,0.12980331112457097,0.1311377750858066,2018-05-04 11:02:30+00:00,0.09453300000000002,0.148922,0.11897600000000001,0.102506,0.10478799999999999,0.11418600000000001,0.117495,0.11062200000000003,0.1093136210762332,0.1509343609865471,0.12307006726457398,0.10892791479820628,0.11283127802690583,0.12326440582959641,0.12850801569506728,0.1271765134529148,0.12351831213406014,0.15762412679184332,0.13149414496264886,0.11957460125176658,0.12439929335756106,0.13693747223904704,0.14362654956591964,0.1443921259842519
0.0,0.0,0.0,0.138,0.7452410473342571,0.098679,0.126343,0.106999,0.092719,0.10036,0.100469,0.09933600000000001,0.093025,0.11510504484304933,0.1294639013452915,0.11304831838565024,0.10102107623318386,0.11110504484304934,0.1118093049327354,0.11233570627802691,0.11174389013452915,0.1312622854835453,0.14063454472037148,0.1259766404199475,0.11523918837068442,0.12682459115687458,0.1291704421562689,0.1305981627296588,0.13161629315566323,2018-05-04 11:02:30+00:00,0.094299,0.148922,0.11905900000000001,0.102589,0.104754,0.114169,0.11736100000000001,0.110505,0.10911446188340809,0.1508816143497758,0.12310588565022425,0.1089693946188341,0.11287163677130044,0.12332096412556054,0.1284456278026906,0.12718632286995518,0.12340506763577627,0.1575697758933979,0.13151849384211586,0.11958925903492831,0.12436563698768421,0.13687492428831008,0.14351649505350286,0.1443487987078538
1.0,0.7959641255605382,0.5667272360185746,0.165,0.005722524867736741,0.023673,0.0163,0.019683000000000003,0.018713,0.024690000000000004,0.012475000000000002,0.014852,0.012010999999999999,0.023517544843049326,0.016998934977578477,0.021080100896860986,0.01934389013452915,0.02511177130044843,0.012800336322869955,0.014638677130044844,0.012777017937219732,0.024083484756713097,0.017876277003836052,0.021895114072279422,0.020291681809004643,0.02612933575610741,0.013868584696143747,0.01561088229355945,0.013868988491823135,2018-05-09 11:04:39+00:00,0.026709,0.080168,0.060285,0.043949,0.046928,0.042945000000000004,0.04449,0.038347,0.02645717488789238,0.08050543721973094,0.0611277466367713,0.04432477578475337,0.04715112107623319,0.04307107623318386,0.044230044843049335,0.03889843049327355,0.02680860084797092,0.08092608520088834,0.061528689683020374,0.044926266908944065,0.047743105188774476,0.043757419745608706,0.0448660407833636,0.03967548960226125
1.0,0.8486547085201794,0.7714516454673934,0.11,0.07755704291332619,0.024875000000000005,0.024834000000000002,0.025913000000000002,0.022715000000000003,0.028175,0.018230000000000003,0.019820000000000004,0.017947,0.02443178251121077,0.024863340807174887,0.026285986547085208,0.022840358744394624,0.02880297085201794,0.018434697309417044,0.019945291479820628,0.01831692825112108,0.02475962043206137,0.02555853018372703,0.02708554411467797,0.023691621239652735,0.029795114072279427,0.019330304865737932,0.020921380981223495,0.019054875832828583,2018-05-09 11:09:29.452000+00:00,0.026743,0.081517,0.061464000000000005,0.044749000000000004,0.046828,0.043298,0.044539,0.039681,0.026394506726457403,0.08147813901345294,0.06172113228699551,0.04485498878923768,0.047405269058295965,0.0434945067264574,0.04470044843049328,0.03997757847533633,0.02674039975772259,0.08192283464566927,0.062282576216434474,0.045518211185140316,0.04824116696951341,0.04426531395114071,0.04557207752877044,0.040635756107409646
0.0,0.0,0.0,0.116,0.010216389984459416,0.053681000000000006,0.073193,0.07341199999999999,0.05944400000000001,0.05908100000000001,0.054881,0.057087000000000006,0.058263999999999996,0.053026401345291484,0.07313245515695069,0.07328262331838566,0.058623710762331846,0.05724013452914799,0.05413665919282512,0.05563536995515696,0.05652836322869956,0.0523459115687462,0.0718373107207753,0.07201338582677165,0.056918736119523514,0.05666660609731476,0.05346587926509186,0.05444290329093479,0.05518142539874822,2018-05-14 11:09:21+00:00,0.052768,0.118844,0.09578,0.073663,0.071702,0.073719,0.076491,0.07481900000000001,0.05198284753363229,0.11868873318385652,0.09561048206278026,0.07292034753363229,0.07009181614349776,0.07293150224215247,0.07505100896860986,0.07304063901345291,0.05111558651322431,0.11757682212800323,0.09443599838481725,0.07127942661013525,0.06940652130022208,0.07209331718150616,0.07371245709670905,0.07152852816474861
0.0,0.0,0.0,0.187,0.010216389984459416,0.05178100000000001,0.071612,0.07069700000000001,0.056229,0.054715,0.046898,0.04870400000000001,0.049929999999999995,0.05110745515695068,0.07155599775784753,0.07053178251121077,0.05533772421524663,0.05272488789237669,0.04601300448430495,0.04704310538116592,0.04809108744394619,0.050478538259640625,0.07013672521704017,0.06917094690086815,0.05350113062790228,0.05215273571572784,0.04535408843125378,0.04580131233595801,0.04675832828588733,2018-05-14 11:09:21+00:00,0.052668,0.11886100000000001,0.09578,0.073663,0.071719,0.073719,0.076591,0.074685,0.05193363228699551,0.11870302690582961,0.09561048206278026,0.07292034753363229,0.07013038116591928,0.07291967488789237,0.07511468609865471,0.07297606502242154,0.051100383605895416,0.11758197052291543,0.09443599838481725,0.07127942661013525,0.06944314556834241,0.07210129214617403,0.07374520492630728,0.07149781950333131
0.0,0.0,0.0,0.127,0.45527173577644,0.049561999999999995,0.068984,0.073305,0.052824,0.053399,0.05024100000000001,0.052722,0.051120000000000006,0.052204372197309425,0.0703377802690583,0.0756277466367713,0.05526065022421526,0.05417724215246638,0.0527002802690583,0.05627965246636771,0.05331322869955157,0.057619685039370074,0.07204968705834847,0.07779178275792448,0.0584102564102564,0.05815154451847364,0.0580834847567131,0.06162198667474259,0.05882130022208761,2018-05-19 11:03:34.001000+00:00,0.048966,0.119094,0.098147,0.06933,0.06729,0.07092999999999999,0.074228,0.07070900000000001,0.051217096412556055,0.11983497757847535,0.09955078475336324,0.07103581838565022,0.06768054932735426,0.07276608744394619,0.07703727578475338,0.07239854260089688,0.055919362002826545,0.12066079143953157,0.10074688067837673,0.0732562487381385,0.07047100747022006,0.07687912376337573,0.08129297395517869,0.0771093478699778
0.0,0.0,0.0,0.187,0.45527173577644,0.047696,0.068467,0.06993899999999999,0.047858,0.049414000000000007,0.042241,0.043754,0.041754,0.050543946188340814,0.06994299327354261,0.07250751121076233,0.05052359865470853,0.05018750000000001,0.04499674887892376,0.04734551569506727,0.0441442264573991,0.056008843125378543,0.07178606904906118,0.0748254593175853,0.053837007874015734,0.05449983848172824,0.050632626690894404,0.05288463557439935,0.04988946093276802,2018-05-19 11:03:34.001000+00:00,0.048983,0.119094,0.098147,0.069247,0.067273,0.07094700000000001,0.074494,0.07056000000000001,0.051305493273542606,0.11983004484304934,0.09954557174887894,0.07102124439461883,0.06762348654708521,0.07284484304932735,0.07712813901345293,0.07235229820627805,0.0559905108015344,0.12065057540884308,0.10073107207752877,0.0732364425600646,0.07048814859680999,0.07693698768423178,0.08137817484352916,0.07710769230769231
0.0,0.0,0.0018170805572380374,0.23,0.3904332848975836,0.013692000000000001,0.033717000000000004,0.041634,0.021714999999999998,0.022396,0.010017000000000002,0.012096,0.010642999999999998,0.013602073991031392,0.03383284753363228,0.041665975336322866,0.021404147982062784,0.02122656950672646,0.010320683856502243,0.011510426008968611,0.010393721973094173,0.013842620633959217,0.033151261861498076,0.04152604482132042,0.021320209973753276,0.020519725418938012,0.010522895215021196,0.011625217040177667,0.010346476882697355,2018-05-24 11:00:36.458000+00:00,0.019394,0.098402,0.07887000000000001,0.049733999999999993,0.049149,0.048502,0.050715,0.044796,0.019220067264573995,0.09838071748878927,0.07883979820627804,0.04946171524663677,0.04840885650224216,0.04865061659192825,0.05020184977578476,0.044578923766816145,0.0193198667474258,0.0978771047849788,0.0785827579244902,0.04927450030284675,0.0478270341207349,0.04865570361397132,0.05012572178477691,0.04443179890975166
0.0,0.0,0.0018170805572380374,0.263,0.31946275590065243,0.012192000000000001,0.039783000000000006,0.04115099999999999,0.017632000000000002,0.018494,0.003685,0.005711000000000001,0.004075,0.012158912556053812,0.0398067264573991,0.04118374439461884,0.01728262331838565,0.0172140134529148,0.0041348510399100615,0.0050133408071748875,0.0037383408071748883,0.012360205935796486,0.039175005047446,0.041045467393498875,0.017186917019987882,0.0165295376539471,0.004713660733433412,0.005151451942740286,0.004096504559270517,2018-05-24 11:00:36.458000+00:00,0.019743,0.09811900000000001,0.079051,0.04945100000000001,0.049015,0.047789,0.05061500000000001,0.044879,0.019353419282511213,0.09839988789237669,0.07888576233183858,0.04954187219730942,0.048467488789237664,0.0485667600896861,0.05007875560538118,0.04466463004484304,0.019420876236624265,0.0979400565313951,0.078611831213406,0.049355966081162925,0.04796997779123763,0.04870860084797092,0.05008453462547951,0.04451368867353118
0.0,0.0,0.0,0.187,1.0,0.256232,1.1753780000000003,1.0693120000000003,1.0173180000000002,1.0822820000000002,1.023431,0.9771620000000001,0.927191,0.25808447309417043,1.175353139013453,1.0734773542600897,1.0185582959641257,1.0821345852017938,1.0213160874439462,0.9764566704035875,0.9307450112107626,0.2613222087623663,1.180212315768221,1.0811473046638398,1.0247700787401575,1.0869883908742175,1.0253198465576419,0.9814286694932365,0.9372540480516859,2018-05-29 11:03:32.997000+00:00,0.23093900000000003,0.804529,0.7588790000000001,0.7998720000000001,0.8154650000000001,0.830859,0.83955,0.8356730000000001,0.23241883408071748,0.8035559977578477,0.7606323430493275,0.7998356502242152,0.8151279708520182,0.8289966928251122,0.8384702914798208,0.8382523542600898,0.23410631940238238,0.8033590147385422,0.7625112255198867,0.8012207550979203,0.8152803553401976,0.8286618009287299,0.8389442761962445,0.8402423783565516
0.0,0.0,0.0,0.187,1.0,0.256419,1.12908,1.033082,0.991854,1.098481,1.03003,0.977059,0.9234240000000001,0.2583822309417041,1.1289429372197313,1.0383278026905831,0.9927588565022422,1.0988061098654711,1.028715134529148,0.9767158632286996,0.9275871076233184,0.2616333737129012,1.1335553401978598,1.0458890773268723,0.9989480314960628,1.1037041994750656,1.032916474863719,0.9818265293761359,0.9341609933373713,2018-05-29 11:03:32.997000+00:00,0.23093900000000003,0.804446,0.7588790000000001,0.7998720000000001,0.815482,0.8309249999999999,0.8394330000000001,0.8356239999999999,0.23242348654708522,0.8035312219730943,0.7606274103139014,0.7998407511210763,0.8151576793721973,0.8290226457399105,0.8384135089686101,0.8382616031390135,0.23411219462951743,0.8033571370886331,0.7624937209771854,0.8012150010094891,0.8152934383202097,0.8286645871189179,0.838947365233192,0.840251968503937
0.0,0.0,0.0383605895416919,0.209,0.29806500115011525,0.049439,0.056903999999999996,0.069018,0.05716700000000001,0.05642200000000001,0.04713300000000001,0.047182,0.04883,0.04992780269058297,0.05724887892376682,0.06949226457399102,0.056776177130044854,0.05843974215246638,0.047388228699551574,0.04843026905829597,0.04995717488789239,0.05171817080557238,0.0595930143347466,0.07258711891782756,0.05867902281445588,0.061138905713708856,0.04923167777104784,0.0502,0.05117112860892388,2018-06-03 11:07:41.181000+00:00,0.05089,0.12663999999999997,0.10555,0.08088400000000001,0.078403,0.082167,0.084644,0.08214700000000001,0.05137443946188342,0.1267972533632287,0.10582651345291481,0.08059086322869954,0.07987830717488789,0.08240454035874441,0.08566776905829598,0.08316373318385652,0.052757157278417115,0.12793234403391882,0.10749751665657176,0.08170726832222895,0.08154391278013325,0.08352638804764788,0.08682267312739751,0.08393815869170197
0.0,0.0,0.0383605895416919,0.176,0.2994956323670494,0.050173,0.07120399999999999,0.07813500000000001,0.063184,0.064556,0.055982000000000004,0.05531400000000001,0.055196,0.050640246636771316,0.07146339686098656,0.07860588565022424,0.06284568385650226,0.06672729820627803,0.05629568385650224,0.05661709641255605,0.0563996076233184,0.05238261659600241,0.07368398950131232,0.08160605693519081,0.06468227336967494,0.06952576216434482,0.05818837068443368,0.05836983646274983,0.05765863113264687,2018-06-03 11:07:41.181000+00:00,0.050907,0.12663999999999997,0.10555,0.08088400000000001,0.07823700000000001,0.082133,0.084561,0.082047,0.051386434977578485,0.12678677130044844,0.10582124439461885,0.08058015695067264,0.07980420403587443,0.08230123318385651,0.0856307735426009,0.08307769058295965,0.05273827983040581,0.12792967898243487,0.10749357964869775,0.08169812235009084,0.08150609731475872,0.08344484151019582,0.0867642640823743,0.0838587522713507
0.0,0.0,0.0,0.209,1.0,0.6664909999999998,1.201716,1.102818,1.05455,1.079614,1.024578,1.0013770000000002,0.9700139999999999,0.6660631165919283,1.2029709641255606,1.1026743273542603,1.053047085201794,1.0755672085201795,1.021096244394619,0.9982351457399103,0.9711389573991033,0.6662192206743388,1.205995356349687,1.104871633353523,1.0540409448818893,1.077076539471027,1.022346618211185,0.9996556228548356,0.9725720977185544,2018-06-13 10:57:37.832000+00:00,0.594569,0.767185,0.7406,0.7937150000000001,0.803841,0.8214710000000001,0.8459150000000001,0.852814,0.5938204596412557,0.7671654147982064,0.739745403587444,0.791812668161435,0.8003456278026907,0.8182845291479821,0.8428052690582961,0.8530473654708521,0.5915421360791439,0.766266384009691,0.7383845951948312,0.7894640621845346,0.798198546335554,0.8159839693115283,0.8406297799313547,0.8507463153644255
0.0,0.0,0.0,0.154,1.0,0.658342,1.110128,1.027728,0.9912299999999999,1.0428819999999999,0.990567,0.9649470000000001,0.9353330000000001,0.6581114910313901,1.1114938340807177,1.0278256726457402,0.9903867713004485,1.0391719170403588,0.9876642937219733,0.962192937219731,0.9367104260089688,0.6580343226327477,1.1146642035130223,1.0302210377548962,0.9916169997981019,1.0402613163739145,0.988600080759136,0.9633595396729258,0.9378867555017157,2018-06-13 10:57:37.832000+00:00,0.5944860000000001,0.767185,0.7406,0.7937150000000001,0.803841,0.8215709999999999,0.845832,0.852631,0.5938021300448432,0.76715201793722,0.7397746076233186,0.791803811659193,0.8003589125560538,0.8183051008968611,0.8428114910313902,0.8529909192825114,0.5915226529376135,0.7662626287098727,0.7384000403795677,0.7894680395719764,0.7982234201494043,0.8159852614577021,0.8406512820512821,0.8507159499293355
0.0,0.0,0.0,0.116,0.9872477460545434,0.548288,0.5937730000000001,0.5696980000000001,0.5624800000000001,0.5962020000000001,0.602139,0.599922,0.595504,0.5478991031390135,0.590973374439462,0.5677327914798206,0.5589861547085202,0.5943522421524664,0.5988001121076233,0.5981519618834082,0.5930451793721974,0.5490898243488793,0.5941496870583484,0.5704765596608115,0.5611405007066423,0.5958390268524126,0.6010283868362607,0.6012569351907935,0.5940417322834645,2018-06-18 11:04:36.333000+00:00,0.493994,0.45632900000000004,0.4420160000000001,0.4718,0.47951599999999994,0.5188550000000001,0.541804,0.5606650000000001,0.49320992152466375,0.4538731502242153,0.44000414798206283,0.46846709641255607,0.4777619955156951,0.5157,0.539960538116592,0.5579645739910314,0.4920831011508177,0.45438616999798087,0.4403933575610741,0.46836476882697353,0.4770438925903492,0.5154289925297799,0.5403507369271149,0.5564396931152836
0.0,0.0,0.0,0.16,0.9872477460545434,0.549039,0.6202920000000001,0.587049,0.57385,0.604368,0.611454,0.608988,0.6032700000000001,0.5488441143497759,0.617083912556054,0.5846140695067266,0.5701282511210763,0.6026862668161435,0.6081836322869956,0.6076093049327355,0.600924495515695,0.5497616192206743,0.6202062184534624,0.5874871391076114,0.5723423985463355,0.6040303654350898,0.6103095497678175,0.6105067635776297,0.6016212194629518,2018-06-18 11:04:36.333000+00:00,0.493911,0.45632900000000004,0.44199900000000003,0.4718,0.47951599999999994,0.518938,0.5417040000000001,0.560699,0.4931927130044845,0.45388396860986563,0.4400085762331839,0.468417432735426,0.47780218609865477,0.5157647982062781,0.5399326793721975,0.5580354820627803,0.4920788007268321,0.4544161518271754,0.4403964465980214,0.46834829396325445,0.4770767615586513,0.5154606299212598,0.5403172824550777,0.5564707450030284
1.0,0.95347533632287,0.7195639006662627,0.15396860986547087,0.0,0.06736199999999999,0.08517300000000001,0.115222,0.07922,0.079239,0.06437300000000001,0.067305,0.066388,0.06422791479820629,0.08037780269058296,0.11039927130044845,0.07435852017937221,0.07413918161434978,0.060506446188340814,0.06183699551569507,0.06183116591928251,0.06029374116696952,0.07500321017565112,0.10516014536644457,0.06888178881485967,0.06820264486169998,0.05513805774278215,0.05617266303250553,0.056670845951948316,2018-06-23 11:09:34.522000+00:00,0.066079,0.12327700000000001,0.12360900000000001,0.088973,0.08639200000000001,0.08395799999999999,0.08889,0.086056,0.06326143497757848,0.12034887892376685,0.12037853139013455,0.08527494394618836,0.08261793721973096,0.08085173766816145,0.08430039237668162,0.0820288677130045,0.05969410458308096,0.11702000807591359,0.11689630526953361,0.08109858671512214,0.0781806581869574,0.07656779729456893,0.07951282051282049,0.07749824348879467
1.0,0.7146860986547084,0.616596002422774,0.137,0.0,0.06804500000000001,0.08769,0.116322,0.080154,0.08145600000000001,0.06748799999999999,0.07002199999999999,0.06890500000000001,0.06491989910313901,0.08307315022421526,0.11156860986547085,0.07540476457399105,0.07632841928251122,0.06343536995515696,0.06453195067264575,0.06424428251121078,0.06100454270139309,0.07783553401978599,0.10647631738340395,0.07002418736119523,0.07036004441752472,0.05805511811023621,0.058834181304260054,0.05907078538259639,2018-06-23 11:09:30.811000+00:00,0.066079,0.12327700000000001,0.12360900000000001,0.08899,0.08637500000000001,0.084024,0.088924,0.08599,0.06323609865470853,0.12034887892376685,0.12037853139013455,0.08527920403587445,0.08255291479820628,0.08085274663677132,0.0843530269058296,0.08203839686098657,0.05968261659600241,0.11702267312739753,0.11689630526953361,0.08110191802947708,0.07816252776095296,0.07657793256612153,0.07952883101150816,0.0775190187764991
0.0,0.0,0.0,0.328,0.9787481135304051,0.042476999999999994,0.028969999999999996,0.050288000000000006,0.029332,0.029766,0.026854000000000003,0.031371,0.031609,0.04455005605381167,0.03157062780269059,0.0511630605381166,0.03093088565022422,0.03317757847533632,0.029231221973094176,0.03254411434977579,0.03371334080717489,0.04656616192206744,0.03372594387240057,0.05382337976983644,0.03295501716131637,0.03586533414092469,0.03224363012315769,0.03503844134867756,0.03653050676357762,2018-06-28 11:06:17.348000+00:00,0.045215,0.10038699999999999,0.089447,0.061285,0.059219,0.06696200000000001,0.072445,0.06923200000000002,0.046924495515695074,0.10166048206278028,0.08989047085201797,0.062311491031390144,0.06125532511210763,0.0684831278026906,0.07314131165919284,0.07082673766816144,0.04843070866141731,0.10261693922875023,0.09119026852412677,0.06353159701191197,0.06275237229961639,0.07032761962447001,0.07466503129416514,0.07272697355138301
0.0,0.0,0.0,0.241,0.9787481135304051,0.043845,0.03998500000000001,0.056956,0.035132000000000004,0.0365,0.036705,0.041388,0.040277,0.04590700672645741,0.042244002242152474,0.05776317264573991,0.03661479820627803,0.03972331838565023,0.03880313901345292,0.04214103139013454,0.04228492152466369,0.04783486775691499,0.04420193821926105,0.060166807995154455,0.03847540884312537,0.0421367050272562,0.04154114677972945,0.04430537048253584,0.04484851605087826,2018-06-28 11:06:17.348000+00:00,0.045215,0.10038699999999999,0.089447,0.061285,0.059219,0.06696200000000001,0.07261100000000001,0.069149,0.046924495515695074,0.10166048206278028,0.08990095291479823,0.06232197309417041,0.061265695067264585,0.06849316143497758,0.07316619955156951,0.07081782511210763,0.04842868968302038,0.10260954976781746,0.09119559862709467,0.06353353523117303,0.06275972138098121,0.0703330102967898,0.0746709065213002,0.07273097112860892
1.0,0.9501121076233184,0.812840702604482,0.105,0.0028612624338683703,0.011178,0.027577000000000004,0.05309799999999999,0.020719,0.016744000000000002,0.011470000000000001,0.010121000000000002,0.009344000000000002,0.014531894618834083,0.028648262331838575,0.054097533632287004,0.023101849775784753,0.020733127802690588,0.013617544843049327,0.01282628923766816,0.012170627802690586,0.01828259640621845,0.03232770038360589,0.05806878659398344,0.02734906117504542,0.02476993741166969,0.017289057137088636,0.017379285281647488,0.01690187764990914,2018-07-03 10:59:38.887000+00:00,0.013961000000000001,0.09058100000000001,0.08168500000000001,0.041370000000000004,0.036259,0.035455,0.033855,0.029377999999999998,0.016766872197309417,0.09125807174887894,0.08229271300448432,0.04317460762331839,0.03912903587443947,0.03721917040358746,0.036134248878923775,0.03182617713004484,0.02007516656571774,0.09362604482132039,0.0849457096709065,0.04646894811225519,0.042138300020189784,0.04016537452049263,0.03998691701998789,0.03598629113668484
1.0,0.9501121076233184,0.812840702604482,0.132,0.0028612624338683703,0.010278000000000002,0.035343,0.055081,0.019219,0.014644,0.0073230000000000005,0.0062380000000000005,0.005546000000000001,0.013624607623318387,0.03642741031390136,0.05616283632286996,0.0216603139013453,0.01870016816143498,0.009899439461883411,0.008918609865470854,0.008600168161434977,0.01737894205532001,0.04028495861094287,0.060304381183121335,0.02599491217443973,0.02284013729053098,0.013719301433474657,0.013570906521300219,0.013444175247324852,2018-07-03 10:59:38.887000+00:00,0.013510000000000003,0.090398,0.08148700000000002,0.04157,0.036323,0.034872,0.033425,0.029278,0.016642544843049323,0.09112326233183858,0.08230112107623319,0.04303856502242153,0.03937107623318386,0.037317600896860995,0.036289573991031394,0.03168800448430494,0.019993579648697756,0.09325812638804763,0.0845755905511811,0.04612335958005248,0.04200722794266099,0.04022943670502725,0.04000942862911367,0.03583971330506764
1.0,0.9506726457399104,0.7559055118110236,0.192,0.10729734127006388,0.018683,0.061264000000000006,0.07796,0.035317,0.033064,0.022849,0.024962,0.018762,0.01977163677130045,0.061953195067264585,0.07905706278026908,0.03582987668161435,0.033438733183856505,0.023742264573991034,0.0258280269058296,0.018335313901345292,0.02361841308298001,0.0633778921865536,0.08052937613567533,0.03845628911770644,0.03704151019584089,0.02763476680799515,0.02994562891177064,0.0237417120936806,2018-07-08 11:02:15.631000+00:00,0.023717,0.11750200000000002,0.10511700000000002,0.06095300000000001,0.056634000000000004,0.057802000000000006,0.061349000000000015,0.052849000000000014,0.02449422645739911,0.11786631165919284,0.10570549327354262,0.06124915919282511,0.0568390134529148,0.05830610986547086,0.06190919282511212,0.0523338004484305,0.02762378356551585,0.11853416111447604,0.10640648092065413,0.06298503937007872,0.05916915001009489,0.06096408237431858,0.06489507369271148,0.05660738946093278
1.0,1.0,0.807389460932768,0.192,0.018598205820144407,0.017915,0.064564,0.07734300000000001,0.032534,0.030681000000000003,0.022466000000000003,0.024345000000000002,0.017796,0.018901625560538118,0.06536171524663678,0.07844545964125563,0.033111995515695075,0.03120790358744395,0.023303419282511215,0.02528710762331839,0.01748733183856502,0.022718453462547947,0.06682628709872804,0.07992554007672117,0.035734019785988294,0.03482737734706237,0.02710775287704421,0.02940948919846558,0.02291716131637391,2018-07-08 11:02:15.631000+00:00,0.0237,0.11751900000000003,0.10511700000000002,0.06095300000000001,0.056551000000000004,0.057819,0.061249,0.052649,0.02447247757847534,0.11788060538116593,0.10570549327354262,0.06124915919282511,0.056806894618834085,0.05833307174887893,0.06188660313901345,0.052230605381165925,0.02762271350696547,0.11853785584494245,0.10639913183928928,0.06297894205532,0.05915931758530182,0.06096696951342619,0.0648813850191803,0.05656323440339188
0.0,0.0,0.0,0.225,0.4917892988784974,0.042215,0.08658,0.087644,0.056993,0.057758000000000004,0.050474000000000005,0.048761,0.043074,0.046353979820627805,0.08393794843049329,0.09230375560538118,0.06236412556053813,0.06609030269058296,0.06008867713004485,0.05648206278026906,0.050104876681614355,0.04672566121542498,0.07693941045830811,0.08901639410458306,0.06065301837270341,0.0661824146981627,0.062403129416515234,0.061229739551786795,0.05682947708459519,2018-07-13 11:05:21.625000+00:00,0.04430599999999999,0.130225,0.10925800000000001,0.076754,0.073915,0.077752,0.079337,0.071816,0.04741345291479821,0.12860543721973097,0.11174742152466371,0.08018542600896861,0.0791173206278027,0.0843082399103139,0.08486463004484306,0.0771411995515695,0.047300141328487796,0.12454375126186149,0.1094918837068443,0.07865705632949728,0.07881146779729457,0.08545087825560264,0.08787989097516657,0.08193123359580053
0.0,0.0,0.0,0.29,0.4917892988784974,0.037998000000000004,0.077727,0.07844400000000001,0.046576,0.045909000000000005,0.037474,0.035378,0.029973999999999997,0.04227219730941705,0.0748996076233184,0.08349338565022422,0.05236737668161435,0.05490095291479821,0.04800902466367713,0.043870515695067266,0.03738066143497758,0.042700100948919836,0.06721429436705026,0.07993733091055925,0.05052931556632343,0.05505756107409651,0.05060260448213203,0.048910902483343434,0.04444690086816071,2018-07-13 11:05:21.625000+00:00,0.044288999999999995,0.130225,0.10925800000000001,0.076754,0.074015,0.077552,0.07905399999999999,0.071816,0.047400000000000005,0.12858183856502245,0.11176121076233186,0.0801807735426009,0.07919764573991032,0.08420818385650226,0.0848088004484305,0.07713862107623319,0.04729073288915808,0.12453805774278216,0.10949999999999996,0.07865299818291945,0.07885455279628507,0.08541998788612962,0.08784476075105996,0.08193214213607912
0.17,0.5184977578475336,0.6107409650716737,0.209,0.004291893650802556,0.027468,0.067539,0.120475,0.054565,0.054651000000000005,0.025208,0.026112000000000003,0.023611999999999998,0.02453772421524664,0.062062275784753373,0.11381989910313903,0.047685986547085196,0.04968357623318387,0.018585818385650228,0.02031732062780269,0.018322533632287,0.024413163739147987,0.0613263678578639,0.11248150615788406,0.04590365435089845,0.04798982434887946,0.017319382192610536,0.018655723803755297,0.016723561477892182,2018-07-18 11:03:26.633000+00:00,0.030607999999999996,0.115512,0.127131,0.07179999999999999,0.06934799999999999,0.056060000000000006,0.058094,0.05260700000000001,0.027991423766816143,0.11244332959641257,0.12303015695067267,0.0668710201793722,0.06582696188340807,0.05120072869955157,0.05342292600896863,0.04805241031390135,0.027712053301029674,0.11181857460125175,0.12180807591358771,0.06540278619018774,0.06449287300625882,0.05009333737129013,0.051958106198263666,0.04662354128810821
0.17,0.5184977578475336,0.6107409650716737,0.21028082959641256,0.004291893650802556,0.027319,0.078805,0.124009,0.054465,0.0551,0.025325,0.026328999999999998,0.023429000000000002,0.024300504484304937,0.07345695067264575,0.11758122197309416,0.047565582959641264,0.049836715246636784,0.01865835201793722,0.02023290358744395,0.018054652466367713,0.024091237633757312,0.07276682818493843,0.11623771451645466,0.04577748839087422,0.04808570563294973,0.017289945487583287,0.01846729254996972,0.016427922471229553,2018-07-18 11:03:26.633000+00:00,0.030625,0.115512,0.127131,0.07179999999999999,0.06951399999999999,0.056043,0.058177,0.052673000000000005,0.028037612107623327,0.1124405269058296,0.12304019058295965,0.06684293721973095,0.0658667600896861,0.05116575112107623,0.05338867713004485,0.04808671524663678,0.02771213406016555,0.11180609731475871,0.12180401776700989,0.06538209166161921,0.06449125782354127,0.05003406016555621,0.051904865737936595,0.04661867555017161
1.0,1.0,0.9981829194427619,0.11,0.0028612624338683703,0.011966,0.038017,0.062351000000000004,0.025321000000000003,0.030703,0.007432,0.009720000000000001,0.007328000000000001,0.011696020179372199,0.03557897982062781,0.06033755605381167,0.024827802690582962,0.031140807174887895,0.008303082959641257,0.008713060538116593,0.006866143497757847,0.012016111447607513,0.03733529174237835,0.06361641429436705,0.025911811023622045,0.03152006864526549,0.009493821926105388,0.009623682616596001,0.007199172218857259,2018-07-23 11:05:18.017000+00:00,0.014234,0.092036,0.086155,0.044889000000000005,0.046392,0.031334,0.032640999999999996,0.026847,0.01405992152466368,0.09043817264573992,0.08473015695067267,0.04450050448430494,0.046601177130044844,0.03207780269058297,0.031894674887892376,0.02641530269058296,0.014317060367454068,0.09147797294568945,0.08676408237431858,0.04525705632949725,0.046783181909953564,0.03300300827781141,0.032590712699374115,0.026684776902887133
1.0,1.0,0.9981829194427619,0.105,0.0028612624338683703,0.0119,0.045917,0.065385,0.026238000000000004,0.032252,0.008666,0.010155999999999998,0.007596,0.0117820067264574,0.0435905269058296,0.06346020179372197,0.025710145739910314,0.032508576233183865,0.009534360986547086,0.009688116591928251,0.007459473094170404,0.012136099333737124,0.04533884514435694,0.06666480920654148,0.026768584696143752,0.03277341005451242,0.010754270139309508,0.01066034726428427,0.007896870583484754,2018-07-23 11:05:18.017000+00:00,0.014234,0.092036,0.086155,0.044889000000000005,0.046641,0.031351,0.032392000000000004,0.026647,0.01406838565022422,0.09042746636771301,0.08473015695067267,0.044509248878923775,0.04670459641255607,0.03207987668161436,0.03183817264573991,0.02633183856502243,0.014324328689683022,0.0914793054714314,0.08675378558449422,0.04525511811023621,0.04680161518271754,0.03299602261255804,0.03257728649303451,0.026657621643448412
0.0,0.0,0.0,0.154,0.004291893650802556,0.030718,0.029893000000000003,0.038029,0.024565000000000003,0.03381000000000001,0.020447999999999997,0.022629,0.022359000000000004,0.031173206278026912,0.029192152466367718,0.03773609865470852,0.025390975336322872,0.03421132286995516,0.021349215246636775,0.023801961883408072,0.02378828475336323,0.03313444377145164,0.030684837472239043,0.039888673531193214,0.027335089844538654,0.03589773874419543,0.023533959216636383,0.026063294972743782,0.026149747627700382,2018-07-28 11:06:04.530000+00:00,0.032105,0.08885399999999999,0.07253899999999999,0.047905,0.052535000000000005,0.047288,0.04926900000000001,0.04566500000000001,0.03242068385650225,0.08827449551569509,0.07216491031390135,0.04837948430493273,0.052674775784753367,0.04783239910313902,0.050088733183856496,0.046833464125560546,0.03389489198465577,0.08895069654754693,0.07327827579244899,0.049569876842317784,0.05366812033111246,0.04922172420755098,0.051661417322834635,0.04854793054714313
0.0,0.0,0.0,0.187,0.004291893650802556,0.029567000000000003,0.028342000000000003,0.035712,0.021765000000000003,0.031875999999999995,0.016265,0.01758,0.016893000000000002,0.030090302690582965,0.0275542600896861,0.03537292600896861,0.022580437219730947,0.03241109865470853,0.017249495515695067,0.0188917600896861,0.018603811659192827,0.032091802947708456,0.029089783969311524,0.03758968302039168,0.0245663840096911,0.03417845750050474,0.019456390066626285,0.021243468604885928,0.021041752473248534,2018-07-28 11:06:04.530000+00:00,0.032188,0.08885399999999999,0.07253899999999999,0.047905,0.052518,0.047288,0.049203,0.04566500000000001,0.03245913677130045,0.08827959641255607,0.07215442825112107,0.04836541479820628,0.052670964125560535,0.047848710762331846,0.050058295964125574,0.04684170403587444,0.03393779527559055,0.08894958610942862,0.0732747829598223,0.049553078942055316,0.05366119523521099,0.04922333939026852,0.05163668483747224,0.0485647284474056
1.0,1.0,1.0,0.241,0.0028612624338683703,0.007715,0.011146999999999999,0.012766,0.004166,0.015739,0.0001,,0.0001,0.007745123318385651,0.011388508968609868,0.01275162556053812,0.004284529147982064,0.017636491031390134,0.00010519724483406387,0.00014360269360269362,0.0001,0.007793034524530589,0.011585099939430648,0.012926388047647891,0.0045067030082778115,0.01963284877851807,0.00011426998458489319,0.0002813944676013642,0.0001,2018-08-02 10:59:38.888000+00:00,0.014565999999999999,0.08146600000000001,0.060151,0.038317000000000004,0.04549399999999999,0.036698,0.037266,0.031762,0.01449988789237668,0.08157471973094171,0.060082791479820624,0.038358912556053816,0.04662421524663678,0.03711816143497758,0.037404988789237675,0.031426457399103144,0.01447242075509792,0.08160090854027861,0.06009844538663437,0.03845503735110035,0.04780076721179083,0.03747767009892994,0.03779771855441146,0.03157371290127195
1.0,1.0,1.0,0.19870235426008975,0.0028612624338683703,0.009347,0.019513,0.018949,0.008532,0.020605000000000002,0.000781,0.001164,0.0005,0.009050336322869954,0.01975442825112108,0.018920291479820633,0.008592937219730944,0.02255980941704036,0.0017514896373056995,0.001766875,0.00037173766058147393,0.00903074904098526,0.019987401574803144,0.01912140117100747,0.008831738340399756,0.02455239248940036,0.002755475578406169,0.002504707464694015,0.0009108867876309738,2018-08-02 10:59:38.888000+00:00,0.014798,0.08146600000000001,0.060151,0.038317000000000004,0.045376999999999994,0.036598000000000006,0.037183,0.031962000000000004,0.014546692825112109,0.08157752242152468,0.06009658071748879,0.038358912556053816,0.04658251121076234,0.03709927130044843,0.03734198430493274,0.031482286995515696,0.014493943064809205,0.08160605693519077,0.060103593781546547,0.03845485564304462,0.04776291136684837,0.037485887341005455,0.03773232384413486,0.031617948717948714
0.0,0.0,0.0,0.426,1.0,0.138216,0.6731260000000001,0.565391,0.47333900000000007,0.4618440000000001,0.42851399999999995,0.41586900000000004,0.390141,0.1394392937219731,0.6755282511210763,0.5650621076233184,0.47456513452914806,0.46978845291479826,0.4307452914798206,0.41298587443946194,0.3901794843049328,0.14151227538865335,0.6794633151625277,0.5653698768423179,0.4760212194629516,0.4779610740965072,0.4361508378760347,0.41380514839491206,0.3926711689884918,2018-08-07 10:59:12.237000+00:00,0.13034700000000002,0.36662100000000003,0.3351279999999999,0.325632,0.317027,0.334026,0.34786200000000006,0.34758100000000003,0.13112141255605383,0.36703688340807183,0.3344859865470852,0.32556210762331844,0.3207398542600897,0.33467976457399107,0.3452829596412557,0.3468898542600898,0.1320347264284272,0.3672943670502725,0.3331917221885725,0.3247180698566525,0.32357407631738344,0.3361573995558247,0.34407775085806575,0.34692263274782953
0.0,0.0,0.0,0.187,1.0,0.138267,0.448998,0.40912,0.36756200000000006,0.39071200000000006,0.380688,0.373126,0.35666400000000004,0.13948817264573993,0.45121008968609866,0.40963755605381175,0.3690034192825113,0.39715112107623324,0.38243721973094175,0.3709691704035874,0.3568243834080717,0.14130169594185338,0.4543070462346052,0.4102921865536037,0.37057732687260236,0.40351853422168393,0.3865686048859277,0.37145110034322637,0.3586543508984453,2018-08-07 10:59:12.237000+00:00,0.13034700000000002,0.36662100000000003,0.3351279999999999,0.32544900000000004,0.317027,0.334026,0.347779,0.3475980000000001,0.1311107062780269,0.36705000000000004,0.3344994955156951,0.3254360426008969,0.32073346412556064,0.3346904708520179,0.3452505605381166,0.346917937219731,0.13202816474863716,0.36730825762164343,0.3332081768625076,0.32462152230971125,0.3235719160104987,0.33617149202503527,0.3440378558449424,0.3469307692307692
0.0,0.0,0.0,0.154,1.0,0.17706000000000002,1.0743619999999998,0.9576720000000001,0.885634,0.9614950000000001,0.8945580000000001,0.8452340000000002,0.802235,0.17571373318385655,1.0725236547085202,0.9557706278026907,0.8864130044843052,0.9611247197309416,0.8917321188340808,0.8454818946188343,0.8044074551569507,0.1734945891378962,1.0712660609731477,0.955219705229154,0.885261134665859,0.9600184534625479,0.8901474863718959,0.8444984655764184,0.8062092671108417,2018-08-12 10:58:40.162000+00:00,0.164877,0.7484149999999999,0.6942039999999999,0.7149,0.731325,0.74096,0.748351,0.741799,0.16369641255605383,0.7473277466367713,0.6931543161434978,0.7154618834080719,0.7310825112107625,0.7387269618834083,0.7485943385650226,0.7436338565022423,0.16174799111649502,0.7467281647486371,0.6928579850595598,0.7145453664445788,0.7302868564506358,0.7374614778921865,0.7477404401372906,0.7452222289521502
0.0,0.0,0.0,0.28500000000000003,1.0,0.175092,1.2799660000000002,1.10134,0.9836340000000001,1.075146,0.982122,0.912451,0.858969,0.17367141255605378,1.2778969730941705,1.0990931614349777,0.9846242152466369,1.0745591928251121,0.9786677690582962,0.9127872197309417,0.8611132286995518,0.17129769836462755,1.2767599030890364,1.0984425600646068,0.9832877851806986,1.0732069856652535,0.97687874015748,0.9114962850797493,0.8630919442761958,2018-08-12 10:58:40.162000+00:00,0.164877,0.748398,0.6942039999999999,0.7149,0.731425,0.7409260000000001,0.748351,0.741782,0.16372668161434983,0.7472997757847534,0.6931543161434978,0.7154719170403588,0.7311301569506728,0.7386488789237668,0.7486167600896861,0.7435867152466369,0.1617326872602463,0.7467040581465777,0.6928602665051483,0.7145603876438519,0.7302924288310113,0.7374289319604279,0.7477283666464768,0.7451778114274176
0.0,0.0,0.0,0.187,0.6763631671369982,0.19249100000000002,0.297313,0.23463699999999998,0.18382199999999999,0.19967200000000002,0.19874699999999998,0.22099300000000002,0.23202,0.20888772421524668,0.27805095291479826,0.23366238789237673,0.20373167040358747,0.22672982062780273,0.22770033632286996,0.23846799327354262,0.24236238789237674,0.2247265697557036,0.2729455481526348,0.24092507571168983,0.21900573389864725,0.24222174439733488,0.24445564304461945,0.2554304663840096,0.26019224712295574,2018-08-17 11:05:14.624000+00:00,0.177017,0.25822500000000004,0.208808,0.178022,0.177504,0.19176200000000002,0.220544,0.23698399999999997,0.1903053811659193,0.2456519618834081,0.20693744394618838,0.191660201793722,0.19543968609865472,0.21265224215246636,0.23384215246636772,0.2450688340807175,0.20249856652533818,0.2410554007672118,0.21014712295578436,0.2013500706642439,0.2047482132041186,0.22360633959216633,0.24576313345447198,0.2586967494447809
1.0,1.0,1.0,0.154,0.0028612624338683703,0.007247000000000001,0.0023680000000000003,0.011962000000000002,0.007417000000000001,0.016287,0.0027490000000000006,0.004013,0.001949,0.007350840807174888,0.003134024663677131,0.011972141255605383,0.00761109865470852,0.01591065022421525,0.0027306614349775792,0.0032386210762331844,0.0021788116591928254,0.007471007470220069,0.0032168382798304055,0.012280981223500905,0.0077482132041187144,0.01595568342418736,0.00242488234090444,0.003043866090712742,0.0022616768916155416,2018-08-22 11:04:18.291000+00:00,0.011531999999999999,0.07786799999999999,0.056232000000000004,0.034885,0.039438,0.032851000000000005,0.033266,0.027551000000000003,0.011548542600896862,0.07830403587443947,0.056211715246636776,0.03501973094170405,0.03916468609865472,0.03284871076233184,0.032682062780269056,0.02760493273542601,0.011593014334746616,0.07829285281647488,0.05629212598425196,0.03502955784373107,0.03910034322632748,0.0324946698970321,0.03228550373511004,0.02752146174035938
1.0,1.0,1.0,0.17059753363228702,0.0028612624338683703,0.006815000000000001,0.0166,0.016162000000000003,0.0064,0.015238,0.000783,0.0017640000000000002,0.000134,0.006761995515695068,0.01748301569506727,0.016275616591928256,0.006576961883408072,0.015045123318385652,0.0010012152777777777,0.001399625,0.0004095732410611303,0.006838219261053908,0.017672279426610128,0.016638522107813445,0.006691338582677165,0.015078538259640622,0.001070962962962963,0.0015348954196452212,0.0006441558441558441,2018-08-22 11:04:18.291000+00:00,0.011549,0.07786799999999999,0.056232000000000004,0.034885,0.039438,0.032851000000000005,0.033366,0.027385000000000003,0.011549831838565023,0.07830437219730943,0.056211715246636776,0.03501973094170405,0.0391625,0.03283716367713004,0.03273565022421525,0.027602130044843055,0.011588976377952755,0.07829796083181913,0.05629212598425196,0.03502955784373107,0.03908423177871997,0.032496184130829796,0.03232400565313951,0.027546698970321012
1.0,1.0,1.0,0.16,0.0028612624338683703,0.0071790000000000005,0.004975,0.006130000000000001,0.002943,0.006779000000000001,,,0.0001,0.008008183856502243,0.0053873878923766825,0.007575952914798206,0.003412556053811659,0.0080484865470852,0.0020982256020278833,0.0018985645933014353,0.001133071748878924,0.008661881687865943,0.0060672521704017756,0.008514153038562487,0.004036765596608116,0.009241429436705027,0.002519019908116386,0.003293327267212618,0.0022575932504440496,2018-08-27 11:06:38.056000+00:00,0.01163,0.073479,0.05114900000000001,0.031862,0.03291500000000001,0.028594,0.028911,0.023730000000000005,0.012179428251121076,0.07363015695067264,0.0519695067264574,0.03206373318385651,0.03377180493273543,0.029317152466367718,0.02949058295964126,0.024980493273542605,0.012600969109630523,0.07388905713708863,0.05240526953361599,0.03231701998788613,0.034509489198465575,0.029955360387643848,0.03011457702402584,0.02553620028265697
1.0,1.0,1.0,0.121,0.0028612624338683703,0.00853,0.017041000000000004,0.013713000000000001,0.007143,0.011230000000000002,0.0026409999999999997,0.003692000000000001,0.002162,0.009189405829596415,0.017372029147982065,0.015029428251121076,0.007559529147982064,0.012624719730941706,0.00368895739910314,0.004712612107623319,0.0037408071748878924,0.009823965273571574,0.018053805774278214,0.01597118917827579,0.00809295376539471,0.013866182111851406,0.004730345245305875,0.005685786392085605,0.0047292433537832294,2018-08-27 11:06:38.056000+00:00,0.011564000000000001,0.073479,0.05114900000000001,0.031862,0.032732000000000004,0.028577,0.028894000000000003,0.023647000000000005,0.012135538116591932,0.07363015695067264,0.05196457399103139,0.03206373318385651,0.033677802690582966,0.029297926008968616,0.029480549327354267,0.02496659192825112,0.01256915001009489,0.07388828992529779,0.05240617807389461,0.03231300222087624,0.03446335554209569,0.029966606097314757,0.03009160104986876,0.02549975772259237
1.0,1.0,1.0,0.149,0.0028612624338683703,0.004947000000000001,0.0008149999999999999,0.0020130000000000005,0.0001,0.017991000000000004,0.0001,,0.0001,0.005178643497757848,0.0011355941704035875,0.002370683856502242,0.0001,0.020113004484304937,0.0002765287769784173,0.0012928333333333331,0.00014007490636704122,0.005531879668887543,0.0017830809610337166,0.0029186351706036746,0.0003914799111649505,0.022707490409852617,0.0013142528735632178,0.0028115384615384612,0.00018272403752830798,2018-09-01 10:59:39.499000+00:00,0.009281,0.06744900000000001,0.045915000000000004,0.0267,0.040691,0.027340000000000003,0.026823,0.020083,0.009448038116591928,0.06750369955156951,0.04608066143497758,0.02697668161434978,0.042199663677130045,0.028100112107623317,0.02855964125560538,0.020246412556053812,0.009694508378760345,0.06776497072481323,0.04629353926912982,0.0274611144760751,0.043959135877246105,0.02950787401574803,0.03020989299414496,0.020755259438724
1.0,1.0,1.0,0.132,0.0028612624338683703,0.005181,0.0063300000000000006,0.005696,0.0001,0.020059000000000004,0.0004,0.000185,0.0001,0.005611995515695069,0.0064299887892376685,0.006064854260089687,0.00024770179372197315,0.02224063901345292,0.0011412455934195064,0.001495795964125561,0.0001,0.005990854027861901,0.007030506763577625,0.006558469614375125,0.0009493438320209974,0.02485564304461942,0.0029107449459983385,0.003500403795679386,0.00028985998193315263,2018-09-01 10:59:39.499000+00:00,0.009215000000000001,0.06744900000000001,0.045915000000000004,0.0267,0.040559000000000005,0.027323,0.02674,0.0203,0.00949658071748879,0.06750403587443947,0.04608066143497758,0.02697668161434978,0.042158688340807174,0.028085033632286996,0.028558576233183863,0.02037371076233184,0.009733212194629515,0.06777153240460325,0.04629353926912982,0.02746444579043004,0.04393450434080355,0.02950557238037553,0.030192146174035928,0.020805532000807585
0.0,0.0,0.0,0.154,1.0,0.304103,0.28318,0.28992900000000005,0.290154,0.32293600000000006,0.332744,0.3432120000000001,0.34529600000000005,0.29631619955156957,0.262659865470852,0.26833295964125564,0.2745785874439462,0.3071521300448431,0.3214531950672646,0.333033071748879,0.3376842488789238,0.28747401574803155,0.276720371492025,0.2678458106198263,0.2651879265091864,0.2950765394710276,0.3074938623056734,0.3202647284474056,0.3243796890773269,2018-09-06 11:05:21.976000+00:00,0.273135,0.263711,0.251074,0.26034599999999997,0.268962,0.29589,0.31989,0.33394900000000005,0.2662230941704036,0.2512254484304933,0.2371284753363229,0.24876917040358745,0.25772769058295963,0.28711928251121077,0.31137034753363235,0.32691978699551577,0.25833359580052495,0.2591550575408843,0.23651322430849991,0.24154110640016146,0.24896880678376737,0.27612376337573186,0.3004781344639612,0.3147915001009489
0.0,0.0,0.0,0.23,1.0,0.30567300000000003,0.327184,0.315909,0.304595,0.34246000000000004,0.34628900000000007,0.353442,0.351862,0.29741821748878927,0.3039395179372198,0.29209517937219737,0.2877994394618834,0.3249993273542602,0.3340708520179372,0.34221625560538127,0.3434734304932736,0.28827482333939025,0.31958935998384824,0.2914584494245911,0.2775908742176458,0.3116535836866545,0.31892586311326465,0.32839602261255807,0.329307268322229,2018-09-06 11:05:21.976000+00:00,0.273237,0.263911,0.25110800000000005,0.260363,0.269096,0.29555800000000004,0.319873,0.333866,0.2663747757847534,0.2513687219730942,0.23723733183856502,0.24890868834080718,0.2578928811659193,0.2870090807174889,0.3113152466367713,0.32691636771300453,0.2584484352917424,0.25922828588734104,0.23658201090248332,0.24165655158489804,0.2490877448011305,0.2760476882697355,0.30042990107005857,0.31478184938421155
0.0,0.0,0.0,0.11,0.6070925646448949,0.013783000000000002,0.003513,0.012226,0.013815000000000001,0.037899,0.031427,0.032563,0.020499,0.013988565022421526,0.003792152466367714,0.012591535874439463,0.013767432735426011,0.03606081838565023,0.028315190582959646,0.028855829596412558,0.019316535874439465,0.014043912780133252,0.004568988491823137,0.012929254996971527,0.01388241469816273,0.03419127801332525,0.025627054310518874,0.025337108822935595,0.018651302241066016,2018-09-11 11:05:21.628000+00:00,0.015768,0.078532,0.05473000000000001,0.038017,0.052507,0.050435,0.051903000000000005,0.038253999999999996,0.01592976457399103,0.07870863228699553,0.05494433856502243,0.03788430493273543,0.05109433856502243,0.04790487668161436,0.04867208520179373,0.03714209641255606,0.015859781950333128,0.07911162931556631,0.05503581667676155,0.03780728851201292,0.04947482333939026,0.045594346860488584,0.04545273571572784,0.03636054916212396
0.0,0.0,0.0,0.187,0.6056619334279607,0.011249,0.0001,0.0014279999999999998,0.003366,0.027099000000000005,0.01931,0.02058,0.008767,0.011309753363228701,0.0001,0.0018706278026905832,0.0033155829596412563,0.025190470852017942,0.016059585201793725,0.016811042600896862,0.0077982623318385656,0.011377892186553601,0.00012864930345245307,0.0022727639814253985,0.0034067433878457497,0.02316610135271552,0.013217908338380779,0.013075752069452854,0.007102564102564103,2018-09-11 11:05:21.628000+00:00,0.015834000000000004,0.078532,0.05473000000000001,0.038017,0.052524,0.050435,0.051820000000000005,0.038088000000000004,0.015911827354260093,0.07870863228699553,0.05494433856502243,0.03788430493273543,0.05109803811659193,0.04793346412556054,0.04862516816143499,0.03713032511210763,0.01583987482333939,0.07911162931556631,0.05503581667676155,0.03780728851201292,0.04948865334140924,0.045609166161922066,0.04542933575610741,0.03637548960226126
1.0,1.0,1.0,0.127,0.0028612624338683703,0.011845000000000001,0.001015,0.0054,0.006627999999999999,0.015792,0.002232,0.004664,0.0032869999999999996,0.0121542600896861,0.0009138452914798208,0.006076233183856504,0.0062127242152466376,0.017086322869955158,0.0034612107623318393,0.005401233183856503,0.004164910313901346,0.012822975974157075,0.0015803957197657982,0.006596789824348877,0.006523904704219664,0.018059559862709462,0.004373410054512416,0.006372824550777305,0.004680860084797092,2018-09-16 10:59:58.064000+00:00,0.01493,0.075266,0.051350999999999994,0.033347,0.038130000000000004,0.0305,0.031383,0.025938,0.015131109865470855,0.07514927130044843,0.05173273542600898,0.03300543721973095,0.03899467488789238,0.03132707399103139,0.031910201793721976,0.02662483183856502,0.015497375328083988,0.07543991520290733,0.05195792449020795,0.033109368059761744,0.03949876842317786,0.031835695538057734,0.032509166161922065,0.0268763779527559
0.0,0.0,0.0,0.137,0.43572538613017053,0.010966,0.009581000000000001,0.008049,0.005564,0.013596000000000002,0.0,0.0014810000000000001,0.000783,0.011573094170403591,0.009600336322869957,0.008351681614349777,0.005572477578475337,0.015295011210762332,0.001018273542600897,0.0023720852017937223,0.0015782511210762334,0.012027478295982235,0.009794770845951947,0.008401494044013727,0.005456309307490409,0.01641968503937008,0.0021206945285685438,0.00315630930749041,0.0021305875227135064,2018-09-16 11:09:22.330000+00:00,0.014849,0.076432,0.052466,0.033798,0.037547,0.030102,0.031298,0.0263,0.01534108744394619,0.07642864349775785,0.05269282511210762,0.03380913677130045,0.03870941704035875,0.03123845291479821,0.031915246636771304,0.02696575112107624,0.0157178275792449,0.07654554815263477,0.052710518877448015,0.03371837270341207,0.03949630526953361,0.032064385221078136,0.0324918433272764,0.027398021401170997
0.0,0.0,0.0,0.247,1.0,0.06542200000000001,0.05691800000000001,0.055211,0.050562,0.078135,0.068397,0.068537,0.065822,0.06538335201793721,0.056680156950672654,0.056445627802690586,0.05104719730941706,0.07609865470852019,0.06721059417040359,0.06807903587443948,0.06595263452914799,0.06609868766404199,0.057086069049061175,0.05738435291742378,0.051879608318190995,0.07606795881284069,0.06719147991116495,0.06826614173228347,0.06738083989501313,2018-09-21 11:07:42+00:00,0.065047,0.11681300000000001,0.093068,0.077885,0.091798,0.094711,0.09871500000000001,0.09421700000000001,0.06474456278026906,0.11657057174887893,0.09357410313901347,0.0780563340807175,0.09037645739910316,0.09369293721973095,0.09801137892376682,0.09409344170403587,0.06476113466585906,0.1164323642237028,0.09371185140318998,0.07819220674338784,0.0897492025035332,0.09305879265091864,0.09739133858267715,0.09445243286896828
0.0,0.0,0.0,0.1704545964125561,0.13560700840986742,0.20593400000000006,0.16997299999999999,0.164035,0.144269,0.16264800000000001,0.17229300000000003,0.17998999999999998,0.178299,0.2072734865470852,0.15873464125560544,0.15461860986547085,0.14204630044843053,0.15984394618834083,0.17533929372197313,0.18444775784753367,0.18637937219730943,0.20737052291540478,0.15301677771047853,0.1497932162325863,0.1388659802140117,0.1576755097920452,0.1761374116696951,0.186774984857662,0.19107577225923675,2018-09-26 11:00:28+00:00,0.18741400000000003,0.183546,0.16006300000000004,0.14338599999999999,0.148931,0.169882,0.184504,0.187962,0.1874507286995516,0.17668391255605384,0.15378671524663676,0.14117539237668164,0.14624826233183857,0.1710201793721973,0.18688178251121076,0.19347847533632287,0.1862932768019382,0.172728285887341,0.15012376337573186,0.1382667676155865,0.1440077124974763,0.1705850999394306,0.18750603674540678,0.1960974358974359
0.0,0.0,0.0,0.138,0.13560700840986742,0.20375100000000002,0.17273500000000003,0.16123300000000002,0.13923500000000003,0.159595,0.171857,0.178539,0.17741400000000002,0.2049292040358745,0.1621751121076233,0.15231788116591932,0.13698721973094174,0.1566420403587444,0.17419742152466372,0.18286132286995516,0.18470975336322873,0.20491889763779525,0.15705336159903088,0.14785988289925295,0.13404035937815464,0.15451976579850596,0.17474762770038355,0.18499792045225116,0.18909469008681604,2018-09-26 11:00:28+00:00,0.187231,0.183612,0.16016299999999997,0.14350300000000002,0.14869700000000002,0.170082,0.18427000000000002,0.18816200000000002,0.18737533632286996,0.17671059417040363,0.15384007847533634,0.14123054932735427,0.14611300448430492,0.1710674887892377,0.186767769058296,0.1935020739910314,0.18625966081162929,0.17273488794669897,0.15013947102765998,0.13828029477084594,0.14393349485160511,0.1706029275186755,0.18742654956591964,0.19608863315162528
0.0,0.0,0.0,0.132,0.35362959555213946,0.013051000000000002,0.022587,0.020945,0.011681,0.025162000000000004,0.010088999999999999,0.010004,0.009962,0.013822365470852018,0.023043273542600898,0.020869338565022422,0.011752746636771302,0.024596580717488794,0.010554035874439463,0.010532286995515696,0.009399383408071749,0.014253664445790425,0.023475671310316977,0.021345406824146977,0.012133474661821115,0.02483624066222491,0.010885927720573388,0.010983646274984856,0.00942309711286089,2018-10-01 11:05:40+00:00,0.016736,0.089838,0.06226600000000001,0.0398,0.0486,0.03847400000000001,0.037372,0.032332,0.01731530269058296,0.08996889013452915,0.062114405829596424,0.03984557174887892,0.04796625560538117,0.03887320627802691,0.03763475336322871,0.03185773542600897,0.017511992731677768,0.08999261053906721,0.06221213406016556,0.03998164748637189,0.0478530183727034,0.0389909145972138,0.037780880274581055,0.03173642237028063
0.0,0.0,0.0,0.105,0.35219896433520526,0.013668000000000001,0.032019,0.026328,0.014564,0.029078999999999997,0.014106,0.014204000000000001,0.013028,0.014621636771300451,0.03255823991031391,0.02629366591928252,0.014654764573991032,0.02827186098654709,0.014674047085201794,0.014632903587443947,0.012408688340807175,0.015059014738542294,0.03312081566727235,0.026821179083383804,0.015075247324853618,0.028386593983444373,0.015126004441752475,0.015032788209166162,0.012534080355340198,2018-10-01 11:05:40+00:00,0.016619000000000002,0.089838,0.06226600000000001,0.0398,0.048883,0.038457000000000005,0.037472,0.032464,0.01725706278026906,0.08996889013452915,0.062114405829596424,0.03984557174887892,0.048073206278026914,0.038760369955156956,0.03768497757847533,0.0318015134529148,0.017488370684433676,0.08999261053906721,0.06221213406016556,0.03998164748637189,0.047895437108822936,0.038941025641025646,0.03780042398546336,0.031712436906925094
1.0,1.0,1.0,0.127,0.0014306312169341852,0.008677,0.007987000000000001,0.009,0.006562,0.009375,0.0017110000000000003,0.0034580000000000006,0.0017130000000000001,0.008323374439461885,0.008759417040358746,0.00936132286995516,0.005956950672645741,0.010157847533632289,0.0015674740484429065,0.0032714999999999997,0.0015365470852017938,0.00866155865132243,0.00905838885523925,0.009575792449020792,0.005893902685241267,0.01152160306884716,0.0022725627926777348,0.003513898229096615,0.0022368499257057954,2018-10-06 11:00:30+00:00,0.012113,0.07986999999999998,0.054485,0.034981,0.034979,0.031064,0.031145,0.025032000000000002,0.011831614349775784,0.08028161434977579,0.054683015695067276,0.034456558295964126,0.03547208520179373,0.030901233183856503,0.03069461883408072,0.02460291479820628,0.011978538259640622,0.08032790228144557,0.05463803755299819,0.03427670098929941,0.03627698364627498,0.031224510397738745,0.030609872804360977,0.024868443367655958
1.0,1.0,1.0,0.149,0.0014306312169341852,0.007745,0.016436,0.010583,0.0042959999999999995,0.007126,0.0001,0.0005,,0.007381726457399104,0.01730908071748879,0.01094377802690583,0.003703363228699552,0.008061547085201794,0.00011491745283018868,0.0008059282371294851,0.0001,0.0076681203311124565,0.017722895215021198,0.011172844740561272,0.003590692509590147,0.00946923076923077,0.0006530588508955568,0.0011520088667220838,0.0007320617620345142,2018-10-06 11:00:30+00:00,0.01213,0.07988699999999999,0.054485,0.034998,0.034996000000000006,0.031247,0.031262,0.025132,0.011828811659192825,0.08029618834080719,0.05466922645739911,0.03448133408071749,0.035501793721973096,0.030927578475336327,0.030731726457399113,0.024586827354260092,0.011962608520088834,0.08033783565515848,0.05463591762568141,0.03428699777912376,0.03630839895013123,0.031229275186755497,0.030599535634968696,0.024897092671108418
0.0,0.0,0.0,0.138,1.0,0.28230900000000003,1.168754,1.0730520000000001,1.003622,1.0871520000000001,1.014028,0.961477,0.9180470000000001,0.2847993273542601,1.1765160313901348,1.0783764573991035,1.0112817264573992,1.0954624439461884,1.0206219730941704,0.9686298766816145,0.9225048766816146,0.2889348879466989,1.1920740157480314,1.0924339592166366,1.025993902685241,1.111063032505552,1.0347217242075508,0.9826304663840095,0.935944054108621,2018-10-11 11:07:45.075000+00:00,0.258898,0.8111830000000001,0.7674259999999999,0.806973,0.8244660000000001,0.8332810000000002,0.8438429999999999,0.843907,0.25935723094170404,0.811392432735426,0.7662321748878923,0.8075750560538117,0.8254134529147983,0.8328696188340808,0.8441996636771301,0.8423286995515696,0.2594207550979204,0.8114032505552189,0.7657494044013728,0.8077541490006055,0.8258318594791035,0.8327846557641833,0.8446497274379163,0.842652715525944
1.0,1.0,1.0,0.083,0.0,0.0064470000000000005,0.0043809999999999995,0.0055,0.003513,0.009783000000000002,0.00216,0.002715,0.0005319999999999999,0.006208520179372197,0.004353139013452915,0.006123206278026905,0.003241255605381167,0.010260089686098655,0.0019274103139013457,0.002786322869955157,0.00031933856502242155,0.006413850191802947,0.004748435291742378,0.006467009892994143,0.003273389864728447,0.011054532606501109,0.0023648040033361134,0.0033460809102402013,0.0010622854835453258,2018-10-16 11:05:23+00:00,0.008815,0.07466600000000001,0.048851000000000006,0.029398,0.031085,0.025913000000000002,0.024634,0.018583000000000002,0.008500672645739912,0.07460476457399104,0.04921737668161436,0.029125224215246638,0.031288733183856506,0.02555072869955157,0.024596244394618837,0.01823139013452915,0.008554633555420956,0.07474954572986069,0.0492860488592772,0.029032081566727236,0.03171635372501514,0.02557274379164143,0.024811104381183117,0.018650151423379766
1.0,1.0,1.0,0.10433464125560538,0.0,0.005649,0.0055509999999999995,0.004885,0.0021980000000000003,0.009104000000000001,0.0,0.0,0.0,0.005417993273542602,0.005814013452914799,0.0054010089686098665,0.0021190582959641257,0.009142488789237667,0.00020134529147982069,9.557174887892377e-05,0.0,0.005456228548354532,0.0059692913385826765,0.00552955784373107,0.0021253381788814856,0.009534100545124167,0.0002632949727437916,0.00040139309509388236,6.999798102160305e-05,2018-10-16 11:09:27.576000+00:00,0.008649,0.07533400000000001,0.049351,0.029615,0.031885000000000004,0.025664000000000003,0.024466,0.018698000000000003,0.008479147982062781,0.07552253363228699,0.049705605381165925,0.029549831838565025,0.03173346412556054,0.02575986547085202,0.024402634529147982,0.018831726457399105,0.008507470220068645,0.07561772663032505,0.04980076721179084,0.02954068241469816,0.03199765798505956,0.025834443771451648,0.0247409852614577,0.019034928326266902
0.8300000000000001,0.3581838565022422,0.2658994548758328,0.181,0.7146479805658568,0.11289099999999999,0.11470999999999999,0.10477700000000001,0.09315800000000002,0.09637200000000001,0.095392,0.09577300000000001,0.08854999999999999,0.12138593049327356,0.12137001121076234,0.1121392937219731,0.10336042600896864,0.11047752242152467,0.11144910313901345,0.1100365470852018,0.1068442264573991,0.13018043609933372,0.12812679184332723,0.12143270745003029,0.11371744397334947,0.12122560064607311,0.12272646880678376,0.12302992125984248,0.11998681607106802,2018-10-21 11:09:31.325000+00:00,0.10377900000000001,0.15114400000000003,0.119913,0.102783,0.098807,0.10463000000000001,0.108437,0.101787,0.11121485426008969,0.15486339686098657,0.12439164798206281,0.11000162556053812,0.10846541479820629,0.11656188340807178,0.11973878923766819,0.1170604820627803,0.11888909751665656,0.15862723601857456,0.12998263678578637,0.11735673329295375,0.11583868362608521,0.12491588935998385,0.12999569957601453,0.12802463153644256
0.0,0.0,0.06299212598425195,0.219,0.8148538792547257,0.112804,0.113045,0.100984,0.088784,0.092977,0.09073500000000001,0.09068400000000001,0.084146,0.12150538116591932,0.12037825112107622,0.109014966367713,0.09959260089686099,0.10821053811659194,0.10812017937219733,0.1060129484304933,0.10326563901345293,0.13067692307692308,0.12772006864526547,0.11893977387441952,0.11054994952554005,0.11988417120936806,0.12031269937411669,0.1197748031496063,0.11701372905309912,2018-10-21 11:09:27.605000+00:00,0.103879,0.15114400000000003,0.119913,0.102783,0.09889,0.10454700000000001,0.108454,0.101887,0.11119540358744395,0.15487410313901348,0.12438094170403591,0.11000162556053812,0.1084761210762332,0.11653654708520181,0.11974265695067268,0.11713727578475337,0.11889020795477488,0.15863977387441952,0.12998158691701997,0.11736032707450028,0.11584540682414697,0.1249274177266303,0.13000858065818693,0.12808445386634365
0.0,0.0,0.01574803149606299,0.154,0.609471339687954,0.299238,0.19058600000000003,0.227437,0.256912,0.300966,0.34312600000000004,0.359382,0.37699800000000006,0.3005413677130045,0.19184338565022427,0.23277763452914796,0.2624868273542601,0.30121552690582964,0.3360845852017938,0.3560682735426009,0.3702202914798206,0.30464437714516446,0.20352376337573183,0.24474992933575615,0.2698299818291944,0.3076224308499899,0.33971314354936405,0.35747871996769637,0.37182228952150204,2018-11-10 11:09:29+00:00,0.26917800000000003,0.23890500000000003,0.223716,0.24293000000000003,0.263963,0.309693,0.336821,0.35985500000000004,0.26424915919282516,0.23682640134529148,0.22314232062780273,0.24194815022421529,0.25869753363228704,0.298187668161435,0.32740728699551574,0.34697763452914804,0.2587787805370482,0.23885731879668892,0.22486987684231774,0.2400752675146376,0.2554784575005047,0.2920430446194225,0.31856886735311934,0.33710442156268927
0.0,0.0,0.01574803149606299,0.154,0.602396728062252,0.298063,0.24691400000000005,0.263818,0.27908000000000005,0.32901300000000006,0.36363,0.372892,0.384812,0.29946053811659196,0.24789192825112114,0.2686028587443946,0.28387208520179374,0.32940437219730945,0.3566843609865471,0.36995229820627806,0.3785595852017937,0.3031299818291944,0.2595708055723803,0.2803366040783364,0.2908362204724409,0.3354773672521704,0.3597734504340803,0.3708538259640622,0.37961177064405416,2018-11-10 11:09:25+00:00,0.26931200000000005,0.238922,0.22365,0.24294700000000005,0.264114,0.309861,0.33705500000000005,0.3600230000000001,0.2643479260089686,0.23684646860986555,0.2231294282511211,0.24194063901345295,0.25881294843049335,0.2983340807174888,0.32758800448430503,0.3471659753363229,0.25885031294165145,0.23887092671108429,0.22488358570563288,0.2400642237028064,0.2555440137290531,0.2921181304260044,0.3186769028871391,0.3372200686452655
0.0,0.0,0.0,0.132,0.984341601072693,0.4942930000000001,0.6251430000000001,0.581085,0.540177,0.569695,0.567818,0.559663,0.546752,0.5031750560538117,0.6278259529147981,0.5874563340807176,0.5539244955156951,0.5848173206278027,0.5761829596412557,0.5642519618834081,0.5457571748878924,0.5169929335756106,0.6429406824146982,0.6024279830405814,0.5697242075509791,0.5994725015142338,0.5880517464163132,0.572881607106804,0.5507639612356148,2018-11-15 11:09:31+00:00,0.43768500000000005,0.460628,0.42145000000000005,0.43591300000000005,0.43686700000000006,0.46643,0.4872220000000001,0.5018600000000001,0.4379454596412557,0.4576356502242153,0.42021547085201794,0.43968469730941706,0.4407982623318386,0.46582511210762334,0.48328862107623327,0.49296143497757844,0.43471956390066613,0.45708669493236415,0.4193618614980818,0.4384442761962447,0.4377851806985664,0.4602549364021804,0.47469569957601454,0.4804547950736927
0.0,0.0,0.0,0.077,0.955173555202729,0.202321,0.26737000000000005,0.23999499999999999,0.22612500000000002,0.2312,0.226739,0.22809900000000002,0.221942,0.20161143497757852,0.274147533632287,0.24455470852017938,0.22509971973094176,0.22808912556053812,0.22607253363228708,0.2235108183856503,0.21906664798206282,0.20391500100948914,0.2779665859075307,0.24786297193620027,0.22827639814253983,0.2307656167979003,0.2285208156672723,0.2264846355743993,0.22229040985261453,2018-11-25 11:09:30.925000+00:00,0.18430400000000002,0.250745,0.20829800000000004,0.20443899999999998,0.206108,0.211658,0.219235,0.218742,0.18366177130044845,0.254820403587444,0.21120184977578477,0.20368363228699554,0.2037059417040359,0.2111243834080718,0.2153141255605382,0.21625011210762332,0.18571974560872195,0.25716939228750246,0.2133561679790027,0.2061027054310518,0.20575200888350495,0.21311691903896626,0.21782727639814262,0.21912376337573186
0.0,0.0,0.0,0.07200000000000001,0.955173555202729,0.203855,0.272004,0.241429,0.226459,0.235366,0.229171,0.228782,0.22227600000000003,0.20318817264573996,0.27857387892376684,0.2460477578475337,0.22558525784753364,0.23206715246636772,0.2283116031390135,0.22427393497757853,0.21933761210762334,0.20552279426610132,0.28234730466384006,0.24932800323036544,0.22878820916616185,0.23475719765798506,0.23075564304461943,0.22731473854229753,0.22251181102362197,2018-11-25 11:09:27+00:00,0.184221,0.250745,0.208315,0.204456,0.20619099999999999,0.211824,0.21911800000000003,0.21884200000000004,0.18363660313901348,0.25482533632287,0.21123974215246635,0.20371395739910317,0.2037059417040359,0.2111730941704036,0.21528749999999997,0.21627202914798213,0.18571946295174638,0.25717950736927114,0.21337698364627503,0.20613000201897835,0.20574514435695537,0.21312481324449828,0.21785390672319807,0.2191312134060166
0.0,0.0033632286995515697,0.07571168988491822,0.07200000000000001,0.6468248402461807,0.16763900000000004,0.139924,0.17121499999999998,0.17839400000000005,0.20090000000000002,0.22604700000000003,0.242323,0.249058,0.15660874439461886,0.14393761210762335,0.1652095852017937,0.16818424887892378,0.19191709641255608,0.2135307735426009,0.2251658632286996,0.23506967488789238,0.14939434686048858,0.15952075509792044,0.17249925297799315,0.1697395719765798,0.18880898445386635,0.20633597819503333,0.21593355542095694,0.2232355542095699,2018-11-30 11:09:25+00:00,0.153717,0.17932599999999999,0.165887,0.16922700000000002,0.182914,0.21136800000000003,0.23294499999999999,0.24195300000000003,0.14385308295964128,0.18174966367713008,0.1620139013452915,0.16144579596412556,0.17608150224215247,0.20114938340807176,0.21826126681614352,0.22961193946188344,0.1373797496466788,0.19120522915404797,0.166673006258833,0.16261449626488994,0.17368378760347264,0.19530113062790222,0.21032265293761357,0.2191008075913587
0.0,0.0033632286995515697,0.07571168988491822,0.077,0.9298990703702249,0.163436,0.13066100000000003,0.161473,0.167958,0.19821,0.223073,0.232275,0.241294,0.15419450672645743,0.15195476457399107,0.16779282511210766,0.16770947309417045,0.19255470852017936,0.2127909753363229,0.22239377802690588,0.23105414798206278,0.14749719362002825,0.1698600646073087,0.1768872198667474,0.17016987684231774,0.19095277609529576,0.2064775287704421,0.21494572986069047,0.22068158691701997,2018-11-30 11:09:22.231000+00:00,0.148701,0.16703700000000002,0.155717,0.158727,0.17657599999999998,0.205723,0.22220700000000002,0.23367600000000002,0.14048486547085204,0.17982500000000004,0.15971457399103142,0.15856961883408072,0.17244450672645742,0.19755465246636775,0.21378329596412557,0.2245775224215247,0.13457466182111852,0.19056097314758724,0.1654890167575207,0.16045735917625675,0.17129858671512213,0.19254449828386838,0.20752677165354327,0.21547361195235207
0.0,0.0,0.0,0.083,1.0,0.37460800000000005,0.367615,0.363271,0.352799,0.35254100000000005,0.346993,0.349543,0.351345,0.36255706278026906,0.3612634529147982,0.3545576233183857,0.34378581838565025,0.34558172645739915,0.33965072869955165,0.34224955156950676,0.34265117713004484,0.34743672521704017,0.355225600646073,0.3463395921663638,0.33481449626488996,0.33581455683424183,0.3295981829194427,0.33305184736523313,0.332432889158086,2018-12-05 11:09:29+00:00,0.33634800000000004,0.311543,0.28545200000000004,0.298887,0.29568500000000003,0.307305,0.321621,0.333936,0.3257012331838565,0.307770235426009,0.28018200672645743,0.29220739910313903,0.29045751121076235,0.3014096412556053,0.3153942825112109,0.3261997757847534,0.3122871391076115,0.3041708257621642,0.2750513830002019,0.28553801736321416,0.2831639612356147,0.29337750858065825,0.30768588734100544,0.31720308903694727
0.0,0.0,0.0,0.105,1.0,0.228357,0.42767000000000005,0.41366200000000003,0.37437699999999996,0.382191,0.383615,0.380909,0.38097200000000003,0.23050291479820625,0.42940661434977584,0.4125894618834081,0.371540302690583,0.3849496076233184,0.38477012331838567,0.38054002242152474,0.38076328475336324,0.23189638602866955,0.42948261659600245,0.4101609327680194,0.36931302241066016,0.3861010094891984,0.38721393095093876,0.3820448616999798,0.3811833636180092,2018-12-10 11:09:26.155000+00:00,0.206206,0.341298,0.309544,0.30797899999999995,0.312789,0.331849,0.34487700000000004,0.353255,0.20808116591928252,0.34230560538116594,0.30891266816143503,0.30597315022421534,0.314793441704036,0.3327237668161436,0.34459164798206277,0.35310381165919286,0.20930880274581062,0.3423397940642035,0.30744738542297595,0.3043682212800322,0.3156289723399959,0.3346074298405006,0.345834161114476,0.35341891782757917
0.0,0.0,0.0,0.07200000000000001,1.0,0.22924,0.4202060000000001,0.40479800000000005,0.36734500000000003,0.379691,0.380083,0.37664300000000006,0.376789,0.23132034753363231,0.4218188901345292,0.40378161434977583,0.36483256726457397,0.38240829596412557,0.3812279147982064,0.3763714125560539,0.37650414798206283,0.23272465172622647,0.42186480920654135,0.40136612154249945,0.3627173430244296,0.3835125176660609,0.3836018574601251,0.37781320411871583,0.3768529174237836,2018-12-10 11:09:22.443000+00:00,0.206206,0.341298,0.309544,0.30797899999999995,0.312789,0.33186600000000005,0.344894,0.353255,0.20807354260089692,0.34230560538116594,0.30891760089686104,0.30596821748878933,0.31479921524663684,0.33273593049327355,0.34463419282511215,0.35305207399103145,0.20930238239450835,0.34233470623864326,0.30745245305875224,0.3043699777912376,0.3156269735513829,0.33460987280436094,0.34584684029880874,0.35336953361599027
1.0,1.0,1.0,0.07200000000000001,0.0014306312169341852,0.0035830000000000002,0.018498,0.031775,0.008149000000000002,0.005092,0.0001,0.0001,,0.0037694506726457405,0.018971524663677134,0.032532623318385655,0.008574103139013455,0.004365414798206279,0.00010059523809523809,0.00011196528208307501,0.0001747239263803681,0.004083323238441348,0.019728467595396725,0.03372275388653341,0.009151665657177463,0.004362870987280435,0.0001258298755186722,0.00035105463786531136,0.0002909416398138203,2018-12-20 11:09:25+00:00,0.0066170000000000005,0.104802,0.0758,0.039568,0.032896,0.025835999999999998,0.024983000000000005,0.018021000000000002,0.006661827354260091,0.10481827354260093,0.07584473094170405,0.03971832959641256,0.03238671524663678,0.02619243273542601,0.02483570627802691,0.01838688340807175,0.006773894609327681,0.10483474661821117,0.07577938623056733,0.03982646880678376,0.03222644861699979,0.02610468402988088,0.024803068847163337,0.018984373107207755
1.0,0.8688340807174889,0.7326872602463154,0.066,0.3965148701491784,0.002872,0.025223000000000002,0.035153000000000004,0.010255,0.005798,0.0,0.0,0.0,0.0037186659192825107,0.02525526905829597,0.03562819506726458,0.010341872197309419,0.005202017937219732,0.0,8.038116591928252e-05,7.612107623318387e-05,0.003918110236220471,0.025311952352109826,0.035824046032707446,0.010560387643852207,0.005167110841913991,0.0,9.503331314354935e-05,0.0002159903089036947,2018-12-20 11:09:22.245000+00:00,0.005921,0.10497000000000001,0.075402,0.039587000000000004,0.032632,0.026281000000000002,0.024866,0.017181,0.006668721973094173,0.10491283632286998,0.07568873318385651,0.0396542600896861,0.03224332959641256,0.026015022421524665,0.024848991031390138,0.018034248878923773,0.006817787199676961,0.1049161720169594,0.07576955380577428,0.039805895416919035,0.03221897839693115,0.026121502119927316,0.024855824752675146,0.018908903694730465
1.0,1.0,1.0,0.061,0.0,0.0037470000000000003,0.013611,0.026885000000000003,0.006481,0.000817,0.0,0.0,0.0,0.003623822869955157,0.01238979820627803,0.027774495515695073,0.006482847533632288,0.0009048206278026907,0.0,0.0,0.0,0.003676963456491015,0.012153482737734707,0.027793438320209966,0.006623399959620432,0.0009736523319200484,0.0,3.8158691701998785e-06,4.3266707046234605e-05,2018-12-30 11:09:28.161000+00:00,0.006581000000000001,0.09892999999999999,0.071368,0.036798000000000004,0.0299,0.024697999999999998,0.023266000000000005,0.016983,0.006484809417040361,0.09815840807174889,0.0719581278026906,0.036773486547085205,0.0299947869955157,0.02502752242152467,0.02309243273542601,0.01711608744394619,0.006557823541288108,0.09800347264284272,0.07195061578841104,0.036889259034928325,0.03000205935796487,0.024917141126589944,0.02312198667474258,0.017339693115283668
1.0,1.0,1.0,0.061,0.0,0.0036640000000000006,0.017911,0.029185000000000003,0.007381,0.001483,0.0,0.0,0.0,0.003567993273542601,0.016713060538116598,0.030106334080717494,0.007372365470852018,0.0016357623318385653,0.0,0.0,0.0,0.0036437916414294356,0.016484595194831413,0.030110175651120532,0.0075243084998990505,0.0016437108822935592,1.8170805572380375e-07,4.179285281647486e-06,5.233192004845547e-05,2018-12-30 11:09:24.450000+00:00,0.006681,0.09892999999999999,0.071368,0.036798000000000004,0.029983,0.024881000000000004,0.023349000000000005,0.0169,0.006569674887892378,0.09815840807174889,0.0719630605381166,0.036773486547085205,0.030016760089686102,0.02511732062780269,0.02313273542600897,0.01712841928251121,0.006611831213406016,0.09800347264284272,0.0719568342418736,0.0368919038966283,0.030007207752877036,0.02497981021603069,0.023168746214415507,0.01732673127397536
1.0,1.0,1.0,0.055,0.02251981845009341,0.004662,0.018881,0.032628000000000004,0.009126,0.0017149999999999997,0.0001,,0.000117,0.004099775784753363,0.01981418161434978,0.03274960762331839,0.008701008968609867,0.0017165109034267911,0.00013528957528957525,0.000529846153846154,0.00039103840682788054,0.004378780537048253,0.020773026448617,0.03364863718958207,0.00904857662023016,0.0019279134682484297,0.0001604496253122398,0.0006007167341851045,0.0006704976303317535,2019-01-04 11:09:32+00:00,0.007164,0.09798500000000002,0.073702,0.038013,0.030283000000000004,0.024347,0.022385000000000002,0.017466000000000002,0.006711827354260092,0.09834848654708521,0.07332763452914799,0.03756328475336323,0.03006928251121077,0.024607903587443948,0.02298733183856502,0.017545011210762334,0.00678738138501918,0.09851292146174036,0.07309313547345045,0.037508419139915206,0.03006454673934989,0.024841792852816475,0.02306781748435292,0.01744560872198668
1.0,1.0,1.0,0.066,0.016797293582356668,0.0042450000000000005,0.020347000000000004,0.032545000000000004,0.008043,0.0013830000000000001,0.0001,0.0002,0.0001,0.0035943385650224224,0.021222813901345297,0.03257640134529148,0.007635145739910315,0.0015149522203485107,0.00015129032258064516,0.00029475806451612904,0.00012464516129032257,0.0038791035735917623,0.02222852816474864,0.033418473652331915,0.007951827175449221,0.0017972801052862464,0.00015036313548710245,0.0004029929577464789,0.00012097326936257712,2019-01-04 11:09:28+00:00,0.007413,0.098068,0.073702,0.038013,0.0302,0.024496000000000004,0.022285,0.017549000000000002,0.006733632286995517,0.0983627802690583,0.07333043721973095,0.03756328475336323,0.030072869955156956,0.02459405829596413,0.022895683856502244,0.017503195067264575,0.006773349485160506,0.09851833232384413,0.07309945487583283,0.037508641227538865,0.03006741368867353,0.024855663234403382,0.023042055320008078,0.017385867151221483
0.0,0.0,0.0,0.077,1.0,0.12218899999999999,0.091872,0.097557,0.09994299999999999,0.11274600000000001,0.12392,0.12356500000000002,0.12912700000000002,0.120652466367713,0.0952586883408072,0.10026423766816145,0.10030050448430494,0.11051463004484308,0.11832415919282512,0.12040711883408073,0.12478721973094173,0.12044205532000804,0.09715645063597819,0.10276440541086208,0.10125721784776902,0.11084070260448212,0.11707744801130628,0.11967841712093678,0.12335574399353928,2019-01-09 11:09:29+00:00,0.113329,0.15155000000000002,0.11956699999999999,0.111053,0.117526,0.130519,0.132945,0.136571,0.11191165919282514,0.15357920403587444,0.12129786995515696,0.11130801569506729,0.11583054932735427,0.12595140134529148,0.13027264573991032,0.13273032511210764,0.11173034524530585,0.15470403795679388,0.1228839289319604,0.11202461134665859,0.11608045628911771,0.12492741772663032,0.12964552796285078,0.13145958005249342
0.0,0.0,0.0,0.061,1.0,0.12355500000000001,0.100706,0.102674,0.103277,0.11506499999999999,0.12642,0.125482,0.13096100000000002,0.12186149103139014,0.10413408071748881,0.10528800448430493,0.10357298206278027,0.11294282511210767,0.12050319506726458,0.1222283071748879,0.12654411434977578,0.12159024833434279,0.10599751665657178,0.10775649101554613,0.1044757318796689,0.11325402786190189,0.11916987684231778,0.12145970119119724,0.1251512214819301,2019-01-09 11:09:26+00:00,0.113429,0.15155000000000002,0.11964999999999999,0.11107,0.11747700000000001,0.130636,0.13302799999999998,0.13658800000000001,0.11196502242152467,0.15360801569506727,0.12131709641255607,0.11132230941704038,0.1158710201793722,0.12597326233183856,0.1303427130044843,0.1327105941704036,0.11174869775893397,0.15472247122955787,0.12289045023218248,0.11201568746214416,0.11610676357762971,0.12492091661619217,0.12970280637997175,0.13142786190187766
0.0,0.0,0.0,0.061,0.34311024836879983,0.011158,0.020301,0.024658000000000003,0.00853,0.005347,0.003132,0.005209000000000001,0.004993999999999999,0.011062443946188341,0.01937572869955157,0.02539865470852018,0.00947298206278027,0.004931221973094171,0.0030536995515695066,0.0049698991031390145,0.004926177130044842,0.011082111851403186,0.02020650111043812,0.02646499091459721,0.010009569957601454,0.005327175449222693,0.0037594202898550725,0.005459701191197254,0.005477972945689481,2019-01-14 11:09:33+00:00,0.013228,0.09826000000000001,0.068332,0.037682999999999994,0.032532,0.029934000000000002,0.028979,0.023147000000000004,0.012778139013452915,0.09742001121076235,0.06849641255605382,0.03818082959641256,0.03198979820627803,0.029681221973094172,0.028511547085201802,0.022861659192825113,0.012432566121542499,0.09746165960024226,0.06855416919038965,0.03823436301231577,0.031989602261255794,0.02967859882899252,0.02856145770240258,0.02286955380577427
0.0,0.0,0.0,0.055,0.11402972346740121,0.011175,0.025233000000000002,0.027324,0.00993,0.006164,0.0038150000000000002,0.005609,0.005560000000000001,0.010891704035874441,0.02434159192825112,0.028045795964125562,0.010903195067264577,0.005747589686098655,0.003692656950672646,0.005280773542600896,0.005594674887892377,0.010887886129618411,0.025293720977185536,0.0291480920654149,0.01147651928124369,0.006138845144356955,0.0040576822128003225,0.0057581465778316155,0.006404372744640202,2019-01-14 11:09:30+00:00,0.013245000000000002,0.09826000000000001,0.068332,0.037682999999999994,0.032449,0.029934000000000002,0.028995999999999997,0.023113,0.012784753363228702,0.09742001121076235,0.06849428251121077,0.03818082959641256,0.03194360986547086,0.029647533632286997,0.028468161434977587,0.022869955156950676,0.01243107207752877,0.09746165960024226,0.0685568948112255,0.03823410054512416,0.031965677367252164,0.029636846355743988,0.028527135069654753,0.022870866141732272
1.0,0.7113228699551569,0.5515848980415908,0.187,0.47576061893033667,0.033747000000000006,0.04116500000000001,0.046886000000000004,0.037716999999999994,0.039026,0.03818800000000001,0.035807,0.039818,0.03516642376681614,0.04122303811659193,0.04560470852017938,0.03931625560538116,0.04122628923766816,0.038171412556053816,0.03709103139013453,0.0404195067264574,0.03702727639814254,0.04238978396931152,0.04614904098526145,0.040478295982232994,0.043241308298001206,0.0404127599434686,0.03961625277609528,0.04194350898445386,2019-01-19 11:09:27+00:00,0.036904000000000006,0.12969599999999998,0.09624900000000002,0.07397400000000001,0.070736,0.071566,0.069068,0.067547,0.03747029147982063,0.12944551569506726,0.09524887892376682,0.07459938340807176,0.07160386771300449,0.07103542600896862,0.06947354260089687,0.06728581838565022,0.03802903290934787,0.12947036139713303,0.094780900464365,0.07446277003836058,0.07200751059963659,0.07158267716535431,0.07019961639410456,0.06727649909145969
1.0,1.0,1.0,0.116,0.12356726491362909,0.004334,0.025176999999999998,0.035456,0.008349,0.005813,,0.0001,0.0001,0.005231782511210764,0.02485218609865471,0.03557113228699552,0.009623934977578477,0.005940022421524665,0.00012031914893617023,0.00021140089418777947,0.0001350066050198151,0.006085988289925298,0.02590175651120533,0.036584554815263466,0.010844377145164544,0.006509307490409851,0.00037292334596327603,0.0008682453766350924,0.0005500396301188902,2019-02-03 11:09:34+00:00,0.007902000000000001,0.107451,0.080583,0.042702000000000004,0.0375,0.029967999999999998,0.027517,0.021857,0.008566872197309417,0.10695347533632286,0.08031849775784755,0.04344153587443946,0.03751143497757848,0.03028570627802691,0.028290975336322872,0.02215801569506727,0.009113789622451038,0.10701496062992125,0.08018812840702602,0.04390444175247324,0.037648273773470624,0.030481546537452046,0.028912335958005256,0.022452089642640824
1.0,1.0,1.0,0.061,0.12356726491362909,0.005768,0.046075,0.049305,0.019198000000000003,0.015347000000000001,0.007332000000000001,0.006783,0.006306,0.006627298206278029,0.04596378923766817,0.049562107623318384,0.02056059417040359,0.015849887892376683,0.007819394618834083,0.00813822869955157,0.006755381165919282,0.007436563698768422,0.04733662426812031,0.05079971734302442,0.02190353321219463,0.01651267918433273,0.008447102766000403,0.009281708055723804,0.007427962850797496,2019-02-03 11:09:31+00:00,0.007919,0.107451,0.080583,0.042684999999999994,0.0375,0.030034,0.027267999999999997,0.021891000000000004,0.008567376681614352,0.10693806053811658,0.08031849775784755,0.04342724215246637,0.03752197309417041,0.030292937219730944,0.028222197309417038,0.02217993273542601,0.00911229557843731,0.10700821724207552,0.08018812840702602,0.04389612356147789,0.03766022612558046,0.030478780537048254,0.028886876640419938,0.022454249949525537
1.0,1.0,1.0,0.121,0.0,0.0027830000000000003,0.0,0.011533999999999999,0.000332,0.0,0.0,0.0,0.0,0.0028269618834080718,0.00014775784753363232,0.01264461883408072,0.00042819506726457404,0.0,0.0,0.0,0.0,0.002630950938824955,0.0002446396123561477,0.012893317181506157,0.0005015748031496061,0.0,0.0,0.0,0.0,2019-02-08 11:09:31.375000+00:00,0.0074659999999999995,0.08613000000000001,0.060617000000000004,0.033714999999999995,0.028451,0.024315000000000003,0.023451000000000003,0.019277000000000002,0.007404372197309418,0.08609332959641255,0.06130364349775786,0.03372152466367713,0.028953755605381173,0.024384753363228706,0.023137612107623322,0.018654316143497763,0.007198889561881688,0.08606238643246517,0.06144256006460731,0.03371492025035331,0.02930573389864728,0.024588088027458106,0.023371431455683423,0.018652049263072883
1.0,1.0,1.0,0.094,0.0,0.004315,0.010328,0.019434000000000003,0.005615000000000001,0.0019850000000000002,0.0,0.0,0.0,0.004230381165919284,0.01023542600896861,0.020552186098654713,0.005671412556053812,0.0027904708520179373,0.0,0.0,0.0,0.003941469816272965,0.010189521502119924,0.020794064203513023,0.005673268726024631,0.003428467595396729,2.8265697557036136e-06,4.298405007066424e-05,4.233797698364627e-05,2019-02-08 11:09:27.665000+00:00,0.007549,0.08613000000000001,0.060617000000000004,0.033714999999999995,0.028268,0.024298000000000004,0.023451000000000003,0.019211000000000002,0.0074727017937219736,0.08609332959641255,0.06130364349775786,0.03372152466367713,0.02885549327354261,0.0243572869955157,0.02318890134529148,0.018643721973094173,0.0072371290127195625,0.08606238643246517,0.06144256006460731,0.03371492025035331,0.029296567736725215,0.024569836462749843,0.023408318190995356,0.01863383807793257
1.0,1.0,1.0,0.10433464125560538,0.0,0.0027129999999999997,0.007104000000000001,0.017004,0.002019,0.001098,0.0,0.0,0.0,0.0029472533632286992,0.00749730941704036,0.017125112107623318,0.002419674887892377,0.0008965246636771301,0.0,0.0,0.0,0.0036441954371088225,0.007648293963254591,0.01726139713305068,0.002677730668281849,0.0008242883101150818,0.0,0.0,3.836058954169191e-06,2019-02-13 11:09:34.488000+00:00,0.006547000000000001,0.084802,0.062919,0.032985,0.029315,0.0243,0.022849,0.016961999999999998,0.006771973094170405,0.08498789237668164,0.06296720852017938,0.03326036995515695,0.029109809417040357,0.024411771300448436,0.02287965246636772,0.01697998878923767,0.0073797092671108394,0.0850792650918635,0.06303975368463555,0.033446537452049264,0.028997153240460323,0.02445184736523319,0.02307094690086816,0.017565980214011713
1.0,1.0,1.0,0.083,0.0,0.003796,0.015787000000000002,0.022887000000000005,0.006202000000000001,0.0055980000000000005,0.0,0.0,0.0,0.003926625560538117,0.01612713004484305,0.022992432735426012,0.006579147982062781,0.005460594170403588,2.9596412556053812e-05,0.00026098654708520185,0.0,0.004628911770644052,0.016281304260044416,0.023129537653947103,0.006835796486977587,0.005232949727437916,9.471027660004035e-05,0.0004504340803553402,0.00029436705027256207,2019-02-13 11:09:30.779000+00:00,0.00663,0.084802,0.062919,0.032985,0.029232,0.024583000000000004,0.0227,0.017145,0.006775952914798207,0.08498789237668164,0.06296720852017938,0.03326502242152467,0.029140751121076235,0.024533800448430492,0.02290997757847534,0.017054596412556054,0.007380617807389459,0.08507421764587117,0.06303997577225923,0.03345168584696143,0.028976095295780335,0.024525398748233392,0.02309858671512215,0.01756755501716132
1.0,1.0,1.0,0.094,0.0014306312169341852,0.019111000000000003,0.022491999999999998,0.036955999999999996,0.019911,0.018502,0.016711,0.018275000000000003,0.019111000000000003,0.01927034753363229,0.021744338565022427,0.03720325112107624,0.020218946188340813,0.01902309417040359,0.016902970852017935,0.018463565022421528,0.019432006726457403,0.019578598828992533,0.022468463557439932,0.03831689884918231,0.02070740965071673,0.01961116495053503,0.017312154249949523,0.018781223500908537,0.02013793660407833,2019-02-18 11:09:30+00:00,0.020715,0.09481500000000001,0.073432,0.044966,0.040955000000000005,0.040449000000000006,0.040447,0.036949,0.020641031390134533,0.09422163677130047,0.07339019058295963,0.04498536995515696,0.04117656950672646,0.04031754484304934,0.04026917040358745,0.03694758968609867,0.020542438925903485,0.09436418332323843,0.07358193014334745,0.045001978598828984,0.04122774076317383,0.04021235614778922,0.0400778921865536,0.037066686856450634
1.0,0.9686098654708521,0.8400969109630525,0.137,0.2701761078976453,0.017596,0.019813,0.033396,0.014898,0.011425,0.007866000000000001,0.009828,0.011866000000000002,0.017099047085201796,0.01859540358744395,0.033057230941704034,0.014996973094170403,0.012038116591928251,0.008056446188340808,0.00962668161434978,0.011998934977578476,0.016903553401978598,0.018772763981425397,0.03339034928326266,0.015046093276801934,0.012193943064809205,0.007972582273369673,0.009371492025035332,0.012134302442963858,2019-02-18 11:09:27.103000+00:00,0.02103,0.09498100000000001,0.073647,0.044832000000000004,0.040689,0.040166,0.040513,0.036949,0.02069887892376682,0.09425482062780269,0.07338565022421525,0.044933800448430504,0.04107886771300449,0.04024635650224216,0.04029495515695068,0.03693004484304933,0.02056589945487583,0.09435271552594386,0.07359010700585504,0.04497038158691702,0.04118568544316574,0.04017819503331313,0.04006050878255602,0.03705309913183928
1.0,1.0,1.0,0.132,0.0,0.0030830000000000002,0.0,0.0043490000000000004,0.0,8.3e-05,0.0,0.0,0.0,0.0035398542600896866,0.0,0.0035467488789237673,1.048206278026906e-05,7.50560538116592e-05,0.0,0.0,0.0,0.0038571774682010893,0.0,0.0035994750656167976,1.1164950535029275e-05,0.00024639612356147785,0.0,0.0,0.0,2019-02-23 11:09:33.608000+00:00,0.008181,0.076351,0.053483,0.031515,0.030217000000000004,0.0243,0.024332000000000003,0.018230000000000003,0.00814792600896861,0.07653290358744397,0.05332505605381166,0.03136816143497759,0.030317713004484305,0.024681726457399113,0.0240877802690583,0.01776272421524664,0.008554896022612557,0.07649083383807792,0.05331011508176863,0.03128770442156269,0.030349747627700374,0.024911346658590752,0.02387518675550171,0.01789376135675348
1.0,1.0,1.0,0.121,0.012892511907901008,0.003915,0.0026360000000000003,0.008749000000000002,0.0022660000000000002,0.002617,0.0,0.0,0.0,0.0040902466367713,0.003235930493273543,0.00802309417040359,0.0018681053811659195,0.0027562219730941713,0.0,0.0,0.0,0.004387563093074903,0.0033591560670300823,0.008103957197657986,0.0017266303250555218,0.002827417726630325,0.0,0.0,0.0,2019-02-23 11:09:29.902000+00:00,0.008132000000000002,0.07696800000000001,0.054366,0.032066,0.030517000000000002,0.024734000000000003,0.024102000000000002,0.018211,0.008306446188340809,0.07730448430493272,0.053899495515695076,0.03173559417040359,0.030569170403587455,0.02491025784753364,0.0242195067264574,0.01787920403587444,0.008575509792045225,0.07736139713305068,0.05395152432868968,0.031625439127801316,0.030609287300625877,0.025129214617403594,0.024178780537048247,0.0180976983646275
0.17,0.46860986547085204,0.4611346658590752,0.17500000000000002,0.14878564656115525,0.028170000000000004,0.0,0.008283,0.013437999999999999,0.020354999999999998,0.012834,0.01553,0.015013,0.028389742152466372,0.0008020179372197311,0.008511827354260091,0.013232230941704037,0.020461154708520182,0.013610369955156954,0.013985874439461886,0.014174383408071747,0.028717161316373915,0.001430769230769231,0.008764667878053706,0.012594023823945082,0.01973684635574399,0.014169735513829997,0.013683262669089438,0.013446517262265294,2019-02-28 11:09:29.729000+00:00,0.030787000000000002,0.082802,0.059966,0.04537,0.048138,0.045602000000000004,0.045930000000000006,0.041462000000000006,0.031172533632287,0.0841335201793722,0.05999484304932737,0.04513469730941705,0.0481658071748879,0.04602023542600897,0.04523968609865472,0.040599831838565026,0.03144149000605693,0.08488039571976579,0.06009866747425801,0.044589137896224505,0.04766969513426206,0.046416131637391486,0.045046234605289726,0.03994867756915
0.0,0.0,0.0,0.105,0.31475569868101405,0.029766,0.0115,0.020128,0.021683,0.028917,0.023098,0.024839,0.023673,0.030444843049327354,0.013782623318385654,0.02026535874439462,0.021486771300448432,0.029014966367713002,0.023932343049327356,0.023915414798206282,0.02294702914798207,0.03128865334140924,0.015379022814455887,0.020741570765192813,0.02111522309711286,0.028806420351302233,0.025059640621845347,0.02425259438724006,0.02280989299414496,2019-02-28 11:09:26.016000+00:00,0.030787000000000002,0.082802,0.059966,0.04537,0.048237999999999996,0.045602000000000004,0.046113,0.041396,0.031171076233183857,0.0841335201793722,0.05999484304932737,0.04513469730941705,0.048218105381165915,0.046011771300448444,0.04527494394618835,0.04059467488789238,0.031429941449626485,0.0848806379971734,0.06009866747425801,0.044589137896224505,0.04769915202907327,0.04636832222895215,0.04503589743589743,0.03995358368665456
1.0,1.0,1.0,0.094,0.0,0.011594,0.013679000000000002,0.020694,0.0095,0.011443,0.007577000000000001,0.00923,0.0051340000000000005,0.011977914798206276,0.013219450672645744,0.020668946188340812,0.009781221973094171,0.01142987668161435,0.0070798766816143515,0.009259865470852018,0.005925672645739911,0.012281485968100138,0.013355178679588124,0.020873450434080353,0.009969069250959013,0.011693175853018373,0.007021804966686855,0.009039309509388247,0.006751181102362205,2019-03-05 11:09:32+00:00,0.013713000000000001,0.08153200000000002,0.059832,0.034885,0.033447,0.031212999999999998,0.031083,0.023536000000000005,0.013979484304932737,0.0810953475336323,0.05962769058295964,0.034978811659192824,0.03335650224215247,0.030681446188340806,0.030875616591928255,0.024112780269058304,0.014107268322228948,0.08101592973955178,0.05949895013123359,0.03495846961437514,0.03336337573187966,0.030457157278417118,0.03049610337169393,0.024698344437714514
1.0,1.0,1.0,0.094,0.0,0.011310999999999998,0.017545,0.022694,0.0102,0.012243000000000002,0.008192,0.009147,0.0053170000000000005,0.011732118834080721,0.017025280269058297,0.022608856502242154,0.010484417040358742,0.012131109865470852,0.007483632286995516,0.009182174887892375,0.005817096412556054,0.012030567332929534,0.017211185140318993,0.02283117302644861,0.010673874419543709,0.012404118715929736,0.007434746618211184,0.009022915404805166,0.006677528770442156,2019-03-05 11:09:28+00:00,0.014093999999999999,0.082217,0.060332000000000004,0.035019,0.033764,0.031381,0.0309,0.023419000000000002,0.013862219730941707,0.08191681614349777,0.06019949551569507,0.03533878923766816,0.033703195067264574,0.03094803811659193,0.030871076233183862,0.02415980941704036,0.013992307692307693,0.0818336159903089,0.06011233595800524,0.03534918231374924,0.033625095901473855,0.030776721179083377,0.030601090248334337,0.024745891378962246
1.0,1.0,0.9872804360993338,0.11,0.052462088272751235,0.015413000000000001,0.018819000000000002,0.033527999999999995,0.016847,0.017098,0.013004000000000002,0.014414999999999999,0.012221000000000001,0.016413845291479823,0.020518665919282517,0.03475341928251121,0.017611715246636774,0.017607959641255607,0.014821132286995515,0.016067040358744396,0.015228979820627802,0.018980254391278005,0.022099030890369468,0.03659073288915808,0.019222652937613566,0.019365435089844535,0.01777944679991924,0.018862123965273567,0.018575186755501714,2019-03-10 11:09:29+00:00,0.017849,0.088521,0.06985100000000001,0.041833999999999996,0.039334,0.03774,0.03800200000000001,0.031957000000000006,0.018576065022421522,0.0894921524663677,0.07056109865470853,0.042315863228699555,0.039521917040358755,0.03907298206278027,0.03912500000000001,0.03439086322869956,0.020539491217443973,0.09018007268322228,0.07132339995962042,0.04325891378962243,0.04050591560670299,0.04100516858469613,0.04104875832828588,0.03690805572380376
1.0,1.0,0.9872804360993338,0.121,0.07392155652676402,0.014864,0.021553,0.034462,0.016681,0.016681,0.011887,0.013198,0.010823000000000001,0.01591266816143498,0.023290022421524666,0.03567612107623319,0.017408183856502245,0.017119730941704037,0.01376737668161435,0.014596300448430495,0.013919002242152466,0.018527861901877645,0.024885665253381786,0.037490995356349685,0.018991338582677167,0.018932485362406624,0.016788370684433677,0.01737066424389259,0.01730662224914193,2019-03-10 11:09:25+00:00,0.017866,0.088521,0.06985100000000001,0.041851,0.039234,0.037606,0.03800200000000001,0.031890999999999996,0.018603923766816143,0.08949495515695066,0.07056109865470853,0.042329820627802696,0.03944854260089687,0.0390085201793722,0.03908318385650225,0.03439243273542601,0.02056993741166969,0.09018649303452453,0.07132366242681201,0.04325340197859881,0.040456692913385814,0.0410003230365435,0.040998485766202304,0.03688269735513831
1.0,1.0,1.0,0.115,0.0,0.003302,0.006097999999999999,0.014066000000000002,0.0010170000000000001,0.0006,0.0,0.0,0.0,0.004415022421524664,0.00582931614349776,0.014278643497757848,0.001117096412556054,0.0006515695067264574,0.0,0.0,0.0,0.004865778316172017,0.005947829598223298,0.01452192610539067,0.0012621037754896023,0.0005450030284675954,0.0,0.0,0.0,2019-03-15 11:09:32.302000+00:00,0.007068000000000001,0.07523200000000001,0.05566600000000001,0.0288,0.0265,0.023085,0.021747000000000002,0.017934,0.00803060538116592,0.07506967488789237,0.05575997757847534,0.02886087443946188,0.02653497757847534,0.02354635650224216,0.021436659192825117,0.017481782511210762,0.008441328487785178,0.07514845548152634,0.055924712295578424,0.02898229355945891,0.026423379769836462,0.023509287300625882,0.021628043609933374,0.01739969715324046
1.0,1.0,1.0,0.099,0.0,0.0038510000000000003,0.012398000000000003,0.018666000000000002,0.0038,0.0041,0.0,0.0,0.0,0.005002634529147984,0.012115246636771302,0.01890739910313902,0.003860650224215247,0.0040380605381165925,2.5616591928251125e-05,0.0,0.0,0.005478073894609327,0.012232081566727237,0.01915481526347668,0.004020109024833435,0.003905370482535837,6.898849182313748e-05,9.703210175651119e-05,3.0890369473046632e-06,2019-03-15 11:09:28.597000+00:00,0.007034,0.07523200000000001,0.05566600000000001,0.0288,0.026583,0.023251,0.021781,0.017817000000000003,0.008023430493273543,0.07506967488789237,0.05575997757847534,0.02886087443946188,0.02653469730941704,0.02354646860986547,0.021462948430493275,0.017495347533632293,0.00841837270341207,0.07514845548152634,0.055924712295578424,0.02898229355945891,0.02642232990107005,0.02348051685846961,0.021667312739753683,0.017428871391076114
1.0,1.0,1.0,0.105,0.0028612624338683703,0.009313,0.010841000000000002,0.016762000000000003,0.009281,0.008732000000000002,0.002462,0.0028280000000000002,0.002417,0.0091085201793722,0.010171076233183857,0.01671474215246637,0.009263172645739911,0.008729204035874441,0.0022946748878923773,0.0033872757847533633,0.0029257847533632293,0.009140480516858467,0.009886937209771853,0.017037330910559256,0.009295295780335147,0.00859886937209772,0.0027075711689884914,0.003553855494839101,0.00322255198869372,2019-03-20 11:09:32.273000+00:00,0.011581000000000003,0.07903,0.05576600000000001,0.033883,0.031351,0.02743,0.026064,0.021785000000000002,0.01155431614349776,0.07863497757847533,0.055691928251121084,0.033812948430493275,0.031391031390134536,0.02727808295964126,0.026465807174887897,0.02201362107623319,0.011576721179083383,0.07836983646274985,0.055759882899252974,0.033731475873208155,0.031161296184130827,0.027478518069856652,0.02660944881889763,0.022182656975570356
1.0,1.0,1.0,0.11,0.0,0.008695999999999999,0.013911000000000001,0.017849,0.0093,0.008168,0.0015449999999999997,0.001596,0.0013850000000000002,0.00848054932735426,0.01324859865470852,0.01775005605381166,0.00924663677130045,0.008267152466367713,0.0012817264573991031,0.0020426008968609864,0.0016722533632286996,0.008423521098324246,0.01283803755299818,0.01785669291338583,0.009151645467393499,0.007993438320209975,0.0016244296386028667,0.0022073288915808596,0.0019021804966686854,2019-03-20 11:09:28.567000+00:00,0.011847000000000002,0.079113,0.05576600000000001,0.033883,0.031434,0.027513,0.026081,0.021751,0.011670459641255607,0.07864927130044842,0.055691928251121084,0.033812948430493275,0.031386883408071754,0.027322982062780273,0.02648682735426009,0.021947365470852017,0.011599858671512217,0.07837114879870785,0.055759882899252974,0.033731475873208155,0.031182455077730663,0.02749921259842519,0.026583383807793255,0.022135877246113465
1.0,0.95347533632287,0.854633555420957,0.121,0.0,0.022893,0.033756,0.037571,0.028633,0.031574000000000005,0.03296,0.03610100000000001,0.03528800000000001,0.021359360986547084,0.03437096412556054,0.0386707399103139,0.028505325112107627,0.030746468609865473,0.03071636771300449,0.033605493273542605,0.03188032511210763,0.020047769028871395,0.03485568342418736,0.03857585301837269,0.027771471835251367,0.029952493438320207,0.02895931758530183,0.03157272360185745,0.02930771249747628,2019-03-25 11:09:35+00:00,0.024699,0.092813,0.07117900000000002,0.05029,0.05098400000000001,0.05457200000000001,0.056281000000000005,0.052432,0.02322701793721973,0.09303744394618835,0.07178548206278028,0.0500295403587444,0.05018279147982063,0.052568105381165936,0.0540197869955157,0.04936104260089686,0.021813042600444175,0.09306392085604681,0.07140607712497475,0.04918402988088027,0.049282838683626075,0.050803977387441954,0.05199254996971532,0.046776196244700176
1.0,0.7146860986547084,0.7472239047042196,0.132,0.0,0.022146000000000002,0.036685,0.03996000000000001,0.028724,0.031867,0.032553000000000006,0.035313000000000004,0.034104999999999996,0.020547309417040364,0.038362612107623324,0.04101513452914799,0.028840134529147986,0.03128783632286996,0.030465807174887897,0.03260930493273543,0.030547757847533632,0.019007066424389256,0.03852196648495861,0.04062883101150816,0.028081647486371892,0.029961316373914797,0.028448112255198874,0.03029788007268322,0.02785622854835453,2019-03-25 11:09:31.535000+00:00,0.024448,0.093034,0.071762,0.050143,0.05123700000000001,0.054842,0.056553000000000006,0.052728000000000004,0.02307673766816144,0.09405179372197309,0.07241989910313902,0.05026810538116591,0.050781838565022434,0.05310341928251122,0.054417040358744395,0.04961418161434978,0.02169196446598021,0.09414653745204925,0.0721205733898647,0.049667716535433074,0.049755824752675135,0.0514794064203513,0.05245748031496063,0.04721057944679992
1.0,1.0,1.0,0.181,0.0,0.009798000000000001,0.01993,0.029232,0.008768,0.0066170000000000005,0.001162,0.004062,0.001164,0.009540302690582961,0.019904316143497757,0.029311883408071754,0.009345067264573993,0.006250840807174889,0.0010582959641255605,0.00309517937219731,0.001740863228699552,0.009573692711487987,0.019644235816676764,0.02916832222895214,0.009325358368665455,0.006346840298808803,0.0012818291944276196,0.0024135473450434077,0.0023165758126388047,2019-03-30 11:09:36.564000+00:00,0.014898,0.08949800000000001,0.068666,0.038933999999999996,0.0361,0.035279,0.036513000000000004,0.029581000000000003,0.014633912556053813,0.08946457399103142,0.0687009529147982,0.03934271300448431,0.03581048206278027,0.03496193946188341,0.03573508968609866,0.029887219730941706,0.014657439935392692,0.08930672319806177,0.06860189783969309,0.03933181909953563,0.035867393498889566,0.03481978598828992,0.03504445790430042,0.030298324247930546
1.0,1.0,1.0,0.159,0.0,0.010481,0.02593,0.033049,0.011468,0.0095,0.004528,0.0071790000000000005,0.004164,0.010154596412556055,0.025884585201793726,0.03314871076233184,0.012089181614349775,0.009085986547085204,0.004120795964125561,0.0062474775784753375,0.004513733183856504,0.010182737734706238,0.02563858267716535,0.033022713506965465,0.012083504946497072,0.009179648697758933,0.003958388855239248,0.005430648092065414,0.005009145972138098,2019-03-30 11:09:34.727000+00:00,0.014898,0.08949800000000001,0.068666,0.038933999999999996,0.0361,0.035279,0.036513000000000004,0.029581000000000003,0.014633912556053813,0.08946457399103142,0.0687009529147982,0.03934271300448431,0.03581048206278027,0.03496193946188341,0.03573508968609866,0.029887219730941706,0.014657439935392692,0.08930672319806177,0.06860189783969309,0.03933181909953563,0.035867393498889566,0.03481978598828992,0.03504445790430042,0.030298324247930546
1.0,1.0,1.0,0.088,0.0014306312169341852,0.006513,0.021713,0.022345,0.005579,0.003366,0.00026599999999999996,0.001498,0.002875,0.0066570067264573995,0.022242488789237673,0.022283744394618835,0.005680997757847535,0.003349887892376682,0.0006497197309417041,0.002023542600896861,0.002397412823397076,0.007266262870987278,0.022674601251766596,0.022451080153442358,0.0059174035937815455,0.003529779931354734,0.0012822329901070058,0.0023830196316535117,0.0026729259495013786,2019-04-04 11:09:37+00:00,0.008881,0.079783,0.057032,0.028680999999999998,0.024783,0.022917,0.022117,0.019594,0.008947029147982065,0.08009747757847534,0.05689400224215248,0.02874467488789238,0.024708183856502246,0.02300207399103139,0.022546244394618838,0.01910986547085202,0.009399515445184737,0.08020761154855642,0.056838562487381374,0.02884910155461336,0.024764869775893393,0.023245628911770642,0.02276034726428427,0.019107853825964066
1.0,1.0,1.0,0.088,0.0014306312169341852,0.006429999999999999,0.024996000000000004,0.024145,0.006378999999999999,0.004015,0.000615,0.002032,0.003092,0.006567656950672648,0.025518161434977583,0.024089686098654715,0.006496748878923767,0.003948150224215247,0.0012980966325036604,0.0024945627802690586,0.0025582677165354338,0.0071507773066828186,0.025962971936200285,0.024290813648293958,0.006729093478699778,0.004196587926509185,0.0018559081701553,0.0028390874217645865,0.00284468817204301,2019-04-04 11:09:33+00:00,0.008798,0.079783,0.057032,0.028680999999999998,0.024683,0.022783,0.022283000000000004,0.019511,0.008934697309417042,0.08009747757847534,0.05689400224215248,0.02874932735426009,0.024682455156950677,0.0229420403587444,0.02258632286995516,0.019103251121076234,0.009396365838885524,0.0802046638400969,0.05683523117302644,0.02885867151221481,0.02477682212800323,0.023230910559257016,0.022784494245911564,0.019100181708055726
1.0,1.0,1.0,0.187,0.00180652255628552,0.010528000000000003,0.023505,0.023973,0.006378999999999999,0.003128,0.0001,0.0001,0.0001,0.010635426008968614,0.02344338565022422,0.02370650224215247,0.006677466367713007,0.00341390134529148,0.00012303370786516854,0.0001841105354058722,0.00020888230940044415,0.011325580456289118,0.023737492428831004,0.024107914395315965,0.007213123359580051,0.003834161114476074,0.00029404444444444444,0.0005766366016875183,0.0005041162227602904,2019-04-09 11:09:36+00:00,0.01543,0.091562,0.06569599999999999,0.037098,0.033047,0.031232000000000003,0.029781,0.025417000000000002,0.015485313901345292,0.09143094170403587,0.06545577354260089,0.03729377802690583,0.0331795403587444,0.03132819506726458,0.03016849775784754,0.02619226457399103,0.0159768423177872,0.09146705027256209,0.06553809812235008,0.03758402988088027,0.03339642640823743,0.03149511407227942,0.030939995962043196,0.02699886937209772
1.0,1.0,1.0,0.094,0.00180652255628552,0.013179,0.036605,0.034573,0.015662000000000002,0.013345,0.009413,0.008645,0.007566000000000001,0.013415358744394621,0.03654360986547085,0.034315358744394626,0.015940919282511214,0.013690695067264575,0.009603419282511213,0.00923890134529148,0.00881681614349776,0.014089864728447402,0.036927195639006656,0.03476016555622854,0.01648909751665657,0.014157783161720172,0.009903048657379366,0.010352998182919444,0.009935655158489803,2019-04-09 11:09:32+00:00,0.015364000000000001,0.091562,0.06569599999999999,0.037098,0.032964,0.031415,0.029664000000000003,0.025234000000000003,0.015483408071748878,0.09144473094170405,0.06544198430493274,0.03729377802690583,0.03316502242152467,0.03145846412556054,0.030068105381165926,0.026191311659192827,0.015952735715727844,0.09147219866747426,0.0655329497274379,0.03758402988088027,0.03340333131435493,0.031580961033716944,0.030900242277407626,0.027015283666464773
0.0,0.0,0.0,0.187,1.0,0.545075,0.7305080000000002,0.698886,0.6951110000000001,0.717342,0.726767,0.717202,0.7066740000000001,0.5444105941704037,0.7289387331838566,0.6974604260089687,0.693975504484305,0.7201099775784754,0.7243911995515695,0.719014125560538,0.7066301569506727,0.5433053704825358,0.7280813244498281,0.6965731879668887,0.6929622451039773,0.719772239047042,0.7233983646274984,0.7199733091055925,0.7075008479709267,2019-04-24 11:09:41+00:00,0.49592600000000003,0.601401,0.56619,0.601579,0.61154,0.647837,0.661685,0.672923,0.49534237668161446,0.6004059977578475,0.5650842488789238,0.6007574551569507,0.6136354260089688,0.6459562219730944,0.663176177130045,0.6728778587443947,0.4943586715122149,0.5997719160104985,0.5645130426004441,0.5999629113668481,0.613375651120533,0.6451674136886734,0.6639635170603674,0.6736349888956188
1.0,1.0,1.0,0.149,0.0,0.006998,0.0001,0.006266000000000001,0.0001,0.0001,0.0001,0.0001,0.0001,0.007019170403587445,0.0002829596412556054,0.006162780269058296,0.00015470852017937222,0.00011630218687872765,0.0001,0.0001,0.0001,0.0073325661215425,0.0006176054916212395,0.006444033918837068,0.00030637997173430236,0.00011716867469879518,0.0001,0.00010619826367857865,0.00010764872521246458,2019-04-29 11:09:38+00:00,0.011366000000000001,0.070768,0.0505,0.028466,0.025668,0.025415,0.024017,0.021081000000000003,0.011428251121076233,0.07111575112107625,0.05023508968609866,0.028416816143497763,0.026026737668161434,0.025179540358744396,0.02401328475336323,0.02099736547085202,0.011650999394306479,0.0713404401372905,0.0503371693922875,0.028445992327882093,0.02630724813244498,0.02506488996567736,0.024349687058348474,0.021124025842923475
1.0,1.0,1.0,0.121,0.0,0.0078,0.006819,0.012,0.0036660000000000004,0.0018189999999999999,0.0,0.0,0.000498,0.008060706278026906,0.007414517937219732,0.01168223094170404,0.003635986547085202,0.002417264573991032,0.0,4.652466367713005e-06,0.00028974215246636777,0.008288007268322229,0.007757924490207953,0.01182638804764789,0.0036852008883504943,0.0027976176054916213,3.836058954169191e-06,6.898849182313748e-05,0.0004093680597617605,2019-04-29 11:09:34.435000+00:00,0.011249,0.070768,0.0505,0.028466,0.025685,0.025349000000000003,0.024051,0.021264,0.011396412556053812,0.07111603139013455,0.050237892376681616,0.028416816143497763,0.026066984304932744,0.025163228699551572,0.024087556053811663,0.02100409192825112,0.011641631334544718,0.07134540682414695,0.0503412477286493,0.028445992327882093,0.026335473450434074,0.025041469816272963,0.024414799111649496,0.021058509993943063
0.0,0.0,0.0,0.105,0.5447843674085379,0.33911100000000005,0.237005,0.246742,0.24604200000000004,0.264297,0.302252,0.305919,0.313091,0.3363339125560539,0.2366893497757848,0.23912505605381165,0.23682724215246642,0.2604812780269058,0.2936996636771301,0.30277797085201796,0.3112762892376682,0.33011271956390065,0.24077203714920245,0.24230835857056326,0.24002168382798303,0.2621625479507369,0.2928111245709671,0.30094651726226523,0.3051919846557642,2019-05-04 11:09:42+00:00,0.31197400000000003,0.223667,0.216995,0.222495,0.23611400000000002,0.280109,0.29102300000000003,0.304718,0.30979624439461884,0.22368996636771302,0.21195695067264578,0.2155246636771301,0.23330812780269067,0.273347869955157,0.28858368834080717,0.30356199551569507,0.30369911164950536,0.22600104986876637,0.21380506763577628,0.21773464566929132,0.23425372501514233,0.27213761356753474,0.2865272360185746,0.2976771249747627
0.0,0.0,0.0,0.088,0.5631413295332776,0.33732799999999996,0.23408600000000004,0.24347400000000002,0.242523,0.263278,0.30048400000000003,0.3029,0.309772,0.3344810538116592,0.233997533632287,0.23584338565022425,0.23342942825112115,0.25916463004484314,0.2917048766816144,0.2996799327354261,0.30795123318385653,0.32823698768423176,0.23808489804159086,0.2388982232990107,0.23669638602866944,0.2607204724409449,0.2906923480718756,0.2978250959014737,0.3018477286493034,2019-05-04 11:09:38+00:00,0.312008,0.22361599999999998,0.217261,0.222461,0.236297,0.28050899999999995,0.291006,0.304718,0.30981973094170406,0.22367752242152467,0.21205711883408077,0.21553475336322872,0.23337853139013456,0.27348677130044846,0.2885271860986547,0.3035581838565023,0.30369291338582677,0.22601948314153034,0.2138796890773268,0.21777773066828185,0.23427106803957204,0.2721922471229557,0.28644726428427203,0.29767246113466583
1.0,0.95347533632287,0.7195639006662627,0.16171636771300454,0.0003758913393513349,0.039439,0.039128,0.043481000000000006,0.038656,0.040377,0.02809,0.029256,0.031441,0.03869803811659193,0.03859540358744394,0.043849103139013454,0.03807068385650224,0.04056642376681614,0.028194506726457406,0.02965510089686099,0.030932455156950676,0.038682031092267324,0.03821780738946093,0.043226529376135664,0.03770484554815263,0.040574136886735314,0.02875877246113466,0.02991257823541288,0.030826428427215825,2019-05-09 11:09:38+00:00,0.040943,0.09696600000000001,0.076585,0.059145,0.05899800000000001,0.056428000000000006,0.057994000000000004,0.056379000000000005,0.04012869955156952,0.09655930493273544,0.0767273542600897,0.05862096412556056,0.058907847533632304,0.056284977578475344,0.058090302690582976,0.05572578475336323,0.039851140722794255,0.09611496062992124,0.07607724611346658,0.05810385624873813,0.05865634968705834,0.05643943064809207,0.05799955582475266,0.055313143549364015
1.0,0.7146860986547084,0.616596002422774,0.154,0.0003758913393513349,0.039373000000000005,0.042345,0.045332000000000004,0.03959,0.041226000000000006,0.029373000000000003,0.030656000000000003,0.032609000000000006,0.03867533632286996,0.041818553811659206,0.04578918161434978,0.03901042600896861,0.041175504484304945,0.02943733183856502,0.030922813901345294,0.03219803811659193,0.03864992933575612,0.04145055521905914,0.04515758126388047,0.038636543508984454,0.041181364829396314,0.03001334544720372,0.03118972339995962,0.0320483545326065,2019-05-09 11:09:34+00:00,0.041394,0.09744700000000002,0.07721700000000001,0.05928100000000001,0.059549000000000005,0.05722800000000001,0.058694,0.057196,0.04068991031390135,0.0968160874439462,0.07700610986547085,0.05899646860986548,0.05940269058295964,0.05688071748878924,0.05874730941704036,0.05648559417040359,0.04032826569755703,0.09647607510599635,0.07642925499697154,0.05849648697758934,0.05903971330506764,0.056934928326266884,0.058535412881082174,0.055908520088835054
1.0,1.0,1.0,0.10961547085201792,0.0,0.006449000000000001,0.0064,0.006615,0.003117,0.006532,0.0,0.0,0.0,0.006848430493273543,0.006375056053811661,0.006217096412556055,0.003182062780269059,0.006635594170403589,0.0,6.463004484304933e-05,2.3262331838565027e-05,0.007156107409650717,0.00629351907934585,0.006294044013729051,0.0033174035937815465,0.007182778114274176,0.00013438320209973752,0.0002475267514637593,0.000114193418130426,2019-05-14 11:09:43.081000+00:00,0.009632,0.0686,0.046649,0.027617000000000003,0.029115,0.024349000000000003,0.023785,0.019896,0.009984921524663678,0.06862595291479821,0.04639529147982063,0.02768721973094171,0.029126905829596414,0.024566087443946193,0.02421390134529148,0.01977797085201794,0.01026151827175449,0.06857627700383603,0.046467474258025436,0.027789238845144355,0.029553179890975164,0.02496472844740561,0.024543872400565308,0.019737108822935594
1.0,1.0,1.0,0.11,0.0,0.005983,0.0081,0.007315,0.003117,0.006747,0.0,0.0,0.0,0.006582118834080719,0.008125448430493273,0.006892993273542602,0.00320140134529148,0.006660930493273544,0.0,4.93273542600897e-06,0.0,0.00686860488592772,0.008056511205330102,0.006980819705229153,0.003343448415101957,0.007266787805370482,9.747627700383605e-05,0.00010438118312134059,2.4994952554007668e-05,2019-05-14 11:09:39.365000+00:00,0.009548999999999998,0.0686,0.046649,0.027617000000000003,0.029197999999999998,0.024366000000000002,0.023768,0.019713,0.009971804932735428,0.06862595291479821,0.04639529147982063,0.02768721973094171,0.029158015695067267,0.02456619955156951,0.02420773542600897,0.01971642376681615,0.010234322632747832,0.06857627700383603,0.046467474258025436,0.027789238845144355,0.029589501312335946,0.024969997981021598,0.02456331516252776,0.01969878861296184
0.0,0.0,0.0,0.187,1.0,0.487133,0.7650699999999999,0.6850089999999999,0.6219250000000001,0.636242,0.626387,0.6046199999999999,0.595276,0.4940017937219731,0.7421143497757848,0.6626921524663677,0.6172186098654708,0.6478848094170403,0.6413271860986548,0.6280761771300448,0.6192381165919283,0.5049881082172419,0.7367697960831818,0.6647165758126387,0.6282613971330506,0.6626705027256208,0.6584585705632948,0.6469715727841712,0.64072751867555,2019-05-19 11:09:34+00:00,0.44210000000000005,0.5418649999999999,0.500836,0.50248,0.5022169999999999,0.532844,0.544142,0.552697,0.4482183856502242,0.5278524103139013,0.48640510089686106,0.49908312780269065,0.5106247197309418,0.5444688340807176,0.5633912556053812,0.5733415919282512,0.45801899858671513,0.524548657379366,0.4877484151019582,0.507346658590753,0.5214042802342014,0.5578285685443166,0.5789735110034322,0.591867756915001
0.0,0.0,0.0,0.176,1.0,0.6277100000000001,0.9188440000000001,0.8577180000000001,0.833162,0.867286,0.8359850000000001,0.8248770000000001,0.8091039999999999,0.6293288677130047,0.9335803811659193,0.8689276905829598,0.8432155829596415,0.872618273542601,0.8416134529147983,0.8247426008968612,0.8099466367713006,0.6288958812840704,0.9346467595396726,0.8690366646476884,0.8432213406016552,0.8730005047445989,0.842359236826166,0.8246450030284674,0.8089122551988693,2019-05-29 11:09:37+00:00,0.5729590000000001,0.636468,0.615237,0.662314,0.680114,0.7032280000000001,0.729962,0.74057,0.5743874439461883,0.6452007847533633,0.622458576233184,0.6700929932735427,0.6840255044843052,0.7076956278026906,0.7298963004484306,0.7412543721973096,0.5739878659398343,0.6458026246719158,0.6225121138703815,0.6701467393498888,0.6842984453866343,0.7082690894407427,0.7297814455885322,0.7403405410862102
0.0,0.0,0.0,0.116,1.0,0.62251,0.852704,0.8043100000000001,0.7894090000000001,0.829184,0.806666,0.7993450000000001,0.7866869999999999,0.6240806614349776,0.8660596412556054,0.8145795964125563,0.7991116591928253,0.8342937219730945,0.8120334080717491,0.7993665358744395,0.787473374439462,0.6236817686250757,0.8670984453866342,0.8147043004239856,0.7992632344033919,0.8347805370482538,0.8128119725418939,0.7992156268927922,0.7864413284877849,2019-05-29 11:09:33+00:00,0.572793,0.636468,0.615237,0.662314,0.6799970000000001,0.703177,0.7299789999999999,0.74057,0.5743278587443947,0.645190302690583,0.622458576233184,0.6701022421524663,0.6839098654708521,0.7076089125560538,0.7299390134529149,0.741183576233184,0.5739528568544316,0.6457990914597214,0.6225038562487382,0.6701591762568141,0.6842574197456086,0.7082346658590751,0.7298005653139511,0.7402944478094082
0.0,0.0,0.0,0.307,1.0,0.525818,0.6516339999999999,0.599244,0.5626049999999999,0.5984220000000001,0.583054,0.5739850000000001,0.562218,0.523927298206278,0.6399942825112108,0.5965802690582961,0.5615344170403588,0.5905192825112109,0.5817958520179373,0.5724266816143498,0.5593356502242153,0.5227075913587725,0.6327712295578435,0.5905454673934989,0.5588956390066626,0.5867326872602464,0.5786387038158692,0.5712794467999194,0.5591656369876843,2019-06-03 11:09:42+00:00,0.464537,0.409735,0.39490500000000006,0.413455,0.434021,0.46574100000000007,0.48594399999999993,0.501179,0.4629434977578477,0.4041494394618834,0.3935850336322871,0.4129094170403588,0.42890644618834084,0.46488996636771307,0.4848803251121077,0.4989573430493275,0.4619025237229961,0.40055257419745605,0.39028362608520084,0.41119870785382595,0.42646533414092463,0.46268857258227336,0.4840241066020593,0.49881500100948906
0.0,0.0,0.0,0.187,1.0,0.514752,0.537759,0.512482,0.493179,0.544126,0.543405,0.5378890000000001,0.5316900000000001,0.5129457959641256,0.5285851457399104,0.5104701233183857,0.4926062780269059,0.5369944506726458,0.542290134529148,0.5366229820627803,0.5290789237668162,0.511746678780537,0.5225871391076116,0.5053502119927316,0.4903838077932565,0.5336402180496668,0.5394342620633958,0.5356337976983644,0.5289078942055319,2019-06-03 11:09:38+00:00,0.464537,0.409735,0.39490500000000006,0.413455,0.434004,0.46574100000000007,0.485844,0.501179,0.4629490470852019,0.4041813340807176,0.39358996636771304,0.41291945067264574,0.42886894618834087,0.464876177130045,0.48479372197309417,0.4989257286995517,0.46188776499091455,0.4005740763173833,0.3902918837068443,0.4112220068645265,0.42644328689683014,0.46266394104583086,0.4839813244498284,0.49877294568948105
1.0,0.95347533632287,0.8001211387038158,0.176,0.0,0.026203,0.022794000000000002,0.032229999999999995,0.021707,0.022058,0.013896,0.015624,0.016488,0.0295103139013453,0.02687763452914798,0.03719770179372198,0.025636603139013458,0.025818329596412556,0.01748890134529148,0.019024383408071752,0.0199152466367713,0.03416377952755906,0.032479567938623055,0.04293270745003027,0.03129513426206339,0.031838300020189794,0.023511326468806777,0.024582959822329897,0.025565495659196445,2019-06-08 11:09:36+00:00,0.02939,0.086481,0.069383,0.046628,0.046096000000000005,0.046232,0.047545000000000004,0.044309,0.03213621076233184,0.08873856502242156,0.0723108744394619,0.04930072869955157,0.04869910313901346,0.04880835201793723,0.050181502242152475,0.04701121076233185,0.03591066020593579,0.09178899656773673,0.07564459923278818,0.05309862709469008,0.05273854229759741,0.053080335150413896,0.054266363819907126,0.05136410256410255
1.0,0.7146860986547084,0.6971532404603271,0.15396860986547087,0.0,0.028397000000000002,0.02932,0.03769,0.026263,0.026203,0.018623999999999998,0.019701000000000003,0.021299000000000002,0.03149747757847534,0.0331554932735426,0.04207303811659194,0.02943340807174888,0.029922926008968613,0.022195908071748878,0.023289630044843055,0.024189181614349776,0.03547829598223298,0.03758491823137492,0.04668011306279022,0.03396476882697355,0.03493268726024631,0.02707326872602463,0.027978598828992524,0.02875909549767818,2019-06-08 11:09:33.184000+00:00,0.031465,0.08797500000000001,0.071143,0.048918,0.04795600000000001,0.048109000000000006,0.04930300000000001,0.046718,0.03403811659192826,0.09032965246636775,0.07402354260089687,0.051346524663677146,0.050630773542600906,0.05094523542600898,0.052182623318385656,0.04923508968609866,0.03757347062386431,0.09307242075509793,0.07704623460528971,0.0547767817484353,0.054389743589743585,0.05481637391479909,0.056095396729254995,0.053224772864930346
0.0,0.0,0.0,0.11,0.6662197112930102,0.33700699999999995,0.33647,0.301412,0.293789,0.331415,0.35883099999999996,0.34987799999999997,0.333286,0.32524097533632285,0.34147729820627803,0.3033883408071749,0.28282701793721976,0.30804680493273545,0.33666474215246645,0.3375808295964126,0.3262925448430493,0.3082062386432465,0.32475243286896827,0.2933294770845952,0.2654638602866949,0.28664342822531796,0.31435715727841707,0.31705315970119113,0.31233379769836456,2019-06-13 11:09:41+00:00,0.306748,0.290886,0.25686900000000007,0.260944,0.282584,0.323061,0.328112,0.323654,0.29542163677130046,0.2938616031390135,0.25797180493273547,0.2520271860986547,0.2641873318385651,0.3041834641255605,0.3165218609865471,0.31618323991031394,0.27838213204118717,0.28163967292549963,0.24964659802140116,0.23669398344437717,0.24613823945083785,0.2842195840904503,0.29702382394508375,0.30145515848980414
0.0,0.0,0.0,0.192,0.6945237681143159,0.340722,0.36235200000000006,0.31801100000000004,0.30516699999999997,0.348634,0.371661,0.357623,0.33762500000000006,0.3289179932735426,0.3681062219730942,0.3200208520179372,0.2934426569506727,0.323370067264574,0.3478981502242153,0.3445109865470853,0.33005952914798214,0.31140171613163736,0.3494784171209367,0.30892519685039366,0.27465275590551175,0.29981362810417916,0.32363807793256605,0.32235408843125385,0.31511485968100134,2019-06-13 11:09:38+00:00,0.30663100000000004,0.290886,0.257052,0.260961,0.282601,0.323044,0.32807800000000004,0.323569,0.2953313901345292,0.29392735426008976,0.2580306053811659,0.2520691704035875,0.26416670403587444,0.3041360426008969,0.3164550448430494,0.31604405829596416,0.2783003230365435,0.2817288512012921,0.24971813042600446,0.2367643852210781,0.24607930547143145,0.2841551988693721,0.2969016555622855,0.30136668685645074
0.0,0.0,0.0,0.16,1.0,0.515482,0.648692,0.602944,0.560967,0.592294,0.6111789999999999,0.6175590000000001,0.613561,0.5165099775784755,0.6544822869955157,0.605530941704036,0.5682128923766817,0.606065470852018,0.6077978139013455,0.6111953475336324,0.6115687780269059,0.5190911366848373,0.6576654552796285,0.6053328083989501,0.5784158086008481,0.614017181506158,0.6101530587522713,0.6073824348879467,0.6048882091661618,2019-06-18 11:09:38+00:00,0.47314200000000006,0.48194400000000004,0.45939700000000006,0.47099100000000005,0.484866,0.529602,0.5607540000000001,0.576646,0.4745368273542601,0.4841881165919283,0.4592401905829597,0.47238649103139024,0.49419372197309425,0.5285284192825114,0.5564272421524663,0.5739548766816145,0.4776562083585706,0.486238683626085,0.4592433878457501,0.47977185544114676,0.5002211790833838,0.5312279022814456,0.5540040379567938,0.5681054310518876
0.0,0.0,0.0,0.203,1.0,0.522946,0.675035,0.619374,0.569497,0.6150070000000001,0.6326430000000001,0.6344910000000001,0.62571,0.5237696188340807,0.6805107623318387,0.6219623878923767,0.5770061098654709,0.6298159753363229,0.6293000560538118,0.6278567264573991,0.6234406390134529,0.5264330910559256,0.6837607106803957,0.6217706440541085,0.587738744195437,0.638248657379366,0.6318201897839691,0.6238921663638199,0.6165245103977387,2019-06-18 11:09:34+00:00,0.4737990000000001,0.478606,0.45426200000000005,0.463087,0.48139499999999996,0.5301699999999999,0.5612800000000001,0.574897,0.47462735426008984,0.481967432735426,0.45589831838565026,0.4686363789237669,0.49187045964125564,0.5277071188340808,0.5559617713004485,0.5729660313901346,0.47701463759337775,0.48392027054310505,0.45578285887340997,0.4765191399152029,0.4979043811831212,0.5296179890975167,0.5527570361397133,0.5670561881687866
0.0,0.0,0.0,0.296,0.6168601291495318,0.043102,0.029221000000000004,0.042487000000000004,0.024834000000000002,0.029470000000000003,0.018874000000000002,0.023215000000000003,0.025215,0.04403895739910315,0.029559136771300454,0.042952017937219734,0.025040078475336326,0.02948127802690583,0.020533352017937222,0.023732959641255606,0.02556059417040359,0.04470211992731677,0.030106561679790023,0.04355069654754693,0.02532069452856854,0.029488007268322226,0.021389158086008483,0.024540642035130227,0.02668207147183525,2019-06-23 11:09:42+00:00,0.047285,0.099619,0.085602,0.058817,0.059902000000000004,0.06243800000000001,0.067432,0.065532,0.04805857623318387,0.0998215807174888,0.0858261210762332,0.058895179372197314,0.0599063340807175,0.06350964125560539,0.0678042600896861,0.06576748878923767,0.048508257621643444,0.10003830002018976,0.08607435897435896,0.05901542499495253,0.05986707046234605,0.06402089642640824,0.0682819705229154,0.06653969311528367
0.0,0.0,0.0,0.181,0.6139988667156634,0.046336,0.04407,0.054053000000000004,0.035334,0.041136,0.035806,0.039966,0.040498,0.04742640134529148,0.044405941704035876,0.05459142376681616,0.03553733183856503,0.04121961883408073,0.03735235426008969,0.04072062780269058,0.040899495515695085,0.04795760145366444,0.04474633555420956,0.05493628104179284,0.03567227942661012,0.04116103371693922,0.03803609933373712,0.04129713305067635,0.041794367050272556,2019-06-23 11:09:38+00:00,0.047219,0.099619,0.085602,0.058817,0.059802,0.06243800000000001,0.067349,0.06549800000000001,0.04806928251121077,0.0998215807174888,0.08584663677130047,0.0588905269058296,0.05984753363228701,0.0635127802690583,0.06782236547085202,0.06573155829596414,0.04852055320008076,0.10003446396123558,0.08608443367655963,0.05900870179689075,0.05984264082374317,0.06404227740763171,0.06828409045023216,0.06651873611952352
1.0,0.95347533632287,0.7195639006662627,0.289,0.0,0.04459400000000001,0.032670000000000005,0.057027,0.035957,0.041532,0.028244000000000002,0.029616,0.033597,0.04545112107623319,0.03031081838565023,0.05550274663677131,0.034463565022421525,0.03960992152466369,0.02814854260089686,0.029298878923766824,0.03331933856502242,0.04642174439733495,0.031041086210377544,0.056752877044215604,0.035405834847567125,0.040641893801736315,0.029248778518069857,0.03112105794467999,0.03416973551383,2019-06-28 11:09:39.095000+00:00,0.04908300000000001,0.09976800000000001,0.092168,0.064677,0.067939,0.06839400000000001,0.071162,0.070458,0.04978542600896862,0.09856468609865474,0.09129501121076235,0.06370795964125561,0.0666910874439462,0.06838307174887895,0.07090381165919282,0.07021311659192826,0.0506130224106602,0.09893525136281041,0.09197587320815666,0.06432495457298608,0.06737528770442155,0.06915390672319804,0.07223494851605088,0.07090609731475873
1.0,0.7146860986547084,0.616596002422774,0.24217713004484306,0.0,0.045796,0.039008,0.06119700000000001,0.039610000000000006,0.045404,0.034346,0.035869000000000005,0.039533,0.046681221973094184,0.03683290358744395,0.059737948430493286,0.038201345291479824,0.04362561659192826,0.034300784753363234,0.03556866591928252,0.039241816143497775,0.04763718958207148,0.037534221683827966,0.060900969109630526,0.03911399152029072,0.04465705632949726,0.03544136886735311,0.03738035534019785,0.04016325459317586,2019-06-28 11:09:35.377000+00:00,0.049117,0.09976800000000001,0.092168,0.064677,0.067924,0.06837700000000001,0.071062,0.070409,0.04980857623318386,0.09856468609865474,0.09128217488789238,0.06372174887892378,0.06670616591928252,0.06836255605381168,0.07083508968609865,0.07022640134529148,0.05063153644256006,0.09893797698364626,0.09196747425802541,0.06433010296789825,0.06736062992125984,0.06915362406622248,0.07218669493236424,0.07096228548354533
1.0,0.95347533632287,0.732283464566929,0.296,0.0,0.030694000000000003,0.040208,0.06318700000000001,0.029348000000000003,0.032919000000000004,0.019481000000000002,0.018770000000000002,0.014620000000000001,0.0280557735426009,0.04040745515695068,0.06297567264573992,0.030590526905829602,0.030746973094170404,0.01745650224215247,0.018715582959641257,0.01575128923766816,0.0244147991116495,0.03585685443165757,0.05861748435291743,0.025916333535231175,0.026743710882293558,0.013049524387775756,0.014176600040379565,0.01212167689161554,2019-07-03 11:09:43+00:00,0.036447,0.102606,0.094872,0.060412,0.06060400000000001,0.060733999999999996,0.06217199999999999,0.05583500000000001,0.03421917040358744,0.10268604260089688,0.09469624439461885,0.061184641255605396,0.05923396860986547,0.05926625560538117,0.06203548206278028,0.05663082959641256,0.031100625883303052,0.10037997173430244,0.09215709670906522,0.05807987078538259,0.05667391479911165,0.05615649101554613,0.058628810821724206,0.05352311730264486
1.0,0.7146860986547084,0.6565717746820109,0.257,0.0,0.029562,0.04534,0.06396099999999999,0.03048,0.034089,0.022398,0.021553,0.017318000000000004,0.027633800448430494,0.045332062780269064,0.06495930493273543,0.03227180493273543,0.03359461883408072,0.021310594170403593,0.022506558295964128,0.01947309417040359,0.024758994548758323,0.042412800323036536,0.06185099939430647,0.029272905309913173,0.030618009287300626,0.018172420755097916,0.01905709670906521,0.01669226731273975,2019-07-03 11:09:39.527000+00:00,0.034796,0.102887,0.09412299999999998,0.059176000000000006,0.059453000000000006,0.059515,0.060719,0.05404800000000001,0.033095067264574,0.10289125560538119,0.09472505605381165,0.060405773542600905,0.05882230941704037,0.05853677130044843,0.06140229820627804,0.05581670403587445,0.030635291742378355,0.10132237028063801,0.09290805572380374,0.05834821320411872,0.05692725620835857,0.056360044417524714,0.058778195033313135,0.053553401978598814
1.0,0.95347533632287,0.7195639006662627,0.209,0.0003758913393513349,0.024830000000000005,0.031613,0.05597900000000001,0.025845,0.028697999999999998,0.017532000000000002,0.019943,0.021519999999999997,0.02477107623318386,0.03189439461883409,0.05668783632286996,0.02606945067264574,0.029863845291479823,0.018966535874439465,0.02040723094170404,0.02056261210762332,0.026437976983646274,0.033285160508782545,0.058177589339794056,0.02753805774278214,0.03179285281647485,0.020862426812033107,0.022384453866343624,0.022021320411871593,2019-07-08 11:09:39.604000+00:00,0.029149,0.0969,0.08823399999999999,0.05384900000000001,0.053834,0.05176800000000001,0.054363999999999996,0.051975,0.02901065022421525,0.09700369955156952,0.08859103139013454,0.05399848654708521,0.054475560538116606,0.05266474215246637,0.05464848654708521,0.051107174887892376,0.0302842721582879,0.09764076317383404,0.08926327478295984,0.054856894811225514,0.055569028871391056,0.0538541490006057,0.05595287704421562,0.05207044215626893
1.0,0.7146860986547084,0.616596002422774,0.187,0.0003758913393513349,0.025730000000000003,0.036779,0.05869600000000001,0.028396,0.03343,0.022865999999999997,0.025242999999999998,0.025437,0.025667769058295965,0.036976513452914805,0.05946541479820628,0.028753923766816146,0.03447079596412556,0.02426782511210762,0.025488957399103142,0.024481894618834085,0.027294891984655754,0.03833026448616999,0.06091528366646478,0.03018334342822531,0.0362244094488189,0.026039127801332516,0.027202079547748833,0.025694831415303848,2019-07-08 11:09:35.887000+00:00,0.029149,0.0969,0.08823399999999999,0.05384900000000001,0.053817000000000004,0.051785000000000005,0.05454700000000001,0.052175,0.029017769058295964,0.09700369955156952,0.08859103139013454,0.05399848654708521,0.05449843049327354,0.05268738789237669,0.054739686098654705,0.05123054932735427,0.030280173632142127,0.09764076317383404,0.08926327478295984,0.05486073087017969,0.055549061175045406,0.05385398748233395,0.055970522915404795,0.05208150615788412
0.0,0.0,0.0,0.377,0.9970433621516692,0.166477,0.310259,0.305713,0.29517799999999994,0.331464,0.324283,0.321428,0.322509,0.16711311659192826,0.30386547085201804,0.3075927130044844,0.29544019058295967,0.33169764573991034,0.3245739349775785,0.32143228699551574,0.3195792600896862,0.16808148596810013,0.3035994144962649,0.30936446598021394,0.2962811023622046,0.33141514233797703,0.32567173430244284,0.3229853018372702,0.32027155259438717,2019-07-13 11:09:39.621000+00:00,0.158528,0.244239,0.23961500000000002,0.251157,0.261615,0.28229499999999996,0.29904000000000003,0.313736,0.15904007847533633,0.24133912556053813,0.24066524663677133,0.251307735426009,0.26171182735426013,0.2824062219730942,0.2990037556053812,0.311497869955157,0.15985059559862705,0.24118055723803752,0.24159321623258628,0.2518017968907732,0.2615533817888148,0.2831121744397335,0.30004744599232785,0.31198538259640624
0.0,0.0,0.0,0.258,1.0,0.073604,0.051327000000000005,0.084102,0.05691000000000001,0.06828000000000001,0.059478,0.06249300000000001,0.06579499999999999,0.07459069506726458,0.05228918161434979,0.08433211883408072,0.05724321748878926,0.06880381165919283,0.06072118834080718,0.06331339686098654,0.06803469730941704,0.07579182313749241,0.05326067030082776,0.08487009892994145,0.058068140520896414,0.06957666060973146,0.06201265899454875,0.06473056733292953,0.06919909145972138,2019-07-18 11:09:39.695000+00:00,0.07387,0.11478900000000002,0.11095100000000001,0.08155699999999999,0.08734200000000002,0.08950799999999999,0.094457,0.094576,0.07472785874439462,0.11532331838565024,0.11108497757847535,0.08182236547085203,0.08764501121076233,0.09040969730941706,0.09501311659192825,0.09638223094170405,0.07578877448011306,0.11583416111447609,0.11141980617807387,0.08239343832020996,0.08815606703008275,0.09132006864526547,0.09608853220270541,0.09735057540884309
0.0,0.0,0.0,0.241,1.0,0.07392100000000001,0.054576,0.085585,0.057693,0.070229,0.06116100000000001,0.064125,0.066895,0.07500011210762332,0.05544613228699552,0.08580795964125562,0.058045795964125575,0.07039786995515697,0.06242516816143498,0.06479131165919284,0.06918368834080718,0.0762455279628508,0.056371714112659,0.0863334746618211,0.05885649101554612,0.07099549767817483,0.0636873006258833,0.06617649909145971,0.07042010902483344,2019-07-18 11:09:35.974000+00:00,0.073787,0.11477200000000001,0.11095100000000001,0.08155699999999999,0.087625,0.08949099999999999,0.09454,0.094476,0.07472163677130046,0.1153127802690583,0.11108497757847535,0.08181743273542601,0.0877512331838565,0.09037617713004485,0.09503267937219731,0.09633536995515694,0.07580694528568545,0.11582901271956389,0.11141647486371893,0.08238828992529779,0.08818237431859476,0.09129002624671916,0.09609527559055116,0.09732905309913183
0.0,0.0,0.0,0.355,0.17098006653837736,0.048482000000000004,0.017366,0.048973,0.026477,0.027487000000000004,0.019167,0.023616,0.027803,0.05030997757847534,0.020639405829596415,0.05158693946188341,0.028094618834080723,0.03370123318385651,0.02327365470852018,0.02730353139013453,0.030495908071748883,0.05299004643650314,0.024685907530789412,0.055355683424187355,0.03175144356955381,0.03766618211185139,0.027246497072481318,0.03118923884514435,0.03383525136281041,2019-07-23 11:09:40.181000+00:00,0.052956,0.09815100000000002,0.092381,0.06483200000000001,0.06365499999999999,0.067026,0.07189200000000001,0.071311,0.05436838565022423,0.09945577354260092,0.09349366591928251,0.06569147982062781,0.06724035874439463,0.06953217488789239,0.0743142937219731,0.07320639013452915,0.056216030688471634,0.10108621037754895,0.09512846759539674,0.0676229557843731,0.06929963658388853,0.07173341409246921,0.07658592772057338,0.07526791843327275
0.0,0.0,0.0,0.258,0.40928395505012816,0.050501000000000004,0.032398,0.058390000000000004,0.035677,0.03695500000000001,0.032886,0.037301,0.03972200000000001,0.0526103139013453,0.03521468609865471,0.06062628923766817,0.037138116591928255,0.043009977578475335,0.036836995515695074,0.04094041479820628,0.042702298206278036,0.05514766807995155,0.038730163537250145,0.06399578033515041,0.040455037351100336,0.04674764789016757,0.040477811427417715,0.044497981021603066,0.045809024833434284,2019-07-23 11:09:38.324000+00:00,0.05285600000000001,0.098068,0.092381,0.06483200000000001,0.063489,0.066843,0.071858,0.07111100000000001,0.05432690582959642,0.09941255605381168,0.09348318385650224,0.06567303811659193,0.06715633408071751,0.06945442825112108,0.07426115470852018,0.07310280269058297,0.056147102766000406,0.10106868564506359,0.09512105794468,0.06762008883504946,0.069246052897234,0.07169808197052291,0.0765218453462548,0.07517589339794063
0.0,0.0,0.0,0.392,0.951470744994193,0.044316,0.011145,0.041190000000000004,0.013894,0.017013,0.004067,0.007627000000000002,0.012948000000000001,0.04554927130044843,0.01677976457399103,0.04609719730941705,0.018214125560538117,0.02264260089686099,0.008483912556053812,0.011455269058295966,0.015315526905829602,0.047005915606703016,0.019701453664445787,0.048475469412477296,0.020490329093478702,0.025567676155865124,0.011071895820714715,0.013778740157480316,0.017363557439935392,2019-07-23 11:09:46.777000+00:00,0.054769000000000005,0.099081,0.093162,0.065313,0.06588100000000001,0.069105,0.074201,0.07388600000000001,0.05579304932735427,0.10148963004484307,0.09560403587443947,0.06787320627802691,0.06917802690582961,0.0718535874439462,0.07679702914798207,0.07561250000000001,0.05700216030688471,0.10275812638804763,0.09677129012719564,0.06923153644256005,0.07088489804159093,0.07345707651928123,0.07835269533615989,0.07710365435089844
0.0,0.0,0.0,0.311,0.951470744994193,0.05123300000000001,0.027379,0.054958,0.031445,0.035530000000000006,0.028733000000000005,0.033312,0.036581999999999996,0.05239686098654709,0.03234383408071749,0.05937062780269059,0.03543385650224215,0.04076098654708521,0.03276059417040359,0.036902858744394626,0.038801737668161446,0.05383163739147991,0.03493149606299212,0.061517544922269324,0.037528548354532607,0.04346454673934987,0.035123965273571575,0.03904976781748434,0.0407306480920654,2019-07-23 11:09:45.021000+00:00,0.054769000000000005,0.099081,0.093162,0.065313,0.06588100000000001,0.069105,0.074201,0.07388600000000001,0.05579304932735427,0.10148963004484307,0.09560403587443947,0.06787320627802691,0.06917802690582961,0.0718535874439462,0.07679702914798207,0.07561250000000001,0.05700216030688471,0.10275812638804763,0.09677129012719564,0.06923153644256005,0.07088489804159093,0.07345707651928123,0.07835269533615989,0.07710365435089844
1.0,0.6614349775784754,0.5295780335150414,0.132,0.437071862569638,0.17478600000000002,0.101211,0.12253800000000002,0.12435099999999999,0.147095,0.155143,0.16992,0.167458,0.15491025784753365,0.08731294843049328,0.1077897421524664,0.11007881165919284,0.1274696748878924,0.14199215246636773,0.1505658071748879,0.15656261210762332,0.14736596002422772,0.0907089440742984,0.1074651726226529,0.10622551988693722,0.12339026852412677,0.1357767817484353,0.1443252574197456,0.15096830203916814,2019-07-28 11:09:39.346000+00:00,0.161243,0.13691799999999998,0.130233,0.126209,0.138888,0.15413700000000002,0.17234200000000002,0.171732,0.14186928251121078,0.12762998878923767,0.11954568385650227,0.11409372197309418,0.12284310538116593,0.14202561659192825,0.15427326233183855,0.1602698430493274,0.1330994144962649,0.1288343226327478,0.1181736321421361,0.10971829194427617,0.11817609529578028,0.1352155865132243,0.14691825156470825,0.15303880476478898
0.0,0.11042600896860988,0.21118514031899854,0.148,0.8529367212176637,0.18196200000000004,0.101566,0.122116,0.12445400000000002,0.152514,0.16279000000000002,0.17768499999999998,0.176585,0.1583578475336323,0.08788497757847535,0.1064974215246637,0.10905941704035875,0.1290797085201794,0.144849831838565,0.1537867713004485,0.15998352017937223,0.1466220876236624,0.08945477488390874,0.10393937007874014,0.10231477892186554,0.12102521704017766,0.1341238239450838,0.14245487583282856,0.14911934181304262,2019-07-28 11:09:35.626000+00:00,0.169828,0.13896899999999998,0.133203,0.130719,0.145437,0.16271400000000003,0.181667,0.183234,0.14879091928251123,0.13032741031390138,0.12265044843049329,0.11875913677130048,0.12803082959641257,0.14848144618834083,0.16175426008968607,0.16862606502242153,0.13828679588128406,0.1312991924086412,0.12090195840904502,0.11349388249545729,0.12211322430849988,0.13994118715929735,0.15224568948112252,0.15904597213809815
1.0,1.0,1.0,0.14300000000000002,0.007153156084670926,0.010243,0.027447000000000003,0.052502999999999994,0.015145000000000002,0.017709,0.007475000000000001,0.007528,0.0060539999999999995,0.010842713004484306,0.028572365470852026,0.052719226457399106,0.016193553811659194,0.017880941704035876,0.007073374439461886,0.00815908071748879,0.005947589686098654,0.011218655360387643,0.028674823339390268,0.05275818695739955,0.016052493438320208,0.017580658186957396,0.006989582071471833,0.008213789622451038,0.00590734908136483,2019-08-02 11:09:42.370000+00:00,0.014328,0.08641700000000002,0.081428,0.040581000000000006,0.04009600000000001,0.035061999999999996,0.034347,0.029290000000000004,0.014640639013452918,0.08708167040358747,0.08144843049327355,0.041246917040358745,0.04017180493273543,0.034681670403587446,0.03481676008968611,0.029083856502242156,0.014828366646476882,0.08702556026650514,0.08127633757318799,0.04104344841510195,0.03985495659196446,0.034506097314758725,0.03475043408035533,0.0289697960831819
1.0,1.0,1.0,0.192,0.0,0.010175,0.027579,0.052324,0.012681,0.014610999999999999,0.00246,0.001596,0.000581,0.009455213004484304,0.027487219730941703,0.05128929372197309,0.01275482062780269,0.014243105381165922,0.0016119394618834084,0.0022802130044843054,0.0008992713004484306,0.00916703008277811,0.02719794064203513,0.05070894407429839,0.012155925701594994,0.013510983242479306,0.001394185342216838,0.0021673934988895617,0.0008952755905511808,2019-08-02 11:09:38.657000+00:00,0.015560000000000001,0.08826400000000001,0.08319400000000002,0.041798,0.040796,0.035945000000000005,0.035013,0.029975,0.015004428251121077,0.08816423766816144,0.08254585201793724,0.0418371076233184,0.04060448430493274,0.03529994394618834,0.035418161434977585,0.029592544843049334,0.014764688067837671,0.08799180294770846,0.08216830203916815,0.04140432061376942,0.040111508176862494,0.034876115485564296,0.03512709469008682,0.029157137088633142
0.0,0.0,0.0,0.269,1.0,0.37934600000000007,0.39942200000000005,0.368972,0.355898,0.392592,0.391328,0.38352300000000006,0.390095,0.378665302690583,0.40039422645739914,0.37067062780269067,0.35298890134529154,0.3903761210762332,0.3888182735426009,0.38229276905829607,0.3868420403587445,0.37710837876034725,0.3930268120331113,0.36730030284675946,0.34786838279830407,0.3865422168382798,0.38632501514233786,0.3810183121340601,0.3849016151827176,2019-08-07 11:09:38.625000+00:00,0.338499,0.301694,0.279453,0.290315,0.299228,0.33072300000000004,0.348654,0.36623900000000004,0.33791776905829596,0.30227853139013455,0.280357567264574,0.288330437219731,0.2977752242152467,0.328995908071749,0.3477190022421525,0.3636128923766816,0.3365861498081969,0.29840864122753885,0.2784160104986877,0.28486321421360783,0.2953034120734908,0.32723817888148593,0.34675184736523307,0.36202963860286685
1.0,1.0,0.9854633555420957,0.16,0.38789181061808886,0.011647000000000001,0.037687000000000005,0.06597,0.02132,0.019186,0.010592,0.009077,0.0076300000000000005,0.01160224215246637,0.03559517937219731,0.06087068385650225,0.01996513452914799,0.018742264573991033,0.009706446188340807,0.0093222533632287,0.007875336322869957,0.012063981425398747,0.035026428427215824,0.0589624268120331,0.019292004845548147,0.018853099131839284,0.00924946497072481,0.00993313143549364,0.008182071471835249,2019-08-12 11:09:41.245000+00:00,0.016415000000000003,0.09731800000000002,0.09381299999999998,0.048726000000000005,0.045209000000000006,0.041613,0.039747000000000005,0.034266000000000005,0.016318890134529147,0.09595112107623319,0.09029366591928253,0.04769596412556054,0.04479047085201795,0.04087359865470853,0.039814854260089697,0.03453071748878924,0.01666311326468807,0.09540012113870382,0.08867696345649098,0.047001251766606085,0.04470181708055724,0.04036236624268121,0.040103109226731264,0.03460932768019382
0.0,0.0,0.013930950938824953,0.197,0.7336276880438504,0.009630000000000001,0.035576,0.06172,0.014628,0.013792,0.0025150000000000003,0.002345,0.001266,0.009591591928251122,0.03395364349775785,0.05839181614349777,0.014537331838565025,0.013710033632286995,0.0028253923766816146,0.0024630605381165916,0.0015675448430493273,0.009981041792852812,0.033934605289723384,0.0576002624671916,0.014653987482333942,0.013994346860488591,0.002752049263072884,0.003104865737936604,0.0018727236018574599,2019-08-12 11:09:37.531000+00:00,0.016564000000000002,0.098086,0.093821,0.048013,0.045611000000000006,0.040915,0.040113,0.034666,0.016517544843049327,0.09710779147982065,0.09177382286995515,0.04798110986547086,0.04551014573991031,0.041078251121076235,0.040238621076233196,0.03491911434977579,0.016859681001413284,0.09708088027458105,0.0912536038764385,0.04807211790833838,0.045712194629517464,0.04100280637997174,0.040739430648092066,0.0351571774682011
1.0,1.0,1.0,0.181,0.0,0.007809000000000001,0.042148000000000005,0.091722,0.020031,0.0147,0.0,0.0,0.0,0.007433239910313902,0.03968340807174888,0.08829377802690586,0.017542713004484307,0.013951233183856503,0.0,0.0,0.0,0.007858086008479707,0.039329517464163126,0.08761976579850596,0.01740088835049465,0.014087563093074903,0.00016547546941247726,0.00034219664849586103,0.00021907934585099935,2019-08-17 11:09:37.495000+00:00,0.013077,0.10042200000000001,0.11032600000000001,0.047168999999999996,0.041366,0.029549000000000002,0.030275000000000003,0.024445,0.012864237668161435,0.09894159192825114,0.10809002242152468,0.04530745515695068,0.04080807174887893,0.029555213004484306,0.029634417040358744,0.023998318385650225,0.013289582071471833,0.0987173632142136,0.10764526549565918,0.04519511407227942,0.04091124570967091,0.029957702402584285,0.03005463355542096,0.024394144962648898
1.0,1.0,1.0,0.16404652466367717,0.0,0.008443,0.046148,0.09343900000000001,0.021948000000000002,0.017583,0.0,0.000332,0.0,0.00808772421524664,0.043735706278026906,0.09010437219730941,0.01946193946188341,0.016819674887892377,0.0,0.00016401345291479824,0.0,0.00853337371290127,0.043393418130426,0.08944690086816072,0.019315324046032707,0.016944922269331714,0.00037476277003836055,0.0008117706440541086,0.0004178679588128407,2019-08-17 11:09:33.776000+00:00,0.01326,0.10042200000000001,0.11032600000000001,0.047168999999999996,0.041283,0.029632000000000002,0.030375000000000003,0.024294000000000003,0.012958632286995515,0.09894159192825114,0.10809282511210762,0.04530745515695068,0.04076491031390135,0.029661098654708524,0.02967813901345292,0.023850280269058298,0.013372925499697149,0.0987173632142136,0.10765019180294769,0.04519347869977791,0.04087260246315365,0.030033030486573794,0.030109711286089236,0.02433416111447607
1.0,1.0,1.0,0.213,0.0,0.0077280000000000005,0.038124000000000005,0.06971100000000001,0.015364000000000001,0.009415,0.0,0.0,0.0,0.007197533632286996,0.03801317264573991,0.06922729820627804,0.014678755605381165,0.009290807174887894,0.0,0.0,0.0,0.006839854633555421,0.038222895215021195,0.0689058550373511,0.014302766000403798,0.008982737734706233,0.0,0.0,0.0,2019-08-22 11:09:39.746000+00:00,0.014144999999999998,0.09782800000000001,0.09613000000000001,0.045998000000000004,0.041315000000000004,0.033698,0.03358100000000001,0.027798000000000003,0.013704147982062782,0.0977747197309417,0.09584859865470853,0.04547656950672647,0.04124798206278027,0.033766479820627804,0.03391081838565022,0.027576905829596418,0.013447445992327882,0.09787603472642842,0.09563460528972341,0.04520890369473046,0.04101508176862507,0.033838138501918025,0.03373654350898445,0.02759010700585503
1.0,1.0,1.0,0.186,0.0,0.008445,0.042758000000000004,0.072228,0.017981,0.013764,0.0,0.000166,0.0,0.008055885650224217,0.04272197309417042,0.07174131165919283,0.017330156950672648,0.013633688340807176,0.0,0.0005264013452914799,0.0,0.007752432868968301,0.04292198667474258,0.07145043408035534,0.016987603472642842,0.013355865132243084,0.00013684635574399352,0.0004985665253381788,5.025237229961638e-05,2019-08-22 11:09:36.032000+00:00,0.014245,0.09782800000000001,0.09613000000000001,0.045998000000000004,0.041297999999999994,0.033680999999999996,0.033830000000000006,0.027698,0.01373963004484305,0.0977747197309417,0.09584859865470853,0.04547656950672647,0.04118794843049328,0.033689798206278036,0.03395168161434978,0.027495459641255604,0.013472521704017767,0.09787603472642842,0.09563460528972341,0.04520890369473046,0.040977710478497874,0.03378415101958408,0.033763173834039976,0.0275605895416919
0.0,0.0,0.0,0.247,0.9985413171905769,0.438049,0.607803,0.5465810000000001,0.5285230000000001,0.588465,0.563177,0.51779,0.47739099999999995,0.4220261210762332,0.5965704596412557,0.5423954596412557,0.5215882847533633,0.5616364349775785,0.5313191704035874,0.5024929932735427,0.4734547085201794,0.40576311326468806,0.5914059559862709,0.5393307894205532,0.5027764990914596,0.5359243286896831,0.5054710882293558,0.48290209973753284,0.4632749040985261,2019-08-27 11:09:35.917000+00:00,0.391325,0.42308700000000005,0.38986000000000004,0.41536500000000004,0.43672700000000003,0.45640699999999995,0.451182,0.43664700000000006,0.3774340807174888,0.4170881165919283,0.38732600896860997,0.41042270179372203,0.4189466367713004,0.4335095852017937,0.43932281390134537,0.43338301569506726,0.363332848778518,0.41429152029073274,0.38550520896426405,0.3972917827579244,0.40189725418938005,0.41491380981223497,0.42420290732889154,0.42504441752473243
0.0,0.0,0.0,0.176,0.9956800547567085,0.433768,0.552523,0.503904,0.494425,0.56082,0.538968,0.496549,0.46126700000000004,0.4179120515695067,0.5424889013452916,0.4999649663677131,0.4876924887892377,0.5354973654708521,0.5090339686098655,0.48220084080717485,0.45756311659192833,0.40183539269129814,0.5379239450837876,0.49717914395315965,0.470248637189582,0.5113498081970522,0.4847890369473047,0.463864425600646,0.44781823137492427,2019-08-27 11:09:32.199000+00:00,0.39155900000000005,0.42308700000000005,0.38994300000000004,0.41536500000000004,0.4369270000000001,0.456441,0.45116700000000004,0.436949,0.37761171524663684,0.4171063901345292,0.3873516816143498,0.41039697309417056,0.41902774663677134,0.43352113228699546,0.43937152466367724,0.4336278587443946,0.3634675752069452,0.4143290934786997,0.38553070866141725,0.39728039571976576,0.4019659600242277,0.41493722996163934,0.4243046234605289,0.4251679184332728
0.0,0.0,0.0,0.187,1.0,0.248155,0.444084,0.409293,0.386116,0.41394800000000004,0.406762,0.405967,0.40017199999999997,0.24887320627802698,0.4440359865470853,0.40846911434977584,0.38660711883408067,0.41470039237668166,0.4079468049327355,0.4066331278026907,0.40116367713004486,0.249254593175853,0.443323076923077,0.4086528366646477,0.38704256006460724,0.4152251968503936,0.4077958812840703,0.4073283868362608,0.4010746214415505,2019-09-01 11:09:34.140000+00:00,0.22602100000000003,0.350044,0.32420600000000005,0.33107800000000004,0.329027,0.350405,0.371997,0.38263800000000003,0.22663665919282514,0.34992376681614357,0.32363032511210765,0.33145756726457404,0.32955134529147984,0.3513146860986548,0.37250263452914806,0.3835027466367713,0.2269757924490208,0.34948493842115885,0.3237346254795074,0.33178364627498486,0.32991120533010276,0.35119745608721986,0.3730693317181506,0.3834189985867151
1.0,1.0,1.0,0.20800000000000002,0.0,0.00894,0.0,0.012851000000000001,0.004334,0.009855,0.0,0.0,0.0009130000000000001,0.00968497757847534,5.044843049327355e-06,0.01282494394618834,0.004023262331838565,0.010184753363228702,0.0,0.0,0.00022421524663677136,0.00969261053906723,8.40702604482132e-05,0.012840278619018776,0.004199636583888553,0.010234080355340198,0.0,1.8372703412073489e-06,8.691701998788614e-05,2019-09-06 11:09:33.925000+00:00,0.014789000000000002,0.078183,0.060634,0.037716999999999994,0.040953,0.033472,0.034283,0.03136,0.0154780269058296,0.07817673766816144,0.060628419282511205,0.037505269058295966,0.04113996636771302,0.034076233183856504,0.03422600896860987,0.029747645739910317,0.015517383403997578,0.0784251362810418,0.06064001615182717,0.03762943670502726,0.04114813244498283,0.034581445588532204,0.0340882899252978,0.02945108015344235
1.0,1.0,1.0,0.15396860986547087,0.0,0.010391000000000001,0.009466,0.020834,0.010434,0.016455,0.0036739999999999997,0.006132,0.008041000000000001,0.01132589686098655,0.00946115470852018,0.02079691704035875,0.01017303811659193,0.01693822869955157,0.0045738228699551565,0.006127242152466368,0.00605627802690583,0.011445447203714917,0.009887845750050474,0.02081859479103573,0.010352937613567533,0.01694455885322027,0.005293397940642034,0.005971027660004035,0.005684352917423783,2019-09-06 11:09:30.208000+00:00,0.014806,0.078183,0.060634,0.037716999999999994,0.040887,0.033372,0.034149,0.031409000000000006,0.01545134529147982,0.07817673766816144,0.060628419282511205,0.037505269058295966,0.0411718609865471,0.034017656950672645,0.03414865470852018,0.02974232062780269,0.015542761962447,0.07842786190187764,0.06064001615182717,0.03762943670502726,0.041175873208156674,0.03454976781748435,0.0340338784575005,0.029418453462547952
1.0,0.95347533632287,0.7195639006662627,0.225,0.18532004061870586,0.023432,0.012124000000000001,0.019262,0.009,0.012021,0.0056,0.00198,0.005437,0.023606894618834084,0.01326889013452915,0.020805493273542603,0.010170067264573993,0.013160818385650223,0.0041855463347164595,0.005020964125560539,0.006569674887892378,0.026636038764385223,0.015467958812840701,0.023379345850999392,0.012796325459317586,0.015274984857662021,0.007101667075263544,0.00804807187563093,0.010357715983867541,2019-09-11 11:09:35.474000+00:00,0.028718999999999998,0.09053000000000001,0.07018300000000001,0.046301999999999996,0.046472,0.042516,0.042663000000000006,0.040402999999999994,0.02880156950672646,0.09104635650224213,0.07092124439461885,0.04702096412556054,0.04707371076233185,0.04411300448430493,0.04478088565022423,0.04120005605381166,0.031159317585301834,0.09200040379567938,0.07212277407631738,0.04856353725015142,0.04824488188976377,0.04550411871592973,0.04677397536846355,0.043456167979002626
1.0,0.7146860986547084,0.616596002422774,0.154,0.18532004061870586,0.025549,0.025458000000000005,0.029562,0.017383,0.021020999999999998,0.012301,0.013163000000000001,0.015086000000000002,0.025784136771300453,0.02663699551569507,0.031088004484304935,0.01852858744394619,0.022187612107623322,0.014466479820627804,0.015962780269058296,0.016088789237668162,0.028799071269937408,0.02873749242883101,0.03349602261255803,0.020977326872602464,0.02424688067837674,0.016639672925499695,0.01865063597819503,0.018902725620835854,2019-09-11 11:09:31.767000+00:00,0.028536,0.09053000000000001,0.07018300000000001,0.046301999999999996,0.04638900000000001,0.042599,0.042697000000000006,0.040485999999999994,0.02874798206278027,0.09103710762331839,0.07093172645739912,0.04701603139013453,0.047048878923766815,0.044140302690582965,0.044865639013452925,0.04124170403587444,0.031148233393902675,0.0919922269331718,0.07212658994548757,0.048554976781748437,0.048228629113668486,0.045530426004441744,0.04682572178477688,0.043454492226933164
1.0,0.95347533632287,0.7579244902079547,0.187,0.3975303377972767,0.126346,0.14355300000000001,0.126752,0.099847,0.10567100000000001,0.10228400000000001,0.10282200000000001,0.105199,0.1417343609865471,0.1366629484304933,0.12791221973094172,0.11034456278026909,0.11952701793721975,0.11751855381165921,0.1171639013452915,0.11785678251121079,0.15954597213809815,0.13546295174641632,0.13251813042600444,0.12066812033111245,0.1338220068645265,0.13486028669493233,0.1347021804966687,0.13585180698566524,2019-09-16 11:09:33.770000+00:00,0.11801800000000001,0.173926,0.140268,0.114383,0.110399,0.11725899999999999,0.12309200000000001,0.124839,0.13039523542600898,0.16916053811659196,0.14008251121076234,0.12108021300448432,0.11909618834080718,0.12791345291479822,0.13406709641255607,0.13509910313901347,0.1439040783363618,0.16735780335150413,0.1417339390268524,0.12717498485766202,0.12749634564910156,0.139370381586917,0.14654738542297593,0.14884199475065613
1.0,0.7146860986547084,0.654956591964466,0.301,0.4175199026048709,0.121118,0.136583,0.113235,0.083836,0.08758300000000001,0.081398,0.082217,0.08673900000000001,0.13728475336322873,0.1279562219730942,0.11420532511210763,0.09543026905829598,0.10349971973094171,0.09874013452914798,0.09843884529147982,0.10058721973094172,0.15568982434887943,0.12617338986472842,0.11929113668483747,0.10687694326670702,0.11934465980214008,0.11803850191802945,0.11771562689279226,0.12022121946295174,2019-09-16 11:09:30.056000+00:00,0.121093,0.17607499999999998,0.14373,0.11774100000000001,0.112559,0.118408,0.123907,0.124507,0.13281614349775786,0.17073144618834085,0.1420397421524664,0.12318402466367714,0.12082427130044844,0.1292044282511211,0.1348840807174888,0.13511793721973098,0.14543460528972338,0.16818623056733292,0.14284988895618814,0.12830981223500906,0.12854898041590956,0.1405134867756915,0.14748477690288714,0.1494777104784979
0.0,0.0,0.0,0.187,1.0,0.045295999999999996,0.048645,0.047717,0.039966,0.047815,0.043581,0.04666000000000001,0.049573,0.04553772421524665,0.048421300448430495,0.047344394618834086,0.039645235426008965,0.04801676008968611,0.044242432735426,0.04683010089686099,0.04875526905829596,0.046373349485160496,0.04824205532000807,0.047309307490409847,0.03983650312941651,0.048678881485968106,0.04461393095093882,0.0471798707853826,0.04829717343024429,2019-09-21 11:09:30.201000+00:00,0.04503,0.10864700000000001,0.083917,0.06466599999999999,0.064549,0.06561499999999999,0.069145,0.06987499999999999,0.04523447309417041,0.10853116591928251,0.08370409192825114,0.06439674887892377,0.06468211883408072,0.06608279147982063,0.06932410313901347,0.06924405829596413,0.045914314556834236,0.10841784776902885,0.08367516656571772,0.06453357561074094,0.06511603068847163,0.06632826569755704,0.0696093478699778,0.06884270139309509
1.0,1.0,1.0,0.115,0.0,0.005545,0.0,0.006502000000000001,0.0011489999999999998,0.00017,0.0,0.0,0.0,0.005539181614349776,0.0005483744394618835,0.0068861547085201785,0.0011894058295964125,0.0008202354260089688,0.0,0.0,0.0,0.005613890571370886,0.000730849989905108,0.006793620028265697,0.0012685241267918431,0.0019256410256410258,0.0,0.0,0.0,2019-09-26 11:09:35.544000+00:00,0.009096,0.07288300000000002,0.050468000000000006,0.028666,0.024672000000000003,0.023085,0.021736000000000002,0.01813,0.009054596412556055,0.07317780269058297,0.05069568385650225,0.028622533632287,0.025735369955156958,0.023255269058295964,0.02235745515695067,0.017990302690582962,0.009077730668281849,0.07304659802140115,0.050629214617403585,0.028700423985463346,0.026611891782757923,0.02346396123561478,0.022642479305471423,0.018220977185544118
1.0,1.0,1.0,0.126,0.0,0.005262,0.0018,0.007002,0.0006660000000000001,3.4e-05,0.0,0.0,0.0,0.005258912556053812,0.002323542600896861,0.0073723654708520185,0.0008305493273542602,0.0004357623318385651,0.0,0.0,0.0,0.005215081768625076,0.0022002624671916006,0.007292206743387845,0.0008744801130627901,0.0013177266303250554,0.0,0.0,0.0,2019-09-26 11:09:31.830000+00:00,0.009196000000000001,0.07288300000000002,0.050468000000000006,0.028666,0.024672000000000003,0.023034,0.021901999999999998,0.01803,0.009127073991031392,0.07317780269058297,0.05069568385650225,0.028622533632287,0.025752858744394622,0.023209529147982064,0.022388340807174893,0.01793402466367713,0.00909057137088633,0.07304659802140115,0.050629214617403585,0.028700423985463346,0.026606743387845754,0.02348752271350696,0.022629901070058543,0.018179850595598623
1.0,1.0,1.0,0.1704545964125561,0.019832475889656254,0.012498000000000002,0.0032280000000000004,0.006951000000000001,0.005196,0.016821000000000003,0.0042,0.004966,0.0027170000000000002,0.012807230941704035,0.0024419843049327357,0.007545515695067265,0.00487230941704036,0.01732942825112108,0.003945683856502242,0.004952746636771301,0.0030825112107623325,0.013365132243084997,0.002489824348879467,0.0075962043206137695,0.004880779325661216,0.01766765596608116,0.0044758126388047634,0.005356652533817887,0.0034057346938775514,2019-10-01 11:09:35.055000+00:00,0.0168,0.08008100000000001,0.056701999999999995,0.03731500000000001,0.04278900000000001,0.036302,0.035985,0.029819000000000002,0.016981165919282507,0.07957040358744397,0.0569445067264574,0.03700072869955157,0.04307881165919283,0.036094226457399105,0.0359197869955157,0.03003060538116592,0.017309569957601446,0.07949170199878859,0.056810660205935795,0.03688956188168787,0.043162346052897226,0.036321320411871603,0.036028568544316575,0.03006256814052089
1.0,1.0,1.0,0.187,0.011248688588051142,0.011581000000000003,0.0032110000000000007,0.005751,0.0033959999999999997,0.015289,0.002117,0.002534,0.0004,0.011871748878923767,0.0024089125560538124,0.006314125560538117,0.0029956278026905827,0.015933576233183856,0.0019922384701912266,0.0025207399103139012,0.000790725806451613,0.012465818695739955,0.00247270341207349,0.006350979204522511,0.003001494044013729,0.0163238845144357,0.0025671559242714313,0.002892449020795478,0.001446468200270636,2019-10-01 11:09:31.348000+00:00,0.016783,0.08008100000000001,0.056701999999999995,0.03731500000000001,0.042689000000000005,0.036385,0.036019,0.029736000000000002,0.01694461883408072,0.07958110986547086,0.0569445067264574,0.03701076233183857,0.04300930493273543,0.03617443946188342,0.03594058295964126,0.029960201793721972,0.017290914597213804,0.07949685039370076,0.056810478497880075,0.03689854633555422,0.04313454472037149,0.03634720371492025,0.03603163739147991,0.030009973753280836
1.0,1.0,1.0,0.15396860986547087,0.0,0.009315,0.002353,0.008566,0.0034170000000000003,0.007596,0.0,0.0,0.0,0.009548262331838565,0.003653363228699552,0.008129428251121078,0.003375000000000001,0.006929372197309416,0.0,0.0005083520179372196,0.0002931614349775785,0.009830123157682214,0.003511992731677771,0.008049828386836261,0.003477811427417726,0.007012416717141127,0.0001348879466989703,0.0006293963254593174,0.0003948919846557641,2019-10-11 11:09:35.642000+00:00,0.013732000000000001,0.08048500000000001,0.057983,0.0358,0.035898,0.031883,0.0311,0.026198000000000003,0.01387853139013453,0.08121227578475339,0.05769781390134529,0.03575213004484305,0.03551087443946189,0.031933071748878925,0.031479147982062784,0.025897757847533637,0.014085180698566523,0.08111403189985865,0.05763611952352108,0.03580633959216636,0.035537330910559245,0.03212014940440136,0.03145986270946901,0.02615978195033313
1.0,1.0,1.0,0.159,0.0,0.009149000000000001,0.004553000000000001,0.009466,0.003217,0.007896,0.0,0.0,0.0,0.009419338565022422,0.005867769058295965,0.008975952914798207,0.003216199551569507,0.007099551569506727,0.0,0.00015263452914798207,8.497757847533634e-05,0.009604239854633555,0.0057156874621441525,0.008893579648697757,0.0033056329497274375,0.007195013123359577,5.556228548354533e-05,0.00030022208762366234,0.00012624671916010497,2019-10-11 11:09:31.936000+00:00,0.013749,0.08048500000000001,0.057983,0.0358,0.035898,0.031883,0.031117000000000002,0.026098000000000003,0.013932511210762335,0.08121227578475339,0.05769781390134529,0.035747477578475344,0.035482118834080714,0.03189540358744395,0.03145431614349776,0.025854091928251118,0.014108277811427419,0.08111429436705025,0.05763611952352108,0.03580119119725419,0.0355425600646073,0.032061538461538454,0.031460125176660615,0.026121704017767006
1.0,0.7146860986547084,0.616596002422774,0.187,0.40407196916568955,0.04201799999999999,0.031132,0.033728,0.030132000000000003,0.039541,0.03782,0.035675,0.035847,0.04092572869955158,0.028617600896860988,0.03348649103139014,0.03088452914798207,0.03779915919282512,0.03622741031390135,0.034694170403587445,0.03561042600896862,0.0409893397940642,0.028521481930143346,0.034032889158086006,0.031391156874621434,0.037600060569351904,0.035904401372905306,0.03500349283262669,0.03646323440339188,2019-10-16 11:09:33.902000+00:00,0.044758,0.10943599999999999,0.081734,0.064087,0.065732,0.06766200000000001,0.06646600000000001,0.06327,0.04338363228699552,0.10780465246636772,0.08135173766816145,0.06439467488789237,0.06421048206278027,0.0660038677130045,0.06531737668161436,0.06261278026905831,0.04283418130426004,0.10739517464163129,0.08121122551988692,0.06425580456289116,0.06350228144558853,0.06516634363012315,0.06489852614577024,0.06260327074500303
1.0,0.95347533632287,0.7195639006662627,0.11,0.3866182683190925,0.127989,0.076852,0.078256,0.08206000000000001,0.09766700000000002,0.115755,0.126717,0.139465,0.12606984304932736,0.07573032511210763,0.07851894618834082,0.0821267937219731,0.09645728699551571,0.11433323991031391,0.12497920403587445,0.1346980941704036,0.12214619422572175,0.07493840096910961,0.0766341409246921,0.07928784575005046,0.09305574399353923,0.10994811225519885,0.1202904906117504,0.1291595598627094,2019-10-21 11:09:35.691000+00:00,0.118009,0.127898,0.10193400000000001,0.09400399999999999,0.10121500000000001,0.119424,0.13120500000000002,0.143489,0.11657096412556055,0.12724764573991035,0.10213850896860986,0.09404899103139014,0.10034848654708521,0.1182741591928251,0.12974602017937223,0.13925072869955157,0.11309590147385422,0.12668265697557032,0.10085142337976985,0.09184904098526143,0.09774080355340196,0.11464048051685846,0.12552658994548757,0.13400438118312133
1.0,0.7146860986547084,0.616596002422774,0.187,0.3780344810174874,0.12607600000000002,0.067086,0.06899000000000001,0.074194,0.091786,0.10992299999999999,0.120802,0.133799,0.12465835201793722,0.06571311659192824,0.06919086322869956,0.07399792600896861,0.09069803811659195,0.10863385650224218,0.11912163677130047,0.1292703475336323,0.12069117706440542,0.06464718352513628,0.06692959822329901,0.07080767211790834,0.08690260448213204,0.10384155057540884,0.1140823743185948,0.12341720169594182,2019-10-21 11:09:31.982000+00:00,0.117926,0.127898,0.102034,0.09400399999999999,0.10111500000000001,0.119424,0.13120500000000002,0.143272,0.11653817264573993,0.12723733183856506,0.10227107623318389,0.09403525784753365,0.10028010089686099,0.11829047085201792,0.12971575112107625,0.1391685538116592,0.1130699979810216,0.12666801938219258,0.10096281041792854,0.09185015142337975,0.09768921865536039,0.11463745204926304,0.12548378760347265,0.13393418130426005
1.0,1.0,1.0,0.127,0.02819185045135012,0.010948999999999999,0.000585,0.009911000000000001,0.004177,0.0030129999999999996,0.0002,0.0001,0.00253,0.010836771300448432,0.0010234304932735428,0.010664405829596414,0.00410969730941704,0.0031480381165919285,0.00017998331943286074,0.0007091851851851852,0.002649215246636772,0.011199152029073288,0.0012353725015142336,0.011496830203916819,0.0045692105794467985,0.003456733292953764,0.0005510486891385769,0.0014215983813859385,0.0028258631132646876,2019-10-26 11:09:37.821000+00:00,0.014450999999999999,0.08208700000000001,0.057898,0.035096,0.032449,0.029317,0.027917000000000004,0.025732,0.014309585201793722,0.08272146860986548,0.058311266816143494,0.03495734304932736,0.03250795964125561,0.02968693946188341,0.02857544843049328,0.025748094170403593,0.014422612558045628,0.08277373309105594,0.05860977185544114,0.03518083989501312,0.03259741570765193,0.029931697960831827,0.029090187764990914,0.025719886937209772
1.0,1.0,1.0,0.105,0.02819185045135012,0.011649000000000001,0.006504,0.014411,0.00716,0.006964,0.002432,0.0028659999999999996,0.0050810000000000004,0.01156317264573991,0.007628195067264576,0.015222533632286995,0.007089966367713006,0.007399103139013454,0.003043553811659193,0.0037044282511210767,0.005376401345291481,0.011902644861699977,0.00792578235412881,0.016089965677367247,0.007569614375126185,0.007813567534827376,0.0036125984251968502,0.004583827983040582,0.00558241469816273,2019-10-26 11:09:34.098000+00:00,0.014534,0.08208700000000001,0.057898,0.035096,0.032266,0.029317,0.028017,0.025732,0.014324775784753366,0.08272146860986548,0.058311266816143494,0.03495734304932736,0.03246300448430493,0.029700168161434982,0.02856339686098655,0.0257502802690583,0.014432202705431052,0.0827748031496063,0.058604885927720556,0.03518083989501312,0.03257698364627498,0.029953381788814862,0.02912212800323036,0.025721724207550978
0.0,0.0,0.0,0.099,0.8220014250208983,0.48635399999999995,1.0896480000000002,1.0406240000000002,0.9935500000000002,1.026878,0.9646159999999999,0.927681,0.887856,0.48860112107623327,1.0961127802690585,1.0397630044843051,0.9943450672645742,1.031748710762332,0.9756649663677133,0.9424826793721973,0.902662219730942,0.5014786392085604,1.1059602261255803,1.0471891782757925,1.002906379971734,1.0425374924288309,0.9855818695739955,0.9521701998788614,0.9123913385826771,2019-10-31 11:09:35.176000+00:00,0.436261,0.79947,0.7637670000000001,0.8128500000000001,0.804859,0.808383,0.820825,0.823534,0.43820924887892376,0.8037196748878924,0.763263340807175,0.8132824551569507,0.8084690022421525,0.8171978139013454,0.8334086322869955,0.836730941704036,0.44959079345850994,0.8099115485564303,0.7682134262063395,0.81990783363618,0.8165370684433676,0.8251206945285686,0.8416462547950737,0.8454337169392284
0.0,0.0,0.0,0.105,0.8227139354701166,0.49205,1.10098,1.0482919999999998,0.9987159999999999,1.0514400000000002,0.980448,0.935662,0.893522,0.4941489910313902,1.1079596412556054,1.0474107623318385,0.9996753363228702,1.0564397421524665,0.9918472533632288,0.9504211883408072,0.9084802130044844,0.5071219866747425,1.1179438320209971,1.0549722592368262,1.0084270543105187,1.0676261659600241,1.0019531193216233,0.9602587320815666,0.9182975974157075,2019-10-31 11:09:31.467000+00:00,0.43632699999999996,0.799587,0.763901,0.8122520000000001,0.804525,0.8083659999999999,0.820791,0.8236340000000001,0.43823032511210763,0.8038100896860988,0.7634174887892377,0.8127979260089687,0.8081500000000001,0.8172222533632287,0.8332918721973094,0.8367735986547086,0.4495895820714717,0.8099856652533816,0.7683337976983644,0.8194636785786391,0.8162543105188776,0.8251482939632545,0.841526186149808,0.8454558045628908
0.0,0.0,0.0,0.187,0.9111718272246316,0.25858899999999996,0.13786500000000002,0.168329,0.179567,0.205684,0.239025,0.247011,0.26088000000000006,0.2606566704035875,0.135570235426009,0.16765016816143496,0.1802982062780269,0.20873536995515699,0.24222892376681618,0.25217124439461885,0.2662042040358744,0.2629204522511609,0.1341849788007268,0.1668865334140924,0.18064849586109427,0.2110863113264688,0.24550038360589538,0.25631722188572575,0.27162592368261657,2019-11-05 11:09:37.390000+00:00,0.234355,0.23802500000000001,0.20977400000000002,0.206112,0.21892899999999998,0.25112300000000004,0.263579,0.27404999999999996,0.23614596412556052,0.23676681614349784,0.2093432735426009,0.2066470291479821,0.22110571748878927,0.25354910313901347,0.2677133408071749,0.2784410313901346,0.23812291540480515,0.23598223299010698,0.20886571774682008,0.20685400767211787,0.22277722592368263,0.25602200686452653,0.27101066020593584,0.28292883101150806
0.0,0.0,0.0,0.187,0.9292987662909624,0.260006,0.21201599999999998,0.21629700000000002,0.210518,0.237118,0.264642,0.26762800000000003,0.276646,0.26204125560538116,0.20965807174887893,0.21564815022421527,0.21117864349775786,0.24028587443946195,0.26785610986547087,0.27292634529147985,0.2819058856502242,0.2643070664243893,0.20819313547345042,0.21483587724611347,0.21148211185140317,0.24272063395921661,0.27117615586513216,0.2771762164344841,0.2873487583282859,2019-11-05 11:09:33.666000+00:00,0.234372,0.23802500000000001,0.20977400000000002,0.20621199999999998,0.21892899999999998,0.25122300000000003,0.263579,0.27404999999999996,0.23615532511210763,0.23676681614349784,0.20934360986547085,0.2066756165919283,0.22109501121076236,0.25358626681614355,0.2677056614349776,0.27846378923766824,0.23811312335958004,0.23598223299010698,0.20886640419947505,0.20686763577629716,0.22276606097314763,0.2560272360185746,0.27101356753482736,0.28294760751059955
1.0,1.0,1.0,0.127,0.03045280880595591,0.016564000000000002,0.020855,0.042275,0.018581,0.011243,0.005026,0.004765999999999999,0.0073019999999999995,0.01672942825112108,0.02177813901345292,0.04331474215246637,0.018663228699551577,0.01143637892376682,0.004672645739910315,0.005860538116591929,0.007405381165919283,0.017155320008075913,0.022528629113668482,0.044999030890369475,0.01910571370886331,0.012178235412881079,0.005245982594616474,0.006608711656441717,0.008383949121744396,2019-11-25 11:09:34.695000+00:00,0.020216999999999995,0.108372,0.085834,0.051702000000000005,0.043880999999999996,0.03993000000000001,0.037702,0.033555,0.02000431614349776,0.10864456278026907,0.08608822869955159,0.05155100896860986,0.04377309417040359,0.03943710762331838,0.03831390134529149,0.033425,0.019842257217847763,0.10867668079951547,0.08626943266707046,0.05135616797900263,0.04389156067030082,0.039507894205531996,0.038330506763577625,0.033695760145366446
1.0,1.0,1.0,0.154,0.01880578760456231,0.015230000000000002,0.019172,0.039126,0.014414999999999999,0.007128000000000001,0.0001,0.0001,0.002053,0.015201345291479821,0.01994091928251121,0.04006967488789238,0.014392040358744399,0.00728408071748879,0.0008211629479377958,0.0013673891625615763,0.0021398542600896864,0.015555461336563693,0.020578578639208554,0.04159045023218252,0.014689137896224507,0.007862628709872801,0.0011894520547945204,0.0033872860635696823,0.0031147150259067356,2019-11-25 11:09:30.976000+00:00,0.020216999999999995,0.108372,0.085834,0.051702000000000005,0.043898,0.039947,0.037619,0.033455000000000006,0.020008968609865473,0.10864456278026907,0.08608822869955159,0.05155100896860986,0.04378738789237669,0.039439349775784754,0.038289573991031396,0.033365078475336325,0.019840965071673728,0.1086754088431254,0.08626943266707046,0.05135616797900263,0.04389866747425801,0.039473470623864325,0.038296406218453455,0.033660973147587314
0.0,0.0,0.0,0.105,1.0,0.395974,0.276372,0.2873,0.28971800000000003,0.325395,0.340015,0.346298,0.35641800000000007,0.3968471412556055,0.2780172085201794,0.28953082959641263,0.2917889573991032,0.3240146300448431,0.3391249439461883,0.3460807735426009,0.3567400784753364,0.3985045628911771,0.2785191601049868,0.2893161720169594,0.29166123561477897,0.32499676963456486,0.3413371290127195,0.3467750454270138,0.3557399555824751,2019-11-30 11:09:29.693000+00:00,0.348523,0.274453,0.250083,0.25958000000000003,0.271808,0.29983200000000004,0.320215,0.340237,0.34929439461883416,0.2755088565022422,0.2513683295964126,0.2610474215246637,0.2708311659192826,0.2991149103139013,0.3200222533632287,0.34048318385650234,0.35073331314354933,0.27582180496668685,0.2512284070260448,0.26096583888552394,0.2715326468806783,0.3007988491823137,0.32058683626085194,0.3396099535634968
0.0,0.0,0.0,0.094,1.0,0.399691,0.31237200000000004,0.3087,0.301484,0.342761,0.352647,0.3545980000000001,0.36131800000000003,0.4006180493273543,0.3141349215246637,0.3109380605381166,0.3034322309417041,0.3413398542600897,0.3515251121076233,0.3543470291479821,0.36162017937219737,0.40229422572178475,0.31467207752877047,0.3107816272965879,0.3033094488188976,0.3423629113668483,0.35371096305269534,0.3550238643246517,0.3606122350090854,2019-11-30 11:09:25.989000+00:00,0.348523,0.274453,0.250083,0.25958000000000003,0.271808,0.29989799999999994,0.3202980000000001,0.34021999999999997,0.34929439461883416,0.2754957959641256,0.2513683295964126,0.2610523542600897,0.2708418721973095,0.29911575112107625,0.32004719730941705,0.34047718609865474,0.35073331314354933,0.27582150211992734,0.2512311326468807,0.26097534827377344,0.27154052089642633,0.3007956591964465,0.3205996769634564,0.33960734908136475
0.0,0.0,0.0,0.105,1.0,0.438633,0.6803070000000001,0.6284209999999999,0.584936,0.596354,0.563314,0.538162,0.5188339999999999,0.44375818385650223,0.6753102578475337,0.6194240470852018,0.5791298766816144,0.5976885089686099,0.5693895179372197,0.5502244955156952,0.5321073430493275,0.44678631132646884,0.6664311326468803,0.6138522309711285,0.578650535029275,0.600596587926509,0.574036159903089,0.5564717746820109,0.5418174237835653,2019-12-05 11:09:32.354000+00:00,0.38821000000000006,0.489749,0.4429390000000001,0.462243,0.45563800000000004,0.46497000000000005,0.47327800000000003,0.47414100000000003,0.39268368834080725,0.48687421524663677,0.43731216367713005,0.458017769058296,0.45654551569506735,0.46955498878923774,0.4831312780269058,0.48552214125560544,0.3953260852008883,0.4818408035534019,0.43391191197254186,0.4576094891984655,0.4585873006258832,0.4730604280234199,0.48824673934988894,0.49388128407026044
0.0,0.0,0.0,0.094,1.0,0.441667,0.685822,0.629768,0.5843020000000001,0.6029880000000001,0.565848,0.538779,0.518034,0.44682118834080725,0.6808016255605381,0.6202972533632288,0.5784262331838566,0.6042172085201795,0.5719122197309418,0.5507664237668163,0.5313341367713006,0.4498798102160306,0.672060488592772,0.6147584494245911,0.5778270543105188,0.6070875429032909,0.5765255400767211,0.5570110034322631,0.5410193620028265,2019-12-05 11:09:28.639000+00:00,0.38812700000000006,0.489749,0.4429390000000001,0.46234300000000006,0.45575499999999997,0.46487000000000006,0.473395,0.474058,0.39262247757847546,0.4868584080717489,0.4373498318385651,0.45808598654708527,0.4566306614349777,0.46951625560538124,0.4832164237668163,0.4854465246636772,0.3952847163335353,0.4818500100948919,0.4339499091459722,0.457641429436705,0.4586339188370684,0.47304803149606284,0.4883215424994953,0.4938008479709267
1.0,1.0,1.0,0.07200000000000001,0.0014306312169341852,0.004266,0.015356999999999999,0.026819000000000003,0.006032000000000001,0.0026509999999999997,0.0,0.0,0.0,0.0039892376681614355,0.016711098654708524,0.027056165919282518,0.0063552130044843055,0.002290414798206278,0.0,0.0,0.0,0.003980294770845951,0.01710650111043812,0.027361760549162117,0.006488814859681,0.002050635978195033,1.8170805572380375e-07,3.8158691701998785e-06,0.0,2019-12-10 11:09:28.792000+00:00,0.0071660000000000005,0.097121,0.071768,0.037332000000000004,0.031051000000000006,0.024868,0.023513,0.017280999999999998,0.006948038116591929,0.0979181614349776,0.07187881165919284,0.03756317264573991,0.03079921524663677,0.025214405829596418,0.023508856502242156,0.01728845291479821,0.006918675550171613,0.09813775489602261,0.07205433070866141,0.03765009085402786,0.030592125984251976,0.02536850393700787,0.023559701191197248,0.017228568544316574
1.0,1.0,1.0,0.061,0.008387426154182772,0.004362,0.019049,0.029193999999999998,0.007545,0.0031660000000000004,0.0001,0.0001,0.0001,0.004192600896860987,0.02051692825112108,0.030092208520179378,0.008070571748878924,0.0026395739910313903,0.0001,0.0001497962510187449,0.0001456780923994039,0.00432612558045629,0.021643973349485156,0.03139226731273976,0.008607126993741165,0.0025358979676482784,0.00015981788466028478,0.0005652806652806653,0.00028597794283142017,2019-12-10 11:09:25.084000+00:00,0.00733,0.096119,0.07091700000000001,0.036881000000000004,0.030934000000000003,0.024468000000000004,0.023464,0.017249,0.007053026905829597,0.09682881165919283,0.07114854260089687,0.037137275784753364,0.03055173766816144,0.024881502242152475,0.02334489910313902,0.01722242152466368,0.0071014536644457915,0.09709951544518473,0.07126581869573993,0.0372519079345851,0.03029026852412679,0.025051443569553807,0.0233369069250959,0.01708588734100545
1.0,1.0,1.0,0.07200000000000001,0.006956794937248587,0.005917,0.013036000000000002,0.026356,0.0054789999999999995,0.0007319999999999999,0.00018299999999999998,,,0.0050551569506726455,0.013728419282511214,0.02636053811659193,0.0052743273542600905,0.0010485981308411216,0.00014856957087126138,0.0001245019920318725,0.0001190661478599222,0.004876721179083384,0.014038804764789015,0.027318574601251762,0.005543206137694327,0.0014446671120017809,0.00019974300399771552,0.00030347263095938787,0.000234325977133741,2019-12-15 11:09:29.451000+00:00,0.008585,0.10052100000000001,0.071981,0.037498,0.029783000000000004,0.0254,0.022106,0.017115,0.007875336322869955,0.10081715246636773,0.0716118273542601,0.03722959641255606,0.029807903587443955,0.02539310538116592,0.023184024663677135,0.017688957399103138,0.007545043408035534,0.10073173834039974,0.0715044619422572,0.03718514031899858,0.029872239047042195,0.025773087017968904,0.023859822329901068,0.018214011710074696
1.0,1.0,1.0,0.066,0.0,0.005253000000000001,0.01977,0.0295,0.0072829999999999995,0.001587,0.0,0.0,0.0,0.004981390134529149,0.019834417040358748,0.0297158071748879,0.007127466367713007,0.0018801569506726459,0.0,0.0,0.0,0.004690228144558852,0.019648798707853823,0.029628427215828795,0.0071280436099333735,0.001960912578235413,3.1819099535634964e-05,5.661215424994952e-05,0.0001777912376337573,2019-12-15 11:09:25.745000+00:00,0.007936,0.10080200000000002,0.0715,0.037283,0.029702000000000003,0.025068000000000003,0.021723,0.016849,0.0077577914798206285,0.10080661434977581,0.07161631165919286,0.0371417600896861,0.029841367713004486,0.0253520739910314,0.022917993273542603,0.0175554932735426,0.007534564910155462,0.10067653947102764,0.07153076923076922,0.037123359580052494,0.029876680799515443,0.025814698162729657,0.023753462547950733,0.01815293761356753
0.0,0.0,0.0,0.11,1.0,0.313317,0.28670900000000005,0.307414,0.324426,0.335749,0.35633000000000004,0.36176600000000003,0.375703,0.31710980941704037,0.28186591928251126,0.30708783632287,0.3155578475336323,0.3352505605381166,0.36219686098654713,0.3683749439461884,0.37840128923766825,0.3193691500100948,0.2782166767615586,0.3019450232182515,0.3116804159095497,0.33432673127397533,0.3643092469210579,0.372996688875429,0.3821224106602058,2019-12-20 11:09:29.432000+00:00,0.281221,0.331219,0.2958,0.31164600000000003,0.315533,0.341238,0.35467200000000004,0.37320900000000007,0.2845784192825112,0.328392096412556,0.2955801008968611,0.30514327354260096,0.3151575112107624,0.34584585201793727,0.36014405829596424,0.3755258968609866,0.28657662023016356,0.3262424389259034,0.2923890369473046,0.30233821926105386,0.3144806379971734,0.34750405814657775,0.3639551181102362,0.3787560468402988
1.0,1.0,1.0,0.07200000000000001,0.0075290474240222605,0.004862000000000001,0.013234000000000001,0.028658,0.005402,0.0022299999999999998,,0.000117,,0.004761659192825113,0.013107230941704037,0.02881367713004485,0.005479596412556054,0.0015827993254637438,0.0001532967032967033,0.00013570627802690586,0.0001,0.005076337573187965,0.014206844336765593,0.02994918231374924,0.005729820310922672,0.0013479638009049773,0.00017721423164269494,0.0001327971589722164,0.0003009491733006736,2019-12-25 11:09:28.975000+00:00,0.007730000000000001,0.10081900000000002,0.073549,0.037553,0.031266,0.0256,0.024445,0.018966,0.007533912556053813,0.10063004484304933,0.0732306614349776,0.037472533632286996,0.030752354260089685,0.02570980941704036,0.023613172645739915,0.018914349775784756,0.007606440541086211,0.10094896022612554,0.07321061982636784,0.03741831213406016,0.030340258429234802,0.025894245911568737,0.02354403391883707,0.01906083181909953
1.0,1.0,1.0,0.061,0.014682203508693184,0.005294,0.019366,0.032007,0.007668000000000001,0.0035300000000000006,,0.0001,0.00018299999999999998,0.004721524663677131,0.019392152466367715,0.03213621076233184,0.007773878923766817,0.00273682735426009,0.00011481481481481482,0.00013367875647668392,0.00033726851851851854,0.0049477286493034515,0.020698768423177867,0.03332600444175247,0.008089723399959621,0.0023354296388542967,0.00024019963702359348,0.00018920187793427235,0.0008819022770398481,2019-12-25 11:09:25.271000+00:00,0.007662,0.10041900000000001,0.073366,0.03703800000000001,0.031332,0.0257,0.024313000000000005,0.018766,0.007425504484304932,0.10058480941704034,0.07309400224215248,0.0374017937219731,0.03068665919282512,0.02567387892376682,0.023606670403587444,0.018764293721973094,0.007490147385422976,0.10096549565919645,0.07312947708459516,0.037381304260044414,0.030266444579043008,0.025879366040783367,0.023622814455885318,0.018924712295578433
0.0,0.0,0.0,0.061,0.9985693687830658,0.570563,0.6097020000000001,0.588826,0.581066,0.581667,0.568461,0.569903,0.557728,0.5743433295964127,0.598507903587444,0.5778334641255606,0.5736453475336323,0.5774116031390135,0.566266311659193,0.5669860986547085,0.5606659192825113,0.5718624671916008,0.5883805370482535,0.5676699777912376,0.5648898647284474,0.5710663638199069,0.5606464768826972,0.5601784978800727,0.5553962245103976,2019-12-30 11:09:29.611000+00:00,0.513004,0.459328,0.43004299999999995,0.474127,0.473339,0.4892390000000001,0.511368,0.523165,0.5163126121076234,0.45252909192825114,0.42316552690582965,0.46850168161434985,0.47008593049327363,0.48736468609865474,0.508889798206278,0.5258494955156952,0.5140742580254392,0.4463580254391278,0.41668150615788413,0.46179109630526943,0.4652630325055521,0.48281397133050674,0.5031480920654148,0.5211084393296992
1.0,0.95347533632287,0.7195639006662627,0.083,0.29602845553542073,0.090115,0.061819000000000006,0.06693400000000001,0.06427200000000001,0.065803,0.076864,0.08173199999999999,0.08570900000000001,0.08500605381165921,0.057368665919282524,0.06200386771300449,0.05900156950672647,0.06384674887892376,0.07228996636771301,0.07639551569506725,0.07992589686098657,0.08129471027660004,0.053691762568140504,0.058773692711487975,0.05555731879668886,0.06003456491015545,0.06799069250959014,0.07185645063597818,0.07552483343428226,2020-01-04 11:09:29.023000+00:00,0.08346,0.131887,0.098285,0.08203200000000001,0.07997800000000001,0.089977,0.094528,0.09523700000000002,0.07677118834080719,0.12824955156950674,0.0939511210762332,0.07656754484304933,0.07693099775784754,0.08433598654708521,0.08816771300448432,0.0878719730941704,0.07055984251968503,0.1248987886129618,0.09057621643448414,0.07242323844134867,0.07223864324651724,0.07880904502321825,0.08201560670300828,0.08149210579446797
1.0,0.7146860986547084,0.616596002422774,0.07200000000000001,0.2945978243184866,0.08886999999999999,0.066504,0.068853,0.06457399999999999,0.067522,0.077734,0.08153800000000001,0.08504500000000001,0.08383839686098657,0.06219641255605382,0.06414355381165919,0.059338396860986554,0.06571647982062781,0.07311670403587446,0.07636967488789238,0.079080100896861,0.07995208964264082,0.05884187361195234,0.06112196648495863,0.05600393700787402,0.06191409246921057,0.06881221481930141,0.07170371492025032,0.0745858671512215,2020-01-04 11:09:25.315000+00:00,0.08347700000000001,0.131887,0.098202,0.08203200000000001,0.07989500000000001,0.09017700000000001,0.094679,0.09560300000000001,0.07679007847533631,0.12824955156950674,0.09396132286995518,0.07657802690582961,0.07692920403587446,0.08439798206278026,0.08825610986547086,0.08797668161434978,0.07056329497274377,0.12489856652533814,0.09058855239248939,0.07242671108419141,0.07228873410054511,0.07885477488390875,0.08203410054512417,0.08153296991722189
0.0,0.0,0.0,0.07200000000000001,0.6286249670393788,0.131767,0.23101700000000003,0.19572300000000004,0.17297200000000001,0.16842800000000002,0.157481,0.15891300000000003,0.15488500000000002,0.13378492152466373,0.2356919843049328,0.20070846412556054,0.1775595291479821,0.17164859865470855,0.16239383408071753,0.16328615470852023,0.15637713004484308,0.13910397738744193,0.24407724611346654,0.20858160710680396,0.18467456087219863,0.17877365233192002,0.16968160710680394,0.17054427619624468,0.16261635372501512,2020-01-09 11:09:29.221000+00:00,0.119648,0.23182000000000003,0.181458,0.165562,0.153837,0.15394100000000002,0.161241,0.16029800000000002,0.1215718609865471,0.2348013452914799,0.18471720852017937,0.1691636210762332,0.15634142376681617,0.15800762331838564,0.16499994394618836,0.16182926008968612,0.12388671512214819,0.23729573995558248,0.18722297597415702,0.1717979002624672,0.15906575812638804,0.16118223299010698,0.16823349485160505,0.16452937613567528
0.0,0.0,0.0,0.07200000000000001,0.7351200327642601,0.133167,0.226515,0.193272,0.171855,0.168711,0.15759800000000002,0.159196,0.155285,0.13397903587443946,0.22918380044843048,0.19657017937219734,0.17494573991031392,0.1703384529147982,0.1613070627802691,0.16206715246636771,0.1553273542600897,0.13945588532202707,0.23775396729254994,0.20455818695739958,0.18221278013325257,0.1776971532404603,0.16883751261861496,0.16951275994346862,0.16174837472239045,2020-01-09 11:09:25.517000+00:00,0.119648,0.23182000000000003,0.18137500000000004,0.165479,0.153837,0.15375799999999998,0.16105799999999998,0.160281,0.12156137892376685,0.23480179372197316,0.1846732623318386,0.16910941704035878,0.15634142376681617,0.1579665919282511,0.16494960762331842,0.16179618834080717,0.12389141934181305,0.23729446799919243,0.18720613769432662,0.17176042802342015,0.15906107409650716,0.16117470220068641,0.16819214617403588,0.1645037351100343
1.0,1.0,1.0,0.077,0.0075290474240222605,0.005477,0.01653,0.02549,0.005131999999999999,0.002513,0.0001,0.0001,0.00026599999999999996,0.0052047645739910315,0.016686322869955156,0.0253322869955157,0.005621300448430494,0.002863845291479821,0.00018766816143497763,0.00022555266579973995,0.0003111627906976744,0.005040763173834039,0.016980314960629916,0.02624258025439127,0.00622491419341813,0.0034292348071875626,0.00029588554720133667,0.0008767869949796797,0.0005165274614021767,2020-01-14 11:09:28.694000+00:00,0.008461999999999999,0.10133400000000002,0.07061500000000001,0.036834000000000006,0.031432,0.027666,0.025038,0.02046,0.008022141255605382,0.1012941143497758,0.07026238789237668,0.03707864349775785,0.03156446188340808,0.02770280269058296,0.025467881165919286,0.02003979820627803,0.007749707248132444,0.10113605895416918,0.07022535836866545,0.03725487583282859,0.03181076115485564,0.02765215021199273,0.02570446194225722,0.020045790430042402
1.0,1.0,1.0,0.066,0.0075290474240222605,0.005543000000000001,0.022545000000000003,0.028773,0.007315,0.00423,0.0004,0.00027,0.002,0.005249047085201794,0.02278559417040359,0.028672701793721972,0.007807062780269059,0.004712331838565023,0.0010411379986919554,0.0010256726457399104,0.0015357750163505562,0.005172319806178073,0.023311366848374718,0.029676741368867356,0.008462406622249142,0.005251726226529375,0.0013485188724319161,0.0018224254742547424,0.0015871020985616599,2020-01-14 11:09:24.987000+00:00,0.008362,0.10133400000000002,0.07061500000000001,0.036834000000000006,0.031349,0.0276,0.024921000000000002,0.020643,0.00798761210762332,0.1012941143497758,0.07027617713004486,0.03707864349775785,0.03156479820627803,0.02770431614349776,0.025436042600896863,0.02008979820627803,0.007763476680799513,0.10113163739147989,0.07022911366848374,0.037255138300020196,0.031784998990510786,0.02767292549969715,0.02569071269937412,0.020002140117100747
0.0,0.0,0.0,0.094,1.0,0.4341880000000001,0.8166610000000001,0.7270300000000001,0.694544,0.7117770000000001,0.694561,0.6748419999999999,0.659556,0.435330437219731,0.8195732062780271,0.7315222533632287,0.6993605941704035,0.7126588004484307,0.6956346973094173,0.6779642376681615,0.6593180493273544,0.4387492630728851,0.8217390066626286,0.7370318998586712,0.7063241671714113,0.7187101150817685,0.7009279224712296,0.6814497678174843,0.6623116696951342,2020-01-19 11:09:28.252000+00:00,0.390143,0.5929380000000001,0.521293,0.558092,0.579061,0.5920390000000001,0.596418,0.6055490000000001,0.39113570627802696,0.5945807174887894,0.5242229820627803,0.5615543161434978,0.5797173766816145,0.5929081838565023,0.5989695067264577,0.6053423766816144,0.3941707248132445,0.5958891177064405,0.5276466787805371,0.5666791641429438,0.584305996365839,0.5971359378154653,0.6019045023218251,0.6079814052089643
1.0,1.0,1.0,0.116,0.281155501197803,0.000766,0.006089999999999999,0.0027359999999999997,0.0001,0.0001,0.0001,0.0001,0.0001,0.000968553811659193,0.005056950672645741,0.0033807174887892383,0.0001,0.0001,0.0001,0.0001,0.0001,0.0010268322228952147,0.005114476075105996,0.0034694932364223692,0.0001,0.0001001817080557238,0.000106705661165657,0.0001,0.00010264486169997983,2020-01-29 11:09:26.816000+00:00,0.004283,0.09006200000000002,0.055418999999999996,0.0305,0.025883,0.02363,0.022228,0.015132000000000001,0.0044295964125560545,0.08946535874439462,0.05578912556053811,0.03083587443946189,0.025699439461883408,0.022532679372197315,0.021655044843049327,0.015216311659192829,0.004425418938017363,0.08941712093680598,0.05576438522107813,0.030950494649707238,0.0255646678780537,0.02250977185544114,0.021033817888148593,0.015442115889359983
1.0,1.0,1.0,0.132,0.2825861324147372,0.0001,0.0071730000000000006,0.002153,0.0001,0.0001,0.0001,0.0001,0.0001,0.0002769058295964126,0.00603536995515695,0.0028171524663677134,0.0001,0.0001,0.0001,0.0001,0.0001,0.00039790026246719167,0.006114112658994549,0.0028646476882697347,0.0001,0.0001,0.0001,0.0001,0.0001,2020-01-29 11:09:23.112000+00:00,0.004283,0.09006200000000002,0.055418999999999996,0.0305,0.025883,0.02363,0.022228,0.015132000000000001,0.0044295964125560545,0.08946535874439462,0.05578940582959642,0.03083587443946189,0.025699439461883408,0.022532679372197315,0.021649495515695068,0.015219114349775785,0.004425418938017363,0.08941712093680598,0.05576414294367049,0.030945850999394297,0.0255646678780537,0.022508742176458704,0.02101764587118917,0.015452372299616393
0.0,0.0,0.0,0.1704545964125561,0.1131152415522629,0.026810999999999998,0.019614000000000003,0.032241,0.024798,0.024409,0.016704999999999998,0.016041000000000003,0.017813,0.028741367713004486,0.01703615470852018,0.03252264573991032,0.02545846412556054,0.024137219730941708,0.01907477578475337,0.017430437219730945,0.0190097533632287,0.030629719362002823,0.016085443165758124,0.03259004643650313,0.026702665051483943,0.02521112457096709,0.02178352513628104,0.019519382192610537,0.02131879668887543,2020-02-03 11:09:26.416000+00:00,0.029417,0.10800900000000001,0.080883,0.05808700000000001,0.054666,0.050413000000000006,0.048498,0.04441900000000001,0.030553251121076232,0.1066115470852018,0.0807311659192825,0.05824820627802691,0.05408217488789238,0.05176720852017939,0.04925482062780271,0.04514164798206279,0.031195820714718353,0.10603502927518674,0.08034221683827981,0.05832891177064405,0.05403393902685242,0.05289103573591762,0.050121219462951734,0.04624530587522714
1.0,1.0,1.0,0.088,0.22419393748983124,0.004962,0.0033130000000000004,0.002615,0.0007639999999999999,,0.0012,0.00236,0.001,0.004899439461883409,0.002765190582959641,0.00252152466367713,0.0004692264573991032,0.00038564857405703774,0.0009090255068672337,0.001958632286995516,0.0009704444444444443,0.005125116091257823,0.003004623460528972,0.002813466585907531,0.0006412073490813648,0.0005164995224450812,0.0011342896488409455,0.0018779816513761463,0.001511048736922684,2020-02-18 11:09:30.661000+00:00,0.007147000000000001,0.078115,0.048483000000000005,0.028298,0.0243,0.023764,0.022496,0.016632,0.007080829596412558,0.07765941704035875,0.048362948430493276,0.027934360986547092,0.024295403587443948,0.023533632286995523,0.02209938340807175,0.01660168161434978,0.007147345043408033,0.07767890167575207,0.04840934786997779,0.027933313143549358,0.02437964869775893,0.023510963052695337,0.021874419543710884,0.016836543508984454
0.0,0.0,0.013930950938824953,0.094,0.6994327967998744,0.004747,0.008115000000000002,0.0050810000000000004,0.001198,0.00043200000000000004,0.0007639999999999999,0.0015279999999999998,0.0,0.004592881165919284,0.007535762331838566,0.0048369955156950676,0.0009688901345291482,0.00029994394618834084,0.00031889013452914797,0.000894394618834081,0.00018189461883408073,0.004614859681001413,0.007766949323642237,0.004881102362204724,0.0009535433070866141,0.00040644054108621044,0.00031191197254189375,0.0008169796083181909,0.0005095699576014535,2020-02-18 11:09:26.960000+00:00,0.007381,0.078949,0.049215,0.028515,0.024749,0.024281000000000004,0.022696,0.016019000000000002,0.0072622757847533624,0.07856193946188342,0.04904938340807175,0.028348878923766814,0.024652073991031396,0.023858464125560537,0.02224131165919283,0.016615414798206277,0.007250131233595798,0.07868205128205126,0.049064465980213995,0.02833002220876237,0.024733595800524935,0.023840965071673728,0.022103371693922874,0.017117767009892995
1.0,1.0,1.0,0.088,0.0,0.004247000000000001,0.003032,0.008733999999999999,0.0010680000000000002,0.001577,0.0,0.0,0.0,0.003698262331838565,0.0027167040358744405,0.009133968609865473,0.0013924887892376684,0.0009608744394618836,0.0,0.0,0.0,0.0037804966686856454,0.0026215021199273163,0.009210195840904501,0.0014241469816272964,0.0010376741368867352,0.0,0.0,0.0,2020-02-23 11:09:29.218000+00:00,0.007164,0.078849,0.052817,0.028734,0.026528,0.022851000000000003,0.021602000000000003,0.015317,0.0066932174887892396,0.07864288116591928,0.053073094170403595,0.02894276905829597,0.02591121076233184,0.022481165919282516,0.020738060538116596,0.0154625,0.006776963456491014,0.078580254391278,0.053132263274782945,0.028957096709065207,0.026009105592570154,0.022169331718150616,0.020491621239652733,0.01582006864526549
1.0,1.0,1.0,0.10433464125560538,0.0,0.0035960000000000002,0.004449,0.008651,6.8e-05,0.001079,0.0,0.0,0.0,0.0029600336322869957,0.004216760089686099,0.00907169282511211,0.00037970852017937226,0.00042892376681614357,0.0,0.0,0.0,0.0031090046436503117,0.004137411669695134,0.009163900666262872,0.00042731677771047844,0.0004018978396931152,0.0,0.0,0.0,2020-02-23 11:09:25.511000+00:00,0.0070469999999999994,0.078766,0.052817,0.028734,0.026594000000000003,0.0227,0.021634000000000004,0.015417000000000002,0.006603139013452915,0.07861810538116593,0.053073094170403595,0.02894276905829597,0.025935313901345302,0.022408856502242155,0.0207292600896861,0.0154612668161435,0.006754512416717141,0.07856995760145366,0.053132263274782945,0.028957096709065207,0.026004118715929735,0.022144478094084392,0.0204623662426812,0.01584421562689279
0.0,0.0,0.0,0.14300000000000002,0.5073972049393243,0.041956,0.034513,0.03922,0.031424,0.033411,0.036973,0.039586,0.040726,0.04229545964125562,0.03599641255605382,0.03866905829596414,0.03187909192825112,0.03429887892376682,0.03716418161434978,0.03958172645739911,0.04197034753363229,0.04305384615384615,0.03691225519886937,0.03963785584494245,0.032834363012315765,0.03524510397738744,0.03793549364021803,0.04057692307692307,0.04339826367857864,2020-02-28 11:09:28.117000+00:00,0.042864,0.102002,0.079047,0.058498,0.057268,0.063349,0.065579,0.063019,0.04288155829596413,0.10263290358744397,0.078507567264574,0.05858862107623317,0.05762219730941704,0.06326973094170404,0.0652402466367713,0.06380465246636771,0.043000040379567915,0.10276674742580255,0.07861617201695942,0.05883825964062184,0.057845204926307285,0.06331168988491823,0.06539779931354732,0.06427924490207954
0.0,0.0,0.0,0.187,0.9242663105984529,0.060064000000000006,0.08713300000000002,0.08515,0.073132,0.073964,0.070905,0.065217,0.063181,0.05896143497757849,0.08846311659192825,0.08487522421524665,0.07167662556053814,0.07348318385650225,0.06841945067264574,0.06569142376681615,0.06267819506726459,0.058385261457702384,0.0893251766606097,0.0837230971128609,0.07143777508580658,0.0728127599434686,0.0679931556632344,0.0666359781950333,0.06345525943872399,2020-03-04 11:09:30.237000+00:00,0.058880999999999996,0.142676,0.112193,0.09164900000000001,0.08769800000000001,0.091058,0.0886,0.084298,0.05794753363228701,0.14346961883408071,0.11198548206278026,0.09064338565022421,0.08734282511210764,0.08918755605381168,0.08892656950672648,0.08386883408071748,0.057443932969917205,0.1439577024025843,0.1112780335150414,0.09049660811629315,0.08687825560266506,0.08888227336967496,0.08964118715929739,0.08451934181304259
0.0,0.0,0.0,0.187,0.9242663105984529,0.06056399999999999,0.08911600000000001,0.085416,0.072932,0.07516400000000001,0.07082200000000001,0.06474899999999999,0.06243,0.05951507847533633,0.09039786995515697,0.08507236547085202,0.07147438340807175,0.07464433856502244,0.06831177130044845,0.06508357623318385,0.06190005605381167,0.058943751261861486,0.09124885927720573,0.08388150615788409,0.07126872602463152,0.0739558651322431,0.06788828992529779,0.0659770240258429,0.06272731677771046,2020-03-04 11:09:26.526000+00:00,0.058880999999999996,0.142676,0.112193,0.09164900000000001,0.08771500000000002,0.091075,0.088666,0.08428100000000001,0.05794753363228701,0.14346961883408071,0.11198548206278026,0.09063335201793722,0.08736737668161436,0.08920162556053812,0.088942432735426,0.08382113228699554,0.057443932969917205,0.1439577024025843,0.11127849788007269,0.09049121744397334,0.0868885523924894,0.08888090046436505,0.08964304461942256,0.08449533615990308
1.0,0.95347533632287,0.7195639006662627,0.11,0.20771082174335037,0.04152,0.022268,0.020444000000000004,0.011135999999999998,0.014544000000000001,0.018822000000000002,0.028485999999999997,0.039724,0.04661513452914799,0.02373211883408072,0.02399540358744395,0.018126233183856505,0.021255269058295966,0.025987051569506727,0.033627634529147986,0.041281614349775786,0.05441667676155865,0.02639047042196648,0.02809923278820916,0.023788633151625275,0.028068766404199474,0.03395788411064001,0.04063591762568141,0.04751685846961437,2020-03-09 11:09:32.445000+00:00,0.040983000000000006,0.08940400000000001,0.061843999999999996,0.038521,0.037969,0.042685,0.04975299999999999,0.056391000000000004,0.04505678251121077,0.09010140134529149,0.06403290358744394,0.04363744394618835,0.0428383408071749,0.04817746636771301,0.05377180493273543,0.05746087443946189,0.05089174237835655,0.09142370280637994,0.06635838885523922,0.047573490813648284,0.047421704017767,0.053787280436099316,0.05885893397940642,0.06191516252776094
1.0,0.7146860986547084,0.616596002422774,0.094,0.20055766565867944,0.041288,0.025117,0.022044,0.012235999999999999,0.015846,0.020158000000000002,0.029439,0.039879,0.0463045403587444,0.02654882286995516,0.025525784753363232,0.018984921524663682,0.02262045964125561,0.02718161434977578,0.03439047085201795,0.04161406950672646,0.053987240056531376,0.029167756915001005,0.029523581667676158,0.024509166161922058,0.0293455885322027,0.034954249949525534,0.04123339390268524,0.04773541288108216,2020-03-09 11:09:28.740000+00:00,0.040983000000000006,0.08940400000000001,0.061843999999999996,0.038438,0.037969,0.042685,0.049653,0.05624200000000001,0.04501647982062781,0.09011653587443948,0.06402797085201795,0.04358856502242153,0.0428432735426009,0.048135538116591936,0.05368671524663677,0.05745128923766816,0.05084823339390267,0.09143519079345848,0.06635213002220876,0.047546557641833215,0.047425176660609726,0.053739471027659996,0.05880421966484957,0.061922814455885315
1.0,1.0,1.0,0.10433464125560538,0.0,0.00453,0.004783,0.008566,0.0,0.0,0.0,0.0,0.0,0.004499215246636772,0.004159753363228699,0.008683239910313901,1.3957399103139014e-05,1.973094170403588e-05,0.0,0.0,0.0,0.004859357964869775,0.003863961235614777,0.008869876842317787,0.00012778114274177263,4.6073087017968905e-05,0.0,4.058146577831618e-06,1.45366444579043e-06,2020-03-14 11:09:30.771000+00:00,0.007847,0.075683,0.050566,0.0265,0.023683000000000003,0.021702000000000003,0.021017,0.017683,0.007818049327354262,0.07525145739910313,0.050608744394618835,0.026592544843049327,0.023684417040358747,0.022020795964125563,0.021329316143497763,0.017407679372197313,0.008103573591762565,0.0750504542701393,0.05073813850191802,0.0267811225519887,0.023736503129416508,0.02224449828386836,0.02152438925903492,0.017430365435089842
1.0,1.0,1.0,0.11,0.0,0.004447,0.007983,0.009982999999999999,0.0,0.0,0.0,0.0,0.0,0.004418217488789239,0.0073209080717488795,0.010118665919282514,3.4360986547085204e-05,4.93273542600897e-06,0.0,0.0,0.0,0.0046645063597819504,0.0070130022208762365,0.010306642438925902,0.0002263274782959822,2.8447405612759943e-05,0.0,0.0,1.0902483343428223e-06,2020-03-14 11:09:27.061000+00:00,0.007880999999999999,0.075683,0.050566,0.0265,0.023517000000000003,0.021501999999999997,0.020850999999999998,0.017617,0.007885594170403588,0.07525145739910313,0.050608744394618835,0.026592544843049327,0.023648934977578476,0.021862331838565025,0.021295347533632294,0.017459809417040364,0.008146900868160712,0.0750504542701393,0.05073813850191802,0.0267811225519887,0.02373004239854633,0.02220726832222895,0.021480718756309306,0.01744159095497678
0.0,0.0,0.0,0.187,1.0,0.09434000000000001,0.096957,0.113538,0.09655899999999999,0.10422300000000001,0.10995300000000001,0.115806,0.120043,0.09533565022421525,0.0981873878923767,0.11379433856502244,0.09749433856502243,0.10543710762331839,0.1126211883408072,0.11677326233183859,0.11826580717488791,0.09573345447203714,0.09864546739349885,0.11360290732889157,0.09795774278215225,0.10654924288310115,0.11377211790833834,0.11709794064203513,0.11707122955784376,2020-03-19 11:09:28.826000+00:00,0.088606,0.141204,0.128653,0.108223,0.10922099999999998,0.12181900000000001,0.130138,0.13389400000000004,0.08950375560538118,0.14189400224215246,0.12883374439461884,0.10886502242152468,0.11005723094170405,0.12382539237668164,0.13085588565022424,0.1323659192825112,0.08985110034322633,0.14215108015344233,0.12871811023622046,0.10918188976377953,0.11083030486573793,0.12468923884514434,0.13112572178477688,0.13135128205128208
1.0,1.0,1.0,0.132,0.0,0.010479,0.025358000000000002,0.033905000000000005,0.010443000000000001,0.0064280000000000006,0.004281000000000001,0.003985000000000001,0.005032,0.01003122197309417,0.0248530269058296,0.03340061659192825,0.009934641255605383,0.006828419282511212,0.003826177130044844,0.004236995515695068,0.0049966367713004485,0.010254290329093477,0.024855844942459106,0.03365485564304461,0.009658651322430848,0.007097254189380172,0.0035605693519079346,0.004688693720977186,0.004861053906723197,2020-03-29 11:09:32.128000+00:00,0.013681,0.08603000000000001,0.068162,0.035896000000000004,0.031198000000000004,0.031166,0.029553000000000003,0.026034000000000005,0.013351121076233187,0.08562298206278028,0.06765347533632288,0.03545392376681615,0.03145734304932736,0.03076911434977579,0.0296664798206278,0.0258862668161435,0.013417524732485359,0.0854536644457904,0.06754126791843328,0.035125641025641016,0.03151399152029073,0.030446375933777504,0.029869977791237626,0.02563975368463557
1.0,1.0,1.0,0.09954540358744396,0.0,0.011213,0.031341,0.037905,0.013626000000000001,0.010412999999999999,0.008764000000000001,0.0087,0.008449,0.010848430493273544,0.030867656950672645,0.03735655829596414,0.01310218609865471,0.011027634529147982,0.008361098654708521,0.008723934977578476,0.008368609865470854,0.011103432263274779,0.030943064809206552,0.03762669089440742,0.012868604885927719,0.01129523521098324,0.008166161922067433,0.009201655562285483,0.008271088229355945,2020-03-29 11:09:28.422000+00:00,0.013615,0.08603000000000001,0.068162,0.035896000000000004,0.031115000000000004,0.031166,0.029619,0.026034000000000005,0.013295739910313905,0.08562298206278028,0.06764887892376682,0.03545392376681615,0.03143267937219731,0.030702522421524662,0.029663004484304936,0.02588794843049328,0.013383101150817684,0.08545093882495454,0.06754096507167373,0.035125641025641016,0.0315221683827983,0.030383585705632946,0.02985297799313547,0.025631374924288308
1.0,1.0,1.0,0.121,0.0,0.005662,0.025283,0.040945,0.013749,0.008281,0.001,0.0019019999999999998,0.0013830000000000001,0.0055621076233183875,0.02617326233183857,0.041715414798206285,0.013601681614349775,0.00867432735426009,0.0015348593852190977,0.002435818385650224,0.0016006726457399101,0.005867635776297193,0.026198182919442755,0.042410216030688466,0.013922733696749444,0.00950555219059156,0.0018084504044274157,0.002642782152230971,0.002230552147239264,2020-04-03 11:09:30.592000+00:00,0.00913,0.08681900000000001,0.071817,0.037051,0.031749,0.027232000000000006,0.026436,0.021351000000000002,0.008956334080717488,0.08732107623318386,0.07217808295964127,0.03691530269058296,0.031924047085201794,0.027495627802690593,0.02675689461883408,0.021501793721973098,0.009169291338582674,0.08718752271350697,0.07236236624268119,0.03705370482535837,0.03248195033313143,0.027692004845548148,0.026843125378558444,0.02187254189380174
1.0,1.0,1.0,0.116,0.0028612624338683703,0.005696,0.028417,0.042279000000000004,0.014266,0.009446999999999999,0.001147,0.0022170000000000002,0.001251,0.005501233183856503,0.02940465246636772,0.04311917040358745,0.014201008968609869,0.009666591928251122,0.0017264573991031392,0.0026040919282511207,0.0016002802690582964,0.0058214011710074716,0.02944490207954775,0.04382778114274177,0.014540258429234804,0.010528608923884512,0.002185665253381789,0.002872541893801735,0.0020933537832310838,2020-04-03 11:09:26.881000+00:00,0.009147,0.08681900000000001,0.071817,0.037051,0.031848999999999995,0.027132,0.026385000000000002,0.021301999999999998,0.008949775784753363,0.08732107623318386,0.07217808295964127,0.03691530269058296,0.03193884529147982,0.027467881165919285,0.026689517937219742,0.021523486547085205,0.009158833030486572,0.08718752271350697,0.07236236624268119,0.03705370482535837,0.03248972339995962,0.02769364021804967,0.026815283666464757,0.02183749242883101
0.0,0.0,0.0,0.116,0.8790639744618303,0.307525,0.319968,0.308577,0.282936,0.305099,0.318148,0.318781,0.294591,0.2954488228699552,0.3099396300448431,0.301593273542601,0.2832358744394619,0.29329545964125564,0.2971709080717489,0.29211939461883407,0.27557612107623325,0.2837588734100545,0.31176172016959414,0.2904522309711286,0.26905128205128204,0.27866048859277204,0.2815009287300625,0.2767658388855239,0.2609779729456894,2020-04-08 11:09:31.199000+00:00,0.28122400000000003,0.28294800000000003,0.26177,0.25268100000000004,0.261326,0.28922200000000003,0.301781,0.28975999999999996,0.27037118834080726,0.2763756726457399,0.2569349775784754,0.25301849775784757,0.25238094170403585,0.2721031390134529,0.2788955156950673,0.27256165919282516,0.26062368261659596,0.2782212194629517,0.24989323642237027,0.24248750252372292,0.24176349687058343,0.2599410458308096,0.2664369271148799,0.2600813244498283
1.0,0.95347533632287,0.7195639006662627,0.247,0.004291893650802556,0.027328,0.05260300000000001,0.071907,0.037875000000000006,0.035092,0.030894,0.032140999999999996,0.033524000000000005,0.028157735426008974,0.052805100896860996,0.07131390134529149,0.03853593049327354,0.03548391255605382,0.03136664798206278,0.032917993273542605,0.034741591928251124,0.02876997779123763,0.05290922673127396,0.0721588734100545,0.03881213406016555,0.03570407833636179,0.03132150211992731,0.03296056935190793,0.03420946900868161,2020-04-13 11:09:33.553000+00:00,0.031897999999999996,0.11191300000000003,0.09846600000000001,0.062998,0.060498,0.065366,0.06724700000000002,0.06423,0.03252001121076233,0.11193979820627803,0.0979892937219731,0.06337892376681616,0.060646580717488796,0.06554304932735426,0.06760459641255608,0.06504921524663677,0.0328669089440743,0.11178207147183523,0.09812093680597617,0.06333323238441349,0.06056028669493235,0.06523862305673328,0.06735178679588127,0.06436709065213002
1.0,0.7146860986547084,0.616596002422774,0.165,0.004291893650802556,0.029296,0.061054,0.076441,0.043409,0.042875,0.041011000000000006,0.042441,0.042807,0.030294506726457397,0.06134456278026907,0.07602214125560539,0.04409439461883409,0.04319192825112107,0.041695683856502255,0.04310807174887893,0.043753923766816145,0.03090516858469613,0.06158612961841307,0.07688140520896425,0.04442374318594791,0.043464001615182705,0.041792206743387836,0.04323236422370281,0.04321873611952352,2020-04-13 11:09:29.837000+00:00,0.031749,0.11191300000000003,0.09846600000000001,0.062998,0.06039799999999999,0.0652,0.067164,0.06443000000000002,0.032524159192825114,0.11193979820627803,0.0979892937219731,0.06337892376681616,0.06059859865470853,0.06548217488789237,0.06757073991031391,0.06511547085201794,0.03287869977791237,0.11178540278619017,0.09812093680597617,0.06333323238441349,0.06054324651726226,0.06519590147385422,0.06734401372905308,0.06440803553401978
0.0,0.0,0.0,0.154,1.0,0.47098199999999996,0.5102610000000001,0.48256,0.474385,0.525648,0.534769,0.524399,0.52237,0.467735201793722,0.50933783632287,0.48200554932735434,0.4713209080717489,0.5222100336322871,0.5305489349775785,0.5258837443946189,0.5216735986547085,0.46372885120129215,0.5101525943872399,0.4823683626085199,0.46888929941449625,0.5184985665253381,0.5249043609933373,0.5197615990308903,0.5152219462951747,2020-04-23 11:09:32.323000+00:00,0.424801,0.39241499999999996,0.37205699999999997,0.39335900000000007,0.41400300000000007,0.45995600000000003,0.4803800000000001,0.494353,0.4219678811659193,0.39201378923766816,0.3717619955156951,0.39094433856502253,0.41148581838565024,0.45668867713004485,0.4815247197309418,0.4937326233183857,0.4184184332727639,0.392555219059156,0.37198647284474057,0.38908041590954967,0.40878104179285274,0.4522518271754492,0.4763839693115283,0.4880712699374117
1.0,0.95347533632287,0.7195639006662627,0.132,0.766038498005532,0.09693700000000001,0.072704,0.069649,0.06309300000000001,0.079071,0.09515699999999999,0.10317699999999999,0.10987200000000001,0.0965273542600897,0.06676687219730942,0.06736042600896862,0.06790964125560538,0.07899893497757848,0.09551776905829598,0.1036806614349776,0.10829489910313903,0.09357958812840701,0.06778833030486572,0.0678001211387038,0.06648453462547949,0.07721411265899455,0.09190646073087017,0.09927936604078336,0.10313886533414089,2020-04-28 11:09:30.094000+00:00,0.09066600000000001,0.11668600000000001,0.092731,0.076203,0.086304,0.105386,0.114187,0.11993100000000001,0.09016535874439464,0.11280241031390136,0.09102113228699553,0.0796916479820628,0.08612415919282512,0.10548430493273545,0.114447533632287,0.11839652466367712,0.08717445992327881,0.1131875429032909,0.09106476882697354,0.07830862103775488,0.08446971532404603,0.10221875630930746,0.1103533615990309,0.11341140722794264
0.0,0.11042600896860988,0.09993943064809205,0.099,0.8032349096458209,0.096528,0.077312,0.07224000000000001,0.06433299999999999,0.081262,0.09713300000000001,0.10415500000000001,0.10986699999999999,0.0958982062780269,0.0716645739910314,0.06984103139013453,0.0687244394618834,0.08112258968609866,0.09730386771300452,0.104569899103139,0.10845667040358746,0.0922699777912376,0.07212596406218452,0.06979685039370079,0.06681706036745405,0.07874025842923481,0.09299963658388855,0.09940302846759541,0.10260839895013121,2020-04-28 11:09:26.392000+00:00,0.090649,0.11668600000000001,0.092831,0.076203,0.086187,0.105237,0.114204,0.119865,0.09015173766816145,0.11280269058295965,0.09105252242152467,0.07967948430493275,0.08606541479820629,0.10547376681614352,0.11451877802690585,0.1184033071748879,0.087174338784575,0.11318814859680999,0.0910858469614375,0.07829792045225113,0.08439931354734505,0.10221437512618613,0.11040379567938624,0.1134651928124369
0.0,0.0,0.0,0.23600000000000002,0.2821316966164169,0.044048000000000004,0.034672,0.042904,0.039172,0.041590999999999996,0.037519000000000004,0.042189,0.04649400000000001,0.04173206278026906,0.02864590807174888,0.03605123318385651,0.032928139013452914,0.03748015695067265,0.0327390134529148,0.03747595291479821,0.04106720852017937,0.0397305875227135,0.02404502321825156,0.03170054512416717,0.02886832222895215,0.03381621239652735,0.029544498283868365,0.033276801938219254,0.037620391681809,2020-05-03 11:09:37.965000+00:00,0.046303000000000004,0.09900300000000001,0.080235,0.06265000000000001,0.064335,0.070514,0.075516,0.075055,0.04411031390134529,0.09568609865470853,0.07610117713004486,0.05830835201793723,0.061428811659192825,0.0668779147982063,0.07163693946188343,0.07046311659192825,0.042182697355138306,0.0931096709065213,0.07338940036341611,0.055350615788411064,0.05874132848778518,0.06434744599232788,0.06815317989097518,0.06737595396729253
0.0,0.0,0.0,0.154,0.3365293447709026,0.046231,0.044891,0.051006,0.044891,0.049342000000000004,0.048804,0.05335700000000001,0.056162000000000004,0.04372864349775786,0.039698991031390136,0.04484680493273543,0.03924220852017938,0.045450280269058306,0.044311154708520185,0.04876087443946189,0.0508880605381166,0.04169804159095498,0.035781809004643644,0.0410611144760751,0.03560520896426408,0.042057662023016355,0.04133710882293559,0.04488546335554209,0.047640985261457706,2020-05-03 11:09:34.245000+00:00,0.046403,0.09900300000000001,0.080235,0.06265000000000001,0.06443499999999999,0.070597,0.075599,0.075238,0.04411860986547086,0.09568609865470853,0.07609047085201795,0.05830835201793723,0.06146278026905829,0.06692690582959643,0.07163800448430495,0.07050857623318386,0.04217254189380173,0.09310694528568543,0.07338802745810617,0.055350615788411064,0.05874439733494851,0.06433474661821119,0.06812580254391279,0.06736812033111249
1.0,0.95347533632287,0.8885523924894004,0.2099658071748879,0.0,0.015441,0.011475,0.013066999999999999,0.008837,0.012248,0.00186,0.0041730000000000005,0.005365,0.016165078475336325,0.011688621076233184,0.013110818385650223,0.008732567264573993,0.01118279147982063,0.002335762331838565,0.004240013054830287,0.004072197309417041,0.017536805976176052,0.013487865939834443,0.014935816676761558,0.010814859681001411,0.012356309307490406,0.004484796070894724,0.007197054140127388,0.005797050147492623,2020-05-08 11:09:32.482000+00:00,0.02086,0.081013,0.059658,0.039292,0.040556,0.040707,0.043294,0.039371,0.02137146860986547,0.08107982062780268,0.05962937219730942,0.03922202914798207,0.039874327354260095,0.0405822869955157,0.042738508968609874,0.038312051569506726,0.02232192610539067,0.08191603068847161,0.060556874621441555,0.04050835857056329,0.04050298808802745,0.041687179487179496,0.04354041994750655,0.03890369473046638
1.0,0.8195067264573992,0.8370684433676561,0.17059753363228702,0.0,0.017107,0.019675,0.019801000000000003,0.013571000000000001,0.01795,0.009786000000000001,0.01279,0.012415999999999998,0.017672197309417045,0.01989512331838565,0.019828251121076237,0.013496524663677132,0.016959080717488792,0.009584473094170405,0.012043665919282511,0.01096743273542601,0.018966908944074296,0.021604724409448814,0.021557924490207953,0.015468705834847565,0.018133716939228755,0.01126652533817888,0.013339450837876035,0.012004502321825154,2020-05-08 11:09:28.774000+00:00,0.020843,0.081013,0.059658,0.039292,0.040556,0.040741000000000006,0.04339400000000001,0.039471,0.02134943946188341,0.08109030269058295,0.05962937219730942,0.03922202914798207,0.03985134529147983,0.04059714125560538,0.04277505605381166,0.03825874439461883,0.022298526145770235,0.08192117908338381,0.060556874621441555,0.04050835857056329,0.040511508176862505,0.04166133656369876,0.04357952755905511,0.03886519281243691
1.0,0.95347533632287,0.7195639006662627,0.088,0.0,0.035477,0.04291500000000001,0.044080999999999995,0.034547,0.034596,0.030877,0.033164000000000006,0.031783000000000006,0.035186603139013464,0.04275784753363229,0.04463312780269059,0.0342295403587444,0.0345447869955157,0.030676065022421532,0.03294473094170405,0.032016591928251126,0.03515590551181102,0.04270252372299615,0.04436285079749646,0.034198344437714516,0.03400228144558853,0.030490874217645878,0.03259573995558247,0.03183212194629518,2020-05-18 11:09:34.349000+00:00,0.035129999999999995,0.091351,0.071568,0.0509,0.048449000000000006,0.049181,0.051034,0.047202,0.03474019058295964,0.09109114349775785,0.07187836322869956,0.050523206278026915,0.04823363228699552,0.048895067264574,0.050665751121076234,0.04722813901345292,0.0345274984857662,0.09091120533010297,0.07150304865737935,0.050309166161922075,0.04762487381385018,0.0485336159903089,0.050173652331920046,0.04687583282858873
1.0,0.7146860986547084,0.616596002422774,0.099,0.0,0.035077000000000004,0.044515000000000006,0.044681000000000005,0.034463999999999995,0.034596,0.030160000000000003,0.03203,0.030683000000000005,0.03476334080717489,0.04431025784753364,0.04520364349775785,0.03414652466367713,0.0344496076233184,0.02979035874439462,0.03176900224215247,0.03076776905829597,0.03476456692913386,0.04428841106400161,0.044936785786392076,0.0341304663840097,0.033896668685645066,0.02961770644054108,0.03147777104784979,0.030599475065616798,2020-05-18 11:09:30.640000+00:00,0.035096,0.091351,0.071651,0.0509,0.04853199999999999,0.049164000000000006,0.051017,0.047219,0.034674831838565026,0.09109114349775785,0.07189265695067265,0.050523206278026915,0.048250728699551576,0.048840975336322874,0.0506280269058296,0.047202522421524666,0.03448178881485968,0.0909099333737129,0.0715120331112457,0.050309166161922075,0.047619543710882284,0.048496103371693924,0.050151383000201895,0.04683591762568141
0.0,0.0,0.0,0.317,1.0,0.393643,0.5412450000000001,0.47747600000000007,0.430894,0.4449740000000001,0.441069,0.430129,0.42733800000000005,0.3953076233183857,0.5380859865470853,0.4727140134529149,0.4273478139013453,0.444233408071749,0.4398471412556055,0.4366453475336323,0.4323350336322871,0.3981211387038158,0.5410004239854634,0.4761594589137896,0.430962447001817,0.44757714516454683,0.4431881082172422,0.43985293761356753,0.43647355138300015,2020-05-23 11:09:40.345000+00:00,0.34990099999999996,0.354412,0.32596100000000006,0.324765,0.327634,0.363992,0.380558,0.39285600000000004,0.3512849775784753,0.35286395739910326,0.32345005605381166,0.3223844730941704,0.3271690022421525,0.3631697869955158,0.385345067264574,0.3967824551569507,0.35368671512214817,0.35424714314556827,0.32531465778316165,0.3247688673531193,0.32927456087219864,0.36544944478094094,0.3876978396931153,0.40001485968100126
0.0,0.0,0.0,0.263,1.0,0.392192,0.503165,0.44728300000000004,0.40726900000000005,0.431404,0.43273100000000003,0.421661,0.4191190000000001,0.39370465246636777,0.5001534192825113,0.44319943946188356,0.40394747757847543,0.4307440022421524,0.431407735426009,0.42801093049327366,0.4239119955156952,0.3965395517867959,0.5026761356753483,0.44656444579043003,0.4074331516252776,0.4340309711286089,0.4346491419341812,0.4310906723198061,0.42791534423581673,2020-05-23 11:09:36.618000+00:00,0.350001,0.354412,0.325878,0.324765,0.327668,0.36414100000000005,0.380509,0.392873,0.35128929372197315,0.35283604260089696,0.3233996636771301,0.32240325112107626,0.32723508968609877,0.3631840246636773,0.3853193385650225,0.39679394618834085,0.35372774076317376,0.35420805572380376,0.325316434484151,0.3247849788007268,0.32934673934988895,0.3654904906117504,0.3876899051080154,0.40006959418534216
1.0,0.95347533632287,0.7195639006662627,0.11620067264573992,0.0,0.06277400000000001,0.065598,0.072072,0.06264700000000001,0.063011,0.058391,0.06421700000000001,0.061174,0.06262320627802691,0.06899736547085203,0.07499641255605383,0.06438155829596412,0.06384461883408073,0.05987746636771302,0.06302242152466368,0.06231670403587445,0.061656915001009484,0.06842507571168988,0.07469689077326871,0.0634034120734908,0.06332733696749443,0.059033696749444774,0.061513042600444164,0.061237997173430245,2020-05-28 11:09:35.758000+00:00,0.060265,0.10739699999999999,0.09243500000000002,0.074242,0.07245700000000001,0.075233,0.08127800000000002,0.077033,0.06014035874439463,0.10952315022421524,0.09434859865470854,0.07548716367713006,0.07298794843049328,0.07636535874439462,0.0802691143497758,0.07796558295964125,0.05903834039975771,0.10899838481728244,0.09394266101352715,0.07454284272158289,0.07240377548960225,0.07544340803553401,0.07871586917019986,0.0767662426812033
1.0,0.7146860986547084,0.616596002422774,0.121,0.0,0.06254199999999999,0.067398,0.07280600000000001,0.062698,0.063911,0.058757000000000004,0.064185,0.061093,0.062441031390134544,0.07074557174887894,0.07572017937219733,0.06446468609865472,0.06464192825112108,0.06026900224215247,0.0630285874439462,0.06216216367713005,0.0614988693720977,0.07022654956591964,0.07547316777710478,0.06351027660004037,0.06413670502725619,0.05943502927518676,0.06149275186755502,0.06102329901070057,2020-05-28 11:09:32.047000+00:00,0.060265,0.10739699999999999,0.09243500000000002,0.07415899999999999,0.07247400000000001,0.075199,0.08127800000000002,0.077216,0.060119002242152476,0.10952315022421524,0.09434859865470854,0.07547286995515697,0.07301373318385651,0.07635134529147983,0.08024551569506728,0.07804815022421527,0.05903412073490814,0.10899838481728244,0.09394266101352715,0.0745376943266707,0.07242172420755098,0.07542784171209366,0.07868374722390471,0.076823016353725
0.0,0.0,0.0,0.187,1.0,0.555311,1.172382,1.053204,0.995216,1.010559,0.9714700000000001,0.9647110000000001,0.944982,0.5593837443946188,1.1680364349775785,1.0567028026905831,0.995437668161435,1.0172755605381167,0.9752632847533632,0.9671354260089687,0.9423241591928253,0.5649909145972137,1.165797415707652,1.0546923884514434,0.9989045023218249,1.0234110438118313,0.9796879063194024,0.9714032707450031,0.9448538865334138,2020-06-07 11:09:32.946000+00:00,0.500058,0.799076,0.7517969999999999,0.7910110000000001,0.772171,0.798328,0.8362620000000001,0.860022,0.5036851457399103,0.7964855381165921,0.7540517376681615,0.7912521300448433,0.7769536995515696,0.8012149103139015,0.8382775224215249,0.8577052690582958,0.5086472642842721,0.7950848374722389,0.7527624671916009,0.7938832020997375,0.7813832626690893,0.8046359781950333,0.8417687664041993,0.8598992933575608
0.0,0.0,0.0,0.187,1.0,0.47509300000000004,1.138562,1.020376,0.9641460000000001,1.002929,0.948655,0.9145420000000001,0.8850280000000001,0.475506278026906,1.1350631165919283,1.0249747757847536,0.9678982062780269,1.0066383968609864,0.9516093049327355,0.9177529708520179,0.8856920403587445,0.4782738542297596,1.129710963052695,1.0227935796486975,0.9699499293357562,1.0102263880476479,0.955849525540077,0.9227607308701795,0.8909217040177668,2020-06-12 11:09:37.040000+00:00,0.43354200000000004,0.7680980000000001,0.721777,0.7607020000000001,0.7752,0.78523,0.798968,0.801524,0.43392634529147983,0.7660443385650226,0.7245695627802691,0.7636266255605383,0.7779451233183858,0.7875252242152467,0.8015558295964127,0.8020713004484306,0.43640323036543505,0.7628209569957601,0.7231104583080961,0.7652614375126187,0.7805911164950534,0.7908521704017766,0.805670280637997,0.8065761154855642
0.0,0.0,0.0,0.187,1.0,0.686751,1.186936,1.122944,1.099874,1.1363520000000003,1.098805,1.0927580000000001,1.070662,0.6858175448430495,1.191144730941704,1.1261234304932735,1.101648542600897,1.1396131726457401,1.1009011210762332,1.0905323430493274,1.0667104820627804,0.6845706844336765,1.1944073490813645,1.129586432465173,1.1058280234201492,1.1419575610740966,1.101364930345245,1.0866016151827171,1.0623962648899656,2020-06-17 11:09:37.336000+00:00,0.620708,0.8356190000000001,0.815079,0.88283,0.8945059999999999,0.921138,0.9572210000000001,0.979138,0.6198578475336324,0.8382170403587447,0.8170434977578477,0.8842335201793724,0.8969468049327353,0.9227675448430493,0.9553746076233185,0.975715470852018,0.6187349888956187,0.8401010700585503,0.8192889965677368,0.887415848980416,0.8986855844942457,0.9231316172016958,0.95212232990107,0.9719579648697758
0.0,0.0,0.0,0.187,1.0,0.6909170000000001,1.2578680000000002,1.166174,1.1263759999999998,1.1818330000000001,1.136203,1.1201240000000001,1.090062,0.689968441704036,1.2617300448430495,1.1693651345291483,1.1282513452914802,1.1852428251121077,1.1383104820627805,1.1179035313901347,1.0861332959641259,0.6886967696345649,1.2647818291944275,1.172783848172825,1.1324048051685849,1.1876666666666666,1.138776822128003,1.1139385019180292,1.0817785382596405,2020-06-17 11:09:35.268000+00:00,0.620708,0.8356190000000001,0.815079,0.88283,0.8945059999999999,0.921138,0.9572210000000001,0.9791549999999999,0.6198685538116594,0.8382065582959644,0.8170434977578477,0.8842308295964126,0.896947029147982,0.9227871076233184,0.9553853139013455,0.9757505605381167,0.6187471027660003,0.8400959216636381,0.8192934181304261,0.8874156268927922,0.898700080759136,0.9231477286493034,0.9521434484151021,0.9719865939834441
1.0,0.95347533632287,0.8921865536038764,0.12520067264573992,0.0,0.016831,0.018906,0.034759000000000005,0.019157,0.022836000000000002,0.009202,0.012119,0.011198,0.02037718609865471,0.020019338565022426,0.03699013452914799,0.02106182735426009,0.027477186098654714,0.012467937219730942,0.014057903587443948,0.01388548206278027,0.025102321825156475,0.02763026448616999,0.04480872198667473,0.029089783969311514,0.03478291944276196,0.019350050474459927,0.020876135675348267,0.020639551786795874,2020-06-22 11:09:40.309000+00:00,0.019448,0.07977200000000001,0.06732500000000001,0.040657,0.042387,0.036287,0.038404,0.033283,0.022549215246636774,0.08048536995515698,0.06879428251121077,0.042158688340807174,0.045882847533632296,0.03891765695067265,0.03999002242152467,0.03564557174887893,0.026678255602665048,0.08514084393296992,0.07386696951342621,0.04817678174843528,0.05125255400767211,0.044296709065213005,0.045538602866949315,0.04145733898647284
1.0,0.95347533632287,0.9339794064203514,0.105,0.0,0.017148,0.023289,0.037608,0.021223,0.02557,0.013002000000000001,0.015487,0.013981000000000002,0.020883295964125564,0.02438621076233184,0.03972275784753363,0.02302006726457399,0.030209417040358746,0.01611395739910314,0.01754551569506727,0.01667163677130045,0.025629012719563894,0.03177108822935594,0.04732459115687461,0.030873410054512412,0.037472703412073476,0.022865112053301023,0.0241942055320008,0.023344417524732482,2020-06-22 11:09:36.587000+00:00,0.019348,0.07977200000000001,0.067308,0.040657,0.042504,0.03637,0.038338000000000004,0.0333,0.022546188340807172,0.08048536995515698,0.06879377802690582,0.04214529147982063,0.04591698430493274,0.03896989910313902,0.04002550448430494,0.035707679372197314,0.02667060367454068,0.08514193418130427,0.07386805976176054,0.048171249747627695,0.05126359781950333,0.04431863517060367,0.04555677367252169,0.041502604482132034
1.0,0.95347533632287,0.7740763173834039,0.121,0.0,0.05833599999999999,0.079651,0.099794,0.069926,0.071281,0.058526999999999996,0.05944600000000001,0.059534,0.05301698430493274,0.07332763452914799,0.09274887892376682,0.06354803811659193,0.06438665919282512,0.052725392376681626,0.05371479820627804,0.051370067264574,0.047391177064405404,0.06689412477286491,0.08647823541288106,0.0566241469816273,0.05688241469816273,0.045052594387240054,0.046614375126186144,0.043981788814859674,2020-06-27 11:09:37.005000+00:00,0.055401000000000006,0.11613500000000002,0.11129300000000002,0.07949400000000001,0.075987,0.07354,0.076536,0.075403,0.050466928251121076,0.11189344170403588,0.10625566143497758,0.07426165919282512,0.0706658071748879,0.06872550448430495,0.07143721973094172,0.0678545403587444,0.045202947708459514,0.10756618211185141,0.10167678174843525,0.06864797092671107,0.0648847365233192,0.06237567131031696,0.06517094690086814,0.060993801736321414
1.0,0.7146860986547084,0.6711084191399151,0.11,0.0,0.058521,0.081555,0.10034900000000001,0.070413,0.072436,0.060315999999999995,0.06151600000000001,0.061503999999999996,0.05322124439461884,0.07541603139013453,0.09355285874439462,0.06421160313901346,0.06600874439461885,0.05500868834080718,0.05587662556053812,0.05329321748878924,0.04753228346456692,0.06918370684433675,0.08744050070664244,0.05736357762971935,0.058554108621037756,0.04729008681607105,0.04873391883706843,0.04578144558853219,2020-06-27 11:09:33.298000+00:00,0.055518,0.11613500000000002,0.11121000000000002,0.07949400000000001,0.075855,0.073408,0.07671900000000001,0.075603,0.050506446188340805,0.11188088565022423,0.1062416479820628,0.07428615470852018,0.07071821748878925,0.06877903587443947,0.07156776905829597,0.06797741031390134,0.045217767009892995,0.10757048253583687,0.10167300625883302,0.0686549364021805,0.06495441146779728,0.062371189178275804,0.0652340803553402,0.061038905713708846
1.0,0.95347533632287,0.854633555420957,0.116,0.0,0.014129,0.031727,0.047714000000000006,0.016984,0.015283999999999999,0.010787000000000001,0.012657,0.011689,0.015495571748878924,0.03268783632286996,0.048969170403587454,0.01893682735426009,0.01700381165919283,0.011660089686098656,0.012475280269058298,0.01250011210762332,0.018816555622854832,0.035947001817080555,0.052259034928326266,0.02252574197456087,0.02061669695134262,0.015033817888148598,0.016472259236826162,0.015780779325661215,2020-07-02 11:09:39.412000+00:00,0.016582000000000003,0.08932000000000001,0.076756,0.038922,0.035356000000000005,0.035827000000000005,0.037094999999999996,0.03241,0.017579035874439465,0.08982662556053811,0.0774871076233184,0.04031692825112108,0.03654276905829597,0.036355437219730946,0.036720964125560536,0.03295297085201794,0.020266363819907124,0.0917293357561074,0.07946660609731475,0.04287524732485363,0.039007732687260245,0.03880201897839693,0.03986585907530789,0.03558639208560468
1.0,0.8486547085201794,0.8031496062992126,0.154,0.0,0.012697,0.029276000000000003,0.044897000000000006,0.013566999999999997,0.01135,0.005014,0.006259000000000001,0.007,0.013981614349775785,0.03033340807174888,0.04633850896860987,0.015650000000000004,0.013008856502242155,0.006536154708520181,0.00666945067264574,0.008308106267029972,0.017279668887542905,0.03376143751261861,0.04976337573187967,0.019334908136482937,0.016701009489198466,0.010219205569205568,0.01097038158691702,0.013529254901960781,2020-07-02 11:09:35.696000+00:00,0.016633000000000002,0.08932000000000001,0.076673,0.038922,0.035456,0.035744000000000005,0.037112,0.032327,0.01763621076233184,0.08982662556053811,0.0774728139013453,0.04031692825112108,0.036601849775784755,0.036350896860986553,0.03672180493273543,0.03295016816143498,0.020287280436099335,0.0917293357561074,0.07946145770240255,0.04287524732485363,0.0390108621037755,0.03882806379971733,0.03985120129214618,0.03556121542499495
1.0,1.0,0.9194427619624471,0.1079658071748879,0.0,0.019732,0.028278,0.04601,0.014122000000000001,0.012206999999999999,0.004797000000000001,0.005582,0.007704000000000001,0.02259097533632287,0.03583189461883408,0.05360465246636772,0.023231446188340804,0.02216468609865471,0.015681920903954805,0.014460874439461884,0.013619562780269061,0.023195336159903084,0.035486977589339795,0.0538945285685443,0.02393038562487381,0.02240117100747022,0.015476780531368604,0.01546015561015561,0.014208560468402985,2020-07-07 11:09:36.551000+00:00,0.0215,0.082693,0.07441,0.036086,0.032669,0.030429,0.030247999999999997,0.028338000000000002,0.023895403587443947,0.08753402466367713,0.07945751121076235,0.04310336322869956,0.04006036995515696,0.037365863228699565,0.03747438340807175,0.03322572869955157,0.02431819099535635,0.0872283464566929,0.07950906521300223,0.04356589945487583,0.04016737330910559,0.03735410862103775,0.038135089844538665,0.033714758732081566
1.0,0.8951793721973094,0.8679588128407028,0.083,0.0,0.020731999999999997,0.032944,0.048876,0.016888000000000004,0.015256,0.009311999999999999,0.010230999999999999,0.01197,0.02339069506726458,0.040178979820627805,0.05617158071748879,0.02569467488789239,0.02474831838565023,0.017772589686098655,0.018691704035874442,0.01731855381165919,0.023943690692509588,0.03989715324046032,0.05649093478699778,0.02637882091661619,0.025009267110841914,0.017947567131031694,0.019618715929739548,0.018014213607914394,2020-07-07 11:09:32.845000+00:00,0.021683,0.082693,0.074327,0.036086,0.032586000000000004,0.030477999999999998,0.030214,0.028338000000000002,0.023950280269058297,0.0875097533632287,0.07944321748878926,0.043113396860986544,0.040045291479820624,0.037339405829596425,0.03748452914798207,0.033185986547085204,0.02437552998182919,0.08721300222087623,0.07950391681809005,0.043567696345649096,0.0401894003634161,0.03735451241671713,0.038159257015949924,0.0337194023823945
0.0,0.0,0.0,0.35000000000000003,1.0,0.16011699999999998,0.8705839999999999,0.7670260000000001,0.6900109999999999,0.734114,0.689515,0.660516,0.626847,0.1597237668161435,0.8699894618834082,0.766592264573991,0.6907820067264575,0.7332695067264574,0.688080269058296,0.6579119955156951,0.6297303251121076,0.15926073087017967,0.8701534019785988,0.7665426206339591,0.6908213204118715,0.7320425802543911,0.6871914799111649,0.6586569150010092,0.6301655764183324,2020-07-12 11:09:38.866000+00:00,0.150517,0.4967749999999999,0.46921300000000005,0.48423,0.501005,0.520649,0.535571,0.537581,0.15015863228699552,0.49648424887892384,0.4689248878923768,0.4847724215246639,0.5005110986547086,0.519715639013453,0.5337200672645741,0.5397872197309418,0.14976991722188573,0.49654724409448814,0.4689373511003432,0.48484407429840487,0.4997590954976781,0.5191278215223095,0.5342480113062791,0.5401114072279427
1.0,0.95347533632287,0.7195639006662627,0.094,0.0,0.038592,0.044464000000000004,0.060175000000000006,0.040319,0.045854000000000006,0.03578100000000001,0.039337000000000004,0.037096,0.039114517937219734,0.0458179932735426,0.06099865470852018,0.04197045964125561,0.04548256726457399,0.036393273542600905,0.038988172645739914,0.037409473094170406,0.04003791641429436,0.04675404805168584,0.06204635574399353,0.04287700383605895,0.04618798707853825,0.03704887946698969,0.03897552998182919,0.03812396527357157,2020-07-17 11:09:35.843000+00:00,0.038179,0.09265100000000001,0.083398,0.056138,0.05816000000000001,0.053751,0.056509000000000004,0.052366,0.038418609865470854,0.09351479820627805,0.08392785874439464,0.05734837443946189,0.057802466367713,0.054136378923766826,0.05619450672645741,0.05252920403587445,0.039079749646678784,0.09404924288310117,0.08451467797294566,0.057943731072077516,0.058239147991116486,0.0545297395517868,0.0560570967090652,0.053033999596204334
1.0,0.7146860986547084,0.616596002422774,0.088,0.0,0.03886,0.047264,0.061492,0.041202,0.047536999999999996,0.037264000000000005,0.040337000000000005,0.037496,0.03932258968609866,0.04860560538116592,0.062370459641255614,0.04277085201793722,0.04710487668161435,0.03770818385650225,0.039867544843049336,0.037863340807174885,0.040233333333333336,0.04956272965879265,0.06346432465172622,0.043691298203109206,0.0478182919442762,0.038405976176054915,0.03980969109630527,0.03861625277609529,2020-07-17 11:09:32.142000+00:00,0.03803,0.09265100000000001,0.083398,0.056138,0.05814300000000001,0.053668,0.056592,0.052366,0.03840964125560538,0.09351479820627805,0.08391737668161438,0.05734837443946189,0.05779456278026906,0.0541155269058296,0.05616300448430493,0.05256709641255606,0.03910759135877246,0.0940479709267111,0.0845051282051282,0.057943731072077516,0.058252917423783565,0.05452820512820512,0.05601376943266708,0.053040218049666875
1.0,0.95347533632287,0.7195639006662627,0.258,0.0,0.036947,0.03605799999999999,0.05882,0.039948,0.038928000000000004,0.028194,0.027691000000000004,0.030373999999999998,0.03085498878923767,0.024994338565022416,0.0466408071748879,0.02848957399103139,0.032000896860986554,0.02117443946188341,0.020769338565022423,0.022572645739910316,0.026934484151019584,0.018001090248334344,0.03927074500302847,0.02136686856450636,0.024785099939430653,0.013826004441752473,0.015138501918029477,0.016457298606904903,2020-07-22 11:09:39.848000+00:00,0.0395,0.098448,0.088765,0.063129,0.060448999999999996,0.061415,0.062825,0.061459,0.03428895739910314,0.0926321748878924,0.08165594170403588,0.05535056053811661,0.05594983183856503,0.05648649103139013,0.057543497757847534,0.05525308295964126,0.03080220068645265,0.08887839693115279,0.07721522309711283,0.05040835857056329,0.05115001009489198,0.051181203311124565,0.05309963658388855,0.05015324046032706
1.0,0.7146860986547084,0.616596002422774,0.23600000000000002,0.0,0.03693,0.038990000000000004,0.059786,0.040314,0.039928,0.030226000000000003,0.029739999999999996,0.031674,0.030894899103139015,0.028370179372197307,0.048018161434977585,0.029127970852017945,0.03307516816143498,0.02322797085201794,0.022858576233183856,0.024342376681614354,0.02703670502725621,0.021666686856450637,0.040925015142337984,0.022232465172622656,0.025998485766202298,0.016086634363012317,0.01725594589137896,0.01830246315364425,2020-07-22 11:09:36.132000+00:00,0.039483,0.098448,0.088765,0.063212,0.06036600000000001,0.061564,0.062925,0.061259,0.03426362107623319,0.09262146860986548,0.08165594170403588,0.05535908071748879,0.05594904708520179,0.05652757847533633,0.05762443946188341,0.05522455156950673,0.030788612961841308,0.08887306682818491,0.07721964465980212,0.050413506965475474,0.051161255804562884,0.05124536644457904,0.053143529174237834,0.05010656167979002
1.0,0.95347533632287,0.7195639006662627,0.214,0.0,0.02059,0.018017,0.036383,0.01353,0.017263999999999998,0.006866000000000001,0.009564000000000001,0.009947,0.020606670403587445,0.01882522421524664,0.03724456278026906,0.01397808295964126,0.016556558295964127,0.007688733183856503,0.010341479820627804,0.010011378923766818,0.022206945285685443,0.01992422774076317,0.038485645063597806,0.015539733494851604,0.017605875227135068,0.00937326872602463,0.011976095295780333,0.01146571774682011,2020-07-27 11:09:37.003000+00:00,0.024645,0.085685,0.07525100000000001,0.043981,0.04473200000000001,0.043316999999999994,0.046117000000000005,0.041883000000000004,0.024714517937219734,0.08602477578475337,0.07561221973094172,0.044065246636771305,0.04421541479820629,0.04385224215246637,0.04661345291479821,0.04221900224215247,0.025848576620230157,0.08661029678982433,0.0761507167373309,0.04502489400363415,0.04466365838885523,0.0448152634766808,0.04732598425196849,0.04308053704825358
1.0,0.7146860986547084,0.616596002422774,0.20488957399103142,0.0,0.020841,0.0209,0.037866000000000004,0.01423,0.018564000000000004,0.008217,0.01073,0.010696,0.020761883408071752,0.021710762331838565,0.03874691704035875,0.014712780269058298,0.017749103139013456,0.00895487668161435,0.011229428251121078,0.010697253363228701,0.02227349081364829,0.022825681405208957,0.03999135877246112,0.016282959822329898,0.018725015142337976,0.01049145972138098,0.012719907126993741,0.012074581061982635,2020-07-27 11:09:33.298000+00:00,0.024877000000000003,0.084785,0.074319,0.043266,0.044183,0.04288499999999999,0.045649,0.041815,0.02479321748878924,0.0851938340807175,0.07476541479820628,0.04358867713004485,0.043562387892376694,0.043333912556053816,0.04588834080717488,0.041724495515695084,0.026023460528972336,0.08570740965071673,0.07536430446194227,0.044591479911164945,0.04416200282656975,0.044361074096507164,0.046903654350898445,0.04274544720371491
1.0,1.0,0.966484958610943,0.22,0.0028612624338683703,0.008277,0.009534,0.034509,0.00673,0.008232,0.00018299999999999998,0.0001,,0.009290639013452917,0.011033800448430496,0.03453621076233184,0.007960538116591928,0.009696300448430496,0.00011429372197309417,0.00019056237879767288,0.0003302955665024631,0.01051340601655562,0.011715424994952553,0.03567976983646274,0.00955227135069655,0.011192469210579445,0.0011335500650195053,0.0009089489340604857,0.0019569871794871793,2020-08-01 11:09:40.380000+00:00,0.014696,0.08295100000000001,0.073798,0.039149,0.039634,0.035798,0.034185,0.029636000000000003,0.015503923766816146,0.08369613228699553,0.0737262331838565,0.039991704035874445,0.040591928251121075,0.0364158071748879,0.0358167600896861,0.030741760089686102,0.016489077326872603,0.08401320411871592,0.07425891378962247,0.041007429840500695,0.04153353523117303,0.03776761558651321,0.03712287502523723,0.03243430244296386
1.0,1.0,0.966484958610943,0.219,0.0,0.008079,0.011834,0.033947,0.006530000000000001,0.008566,0.0,0.0,0.0,0.008743890134529149,0.013009585201793723,0.03404781390134529,0.007570347533632288,0.009674439461883408,0.0,0.0,0.0,0.009745326065011104,0.013443993539269127,0.034708298001211384,0.00882402584292348,0.010736987684231775,0.0005011911972541893,0.00028512012921461734,0.0005668887542903291,2020-08-01 11:09:36.660000+00:00,0.014896000000000001,0.0831,0.073798,0.039464,0.039966,0.035930000000000004,0.034351,0.030049,0.01550773542600897,0.08375964125560541,0.07386390134529149,0.0401822869955157,0.04075633408071749,0.03649445067264574,0.03593295964125561,0.030932679372197312,0.01640442156268928,0.08401253785584492,0.07427098728043609,0.041076196244700186,0.04150581465778315,0.037769796083181914,0.037110397738744194,0.032486573793660406
1.0,0.95347533632287,0.7213809812235008,0.214,0.0028612624338683703,0.030828,0.032809,0.05007500000000001,0.030207000000000005,0.034311,0.0168,0.018762,0.018413,0.03078290358744395,0.031794002242152467,0.04867746636771301,0.02869562780269059,0.03229674887892377,0.017358071748878923,0.018015022421524664,0.01757595291479821,0.030298546335554205,0.030412860892388444,0.04770145366444579,0.027366888754290327,0.030410559257015954,0.016285564304461937,0.01694282253179891,0.016449989905108008,2020-08-06 11:09:37.759000+00:00,0.033680999999999996,0.092981,0.082432,0.055078999999999996,0.055549,0.049719,0.052049,0.0484,0.033551737668161434,0.09231917040358746,0.08148447309417042,0.05391737668161436,0.054160706278026924,0.05006676008968611,0.05140734304932736,0.04765067264573991,0.03296093276801939,0.09142574197456087,0.08069325661215425,0.05282537855844942,0.0527273571572784,0.049111992731677774,0.05039957601453664,0.046527882091661615
1.0,0.7146860986547084,0.6184130829800121,0.138,0.0014306312169341852,0.032994,0.041909,0.056309000000000005,0.035924,0.040911,0.026734,0.028995999999999997,0.027813,0.03283890134529148,0.04103536995515696,0.05507752242152467,0.03450364349775785,0.03905683856502243,0.027450224215246642,0.028320347533632287,0.02702421524663678,0.032343751261861495,0.03986135675348274,0.05420890369473047,0.03329632545931758,0.03739596204320614,0.026585301837270342,0.027284756713103164,0.02598102160306885,2020-08-06 11:09:34.053000+00:00,0.033764,0.092981,0.082432,0.055078999999999996,0.055532,0.049619,0.052166000000000004,0.04846600000000001,0.033612724215246643,0.09233060538116593,0.08149271300448431,0.053918721973094184,0.05414927130044843,0.049974383408071754,0.051490582959641255,0.04763206278026906,0.03301879668887543,0.0914325055521906,0.08070773268726025,0.05283708863315162,0.05274060165556226,0.04906783767413688,0.050403109226731274,0.046487603472642844
0.0,0.0,0.0,0.317,1.0,0.350441,0.6653640000000002,0.5623440000000001,0.523565,0.558815,0.5095770000000001,0.466568,0.45030899999999996,0.3514690582959642,0.6580807735426009,0.570842769058296,0.519058912556054,0.5504376121076233,0.5112116031390135,0.4746178251121077,0.45405622197309414,0.35035336159903085,0.6444185342216839,0.5732579648697759,0.5127270946900867,0.542103795679386,0.5110451443569551,0.48164980819705216,0.46118867353119325,2020-08-11 11:09:40.493000+00:00,0.31275400000000003,0.421982,0.37763599999999997,0.39312199999999997,0.400649,0.408335,0.405675,0.410294,0.3136081278026906,0.41842713004484317,0.3821156950672646,0.3902280829596413,0.3954373318385651,0.40941900224215255,0.41150751121076234,0.4131970852017937,0.31264948516050867,0.4118535231173026,0.38341150817686254,0.3861342822531798,0.39026194225721783,0.40930866141732275,0.41665210983242473,0.4187683020391682
1.0,1.0,1.0,0.14300000000000002,0.0014306312169341852,0.006581000000000001,0.007913,0.020981,0.003762,0.003532,0.0001,,,0.007238172645739911,0.00832230941704036,0.022129091928251125,0.0035813340807174894,0.004584585201793721,0.0001155737704918033,0.00010809567617295309,0.00011080729166666667,0.007792307692307692,0.009100524934383203,0.022983525136281043,0.004369493236422371,0.005206803957197658,0.0003875562832582891,0.00042853496681980596,0.000759725400457666,2020-08-16 11:09:38.045000+00:00,0.010632,0.073232,0.059534000000000004,0.030964,0.029317,0.024566,0.025545,0.019947000000000003,0.011224943946188342,0.07347881165919283,0.060265302690582966,0.030835033632286995,0.030079260089686102,0.02510285874439462,0.02517701793721974,0.020086547085201797,0.0116386836260852,0.07389573995558246,0.06067292549969715,0.0313412477286493,0.030464950535029272,0.025906783767413687,0.025726307288512013,0.02106549565919645
1.0,1.0,1.0,0.132,0.0014306312169341852,0.006798000000000001,0.011378999999999998,0.022898,0.004862000000000001,0.0044659999999999995,0.0001,,0.0001,0.007419674887892377,0.011778139013452918,0.024072645739910317,0.0046684977578475345,0.005563116591928252,0.00013792766373411534,0.00018696741854636593,0.00011152263374485597,0.007860932768019383,0.012556652533817884,0.024921603068847158,0.0054207550979204515,0.006187179487179487,0.0004892086330935252,0.0008308345642540622,0.0006310101010101011,2020-08-16 11:09:34.336000+00:00,0.010732,0.073232,0.059534000000000004,0.030964,0.029334,0.024566,0.025562000000000005,0.019947000000000003,0.011271468609865474,0.07347881165919283,0.060265302690582966,0.030835033632286995,0.030103139013452924,0.02507113228699552,0.025167993273542605,0.02014170403587444,0.011642216838279831,0.07389573995558246,0.06067292549969715,0.03134294367050273,0.030475590551181098,0.025892509590147376,0.02572909347869978,0.021047345043408036
1.0,1.0,1.0,0.099,0.0028612624338683703,0.011765999999999999,0.016855000000000002,0.032568,0.013551,0.018302000000000002,0.005987,0.007564,0.0056229999999999995,0.012527466367713005,0.017042769058295965,0.03259613228699552,0.013640919282511214,0.01915711883408072,0.00688279147982063,0.0077890695067264586,0.00725633408071749,0.013877003836058954,0.018093599838481727,0.03425824752675147,0.01480236220472441,0.020171249747627698,0.008284009691096305,0.00909438724005653,0.0084020391681809,2020-08-21 11:09:40.195000+00:00,0.013817000000000001,0.07895500000000001,0.06518700000000001,0.035819000000000004,0.036153,0.028404000000000002,0.0291,0.024057000000000002,0.014447477578475343,0.07908374439461885,0.06520919282511213,0.03588727578475336,0.03668189461883409,0.02914977578475337,0.02928918161434978,0.02542326233183857,0.015650514839491213,0.07972984050070665,0.06625554209569957,0.036775953967292545,0.037401675752069444,0.030314092469210577,0.030331395114072277,0.02640813648293963
1.0,1.0,0.9981829194427619,0.132,0.0028612624338683703,0.010565999999999999,0.015906000000000003,0.030802000000000006,0.011068,0.014219000000000002,0.0006209999999999999,0.0024660000000000003,0.001472,0.011236491031390137,0.016162051569506723,0.030931894618834086,0.011165582959641257,0.015098318385650225,0.00204351909830933,0.0032793888166449937,0.002949719730941705,0.012565152432868966,0.01726349687058348,0.0326624268120331,0.012362002826569757,0.01621944276196245,0.0036751705320600286,0.004226394210302254,0.00411112457096709,2020-08-21 11:09:36.477000+00:00,0.013916999999999999,0.07895500000000001,0.06520400000000001,0.035819000000000004,0.036053,0.028321000000000002,0.028951,0.024106000000000002,0.014455661434977582,0.07907881165919284,0.06522348654708522,0.03587348654708521,0.03661894618834081,0.02917466367713005,0.029255044843049336,0.02536900224215247,0.01563601857460125,0.07971699979810215,0.06626069049061176,0.0367659196446598,0.03738413082980012,0.030316050878255594,0.030269008681607104,0.02638077932566121
1.0,1.0,1.0,0.198,0.0014306312169341852,0.004019,0.004653,0.019611000000000003,0.0001,0.0002,,,0.0001,0.005028699551569507,0.005064237668161436,0.019226961883408077,0.0002977578475336323,0.0005755481727574752,0.0001006016847172082,0.0001,0.00010028026905829597,0.005783060771249747,0.005290975166565717,0.019810862103775487,0.00042743791641429435,0.0007228890069038768,0.00011272665070133428,0.00010473020322354592,0.00010862103775489605,2020-08-26 11:09:37.922000+00:00,0.010053,0.07703600000000001,0.063315,0.032851000000000005,0.031566000000000004,0.026532,0.027296,0.022483,0.010901681614349776,0.07724153587443948,0.06299422645739912,0.0331195067264574,0.0317210201793722,0.026728587443946187,0.02700364349775785,0.022107735426008975,0.011448415101958407,0.07728350494649705,0.06321310316979606,0.03310252372299616,0.03166919038966282,0.026846295174641627,0.0272949323642237,0.022194669897032098
1.0,1.0,1.0,0.17059753363228702,0.0014306312169341852,0.004321000000000001,0.010502000000000001,0.023411,0.002617,0.003749,0.0001,0.0001,,0.005757174887892377,0.010910650224215248,0.02306894618834081,0.003053755605381166,0.004091535874439463,0.0001,0.0001388071262587142,0.0001,0.006536482939632547,0.011174035937815463,0.023682980012113865,0.0031197052291540477,0.0040822531798909755,0.00010020590253946465,0.00014342937456078705,0.00011008080030781071,2020-08-26 11:09:34.211000+00:00,0.00987,0.077019,0.063315,0.032851000000000005,0.031666,0.026548999999999996,0.027347000000000003,0.022566,0.01086945067264574,0.07722724215246639,0.06300801569506727,0.0331195067264574,0.031753643497757854,0.026761210762331837,0.027059865470852023,0.02217236547085202,0.011456107409650716,0.07727835655158488,0.06321825156470824,0.03310252372299616,0.03167983040581466,0.026850333131435488,0.027294589137896227,0.022198425196850387
1.0,1.0,1.0,0.132,0.0028612624338683703,0.005015,0.000349,0.011815,0.0001,0.0001,0.0001,0.0001,,0.004967544843049327,0.0001980381165919283,0.012191311659192827,0.0001413116591928251,0.00019441786283891547,0.0001,0.0001,0.0001,0.004947324853624065,0.00016000403795679384,0.012239289319604277,0.00023904704219664843,0.0003578374070138151,0.0001,0.0001,0.0001,2020-08-31 11:09:39.439000+00:00,0.008966,0.070245,0.053317,0.026932,0.026185,0.021915,0.022379,0.0171,0.008917656950672648,0.0697036995515695,0.053494562780269074,0.026945067264573994,0.02620997757847534,0.021604484304932736,0.021356726457399104,0.01711137892376682,0.008844760751059963,0.0697474258025439,0.05340856046840298,0.02711154855643045,0.02619753684635574,0.021638744195437105,0.021045083787603475,0.017132344033918837
1.0,1.0,1.0,0.121,0.0,0.005066000000000001,0.004026000000000001,0.014717000000000001,0.0006320000000000001,0.0008020000000000001,0.0,0.0,0.0,0.005194394618834081,0.003328139013452915,0.01499170403587444,0.0006190022421524664,0.0008322869955156953,0.0,0.0,0.0,0.00513781546537452,0.0033871189178275784,0.014905693519079341,0.0008113466585907528,0.0008733898647284474,0.0,0.0,0.0,2020-08-31 11:09:35.721000+00:00,0.008866,0.070162,0.053317,0.027015,0.026085,0.021815,0.022462000000000003,0.017149,0.008931390134529149,0.06970476457399102,0.053510033632287,0.026980269058295966,0.026106670403587443,0.021643946188340805,0.021388677130044848,0.01709798206278027,0.008851907934585101,0.06975221078134464,0.05342535836866545,0.027139430648092065,0.02613264688067838,0.021685685443165754,0.021094992933575606,0.01715705632949727
1.0,1.0,1.0,0.214,0.004291893650802556,0.0069770000000000006,0.007694,0.016805,0.0019170000000000003,0.0002,0.0001,0.0001,0.0001,0.006611434977578478,0.007817656950672646,0.01582258968609866,0.002171468609865471,0.0009502943100065404,0.0001,0.00014231274638633378,0.0001,0.00716180092873006,0.007885544114677972,0.016108197052291537,0.002391338582677165,0.0013618561089825457,0.00010393815635939327,0.00013739789964994166,0.00010314450312049928,2020-09-05 11:09:37.402000+00:00,0.013179,0.08189800000000001,0.063828,0.036668,0.033785,0.030115,0.031349,0.025115000000000002,0.012821188340807175,0.08195089686098656,0.06316905829596413,0.03679764573991032,0.03438744394618835,0.03032673766816144,0.03114484304932736,0.025228587443946196,0.013193983444377142,0.08187385422975973,0.06318005249343832,0.036867070462346045,0.03467884110640017,0.030747970926711075,0.031103452453058754,0.02560195840904502
1.0,1.0,1.0,0.17059753363228702,0.004291893650802556,0.008611,0.016494,0.023422000000000002,0.0072169999999999995,0.006134000000000001,0.0001,0.0001,0.0001,0.008138228699551572,0.01673340807174888,0.022585369955156955,0.00749383408071749,0.00719091928251121,0.00016383257030739046,0.00021340745585349903,0.00011423248882265278,0.008648213204118717,0.016881162931556632,0.0229155259438724,0.00774651726226529,0.007837088633151626,0.000272554281532081,0.0006407276163477438,0.00016922107385933954,2020-09-05 11:09:33.692000+00:00,0.013379,0.08189800000000001,0.063828,0.036668,0.033768000000000006,0.030015,0.031266,0.025132,0.012891423766816144,0.08195089686098656,0.06316905829596413,0.03679764573991032,0.03436984304932736,0.030340751121076235,0.031059585201793728,0.02525992152466368,0.013221360791439528,0.08187470220068646,0.06318005249343832,0.036867070462346045,0.03469576014536645,0.030785281647486368,0.031039834443771456,0.025603008277811423
1.0,1.0,1.0,0.11,0.0032371537732197053,0.011895999999999999,0.013417,0.022255,0.012802000000000001,0.023284999999999997,0.011111000000000001,0.010013000000000001,0.009881000000000001,0.011500616591928253,0.013537275784753364,0.023230437219730945,0.013581390134529149,0.02388559417040359,0.011138060538116593,0.010554428251121078,0.009899551569506726,0.011747829598223295,0.014055542095699572,0.023941469816272966,0.014167918433272758,0.023817847769028868,0.011219301433474658,0.011107793256612153,0.009929376135675344,2020-09-10 11:09:38.232000+00:00,0.014381,0.079785,0.059989,0.03697,0.042404000000000004,0.035298,0.033766,0.029717,0.014048598654708522,0.0797965807174888,0.06055459641255606,0.037534977578475334,0.04268895739910315,0.03521093049327354,0.03399523542600897,0.029610706278026908,0.014178094084393297,0.08002658994548759,0.060871875630930744,0.03788122350090854,0.04248055723803754,0.0351320411871593,0.03431253785584494,0.029511992731677775
1.0,1.0,1.0,0.165,0.0032371537732197053,0.009962,0.009334,0.017506,0.007736,0.017987,0.0033789999999999996,0.0018320000000000003,0.002215,0.009566479820627805,0.009414293721973095,0.0185670403587444,0.00860498878923767,0.018618497757847532,0.0034255605381165923,0.0022803251121076237,0.002455437219730942,0.009793256612154248,0.009937351100343226,0.019300625883303044,0.009188653341409244,0.018636705027256204,0.003555946601941747,0.0030409254935257904,0.0026557314756174796,2020-09-10 11:09:34.510000+00:00,0.014381,0.079785,0.059989,0.03697,0.042338,0.035214999999999996,0.0336,0.0297,0.014060594170403588,0.0797965807174888,0.06055459641255606,0.037534977578475334,0.042652690582959646,0.035189966367713,0.03386715246636771,0.029658352017937224,0.01418774480113063,0.08002658994548759,0.060871875630930744,0.03788122350090854,0.04245955986270946,0.03511576822128003,0.03421035735917626,0.02954239854633555
1.0,1.0,1.0,0.214,0.4392879383762616,0.005917,0.004517,0.008347,0.004947000000000001,0.006313000000000001,0.0011510000000000001,0.002032,0.0030340000000000002,0.006002466367713005,0.004385201793721974,0.00782640134529148,0.004820795964125562,0.006276737668161435,0.0014881556683587142,0.0023049887892376687,0.0027921524663677127,0.006152372299616394,0.004419826367857862,0.008190329093478698,0.004875590551181102,0.006242903290934785,0.0021062116202172883,0.0029672521704017765,0.002332444982838683,2020-09-15 11:09:36.381000+00:00,0.010733999999999999,0.080551,0.057382999999999997,0.037448999999999996,0.035466,0.034002000000000004,0.033651,0.029936,0.010736098654708523,0.08040285874439462,0.05703705156950673,0.037334248878923774,0.03539389013452915,0.03411132286995516,0.033869730941704035,0.029685313901345288,0.010811306279022815,0.08037268322228952,0.05715215021199272,0.03730474459923278,0.03525128205128205,0.034121481930143346,0.03426464768826973,0.029213830002018982
1.0,1.0,1.0,0.22,0.4335654135085249,0.005449,0.006,0.008464,0.004047,0.006247,0.0009509999999999999,0.0017,0.002402,0.005566199551569506,0.005822701793721974,0.007938789237668161,0.003920235426008968,0.006179484304932735,0.0014471643518518518,0.0020673206278026906,0.002317320627802691,0.00573718958207147,0.005885120129214616,0.00830466384009691,0.003982273369674945,0.006125802543912778,0.002205014515703352,0.0027349687058348475,0.001865939834443771,2020-09-15 11:09:32.672000+00:00,0.0107,0.080551,0.057382999999999997,0.037448999999999996,0.035466,0.033819,0.033685,0.029936,0.010717993273542604,0.08038946188340808,0.05703705156950673,0.03734473094170404,0.03537780269058296,0.03406087443946188,0.033924047085201796,0.02974041479820628,0.01079816272965879,0.08036880678376741,0.05715215021199272,0.03730989299414496,0.035267413688673525,0.03409513426206339,0.03426674742580253,0.02924358974358974
0.0,0.0,0.0,0.187,1.0,0.490999,0.586833,0.578233,0.5791450000000001,0.6187860000000001,0.608857,0.6061089999999999,0.605679,0.4897727578475337,0.5898668161434979,0.5797262892376682,0.5791283071748881,0.6181779708520179,0.607590470852018,0.6027996076233184,0.6060341367713005,0.4883010902483344,0.592165112053301,0.5810812840702603,0.5780791237633754,0.6165472844740562,0.6051228750252371,0.6005588330304866,0.6029237431859478,2020-09-20 11:09:39.425000+00:00,0.441818,0.496944,0.47319300000000003,0.503596,0.505973,0.532663,0.56,0.575613,0.44075807174887893,0.49892600896861006,0.47390117713004487,0.503590302690583,0.5054775784753364,0.531694562780269,0.557282735426009,0.5759135650224216,0.4394617605491621,0.5002919846557641,0.47474609327680173,0.5029016555622853,0.5043150817686249,0.5297845750050473,0.5554218857258226,0.5732463961235614
0.0,0.0,0.0,0.16,1.0,0.49369900000000005,0.6873670000000001,0.6438010000000001,0.620279,0.6649689999999999,0.644823,0.6346090000000001,0.625113,0.49236390134529157,0.6906544843049328,0.6453588565022422,0.6202155269058297,0.664210538116592,0.643500840807175,0.6315425448430495,0.6255934977578476,0.4908317585301837,0.692863779527559,0.6466382596406216,0.6192372501514233,0.6626015748031494,0.6409329699172217,0.6293578841106399,0.6225076115485563,2020-09-20 11:09:35.707000+00:00,0.44190100000000004,0.49696100000000004,0.47319300000000003,0.503596,0.5058729999999999,0.532729,0.5598000000000001,0.575447,0.44077533632287,0.49895409192825124,0.47390117713004487,0.5035872197309418,0.5053599775784753,0.5317152466367713,0.5572219170403588,0.5758757847533632,0.4394547143145569,0.5002958005249343,0.47474736523319183,0.5028967494447808,0.5042443367655967,0.5297740359378154,0.5553995154451846,0.5732346860488592
0.0,0.0,0.0,0.187,0.6242881908405941,0.18416200000000002,0.08911100000000001,0.12150700000000002,0.128657,0.148303,0.167733,0.174044,0.172091,0.17665773542600896,0.08349596412556055,0.108092600896861,0.11496149103139014,0.1376559417040359,0.15640201793721972,0.16345633408071752,0.1684588004484305,0.16686305269533613,0.07830488592772056,0.0995224308499899,0.10409303452453059,0.12539919240864122,0.1441191399152029,0.1537030284675954,0.16228318190995353,2020-09-25 11:09:37.159000+00:00,0.17109200000000002,0.15604400000000002,0.14864,0.14557200000000003,0.15524800000000002,0.17762899999999998,0.187119,0.18734700000000004,0.16449114349775787,0.15277197309417045,0.1403068946188341,0.13567494394618837,0.14761149103139015,0.16896193946188343,0.17865683856502246,0.1843481502242153,0.15597916414294366,0.1499857863920856,0.13517409650716736,0.12796196244700178,0.13890777306682817,0.15963686654552797,0.17078142539874822,0.17890082778114272
0.0,0.0,0.0,0.187,0.644255314374197,0.185179,0.10676,0.13179,0.134691,0.15565400000000001,0.17306700000000003,0.17741200000000001,0.174225,0.17684417040358746,0.10028834080717491,0.11759691704035874,0.12037275784753365,0.14420089686098655,0.1608807174887893,0.16627236547085206,0.1700759529147982,0.16690522915404798,0.09507730668281848,0.10896832222895214,0.10938661417322831,0.13171819099535634,0.14837320815667263,0.1563591358772461,0.16364249949525536,2020-09-25 11:09:33.450000+00:00,0.17109200000000002,0.155944,0.14864,0.14557200000000003,0.15524800000000002,0.17762899999999998,0.186953,0.18743,0.16448761210762336,0.15273873318385656,0.14031692825112113,0.1356166479820628,0.14763957399103142,0.1689660313901345,0.17866367713004483,0.1843867152466368,0.15597712497476274,0.14997966888754286,0.135178255602665,0.12792125984251965,0.1389291944276196,0.159635493640218,0.1708001817080557,0.17894595194831414
1.0,1.0,1.0,0.1704545964125561,0.0028612624338683703,0.005232,0.006887999999999999,0.019247,0.0075320000000000005,0.008466,0.0001,0.0004,0.000349,0.005883408071748878,0.0066820067264574,0.01961468609865471,0.00803335201793722,0.008672085201793725,0.000909397278029812,0.0013768691588785047,0.0007198762035763412,0.006233535231173026,0.0072826973551382975,0.020344821320411866,0.008286937209771854,0.00887413688673531,0.0014093377315402182,0.0014715244229736985,0.0015290504291845493,2020-09-30 11:09:40.181000+00:00,0.010317000000000002,0.083994,0.064,0.038433999999999996,0.037751,0.034151,0.033783,0.028866,0.010801625560538118,0.08385392376681615,0.06413363228699552,0.038746412556053815,0.03775515695067265,0.034586603139013454,0.034041423766816147,0.028830885650224215,0.011023682616596,0.08408316172016961,0.06432416717141126,0.03879051080153442,0.03773111245709671,0.034562406622249145,0.033894851605087824,0.02893347466182112
1.0,1.0,1.0,0.14300000000000002,0.0028612624338683703,0.005666,0.013705,0.023613000000000002,0.010432,0.011083,0.0027660000000000002,0.0037810000000000005,0.003732,0.006355437219730943,0.013608968609865471,0.023995179372197313,0.010947365470852018,0.011440695067264575,0.003595011210762333,0.004292713004484305,0.0039375,0.006760629921259841,0.014229376135675348,0.024727135069654755,0.011224470018170804,0.011627135069654754,0.0038343630123157673,0.004372218857258226,0.004296709065213002,2020-09-30 11:09:36.462000+00:00,0.010234000000000002,0.084011,0.064,0.038433999999999996,0.037685,0.034051,0.033817,0.028917,0.010783576233183859,0.0838816143497758,0.06413363228699552,0.038746412556053815,0.037794002242152465,0.034549775784753364,0.034078979820627804,0.028939966367713003,0.011018635170603672,0.08409610337169393,0.06432856854431657,0.03879051080153442,0.03773702806379972,0.034533555420956985,0.03391764587118917,0.029040985261457705
0.0,0.0,0.0,0.23,1.0,0.32959499999999997,0.8662380000000002,0.7908190000000002,0.752716,0.7790020000000001,0.734206,0.713198,0.6733490000000001,0.32470442825112106,0.8900434977578477,0.8095909192825113,0.7526064461883408,0.7722221973094171,0.7330113789237669,0.713540302690583,0.677940807174888,0.3272244498283868,0.9109616797900261,0.819449868766404,0.7572969715324047,0.775229578033515,0.735304623460529,0.7162259034928324,0.6796250757116898,2020-10-05 11:09:38.070000+00:00,0.29507200000000006,0.5571020000000001,0.525068,0.563193,0.5747680000000001,0.580511,0.592107,0.5914860000000001,0.2908611547085202,0.5694254484304933,0.5357772982062781,0.5629233183856502,0.5701997757847536,0.5795577914798207,0.5923298206278028,0.5951993834080719,0.2930480920654148,0.580320270543105,0.5414084393296993,0.5661023420149405,0.5722543105188773,0.5812462144155057,0.5943621643448412,0.5966099939430648
0.0,0.0,0.0,0.11,1.0,0.32391,0.7482510000000001,0.6964020000000001,0.6766970000000001,0.713902,0.678068,0.6606110000000001,0.631043,0.3192612107623319,0.7673504484304934,0.712242769058296,0.6765867152466368,0.7080104820627803,0.6770198430493274,0.6608361547085203,0.6351225336322871,0.3216543307086615,0.7843672723601856,0.720579345850999,0.6807148596810013,0.7106935998384817,0.6791161518271754,0.6631660407833635,0.6366984050070664,2020-10-05 11:09:34.358000+00:00,0.295006,0.5571020000000001,0.525151,0.563176,0.574685,0.580428,0.592156,0.5915030000000001,0.29091569506726456,0.5694781390134529,0.535783408071749,0.5629190582959641,0.5701861547085203,0.5795535313901345,0.5923292040358745,0.5951620515695067,0.2930598021401171,0.5803431657581263,0.5413981829194429,0.5661143953159701,0.5722473046638401,0.5812514233797699,0.5943527760952956,0.5965818695739956
0.0,0.0,0.0,0.187,1.0,0.283859,0.9677600000000002,0.8599520000000002,0.8111280000000001,0.8612580000000001,0.8118350000000001,0.7671549999999999,0.742276,0.28361754484304935,0.9669865470852019,0.8633872197309418,0.8093904708520181,0.8607500560538119,0.8128494955156953,0.7728410313901346,0.7409715246636773,0.28295699576014527,0.9659017968907734,0.8675377750858065,0.8087243892590348,0.8597609933373711,0.8125351504138904,0.7750360387643851,0.742340662224914,2020-10-10 11:09:36.630000+00:00,0.258591,0.637231,0.5892270000000001,0.627279,0.6420939999999999,0.653997,0.659164,0.6643080000000001,0.2583557174887893,0.6367406390134529,0.5912441704035876,0.6260211883408072,0.6417603139013454,0.6547588565022421,0.6637170403587445,0.6632372197309417,0.25778243488794667,0.6360920654148999,0.5937095497678173,0.6254990914597215,0.6410729860690491,0.6545280032303655,0.6654706844336766,0.6643884312537854
0.0,0.0,0.0,0.121,1.0,0.346967,0.339304,0.346478,0.354307,0.379659,0.38971900000000004,0.39385000000000003,0.39358899999999997,0.340615302690583,0.341875,0.34009899103139013,0.34215397982062784,0.3672363228699552,0.37843492152466374,0.38430807174887893,0.38622169282511215,0.33418776499091457,0.3403666060973147,0.33529806178073895,0.3345001211387037,0.35814964667878046,0.3687672117908338,0.3749585705632949,0.3773503937007874,2020-10-15 11:09:38.278000+00:00,0.31515200000000004,0.30961099999999997,0.294042,0.31445900000000004,0.327073,0.351042,0.366886,0.378955,0.3094866031390135,0.3112204035874439,0.2898926569506727,0.3052069506726458,0.3176662556053812,0.3420168161434978,0.35892040358744404,0.37242623318385654,0.30374564910155455,0.31026507167373313,0.28672568140520904,0.29937345043408037,0.3107778316172017,0.3342738744195437,0.35108394912174434,0.36458368665455276
0.0,0.0,0.0,0.116,1.0,0.348933,0.371721,0.365912,0.366573,0.39324200000000004,0.400036,0.40165,0.398923,0.34248559417040364,0.3743982623318386,0.3598182174887893,0.3544174327354261,0.38074176008968613,0.38871973094170414,0.39204181614349787,0.39162847533632295,0.3359283262669088,0.37283145568342413,0.35504520492630726,0.3467588734100544,0.3715758933979406,0.378874944478094,0.382564385221078,0.3827286694932364,2020-10-15 11:09:34.568000+00:00,0.31525200000000003,0.30961099999999997,0.29385900000000004,0.31445900000000004,0.326973,0.351159,0.367086,0.378872,0.3095820067264574,0.3112331278026906,0.2898151905829597,0.30525566143497757,0.3176025224215247,0.34218901345291486,0.35907757847533633,0.37240000000000006,0.3038002826569755,0.31026777710478504,0.2866843731072077,0.2994272158287906,0.310730244296386,0.33439313547345034,0.35117478295982235,0.364558550373511
1.0,1.0,1.0,0.099,0.005722524867736741,0.0050810000000000004,0.017879,0.031232000000000003,0.012198000000000002,0.006802,0.0016489999999999999,0.000681,0.0001,0.005186715246636772,0.018296580717488794,0.03180773542600897,0.01236328475336323,0.00700005605381166,0.0016085625,0.00111390134529148,0.0009162179908076167,0.005473571572784171,0.018874177266303246,0.03262634766807995,0.012823056733292953,0.00718766404199475,0.0018215198386012106,0.0015669089440742982,0.0015108608608608606,2020-10-30 11:09:39.674000+00:00,0.008315,0.09256600000000001,0.070653,0.039517,0.03295300000000001,0.029768000000000003,0.027049,0.021685000000000003,0.008300392376681617,0.09268895739910316,0.07076726457399105,0.03952410313901346,0.03298318385650225,0.029583800448430498,0.02732399103139014,0.0222722533632287,0.008452372299616394,0.09278651322430848,0.07081494044013727,0.03960181708055724,0.032913365636987685,0.02949785988289925,0.027536180092873012,0.022407874015748026
1.0,1.0,1.0,0.105,0.005722524867736741,0.004747,0.020062,0.031666,0.011815,0.0064849999999999994,0.000383,0.0002,0.0002,0.004724495515695068,0.020472645739910318,0.03230156950672646,0.012001737668161434,0.0065963004484304935,0.0005572869955156951,0.00046563706563706574,0.0003103256552819699,0.005009872804360993,0.021103109226731274,0.03312447001817081,0.012447506561679787,0.006718897637795275,0.0008832615384615381,0.001008731749212711,0.0006979151515151515,2020-10-30 11:09:35.949000+00:00,0.008398000000000001,0.09256600000000001,0.070653,0.039517,0.032936,0.029567999999999997,0.027098,0.021636,0.008283968609865472,0.09268895739910316,0.07076726457399105,0.03952410313901346,0.032921860986547084,0.029507286995515695,0.027303307174887898,0.022309865470852022,0.008424106602059358,0.09278651322430848,0.07081516252776092,0.03960181708055724,0.03285237229961638,0.029459802140117092,0.02748199071269937,0.022462830607712495
0.0,0.0,0.0,0.105,1.0,0.353245,0.7280880000000001,0.6622420000000001,0.626315,0.6454740000000001,0.624684,0.6203240000000001,0.603947,0.3536044843049328,0.7252923766816143,0.6598148542600897,0.6251229820627803,0.645836042600897,0.629269114349776,0.6209332959641255,0.6072133408071749,0.3538490006056934,0.7234001211387038,0.6590833030486573,0.6246822935594588,0.6458554007672119,0.6310896022612557,0.6226608923884513,0.6077711487987076,2020-11-04 11:09:36.860000+00:00,0.319379,0.526897,0.48060600000000003,0.506232,0.518197,0.5306970000000001,0.548992,0.557247,0.31970156950672646,0.5252201233183859,0.4790313340807176,0.5054611547085203,0.5184973094170404,0.5343521860986549,0.5494955156950673,0.5601000560538117,0.31992101756511204,0.5240118917827579,0.4785870381586917,0.5050472037149202,0.5185312941651525,0.535813769432667,0.5509406420351303,0.5606142943670502
0.0,0.0,0.0,0.116,1.0,0.23996599999999998,0.6958840000000001,0.6302460000000001,0.586412,0.593523,0.560292,0.545149,0.52496,0.24197359865470852,0.6940405269058295,0.6319073430493274,0.5793378363228701,0.5960840246636773,0.5634401905829597,0.5434553811659194,0.5265163116591929,0.24293153644256002,0.6938820916616191,0.6324874823339389,0.5756890773268725,0.5961210579446797,0.5655939026852411,0.5439142337976983,0.5266143751261859,2020-11-09 11:09:38.760000+00:00,0.218266,0.509124,0.458166,0.4742450000000001,0.46908000000000005,0.47344299999999995,0.4862490000000001,0.48509399999999997,0.22005369955156953,0.5079271300448431,0.45915263452914795,0.4691101457399104,0.47097909192825116,0.4758565022421525,0.4848559977578476,0.48644607623318387,0.22090831819099535,0.5078524530587522,0.4595535231173027,0.46641841308297993,0.4710065011104381,0.4775489804159093,0.4852591358772462,0.4865543307086614
0.0,0.0,0.0,0.187,1.0,0.243966,0.7470500000000001,0.667559,0.614478,0.632787,0.588307,0.565966,0.5415600000000002,0.2460537556053812,0.7451176569506726,0.669645403587444,0.6071174887892377,0.6356871636771302,0.5916082959641257,0.5642341367713004,0.5433289237668163,0.2470472642842721,0.7449996971532402,0.6704028871391077,0.6031402786190189,0.6357536442560062,0.5939682010902484,0.5647567736725215,0.5434886533414093,2020-11-09 11:09:35.037000+00:00,0.218266,0.509041,0.458066,0.4742450000000001,0.468997,0.47344299999999995,0.48616600000000004,0.48501099999999997,0.22005369955156953,0.5079125560538117,0.4591240470852018,0.46913323991031397,0.4709436098654709,0.4758320067264575,0.48482791479820625,0.486437331838565,0.22090805572380376,0.5078425196850392,0.45954740561276,0.4664158489804159,0.47098683626085186,0.4775289521502118,0.4852423985463356,0.4865596002422773
0.0,0.0,0.0,0.094,1.0,0.7068,1.0651359999999999,1.0205700000000002,0.9667600000000001,0.9829260000000001,0.9215490000000001,0.9027500000000002,0.882166,0.6842292600896861,1.008705605381166,0.9694569506726459,0.9207296524663677,0.9589661995515695,0.9083278587443947,0.8796920403587445,0.8568440022421524,0.6614191802947708,0.9680398142539876,0.9350620432061376,0.8920914395315969,0.929584635574399,0.8825232586311323,0.8566666464768825,0.8358603472642842,2020-11-19 11:09:37.142000+00:00,0.6290140000000001,0.7399500000000001,0.711971,0.7656540000000001,0.7423540000000001,0.7546080000000001,0.790499,0.806014,0.6090737668161437,0.7058221412556054,0.6794667040358744,0.7308897982062781,0.7251247757847535,0.7442602578475338,0.7711165919282512,0.7835997197309418,0.588937472239047,0.6812678376741368,0.6574558045628912,0.7092101554613365,0.7039053906723196,0.7240727034120733,0.75174338784575,0.7649611548556431
0.0,0.0,0.0,0.077,1.0,0.711568,1.038068,0.998596,0.9512880000000001,0.9850900000000001,0.918064,0.8951310000000001,0.8737300000000001,0.6886975896860987,0.9836659192825113,0.9485396300448433,0.9056914798206279,0.9612076233183857,0.9050234304932737,0.8723223094170405,0.8487950112107625,0.665596810014133,0.9441289117706437,0.914870321017565,0.8774117908338379,0.9316551786795881,0.8792842721582881,0.8495193216232587,0.8278306884716332,2020-11-19 11:09:33.421000+00:00,0.623972,0.734583,0.7101470000000001,0.763685,0.737984,0.7517810000000001,0.7808489999999999,0.7982130000000001,0.6023766255605382,0.7008863789237669,0.6741341367713004,0.7233567825112108,0.718017432735426,0.736656109865471,0.7627191143497759,0.7743672645739911,0.5879108217242073,0.6798633959216637,0.6558395719765797,0.7071844538663435,0.7019447607510599,0.7219744801130628,0.749707894205532,0.762886715122148
0.0,0.0,0.0,0.077,0.2575528912776378,0.025111,0.044767,0.053954,0.034092000000000004,0.031760000000000004,0.028937000000000004,0.029943,0.027530000000000002,0.025846860986547086,0.045600112107623325,0.054780325112107627,0.03453890134529149,0.03225039237668162,0.029544674887892385,0.030312836322869952,0.028549159192825115,0.027086270946900866,0.04736896830203917,0.05653634161114477,0.03562951746416314,0.033309731475873204,0.03025360387643851,0.03139616394104583,0.030312416717141123,2020-11-24 11:09:34.760000+00:00,0.0261,0.11467900000000002,0.08916600000000001,0.059,0.0533,0.051862000000000005,0.051433999999999994,0.045487,0.02635201793721973,0.11470470852017939,0.08914181614349778,0.05886732062780269,0.05319618834080717,0.051876008968609874,0.051275112107623325,0.04597186098654708,0.026681546537452052,0.11490882293559457,0.08918590753078942,0.058831112457096685,0.053212073490813645,0.051542984050070656,0.05119018776499091,0.04650337169392286
0.0,0.0,0.0,0.083,0.26470604736230874,0.024047,0.045600999999999996,0.053288,0.032743,0.030160000000000003,0.027254,0.028245,0.026064,0.024975560538116594,0.046388901345291486,0.054058464125560535,0.033136491031390145,0.030744450672645748,0.027760313901345292,0.028680997757847534,0.026929876681614354,0.026188067837674134,0.048151726226529384,0.05579406420351301,0.03419150010094891,0.03181976579850594,0.028507147183525133,0.029600908540278623,0.0286112457096709,2020-11-24 11:09:31.052000+00:00,0.025868000000000006,0.11467900000000002,0.08916600000000001,0.059,0.0532,0.051696000000000006,0.051451000000000004,0.045669999999999995,0.02627230941704036,0.11470470852017939,0.08915252242152469,0.05886732062780269,0.05314192825112109,0.05182315022421525,0.051326401345291484,0.045986603139013454,0.02664110640016151,0.11490775287704419,0.08919105592570159,0.058831112457096685,0.05318358570563295,0.05153149606299211,0.051213406016555614,0.04649929335756107
0.0,0.0,0.0,0.11,1.0,0.037589,0.04498,0.059023000000000006,0.0368,0.034177,0.033249,0.02981,0.0334,0.037789349775784756,0.04546967488789238,0.059966704035874445,0.03667331838565023,0.03409534753363229,0.031599047085201795,0.03171395739910314,0.03449125560538117,0.03784425600646072,0.04570337169392286,0.06004780940843933,0.036643428225317985,0.03478919846557641,0.03126024631536443,0.03266783767413688,0.03509073288915808,2020-11-29 11:09:34.724000+00:00,0.037655,0.122391,0.09530400000000001,0.063983,0.058479,0.059683,0.056308,0.0546,0.03793004484304934,0.12272483183856503,0.09590958520179375,0.06388979820627803,0.05845280269058298,0.05852298206278027,0.05789136771300449,0.05553492152466369,0.038043145568342415,0.12289573995558245,0.09600244296386026,0.0639099939430648,0.0589891378962245,0.0583265697557036,0.05873470623864325,0.05610567332929537
0.0,0.0,0.0,0.116,1.0,0.037806,0.047814,0.060406,0.0367,0.03506,0.033066,0.028693000000000003,0.032351000000000005,0.038116479820627804,0.04843279147982064,0.061310313901345295,0.03657124439461884,0.03492628923766816,0.031492320627802696,0.03088934977578476,0.033629372197309416,0.038241490006056936,0.04873137492428831,0.06148144558853221,0.03660004037956794,0.03567964869775892,0.031221481930143347,0.0319979608318191,0.03428409045023219,2020-11-29 11:09:31.008000+00:00,0.037655,0.122391,0.09538700000000001,0.063983,0.058479,0.059683,0.056191000000000005,0.0546,0.037940246636771306,0.12273514573991032,0.09592387892376684,0.06388979820627803,0.05845280269058298,0.05854775784753364,0.057889405829596424,0.05554170403587445,0.03804381183121342,0.12290567332929533,0.09600759135877243,0.06390619826367858,0.058984090450232174,0.05836200282656975,0.05875057540884312,0.056081546537452044
1.0,1.0,1.0,0.07200000000000001,0.005924496333656861,0.0062959999999999995,0.028187999999999998,0.041003000000000005,0.015207,0.007147000000000001,0.000285,0.00276,0.001451,0.0056680493273542605,0.027718441704035878,0.0403910874439462,0.013890751121076236,0.0074841367713004495,0.0012053560176433524,0.002226915887850467,0.0016535545023696682,0.005793902685241267,0.028487865939834444,0.0416982232990107,0.014097153240460325,0.008231233595800523,0.0014114857009997672,0.001991084116433646,0.0018498512790005946,2020-12-04 11:09:33.272000+00:00,0.008781,0.10443,0.07996400000000002,0.043779,0.034083,0.027572000000000003,0.027679000000000002,0.021501999999999997,0.008243273542600897,0.10391928251121077,0.07919260089686102,0.042672085201793726,0.03421782511210763,0.028397533632286996,0.026877970852017936,0.021385930493273548,0.008220088835049464,0.1038395517867959,0.07915594589137896,0.04245475469412477,0.03448986472844741,0.02836428427215828,0.02645574399353926,0.021002382394508377
1.0,1.0,1.0,0.07200000000000001,0.005924496333656861,0.005830000000000001,0.031688,0.04233700000000001,0.015607,0.007698,0.000202,0.0030750000000000005,0.001085,0.005311771300448431,0.03140050448430494,0.041811378923766816,0.014342825112107624,0.008059304932735429,0.00128175,0.002120415224913495,0.0012172006745362566,0.005494629517464162,0.0322911164950535,0.04313712901271955,0.014576277003836053,0.008756046840298808,0.001583360986015643,0.0018451042997020006,0.0013170198065407645,2020-12-04 11:09:29.568000+00:00,0.008681000000000001,0.10443,0.07996400000000002,0.043779,0.0342,0.027521000000000004,0.027845,0.021436,0.008159024663677131,0.10391928251121077,0.07918923766816145,0.042672085201793726,0.034293161434977584,0.02832387892376682,0.026914069506726458,0.02137045964125561,0.008176075105996366,0.10384227740763173,0.07915618816878658,0.04245475469412477,0.034524914193418126,0.028340722794266096,0.026440117100747014,0.020957520694528567
1.0,0.95347533632287,0.7740763173834039,0.07200000000000001,0.21137997004089923,0.021932,0.040139,0.05103500000000001,0.018623999999999998,0.014565000000000002,0.009531000000000001,0.016253,0.021735,0.024914910313901348,0.04239730941704037,0.05349949551569507,0.02141238789237668,0.017288621076233184,0.014000616591928253,0.01985280269058296,0.021017264573991033,0.030625136281041784,0.046117787199676956,0.05781368867353118,0.024837613567534826,0.021506379971734303,0.01838663436301232,0.023594064203513017,0.02513898647284474,2020-12-09 11:09:31.340000+00:00,0.023506000000000003,0.122,0.091366,0.050264,0.043356000000000006,0.039088,0.042612000000000004,0.04222800000000001,0.025617208520179374,0.12281894618834083,0.0921986547085202,0.05190639013452916,0.04499955156950673,0.04225285874439462,0.04503161434977579,0.041225672645739904,0.02930694528568543,0.12404031899858671,0.09353565515848977,0.053551968503936995,0.04729335756107409,0.044756208358570554,0.046928427215828794,0.04336404199475064
1.0,0.7146860986547084,0.6711084191399151,0.07200000000000001,0.22081652575416705,0.0213,0.04535600000000001,0.05312,0.019458000000000003,0.015782,0.010865,0.016938,0.021803,0.02421328475336323,0.04762724215246637,0.05557068385650225,0.022183015695067265,0.018495179372197308,0.015083015695067268,0.020496300448430496,0.021076849775784754,0.02975838885523924,0.05134048051685846,0.059793720977185535,0.02554076317383404,0.022682414698162727,0.019310700585503736,0.023959337775085802,0.02496337573187966,2020-12-09 11:09:27.625000+00:00,0.023506000000000003,0.122,0.091366,0.050264,0.043356000000000006,0.039171000000000004,0.042629,0.04222800000000001,0.0255777466367713,0.12281894618834083,0.0921986547085202,0.05190639013452916,0.04499859865470853,0.04224674887892378,0.045088172645739916,0.04120510089686099,0.02928491823137492,0.12404031899858671,0.09353565515848977,0.05355265495659196,0.04730440137290531,0.04474219664849586,0.046930022208762356,0.04332919442761962
0.0,0.0,0.0,0.07200000000000001,1.0,0.130136,0.101609,0.11446700000000001,0.127496,0.140928,0.146891,0.151178,0.157675,0.13131552690582962,0.10374075112107625,0.11727556053811662,0.12547752242152468,0.13819293721973094,0.14771109865470855,0.15282774663677132,0.15538890134529146,0.13128786593983444,0.10449569957601454,0.11694395315970112,0.1236524934383202,0.13654304461942257,0.14738663436301233,0.15113224308499898,0.15273058752271348,2020-12-24 11:09:31.480000+00:00,0.11861899999999999,0.153182,0.128881,0.130064,0.13649599999999998,0.14580600000000002,0.152593,0.159888,0.11966165919282509,0.15448469730941705,0.1305697869955157,0.12856025784753364,0.13441216367713008,0.14645426008968612,0.15395952914798208,0.15777242152466367,0.11963807793256613,0.15493741166969516,0.13036569755703614,0.1272139309509388,0.13317381385019184,0.1461991318392893,0.15254330708661415,0.15543024429638597
0.0,0.0,0.0,0.07200000000000001,1.0,0.13133600000000004,0.10604300000000001,0.117467,0.129096,0.142594,0.14847400000000002,0.15266100000000002,0.159141,0.1325312219730942,0.1082043721973094,0.12015863228699555,0.12701832959641257,0.13970173766816144,0.14928867713004484,0.15425325112107624,0.15671255605381168,0.13249909145972139,0.10892691298203108,0.11983125378558449,0.12515915606703007,0.1380122350090854,0.14894631536442562,0.15255899454875826,0.1540327882091661,2020-12-24 11:09:27.773000+00:00,0.11861899999999999,0.15319900000000003,0.128881,0.130064,0.136579,0.14580600000000002,0.15257600000000002,0.159888,0.11965885650224214,0.154510033632287,0.13056950672645742,0.1285740470852018,0.13444024663677132,0.14646496636771297,0.1539377802690583,0.15778346412556057,0.1196470421966485,0.15495013123359583,0.13036176054916213,0.12722285483545323,0.13318411064001617,0.14620248334342822,0.15252416717141126,0.15543704825358362
1.0,1.0,0.9400363416111448,0.07200000000000001,0.008959678640956446,0.010945000000000002,0.026599,0.039509,0.014277,0.010028,0.00416,0.0033130000000000004,0.004651000000000001,0.011592264573991033,0.02763553811659193,0.0418255605381166,0.014258632286995518,0.009993497757847535,0.003843385650224216,0.005194618834080718,0.006513901345291481,0.014279628507974962,0.029877347062386428,0.04438679588128406,0.015483848172824546,0.011393034524530584,0.006352735715727843,0.008482495457298607,0.010183161720169594,2020-12-29 11:09:34.414000+00:00,0.013415,0.114494,0.08403600000000001,0.046766,0.039666,0.034664,0.031682999999999996,0.02727,0.01397001121076233,0.11469450672645742,0.08488447309417041,0.046556165919282515,0.03949495515695068,0.03446042600896862,0.033125,0.028758968609865477,0.016152150211992733,0.11527256208358572,0.08530450232182514,0.046909469008681606,0.04019004643650312,0.036171532404603274,0.03564684029880881,0.03177135069654754
1.0,1.0,0.9400363416111448,0.07200000000000001,0.008959678640956446,0.010562000000000002,0.034482000000000006,0.043343000000000007,0.016010999999999997,0.011645,0.005260000000000001,0.00423,0.005117000000000001,0.011215358744394617,0.03552158071748879,0.04558312780269058,0.016027298206278028,0.011633744394618837,0.00492567264573991,0.006049607623318385,0.006823430493273544,0.013818090046436499,0.037829214617403586,0.04807514637593377,0.01721130627902281,0.013046153846153841,0.00743573591762568,0.009257904300423985,0.010389965677367252,2020-12-29 11:09:30.697000+00:00,0.013415,0.114494,0.08403600000000001,0.046766,0.039666,0.034764,0.0317,0.02727,0.01397001121076233,0.1146973094170404,0.08488447309417041,0.046556165919282515,0.03949495515695068,0.03446945067264574,0.03312578475336323,0.028768665919282514,0.01613194023823945,0.11526908944074299,0.08530284675953966,0.046909469008681606,0.04019073288915807,0.03617700383605895,0.03565083787603473,0.031761720169594186
0.0,0.0,0.0,0.105,0.8408520951734434,0.23306200000000002,0.137883,0.149207,0.14817500000000003,0.17438500000000004,0.218695,0.23190700000000003,0.237929,0.23164377802690586,0.13513374439461887,0.14908004484304935,0.14792567264573994,0.17378408071748883,0.2187744394618834,0.23271020179372198,0.23874932735426016,0.23015206945285674,0.13367413688673527,0.1471281849384212,0.14574290329093484,0.17081552594387242,0.21632285483545324,0.23009547748839093,0.23891958409045014,2021-01-03 11:09:33.132000+00:00,0.20969200000000002,0.208866,0.17473099999999997,0.16480099999999998,0.178675,0.21928500000000004,0.235397,0.24315699999999998,0.2086968609865471,0.20731771300448432,0.17483548206278024,0.16469030269058296,0.17835173766816148,0.21953032511210765,0.23623991031390135,0.2442070067264574,0.20802162325863102,0.20676725217040173,0.1739878457500504,0.16345634968705836,0.17662432868968297,0.21820440137290534,0.23479285281647488,0.2450413284877852
0.0,0.0,0.0,0.055,0.8408520951734434,0.22818899999999998,0.19439,0.18306300000000003,0.168433,0.191669,0.231103,0.24117699999999997,0.24296500000000001,0.2309970291479821,0.19554136771300454,0.18695745515695072,0.1720340807174888,0.19464389013452915,0.23575403587443947,0.2464933295964126,0.24828015695067265,0.2391679991924086,0.20158039571976583,0.19276238643246518,0.1772306077124975,0.19957197657985057,0.24287682212800313,0.2540620230163538,0.25890318998586714,2021-01-03 11:09:29.416000+00:00,0.20960900000000002,0.208866,0.17473099999999997,0.16481800000000002,0.178592,0.21921900000000002,0.235314,0.243357,0.2086873878923767,0.20731423766816146,0.17481687219730946,0.16472830717488793,0.17831670403587446,0.21957158071748883,0.2361785874439462,0.24432869955156958,0.20803012315768213,0.20676396123561472,0.1739675348273773,0.16347084595194827,0.17659257015949928,0.2182446396123561,0.23475741974560868,0.24509989905108018
0.0,0.0,0.0,0.132,0.7601588842198572,0.20719,0.243742,0.259502,0.26426,0.291909,0.303966,0.313354,0.314179,0.20102539237668163,0.2378514013452915,0.2520422645739911,0.25705891255605384,0.2785994955156951,0.29482242152466376,0.30231737668161435,0.3021741031390135,0.1996916010498687,0.23860337169392287,0.2520699979810216,0.25588532202705433,0.275028205128205,0.2915911164950534,0.29902743791641434,0.29723436301231576,2021-01-13 11:09:34.116000+00:00,0.18403400000000003,0.29981100000000005,0.26393700000000003,0.2649,0.27563400000000005,0.296032,0.311167,0.316601,0.17870723094170404,0.2964813901345292,0.25943968609865475,0.25977701793721975,0.2663163677130045,0.2890516255605382,0.3024497757847534,0.30653693946188343,0.17570672319806177,0.2950535433070866,0.2574981627296588,0.2565589137896224,0.261447425802544,0.28401970522915393,0.2969566727236018,0.29936480920654146
0.0,0.0,0.0,0.105,0.7985446833816761,0.201633,0.26976700000000003,0.27419299999999996,0.27098700000000003,0.298966,0.307504,0.31332400000000005,0.312317,0.2016864349775785,0.2707139013452915,0.27389915919282515,0.27134103139013455,0.2946220852017937,0.30770711883408075,0.3120080156950673,0.3101923206278027,0.2085941853422168,0.281632243084999,0.2846410458308096,0.28139347869977793,0.3024642438925903,0.3165639410458308,0.32074360993337364,0.31706846355743995,2021-01-13 11:09:30.402000+00:00,0.190071,0.301013,0.26676099999999997,0.270776,0.28226900000000005,0.30592500000000006,0.32167700000000005,0.327426,0.18511272421524666,0.30371989910313896,0.26699136771300447,0.2685938340807175,0.27562998878923767,0.29929164798206276,0.31448424887892373,0.3179102578475337,0.18159131839289316,0.30283878457500507,0.2649946698970321,0.26533813850191795,0.27044799111649503,0.2937155663234403,0.30737655966081157,0.31002877044215627
0.0,0.0,0.0,0.105,0.4767873072154305,0.02126,0.0001,0.013594,0.011528,0.012149000000000002,0.011555000000000001,0.014313000000000001,0.015396,0.021955549327354263,0.0001,0.012669226457399103,0.011430381165919283,0.01254114349775785,0.012845123318385651,0.014414461883408074,0.01565521300448431,0.022841166969513424,0.00011147148454505874,0.012787563093074902,0.011234100545124165,0.012874540682414698,0.013910034322632747,0.015149848576620228,0.016692307692307694,2021-01-18 11:09:35.361000+00:00,0.022915,0.093632,0.067166,0.045549000000000006,0.042053,0.041691000000000006,0.041902,0.037785,0.023057511210762337,0.09332057174887892,0.06646905829596413,0.04529030269058297,0.042216647982062774,0.04230134529147983,0.04156614349775785,0.03761889013452915,0.02320426004441753,0.09346846355743993,0.06620797496466788,0.044807591358772464,0.04201849384211587,0.04246721179083384,0.041518009287300615,0.037876660609731466
0.0,0.0,0.0,0.066,0.4835757925977457,0.021494000000000003,0.013311,0.024975000000000004,0.019077,0.018315,0.018036,0.020064,0.020664,0.02216334080717489,0.013076905829596416,0.024060426008968613,0.01903419282511211,0.01874585201793722,0.0191655269058296,0.020263789237668164,0.021006502242152468,0.02301833232384413,0.01367003836058954,0.02442996163941045,0.019066565717746817,0.019159660811629314,0.020255622854835446,0.02098265697557036,0.022110236220472437,2021-01-18 11:09:31.635000+00:00,0.022832,0.093632,0.067249,0.045549000000000006,0.042219,0.041756999999999996,0.041919,0.037719,0.023043217488789243,0.09332522421524664,0.06648363228699551,0.04529030269058297,0.04226423766816143,0.04234271300448431,0.041650728699551574,0.0375780269058296,0.023203432263274787,0.09347361195235211,0.06621790833838077,0.04480886331516253,0.0420634766807995,0.042509004643650296,0.041544336765596594,0.0378578235412881
1.0,1.0,1.0,0.077,0.10661849273183238,0.005249,0.008187,0.018692,0.004175,0.000749,0.0001,,0.0001,0.0053566143497757865,0.00855633408071749,0.018810650224215252,0.0037388452914798205,0.0013250560538116594,0.00012605477424130278,0.00013014128728414446,0.00016358609794628752,0.005427559055118108,0.008806279022814454,0.019499152029073284,0.003794932364223702,0.0018700383605895416,0.00034601356090717785,0.00022524461839530335,0.0004345129760701046,2021-02-07 11:09:33.729000+00:00,0.007817000000000001,0.086787,0.061198,0.032128000000000004,0.0265,0.023664,0.022547,0.018449,0.007834977578475337,0.08694181614349777,0.06111844170403588,0.031762443946188344,0.02673346412556054,0.023665134529147983,0.02234153587443947,0.01817186098654709,0.007751766606097315,0.08694330708661416,0.06119628507974964,0.03167371290127195,0.026989985867151223,0.0239608520088835,0.02232319806178074,0.018015626892792243
1.0,1.0,1.0,0.077,0.10947975516570074,0.005149,0.012653000000000003,0.020709,0.004975,0.001366,0.0001,0.0001,0.0001,0.0052012331838565025,0.01306816143497758,0.02092466367713005,0.004598094170403588,0.0018594170403587447,0.00014206500956022946,0.00017077720207253882,0.0001299638989169675,0.005245972138098122,0.013420310922673127,0.021644498283868358,0.00468887542903291,0.0024214415505754085,0.0005164532650448144,0.00033935804356132984,0.0003768247656915649,2021-02-07 11:09:30.003000+00:00,0.007817000000000001,0.086787,0.061198,0.032111,0.0265,0.023598,0.022447,0.018349,0.007834977578475337,0.08694181614349777,0.06111844170403588,0.03174815022421525,0.02673346412556054,0.02366065022421525,0.022323430493273545,0.018101177130044846,0.007751766606097315,0.08694463961235613,0.06120070664243892,0.031668564506359784,0.026989985867151223,0.0239578235412881,0.022307026044821317,0.017992489400363413
1.0,1.0,1.0,0.138,0.0014306312169341852,0.015681000000000004,0.008913,0.015992000000000003,0.010581,0.010617,0.007360000000000001,0.009998,0.011679000000000002,0.01565779147982063,0.008379596412556053,0.01509871076233184,0.010637051569506728,0.010609360986547087,0.008080549327354261,0.010045739910313902,0.012349775784753367,0.015689299414496257,0.008402927518675548,0.014960831819099536,0.010885443165758128,0.010724934383202099,0.009201675752069453,0.010512739753684632,0.012789662830607711,2021-02-27 11:09:34.368000+00:00,0.018633999999999998,0.08726600000000001,0.061381,0.039817000000000005,0.03800200000000001,0.037481,0.038285,0.034666,0.018533800448430497,0.08689495515695067,0.060775952914798224,0.0397478139013453,0.037929260089686105,0.0379283071748879,0.038163396860986555,0.0349463004484305,0.01831534423581668,0.08677668079951545,0.06046965475469411,0.03972134060165554,0.037798505955986265,0.03849911164950534,0.03823549364021804,0.03491766606097315
1.0,1.0,1.0,0.138,0.0014306312169341852,0.015564,0.012479,0.017391999999999998,0.010964,0.010733999999999999,0.007194,0.009764000000000002,0.011145,0.01531406950672646,0.0119557735426009,0.016528979820627804,0.010925952914798209,0.010974159192825112,0.00797443946188341,0.00971121076233184,0.01175840807174888,0.015219745608721984,0.012033797698364625,0.016404017767009896,0.011182697355138297,0.011114435695538057,0.009086957399555824,0.010018695739955582,0.012237532808398949,2021-02-27 11:09:30.645000+00:00,0.018734,0.08726600000000001,0.061381,0.039817000000000005,0.037919,0.037415000000000004,0.03845099999999999,0.034748999999999995,0.018507006726457397,0.08689495515695067,0.060775952914798224,0.0397478139013453,0.037957567264574,0.03793004484304932,0.038204484304932736,0.03497118834080718,0.018220432061376943,0.08677668079951545,0.06046965475469411,0.03972134060165554,0.03782465172622652,0.038528265697557025,0.03821207349081364,0.03495673329295377
0.0,0.0,0.0,0.187,1.0,0.648875,0.9911800000000001,0.9495680000000001,0.9208400000000001,0.9182880000000001,0.8820509999999999,0.8761200000000001,0.8544169999999999,0.6494954596412558,0.9949020179372197,0.9487105381165921,0.9197192825112109,0.9176859865470852,0.883338340807175,0.8769561659192826,0.8537888452914799,0.6512292751867553,0.9974984857662023,0.9499502927518676,0.9218290329093478,0.9191148394912176,0.8832314758732079,0.8784878255602664,0.8548411871592972,2021-03-04 11:09:33.581000+00:00,0.5784090000000001,0.647656,0.6376800000000001,0.697848,0.6911579999999999,0.708551,0.7376560000000001,0.7552719999999999,0.5789016816143499,0.6498262331838566,0.637078307174888,0.6970090807174888,0.690708408071749,0.7095067264573991,0.7383964125560538,0.7546795964125562,0.5804201090248334,0.6512967292549968,0.6378542903290934,0.698483504946497,0.6917159499293356,0.7094029477084594,0.7396088229355946,0.7555498687664042
0.0,0.0,0.0,0.132,1.0,0.5814940000000001,0.616187,0.588565,0.5868930000000001,0.6303430000000001,0.629451,0.620336,0.618051,0.5748673206278028,0.6115044843049329,0.5821386771300449,0.575230605381166,0.6157928811659195,0.6175853139013453,0.612788340807175,0.6097698430493275,0.5717956390066626,0.6009814455885322,0.5736674540682415,0.5692965879265093,0.6122161922067432,0.6173383202099738,0.6144218251564707,0.6142891782757925,2021-03-09 11:09:30.565000+00:00,0.524467,0.456028,0.43530800000000003,0.475248,0.503336,0.5365800000000001,0.554969,0.570022,0.5186461322869955,0.4530598094170404,0.4312160313901345,0.46645106502242156,0.49250112107623323,0.5272146300448431,0.5486664237668163,0.5628581838565023,0.5159166161922066,0.4466551584898041,0.42571148798707864,0.4619650716737329,0.48984520492630723,0.5270343832020995,0.5500019987886129,0.5668336563698768
0.0,0.0,0.0,0.105,0.9856936878306581,0.544529,0.709122,0.6716300000000001,0.6624950000000001,0.696206,0.693219,0.6917430000000001,0.6868219999999999,0.543615807174888,0.6978265695067266,0.664779932735426,0.660623038116592,0.690166311659193,0.6890735426008969,0.6913617152466368,0.687485369955157,0.542529578033515,0.6913772259236823,0.6608975974157075,0.6584739753684633,0.6883428225317988,0.6882060367454067,0.6904855441146778,0.6858043609933373,2021-03-14 11:09:33.888000+00:00,0.49801399999999996,0.5356259999999999,0.509347,0.551527,0.573595,0.6016739999999999,0.6232940000000001,0.642456,0.49720919282511217,0.5283417040358745,0.5045990470852019,0.5502461883408072,0.568952466367713,0.5982553811659194,0.6229839686098656,0.6430166479820629,0.49621068039571975,0.5241175449222691,0.5018582879063193,0.548564365031294,0.5675500706642438,0.5975391681809004,0.6222579648697759,0.6414985867151223
0.0,0.0,0.0,0.099,0.9856936878306581,0.549195,0.71659,0.67523,0.665929,0.7058720000000002,0.695953,0.6910749999999999,0.684671,0.5483062219730942,0.7053842488789238,0.6686635089686099,0.6642387331838566,0.699947869955157,0.6919609865470854,0.6905581278026908,0.685264461883408,0.547213749242883,0.698943993539269,0.6647121340601654,0.6620459115687461,0.6981740359378154,0.6911035534019785,0.6897323238441347,0.6836109024833433,2021-03-14 11:09:30.175000+00:00,0.498097,0.5355430000000001,0.509264,0.55161,0.573478,0.601591,0.62336,0.642422,0.4972529147982063,0.5283126121076235,0.5045844170403587,0.5502788677130046,0.5688772982062781,0.5982147421524664,0.6229928811659193,0.6429309417040359,0.4962518877448011,0.5241278215223096,0.5018377952755905,0.5485547950736928,0.5675079143953159,0.5974831415303856,0.6222818897637795,0.6414530183727034
0.0,0.0,0.0,0.105,1.0,0.45152899999999996,0.660154,0.59888,0.5823240000000001,0.6031200000000001,0.5828530000000001,0.573708,0.558413,0.4497090246636771,0.660142769058296,0.5954593049327356,0.5759068946188343,0.5983489349775786,0.5784151905829598,0.568230605381166,0.5576735426008969,0.4477464566929134,0.6596683827983041,0.5932443771451644,0.5729678174843528,0.5950544922269331,0.5747513022410659,0.5644043609933375,0.5555134867756916,2021-03-19 11:09:29.859000+00:00,0.413531,0.499975,0.45620299999999997,0.484717,0.49724700000000005,0.512108,0.527278,0.52683,0.4118696748878924,0.4999428251121076,0.4539008968609866,0.47981698430493275,0.49351036995515707,0.5084455156950672,0.5225489349775786,0.5261569506726458,0.410092105794468,0.4996744195437108,0.4524120129214617,0.47755158489804145,0.4909432061376943,0.5054086412275387,0.5192393095093882,0.524224308499899
1.0,1.0,1.0,0.192,0.0014306312169341852,0.0019510000000000003,0.0,0.0,0.0,0.0,0.0,0.0,0.0,0.0020505044843049333,0.0,0.0,0.0,0.0,0.0,0.0,0.0,0.002028588734100545,0.0,3.8804764789016753e-05,0.0,0.0,0.0,0.0,0.0,2021-03-24 11:09:33.492000+00:00,0.0084,0.07416400000000001,0.050069999999999996,0.027134000000000002,0.024848999999999996,0.022896,0.022798,0.015953000000000002,0.008420908071748879,0.07394181614349775,0.05054103139013453,0.02717668161434978,0.02465936098654709,0.022429652466367717,0.02243553811659193,0.016641199551569508,0.008400585503735108,0.07419075307894205,0.05066303250555218,0.027341389057137087,0.024606824146981617,0.02258291944276196,0.02255069654754694,0.017514940440137284
1.0,1.0,1.0,0.126,0.0014306312169341852,0.0044,0.009596,0.008755,1.7e-05,0.0,0.0,0.0,0.0,0.004527634529147983,0.009257847533632289,0.009483856502242153,9.753363228699552e-05,0.0,0.0,0.0,0.0,0.0045061982636785776,0.00966767615586513,0.009648818897637794,0.00027750858065818694,2.9073288915808596e-06,0.0,0.0,0.0,2021-03-24 11:09:29.779000+00:00,0.008483000000000001,0.07416400000000001,0.050069999999999996,0.027134000000000002,0.025115000000000002,0.022896,0.022549000000000003,0.016104000000000004,0.008497085201793722,0.07394646860986548,0.05054103139013453,0.02717668161434978,0.02474971973094171,0.022419282511210763,0.02240011210762332,0.016753307174887894,0.0084547345043408,0.07419590147385421,0.05066303250555218,0.027341389057137087,0.024657884110640016,0.022561760549162126,0.02252356147789218,0.017577892186553604
1.0,0.95347533632287,0.7195639006662627,0.187,0.0,0.026975000000000002,0.014777,0.023945,0.017898,0.020762,0.024041000000000003,0.025175,0.028069,0.02647270179372198,0.013498598654708524,0.023983071748878926,0.017930661434977582,0.02112550448430494,0.024118161434977584,0.02544786995515695,0.027778979820627808,0.02665370482535836,0.013722128003230366,0.024640157480314957,0.01830428023420149,0.022068524126791843,0.02444142943670503,0.02621231576822128,0.02854066222491419,2021-03-29 11:09:32.196000+00:00,0.029979000000000002,0.088298,0.06708300000000002,0.046651,0.046766,0.053947,0.054881,0.053709,0.02940414798206278,0.08753391255605383,0.06702382286995516,0.04657208520179372,0.04691614349775785,0.05383929372197311,0.05493021300448431,0.05327690582959643,0.029312921461740356,0.08754070260448213,0.06722198667474259,0.04666412275388654,0.0473586109428629,0.05375473450434079,0.05519410458308095,0.05352350090854027
1.0,0.7146860986547084,0.616596002422774,0.23,0.0,0.025341000000000002,0.011094000000000001,0.019379,0.013248999999999999,0.014779,0.016358,0.017375,0.021369000000000003,0.024676569506726465,0.009726849775784755,0.019430773542600904,0.013292376681614352,0.015091647982062783,0.016377914798206283,0.01759596412556054,0.021104035874439465,0.024795033313143543,0.009912497476277001,0.020078053704825356,0.013637997173430243,0.01601909953563497,0.01660510801534423,0.018304805168584702,0.021866484958610936,2021-03-29 11:09:28.482000+00:00,0.030062000000000002,0.088298,0.06708300000000002,0.046651,0.046849,0.053947,0.054947,0.053509,0.029474607623318386,0.08753391255605383,0.06702382286995516,0.04657208520179372,0.04693043721973094,0.053859697309417046,0.05499742152466368,0.05320005605381167,0.02934881889763779,0.08754070260448213,0.06721693922875026,0.04666412275388654,0.04735245305875226,0.05374593175853019,0.05524278215223096,0.0534988088027458
1.0,0.95347533632287,0.7195639006662627,0.20800000000000002,0.23899395768697787,0.09288800000000001,0.07597600000000002,0.081084,0.073426,0.087214,0.090797,0.09424,0.09693099999999999,0.09168183856502242,0.0747103139013453,0.08048822869955158,0.07446322869955158,0.08476519058295964,0.09058492152466369,0.09649243273542601,0.09755723094170403,0.09066274984857663,0.07290557238037552,0.07806688875429033,0.07223656369876841,0.08242016959418534,0.08768645265495659,0.09300292751867555,0.09520325055521904,2021-04-03 11:09:32.425000+00:00,0.08994600000000001,0.12640700000000002,0.10754699999999999,0.09162499999999998,0.09903200000000001,0.11044100000000001,0.11618200000000001,0.117938,0.08881866591928253,0.12575936098654708,0.10722449551569507,0.092417432735426,0.09727169282511211,0.11015128923766818,0.1178781950672646,0.11835818385650224,0.08801954371088229,0.12477425802543912,0.10581653543307087,0.09089646678780533,0.09571903896628305,0.10810740965071672,0.1152556430446194,0.11651193216232586
1.0,0.7146860986547084,0.6141732283464566,0.311,0.31416661523874706,0.09149,0.071835,0.07479200000000001,0.066851,0.081684,0.078239,0.07956700000000001,0.08333499999999999,0.09012247757847534,0.07038413677130044,0.07404523542600897,0.06809585201793722,0.07865538116591929,0.07779248878923767,0.08191463004484306,0.08402085201793724,0.08911494044013728,0.06835756107409652,0.07138719967696346,0.06569899051080154,0.07609081364829397,0.07463539269129821,0.07824867756915001,0.08159648697758931,2021-04-03 11:09:28.716000+00:00,0.090231,0.127858,0.108881,0.092693,0.100249,0.111843,0.117684,0.11924,0.08906020179372197,0.12717931614349778,0.10848436098654711,0.09351507847533633,0.09843010089686098,0.11150022421524666,0.11931440582959642,0.11979876681614349,0.08821796890773267,0.12620304865737936,0.10706436503129416,0.09198360589541692,0.09683456491015545,0.10935937815465374,0.11663250555219054,0.11789018776499097
0.0,0.0,0.0,0.224,1.0,0.08171500000000001,0.086204,0.088504,0.08723,0.101498,0.11059600000000001,0.11534300000000001,0.11694900000000003,0.0817133408071749,0.08647572869955157,0.08986928251121076,0.08721838565022424,0.10127174887892378,0.11042096412556054,0.11469714125560539,0.1163288677130045,0.08155641025641025,0.08614609327680194,0.09016634363012316,0.0871189582071472,0.10068915808600845,0.11031395114072277,0.1143539874823339,0.11708964264082372,2021-04-08 11:09:30.143000+00:00,0.078832,0.138002,0.113719,0.102098,0.10953200000000002,0.12443000000000001,0.131528,0.131849,0.07881860986547087,0.1381133408071749,0.11454596412556053,0.10214534753363229,0.1094142937219731,0.12425538116591929,0.13109775784753364,0.13133167040358742,0.07870195840904501,0.1379310922673127,0.1147247122955784,0.10209586109428627,0.1090125580456289,0.12414786997779123,0.13082186553603872,0.13196186149808195
0.0,0.0,0.0,0.186,1.0,0.082432,0.09187000000000001,0.09217,0.08954700000000002,0.104898,0.11434499999999999,0.11836,0.119366,0.08242017937219732,0.09206659192825115,0.09351395739910313,0.08955112107623321,0.10468127802690586,0.11410538116591928,0.11786883408071752,0.11876614349775784,0.0822783565515849,0.0917749242883101,0.0938007874015748,0.0894772864930345,0.10413918837068445,0.11395168584696141,0.11758245507773063,0.11952864930345244,2021-04-08 11:09:26.430000+00:00,0.078832,0.138002,0.113702,0.102098,0.10953200000000002,0.12443000000000001,0.131445,0.131849,0.07881395739910316,0.1381133408071749,0.11453167040358744,0.10215582959641256,0.1094142937219731,0.12425257847533633,0.1310806614349776,0.13132584080717488,0.07869681001413284,0.13793082980012109,0.11471956390066625,0.10210100948919845,0.1090125580456289,0.12413141530385623,0.13083422168382797,0.1319513628104179
0.0,0.0,0.0,0.137,1.0,0.23381100000000002,0.177642,0.20017800000000002,0.217498,0.241117,0.27820900000000004,0.293007,0.30351200000000006,0.23428693946188342,0.18964927130044842,0.20248609865470854,0.21320896860986552,0.2396499439461884,0.2751408071748879,0.2905604260089687,0.2980242152466368,0.23247769028871385,0.20298614980819704,0.20296402180496664,0.20923823945083786,0.23558186957399554,0.27163076923076923,0.2868100343226327,0.29324593175853014,2021-04-13 11:09:27.061000+00:00,0.216728,0.18503,0.184652,0.200115,0.21781699999999998,0.262117,0.283364,0.299969,0.2171546524663677,0.19262326233183857,0.1862269618834081,0.1968307735426009,0.21668520179372197,0.2596911434977579,0.28129103139013456,0.29523957399103146,0.21551005451241664,0.2010676357762972,0.1865530385624874,0.19374986876640415,0.21353050676357757,0.2568360589541692,0.27811669695134256,0.2909889158086008
1.0,1.0,1.0,0.148,0.0,0.00883,0.020128,0.024102000000000002,0.011396,0.010036000000000002,0.007432,0.006334,0.008575,0.009022869955156953,0.019388733183856505,0.024103531390134533,0.01132085201793722,0.010484529147982063,0.007087892376681615,0.006944394618834081,0.007209641255605381,0.009221966484958611,0.019427377347062385,0.02424233797698364,0.011691378962245105,0.010524631536442555,0.006921784776902886,0.007087583282858872,0.0069974762770038355,2021-04-18 11:09:29.150000+00:00,0.012864,0.08423000000000001,0.06166800000000001,0.036947,0.035168,0.036215000000000004,0.034234,0.031609,0.013055100896860987,0.08376367713004486,0.061617993273542594,0.03685190582959642,0.03546300448430493,0.03590678251121076,0.03471053811659194,0.030396804932735423,0.013211568746214417,0.08379230769230768,0.061690248334342807,0.037127740763173836,0.03548219261053906,0.03575754088431254,0.034848374722390475,0.030212134060165548
1.0,1.0,1.0,0.15396860986547087,0.0,0.008347,0.021828,0.024519000000000006,0.010996000000000002,0.009485,0.006181,0.005516999999999999,0.007109,0.00859237668161435,0.021080437219730946,0.024554876681614355,0.01093621076233184,0.01004321748878924,0.005953755605381167,0.005902802690582961,0.005920291479820628,0.008802362204724409,0.02114663840096911,0.024714375126186145,0.011322451039773874,0.010090450232182515,0.005840944881889763,0.006000686452654956,0.0057263476680799496,2021-04-18 11:09:25.444000+00:00,0.012781000000000002,0.08423000000000001,0.06166800000000001,0.036947,0.035051000000000006,0.035981000000000006,0.034417,0.03146,0.013035538116591932,0.08375028026905831,0.061617993273542594,0.03685190582959642,0.03541317264573991,0.035769394618834084,0.034781390134529154,0.03041199551569507,0.01320084797092671,0.08378715929739551,0.06168998586715121,0.037127740763173836,0.035445628911770645,0.03566367857863921,0.034871128608923885,0.030254512416717137
0.0,0.0,0.0,0.11,1.0,0.072989,0.075966,0.07795099999999999,0.063464,0.069415,0.076823,0.082085,0.085181,0.07404288116591928,0.07599237668161436,0.07770784753363227,0.06375779147982064,0.06911900224215246,0.077872533632287,0.08261502242152467,0.08497628923766816,0.07428944074298405,0.07564855643044618,0.07723317181506158,0.06350817686250758,0.06905925701594992,0.07827141126589945,0.08309020795477488,0.08484264082374318,2021-04-23 11:09:25.108000+00:00,0.069755,0.11858300000000001,0.099051,0.07748100000000001,0.078832,0.089738,0.095602,0.097632,0.07060493273542601,0.11860644618834082,0.09892830717488789,0.07771659192825113,0.0786164798206278,0.09052045964125563,0.09615162556053813,0.09756519058295966,0.07082469210579447,0.11836232586311325,0.09858762366242678,0.07752132041187157,0.07857050272562083,0.09082733696749444,0.09653834039975771,0.09744849586109426
0.0,0.0,0.0,0.10447757847533631,1.0,0.5931829999999999,0.788731,0.751928,0.7312710000000001,0.785958,0.767227,0.7480980000000002,0.7416,0.593957735426009,0.7881156390134528,0.7492604260089687,0.7306257286995514,0.7847198430493274,0.7664064461883408,0.7498838565022423,0.7395947869955158,0.5959250959014737,0.7876878861296183,0.748030123157682,0.7303920856046839,0.7846291136684836,0.7685659802140117,0.7525994346860487,0.7415405007066423,2021-04-28 11:09:31.676000+00:00,0.5470830000000001,0.6117710000000001,0.5879789999999999,0.6232070000000001,0.64626,0.6729419999999999,0.689949,0.7039169999999999,0.5477690582959642,0.6112067264573992,0.586020739910314,0.622711042600897,0.6453401345291481,0.672243778026906,0.6915993273542603,0.7020649663677131,0.5495882293559458,0.6108916212396528,0.5851944679991925,0.6224702604482133,0.645275711689885,0.6740428831011508,0.693988814859681,0.7038679184332729
0.0,0.0,0.0,0.186,1.0,0.6084660000000001,0.88918,0.827494,0.7906540000000001,0.850358,0.812944,0.782249,0.770334,0.6092108183856502,0.8880452914798206,0.8245734304932736,0.7899736547085203,0.8491345291479822,0.8120396860986547,0.7842535313901347,0.7682471412556054,0.6112602261255804,0.8875362002826569,0.8231866747425801,0.7896753684635575,0.8490819907126993,0.8143858873410054,0.7871778921865537,0.7703616394104583,2021-04-28 11:09:27.967000+00:00,0.5470830000000001,0.6117710000000001,0.5879789999999999,0.6232070000000001,0.64626,0.672925,0.689932,0.703834,0.5477690582959642,0.611185538116592,0.5860130605381166,0.6227174327354261,0.6453319506726458,0.6722431053811659,0.6915869955156951,0.7020788677130044,0.5495875832828588,0.6108808197052292,0.5851955380577428,0.6224778316172018,0.6452921865536038,0.6740630526953361,0.6939921057944679,0.7038982434887947
0.0,0.0,0.0,0.186,1.0,0.29454700000000006,0.38712,0.39617500000000005,0.41089200000000003,0.43816200000000005,0.464598,0.478375,0.48247500000000004,0.29398929372197313,0.38610140134529153,0.3946267937219731,0.40999170403587454,0.43764215246636784,0.4645146860986547,0.4775008968609866,0.48182023542600905,0.2937721986674742,0.3852437108822936,0.3935293963254593,0.40816107409650715,0.4357953967292549,0.46386614173228347,0.4764981021603068,0.4810840500706641,2021-05-03 11:09:31.222000+00:00,0.270864,0.4155920000000001,0.387894,0.40489400000000003,0.4129130000000001,0.45111500000000004,0.476143,0.48852599999999996,0.27038570627802694,0.41507729820627803,0.386772869955157,0.40426978699551563,0.41249332959641266,0.4510466367713005,0.4753736547085202,0.4879402466367713,0.2702021401171007,0.4145257419745608,0.3860337371290127,0.4028494044013729,0.411084151019584,0.45052713506965464,0.4745295578437311,0.4872919846557642
0.0,0.0,0.0,0.186,1.0,0.29814700000000005,0.563771,0.517141,0.49660899999999997,0.5226620000000001,0.527081,0.527792,0.5196090000000001,0.29759103139013465,0.5631271860986549,0.5154451793721974,0.4956838565022421,0.5221128923766816,0.526984192825112,0.5269069506726458,0.5189664237668162,0.2973949727437916,0.5622464566929133,0.5142791843327277,0.49380680395719767,0.5201666868564505,0.5262915808600847,0.5258327680193823,0.5182098929941448,2021-05-03 11:09:27.510000+00:00,0.270864,0.4155920000000001,0.387894,0.40489400000000003,0.4129130000000001,0.45111500000000004,0.47615999999999997,0.48846,0.27038598654708523,0.41507729820627803,0.386772869955157,0.40426978699551563,0.41249332959641266,0.45106171524663685,0.47542309417040357,0.4879390134529148,0.2702071673733091,0.41452992125984256,0.3860286896830203,0.40285521905915606,0.41108919846557634,0.45053317181506136,0.4745517666060972,0.48729030890369474
0.0,0.0,0.0,0.24,1.0,0.082213,0.06668299999999999,0.08422800000000001,0.074411,0.086064,0.093106,0.10572599999999999,0.110756,0.0822139013452915,0.066689966367713,0.0845554932735426,0.07345543721973094,0.08513906950672648,0.09500156950672646,0.10374484304932734,0.10864764573991033,0.08233700787401575,0.06604902079547746,0.08411508176862506,0.0733619018776499,0.08488594791035736,0.0949154653745205,0.10204603270745002,0.10697203714920246,2021-05-08 11:09:33.500000+00:00,0.080847,0.120883,0.108447,0.090896,0.09769800000000001,0.112721,0.126394,0.129341,0.08084708520179373,0.12087343049327355,0.10865818385650228,0.09024215246636771,0.09706463004484306,0.1141792600896861,0.12485263452914801,0.12757959641255606,0.08093924894003632,0.12052006864526546,0.10839660811629312,0.09017278417120936,0.09685955986270943,0.11412681203311123,0.12353547345043407,0.1262026650514839
0.0,0.0,0.0,0.1539966367713005,1.0,0.08383,0.07378300000000002,0.08836200000000001,0.07774500000000001,0.09149800000000001,0.100389,0.11242600000000001,0.115907,0.08389484304932737,0.07376378923766815,0.08864411434977579,0.07684910313901344,0.0906740470852018,0.10233789237668164,0.11043323991031391,0.11413593049327356,0.08402333939026849,0.07319456894811224,0.0882596204320614,0.07674845548152633,0.09040234201494043,0.10225424994952553,0.10879715324046033,0.1126241267918433,2021-05-08 11:09:29.786000+00:00,0.08074700000000001,0.120883,0.108447,0.090896,0.09771500000000001,0.112721,0.126477,0.129158,0.08078032511210764,0.12087343049327355,0.10865846412556056,0.09024215246636771,0.09710532511210765,0.11421844170403588,0.12485807174887895,0.1275381726457399,0.08089697153240459,0.12052006864526546,0.10839697153240459,0.09017278417120936,0.09688259640621841,0.11412877044215625,0.123515788411064,0.12617849788007263
0.0,0.0,0.0,0.213,1.0,0.07621700000000001,0.070421,0.075351,0.06744499999999999,0.074896,0.079636,0.081547,0.084149,0.07655818385650225,0.0712045403587444,0.07523038116591929,0.0671240470852018,0.07484299327354262,0.07959635650224216,0.08150582959641256,0.08359377802690585,0.07660351302241067,0.07074064203513021,0.07572774076317385,0.0677311124570967,0.07563010296789822,0.07937336967494446,0.08233819907126991,0.08422980012113868,2021-05-18 11:09:34.734000+00:00,0.074117,0.121936,0.101734,0.08423000000000001,0.086864,0.09898500000000002,0.103498,0.10376600000000001,0.07442034753363229,0.12237443946188344,0.1016240470852018,0.08403772421524665,0.08685689461883409,0.0989372197309417,0.1034939461883408,0.10335241031390137,0.0744563698768423,0.12210304865737936,0.10194405410862102,0.0844757116898849,0.08739761760549163,0.09877240056531396,0.10413862305673326,0.10389085402786188
0.0,0.0,0.0,0.213,1.0,0.076617,0.07330400000000001,0.07686799999999999,0.06806200000000001,0.07609600000000001,0.08058500000000002,0.082047,0.084266,0.07694579596412558,0.0740487668161435,0.07675022421524665,0.06781715246636771,0.07603632286995518,0.08043906950672647,0.08198766816143499,0.08388626681614349,0.07696963456491014,0.07356858469614373,0.0772198061780739,0.06844258025439127,0.07677712497476277,0.08021003432263273,0.08282965879265092,0.08453347466182111,2021-05-18 11:09:31.021000+00:00,0.074117,0.121936,0.101734,0.08423000000000001,0.086864,0.09898500000000002,0.103498,0.10368300000000001,0.07441569506726459,0.12237443946188344,0.1016240470852018,0.08403279147982064,0.08685689461883409,0.0989372197309417,0.10348901345291481,0.10337550448430496,0.07445122148193012,0.12209814253987482,0.10194405410862102,0.08447056329497273,0.0873898647284474,0.09877240056531396,0.10413133454472036,0.10390349283262668
0.0,0.0,0.0,0.192,0.23135270389299997,0.018181,0.034,0.042714999999999996,0.020681,0.024215,0.009966000000000001,0.013415,0.011947,0.01942584080717489,0.035109753363228705,0.04363441704035875,0.021608239910313905,0.024781726457399105,0.011728643497757846,0.013981053811659195,0.012562668161434979,0.02043420149404401,0.03582626690894407,0.04486408237431859,0.022684615384615383,0.025436987684231777,0.013052574197456084,0.014962447001817076,0.013735857056329492,2021-06-02 11:09:37.137000+00:00,0.022498,0.0931,0.077549,0.046615,0.048332,0.044365999999999996,0.047231999999999996,0.042064,0.02364837443946189,0.09379344170403589,0.07815420403587443,0.047345964125560545,0.0487563340807175,0.045717713004484316,0.047747982062780275,0.042650112107623324,0.02457746820109024,0.094240117100747,0.07897165354330707,0.04815447203714919,0.04926020593579647,0.046763739147991125,0.04857108822935594,0.04369313547345043
1.0,0.7146860986547084,0.616596002422774,0.24,0.0,0.016415000000000003,0.030934000000000003,0.039449,0.016498000000000002,0.019832000000000002,0.002483,0.005649,0.004764,0.017772869955156954,0.03220112107623319,0.04046664798206279,0.017555717488789237,0.020435257847533635,0.004358576233183856,0.006302242152466369,0.00545908071748879,0.01883416111447607,0.03299261053906723,0.04178354532606501,0.018680516858469616,0.021152453058752265,0.005789158086008479,0.00733955178679588,0.00671259842519685,2021-06-02 11:09:35.292000+00:00,0.022498,0.0931,0.077549,0.046615,0.048332,0.044365999999999996,0.047231999999999996,0.042064,0.02364837443946189,0.09379344170403589,0.07815420403587443,0.047345964125560545,0.0487563340807175,0.045717713004484316,0.047747982062780275,0.042650112107623324,0.02457746820109024,0.094240117100747,0.07897165354330707,0.04815447203714919,0.04926020593579647,0.046763739147991125,0.048567756915001,0.04369313547345043
1.0,1.0,0.9981829194427619,0.137,0.0,0.0072829999999999995,0.023411,0.042662,0.010732,0.006270000000000001,0.0,0.0,0.0,0.008778082959641257,0.023638004484304937,0.04363110986547085,0.011870964125560539,0.008221132286995517,6.289237668161435e-05,0.0001257847533632287,0.0005626121076233184,0.009873813850191801,0.024371088229355936,0.04466824146981628,0.012924772864930342,0.010484716333535227,0.0010353119321623258,0.00126363819907127,0.0012289319604280233,2021-06-07 11:09:35.288000+00:00,0.011666000000000001,0.084196,0.07443,0.035832,0.031519,0.025713000000000003,0.026198000000000003,0.020557,0.012894114349775786,0.08432006726457399,0.0750707399103139,0.03667707399103139,0.032998486547085204,0.02733015695067265,0.02713895739910314,0.02314125560538117,0.013886351706036743,0.08478491823137492,0.07578964264082373,0.0375038764385221,0.03474330708661417,0.0281911164950535,0.028418473652331917,0.02396208358570563
1.0,1.0,0.9981829194427619,0.121,0.0,0.008249000000000001,0.027211,0.044961999999999995,0.012632,0.008570000000000001,0.0,0.0,0.0,0.0094375,0.02741810538116592,0.045933968609865476,0.013737051569506728,0.010460762331838569,0.0006893497757847533,0.0008117152466367713,0.001468273542600897,0.010503613971330504,0.028152311730264484,0.04695049464970724,0.014806642438925901,0.01275532000807591,0.00179442761962447,0.002245830809610337,0.0021353321219462953,2021-06-07 11:09:31.578000+00:00,0.011866000000000002,0.084196,0.07443,0.035748999999999996,0.031519,0.025630000000000003,0.026181000000000003,0.020574,0.012978923766816145,0.08432006726457399,0.07507959641255606,0.0366627802690583,0.032966255605381176,0.02733974215246637,0.02711984304932736,0.023193441704035877,0.013940016151827172,0.08478491823137492,0.07578964264082373,0.0375025641025641,0.03474540682414697,0.028193842115889364,0.0283873006258833,0.023996688875429027
1.0,0.95347533632287,0.732283464566929,0.197,0.0028612624338683703,0.062832,0.078127,0.09332000000000001,0.071761,0.07357000000000001,0.05891199999999999,0.059192999999999996,0.05992000000000001,0.060422477578475346,0.07313329596412557,0.08978778026905831,0.06757292600896862,0.06847724215246637,0.05335751121076234,0.055730493273542604,0.05580386771300449,0.057389521502119914,0.06955606703008275,0.08588461538461536,0.06326000403795679,0.06378342418736117,0.04931481930143347,0.05113607914395316,0.050947365233191995,2021-06-12 11:09:35.609000+00:00,0.065918,0.120877,0.11307900000000001,0.088867,0.08708200000000002,0.08601600000000001,0.089546,0.089163,0.06324299327354262,0.1184755605381166,0.11072320627802691,0.08560739910313901,0.08309742152466368,0.08163738789237669,0.08655941704035877,0.08498329596412559,0.05860757116898849,0.11437538865334136,0.10617524732485357,0.07989420553200081,0.07742410660205933,0.07636476882697353,0.08016858469614375,0.07841558651322429
1.0,0.7146860986547084,0.6293155663234403,0.181,0.0,0.06764600000000001,0.085751,0.100342,0.078534,0.082194,0.0677,0.067802,0.068306,0.06469170403587444,0.08173733183856502,0.09670470852017939,0.0742582399103139,0.07664400224215247,0.062084641255605394,0.06428867713004484,0.06353772421524664,0.059449323642237026,0.07492457096709064,0.08973926912982032,0.06666591964465979,0.06863652331920046,0.0552166363819907,0.05655396729254995,0.055944235816676756,2021-06-12 11:09:31.894000+00:00,0.06585200000000001,0.120877,0.11307900000000001,0.088867,0.08706500000000002,0.085899,0.08948000000000002,0.089297,0.06321283632286996,0.11847062780269059,0.1107182735426009,0.08560773542600897,0.08311664798206278,0.0815987668161435,0.08648963004484306,0.08511093049327356,0.05856923076923077,0.11437112860892393,0.10617278417120933,0.07991130627902282,0.07742311730264485,0.07633741166969513,0.08013373712901269,0.07847712497476275
0.0,0.0,0.0,0.115,0.9479530752960845,0.352658,0.552031,0.524139,0.520001,0.565377,0.584167,0.5977290000000001,0.60667,0.3441529147982063,0.541104484304933,0.5282547085201794,0.5195279147982063,0.5563290358744395,0.5669851457399104,0.5797233744394619,0.5815867152466369,0.33616133656369873,0.5379089440742982,0.5199974157076518,0.5089905713708863,0.5424392085604685,0.5521527559055118,0.5600385826771651,0.5636407026044822,2021-06-17 11:09:30.990000+00:00,0.32307300000000005,0.45731499999999997,0.43005000000000004,0.45580800000000005,0.46235400000000004,0.511714,0.5530400000000001,0.5796700000000001,0.3154588004484305,0.4498173206278027,0.4331334641255606,0.45553211883408073,0.4555668721973095,0.4977178811659193,0.537482903587444,0.5569496636771301,0.308254633555421,0.4476836866545528,0.42726192206743396,0.44708584696143755,0.44503403997577223,0.48561278013325265,0.5204019987886129,0.5406823541288108
0.0,0.0,0.0,0.186,1.0,0.451209,0.534579,0.508777,0.5103960000000001,0.5548400000000001,0.562887,0.564524,0.5591640000000001,0.4470903587443946,0.5352367152466369,0.5128659753363228,0.5124735986547084,0.5533105941704036,0.5549854260089686,0.5578081278026906,0.5521670403587445,0.44213194023823954,0.540538158691702,0.5161582071471835,0.5124739955582474,0.549924348879467,0.5487131637391478,0.5509104381183122,0.54556571774682,2021-06-22 11:09:35.150000+00:00,0.409543,0.44250100000000003,0.41687900000000006,0.44343800000000005,0.460814,0.497693,0.521992,0.5356810000000001,0.4058191704035875,0.4428485426008969,0.41956541479820636,0.4448897421524664,0.4597139573991032,0.49149276905829603,0.5164491591928253,0.5296220291479821,0.4013904502321825,0.44613872400565324,0.4217760952957803,0.44487058348475667,0.4572023016353724,0.48654566929133847,0.5107466384009689,0.5238952957803351
0.0,0.0,0.0,0.121,1.0,0.44937499999999997,0.5613430000000001,0.5226280000000001,0.514464,0.56704,0.574736,0.5738070000000001,0.563413,0.445140134529148,0.561890134529148,0.5265905269058297,0.516163340807175,0.5655116591928251,0.566807062780269,0.5672054932735427,0.5564059977578476,0.44023486775691495,0.5668673127397535,0.5297137290530991,0.5161086210377548,0.5622098122350089,0.5606790430042399,0.5604633757318797,0.5500013123359581,2021-06-22 11:09:31.439000+00:00,0.40952600000000006,0.44250100000000003,0.416962,0.44343800000000005,0.460797,0.49784200000000006,0.5220750000000001,0.535747,0.4057380605381166,0.4428488789237669,0.4195941704035875,0.4448897421524664,0.459690639013453,0.491460538116592,0.5164567825112109,0.5295656390134529,0.4013498283868363,0.44611693922875023,0.42178639208560464,0.4448714516454674,0.457172905309913,0.4865121340601654,0.5107166565717747,0.5238128810821723
1.0,0.95347533632287,0.7195639006662627,0.148,0.0,0.05484900000000001,0.063734,0.08638500000000002,0.059076000000000004,0.062449000000000005,0.049883,0.052162,0.05107300000000001,0.05514540358744396,0.06272331838565023,0.08753127802690586,0.060636042600896875,0.06323469730941704,0.05010459641255605,0.051176737668161436,0.049361491031390155,0.054608863315162515,0.06212138098122349,0.08712273369674944,0.060060226125580436,0.06327050272562083,0.04935586513224307,0.050006581869573984,0.0487005855037351,2021-06-27 11:09:36.177000+00:00,0.054815,0.1101,0.104434,0.07384,0.07403200000000001,0.071532,0.075045,0.071773,0.05505924887892377,0.10949730941704039,0.10523750000000004,0.07508699551569506,0.07460526905829598,0.071677634529148,0.07420762331838565,0.07021933856502244,0.05464056127599435,0.10918427215828788,0.10504476075105998,0.07470936805976175,0.07470678376741367,0.07115227135069653,0.07330343226327478,0.06967936604078337
1.0,0.7146860986547084,0.616596002422774,0.126,0.0,0.055698000000000004,0.066917,0.08816800000000001,0.060376,0.06458300000000002,0.053747,0.055576999999999994,0.054488,0.0558123878923767,0.0659963004484305,0.08926799327354261,0.0619746076233184,0.06527337443946189,0.053399439461883406,0.05434007847533634,0.052354596412556055,0.055222612558045635,0.06539446799919238,0.08886622249141933,0.061414900060569336,0.06536921057944681,0.052631415303856253,0.05319870785382595,0.05158621037754895,2021-06-27 11:09:32.463000+00:00,0.054898,0.1101,0.104434,0.07384,0.07388299999999999,0.07178100000000001,0.075028,0.071973,0.05512001121076235,0.10950196188340809,0.10525128923766819,0.07509164798206279,0.07455992152466369,0.07172348654708521,0.07417645739910314,0.07023548206278028,0.05464803149606301,0.10919232788209163,0.10504966686856453,0.07471798909751665,0.07468100141328488,0.0711940036341611,0.07329043004239855,0.06964451847365231
1.0,0.95347533632287,0.8229355945891378,0.137,0.0,0.045214000000000004,0.062423,0.083176,0.053579,0.054047,0.041385,0.040604,0.039738,0.04213082959641257,0.05634517937219731,0.07692892376681615,0.04549708520179373,0.04705706278026906,0.03615560538116592,0.036913957399103144,0.035184585201793725,0.04271726226529375,0.05662493438320209,0.07726030688471631,0.045890329093478684,0.0470051887744801,0.03700100948919846,0.03792356147789217,0.03639529578033515,2021-07-02 11:09:35.831000+00:00,0.045303,0.10751100000000001,0.10296,0.069644,0.06653099999999999,0.062348,0.062714,0.059661000000000006,0.0425585201793722,0.10356889013452915,0.0986023542600897,0.06326283632286997,0.061267769058295965,0.05819742152466367,0.059579764573991036,0.055610818385650226,0.043047445992327876,0.10372243084998993,0.09881481930143346,0.06354575005047446,0.061171916010498706,0.05882630728851203,0.06044082374318594,0.05667290530991319
1.0,0.7146860986547084,0.719967696345649,0.14388957399103144,0.0,0.045263,0.06438900000000002,0.084342,0.053745,0.054779,0.04106800000000001,0.039703999999999996,0.038721000000000005,0.04212163677130045,0.05821053811659192,0.07802662556053812,0.0455795403587444,0.047592376681614354,0.03577427130044844,0.035952410313901347,0.03413761210762332,0.04263226327478294,0.058486371895820705,0.07836953361599032,0.04596799919240864,0.04743480718756309,0.03657581263880477,0.037035170603674526,0.03540890369473045,2021-07-02 11:09:32.115000+00:00,0.04528600000000001,0.10751100000000001,0.102877,0.069644,0.066614,0.062365000000000004,0.062614,0.059578000000000006,0.04256737668161435,0.10356889013452915,0.09858295964125562,0.06326782511210763,0.06126109865470852,0.058202634529148,0.05949809417040359,0.055596692825112114,0.04306446598021401,0.10372029073288919,0.09880967090652129,0.06356190187764992,0.061134423581667686,0.058804199475065606,0.060394124772864925,0.056695174641631325
0.0,0.0,0.0,0.192,1.0,0.7705780000000001,1.245038,1.142494,1.059004,1.1006840000000002,1.042745,0.9981920000000001,0.950894,0.7600995515695068,1.202354147982063,1.1040609865470852,1.0450696188340807,1.085017769058296,1.024521748878924,0.9800816704035875,0.9387854820627802,0.7391401372905309,1.1515231576822127,1.0613262265293757,1.013621724207551,1.0561209973753278,0.9995449222693314,0.9583982434887947,0.9230367050272559,2021-07-07 11:09:37.208000+00:00,0.6974069999999999,0.8225960000000001,0.7916610000000002,0.8238040000000001,0.838617,0.851114,0.860156,0.8524700000000001,0.6879436659192825,0.7971599215246638,0.767015807174888,0.8135084641255605,0.8272114349775785,0.8369391816143501,0.845190470852018,0.8421479820627802,0.6691566323440338,0.766840601655562,0.7394325257419744,0.7901494044013732,0.8060865334140925,0.817496587926509,0.8273668079951543,0.8286065818695741
0.0,0.0,0.0,0.186,1.0,0.7739440000000001,1.235638,1.13463,1.050706,1.107797,1.0474280000000002,0.999558,0.9518090000000001,0.7634321748878924,1.1937208520179372,1.0964255605381166,1.0370335201793723,1.091785201793722,1.0291399663677132,0.9811710762331839,0.9394739349775788,0.7422925903492832,1.143201211387038,1.0541004441752473,1.005984756713103,1.0627674338784574,1.0040784575005046,0.9595987886129619,0.9236947102765998,2021-07-07 11:09:33.495000+00:00,0.6974239999999999,0.8225960000000001,0.7916610000000002,0.823821,0.838515,0.851148,0.860156,0.8527700000000001,0.6880470852017937,0.7971597533632288,0.76695033632287,0.8134978699551569,0.8269956838565025,0.8369413116591928,0.8451098654708522,0.8422364910313901,0.669209125782354,0.7668493236422368,0.7394108217242075,0.7901551181102362,0.8059461538461538,0.817490773268726,0.8273670906521299,0.8286466787805371
0.0,0.0,0.0,0.1539966367713005,1.0,0.43600000000000005,0.8119800000000001,0.7256840000000001,0.6901990000000001,0.687823,0.6576780000000001,0.651611,0.615753,0.4399479820627803,0.8221216367713005,0.7364744955156952,0.6854007286995516,0.6856757847533634,0.6542764573991032,0.6508547645739912,0.6225000000000002,0.44636581869573977,0.8195600242277405,0.7360935796486978,0.6881685645063598,0.6900428023420149,0.6591465576418334,0.6554543912780133,0.6289785584494246,2021-07-12 11:09:36.499000+00:00,0.39930999999999994,0.583325,0.539117,0.565825,0.5533790000000001,0.564179,0.5831060000000001,0.577093,0.4028971412556054,0.5895734304932736,0.546417600896861,0.5621102578475338,0.5517302130044843,0.5614775224215247,0.5825579035874442,0.5829642937219732,0.4086760549162124,0.5879717948717949,0.5462198263678579,0.5642747425802542,0.5550494044013728,0.5654160710680396,0.586419604280234,0.5886844134867755
0.0,0.0,0.0,0.159,1.0,0.4410490000000001,0.813329,0.7246159999999999,0.687697,0.7123530000000001,0.674076,0.657828,0.6183190000000001,0.44524097533632295,0.8231969170403589,0.735450504484305,0.6829479820627803,0.7101600896860987,0.6705644618834082,0.6572445067264575,0.6250571188340808,0.4517638199071269,0.8205926912982029,0.7352306884716333,0.6857233797698364,0.7146524126791841,0.6756060367454068,0.6619097920452249,0.6315952957803351,2021-07-12 11:09:32.783000+00:00,0.399227,0.583325,0.539117,0.565825,0.5533960000000001,0.564262,0.5831230000000002,0.5770099999999999,0.4028861547085202,0.5895629484304934,0.546417600896861,0.5621102578475338,0.5517714686098656,0.5614756165919284,0.5825676569506727,0.5829365470852019,0.40867599434686047,0.5879666464768827,0.5462118110236222,0.5642747425802542,0.5550665455279628,0.5653980819705228,0.5864389864728446,0.5886762568140522
1.0,1.0,1.0,0.126,0.0,0.012215,0.020838000000000002,0.03604399999999999,0.014272000000000002,0.010674,0.002189,0.003451,0.005053,0.010778082959641257,0.018714966367713005,0.034936154708520184,0.012188733183856503,0.009722813901345292,0.002272085201793722,0.002237051569506727,0.003867825112107623,0.010486149808197053,0.01835693519079346,0.03458160710680396,0.011384272158287906,0.008857702402584293,0.0016872198667474258,0.00195071673733091,0.0031906925095901467,2021-07-17 11:09:37.816000+00:00,0.015432000000000003,0.081653,0.068974,0.037920999999999996,0.033838,0.029255,0.029251,0.026536,0.014177522421524664,0.08028693946188342,0.0681478139013453,0.03630269058295964,0.03303699551569507,0.029101513452914802,0.028253195067264578,0.025522197309417044,0.013912961841308295,0.08004898041590953,0.06788241469816271,0.0356644054108621,0.032380133252574196,0.028680920654149,0.027949404401372908,0.02488629113668484
1.0,1.0,1.0,0.148,0.0,0.011483,0.020638000000000004,0.035244000000000004,0.012406,0.009155000000000002,3.4e-05,0.0,0.00137,0.010002522421524666,0.01845622197309417,0.03403436098654709,0.010340022421524663,0.007817544843049327,0.0005405829596412556,4.9215246636771304e-05,0.0009723094170403588,0.0096277609529578,0.018082455077730666,0.033653179890975174,0.009497153240460326,0.0068910559257015945,0.0004156672723601857,0.00026406218453462545,0.0008079951544518473,2021-07-17 11:09:34.100000+00:00,0.015549,0.081653,0.068974,0.037920999999999996,0.03392100000000001,0.029238,0.029317,0.026518999999999997,0.014212724215246636,0.08028693946188342,0.0681478139013453,0.03630269058295964,0.03298363228699552,0.029104316143497764,0.02825476457399103,0.025549887892376683,0.013895578437310721,0.08004898041590953,0.067886836260852,0.035659983848172816,0.03233955178679588,0.02866642438925903,0.02795984251968503,0.024905632949727433
1.0,0.95347533632287,0.7195639006662627,0.273,0.0,0.030090000000000006,0.040618,0.059864,0.029926,0.033437,0.014334,0.012757,0.014828000000000001,0.03262746636771301,0.04206283632286996,0.06354344170403588,0.03295448430493274,0.03570874439461884,0.01837163677130045,0.018257399103139015,0.017826961883408075,0.03437682212800323,0.042640823743185945,0.0646844740561276,0.034537472239047046,0.03700633959216635,0.019626933171815058,0.020201110438118314,0.019056067030082776,2021-07-22 11:09:36.593000+00:00,0.035986000000000004,0.10137600000000001,0.092901,0.060201000000000005,0.061397,0.05554099999999999,0.055330000000000004,0.053073,0.0380655269058296,0.10217584080717491,0.09503436098654709,0.06225162556053813,0.062910033632287,0.05842741031390135,0.059434753363228704,0.055543778026905834,0.0395582879063194,0.10247599434686047,0.09567419745608721,0.06331768625075712,0.06374651726226531,0.05929610337169393,0.06088419139915202,0.05655071673733091
1.0,0.7146860986547084,0.616596002422774,0.22996860986547088,0.0,0.031373000000000005,0.046367,0.063779,0.033775,0.038237,0.020916999999999998,0.019337999999999998,0.020461999999999998,0.033921524663677136,0.047775784753363235,0.06715526905829597,0.036679260089686104,0.04055269058295965,0.024876233183856507,0.02457600896860987,0.02359949551569507,0.0356951948314153,0.04831641429436703,0.06822661013527155,0.03818152634766807,0.04177191601049869,0.026051443569553804,0.026502967898243482,0.02481508176862507,2021-07-22 11:09:32.877000+00:00,0.03582,0.10137600000000001,0.092984,0.06018400000000001,0.061297000000000004,0.05554099999999999,0.055413000000000004,0.05299,0.038017264573991044,0.10216513452914801,0.09504119955156953,0.06223733183856504,0.06288744394618834,0.05842959641255606,0.05944562780269059,0.05551816143497758,0.039557621643448414,0.1024733494851605,0.0956820310922673,0.06331663638199073,0.0637429032909348,0.059285523924893994,0.06092027054310519,0.05652152230971127
1.0,1.0,0.8481728245507774,0.16404652466367717,0.007641253793977882,0.028869000000000006,0.056683000000000004,0.076977,0.042440000000000005,0.050488000000000005,0.034714,0.031727,0.029872000000000003,0.03187853139013453,0.05893918161434978,0.07896838565022424,0.044557286995515706,0.052641087443946195,0.035343441704035874,0.034699663677130045,0.030869843049327356,0.03307700383605894,0.05970478497880072,0.08027179487179487,0.045616394104583076,0.05304669897032102,0.03687555017161316,0.036607308701796896,0.03416630325055521,2021-07-27 11:09:37.913000+00:00,0.032133,0.11238300000000001,0.102379,0.06527200000000001,0.067665,0.061661,0.060808,0.05605500000000001,0.03476625560538117,0.11384192825112109,0.10373402466367714,0.06697662556053811,0.06928452914798207,0.0622112668161435,0.06320246636771301,0.05703901345291481,0.03587193620028266,0.11439297395517868,0.10468826973551384,0.06783531193216234,0.06963644256006458,0.06339176256814051,0.06480290732889156,0.0599588734100545
1.0,0.8951793721973094,0.8283868362608519,0.246,0.007641253793977882,0.025335000000000003,0.05036600000000001,0.07154300000000001,0.034274,0.041687999999999996,0.021367,0.01821,0.017474,0.028426905829596418,0.05294815022421526,0.07373195067264576,0.03661395739910314,0.04397505605381166,0.022436771300448438,0.021219282511210767,0.018362556053811662,0.02971288108217241,0.05381907934585099,0.07522796285079748,0.03779586109428629,0.04440625883303049,0.024143872400565314,0.023293438320209973,0.02168675550171613,2021-07-27 11:09:34.198000+00:00,0.031933,0.11246600000000001,0.102296,0.06527200000000001,0.06779700000000001,0.061328999999999995,0.060742,0.05630600000000001,0.034683239910313905,0.11386670403587446,0.10369360986547088,0.06697628923766817,0.06929422645739912,0.062180829596412565,0.06315930493273543,0.057167096412556066,0.0358286896830204,0.11439798102160306,0.10466810014132849,0.0678304663840097,0.06964114677972943,0.06341911972541894,0.06475001009489198,0.059974863718958195
1.0,1.0,1.0,0.15396860986547087,0.0,0.008398000000000001,0.016709,0.030390000000000004,0.006664000000000001,0.002764,0.0,0.0,0.000581,0.008961098654708519,0.01665857623318386,0.030397477578475336,0.007840022421524664,0.0038211883408071756,0.0,5.3531390134529154e-05,0.00038654708520179375,0.009231516252776092,0.01574968705834847,0.029517524732485364,0.007874964667878053,0.004884655764183323,2.6529376135675344e-05,0.00047773066828184934,0.0005048051685846961,2021-08-06 11:09:37.406000+00:00,0.012915000000000001,0.081862,0.06714300000000001,0.034864,0.030598000000000004,0.027802,0.027065999999999996,0.025941,0.013475,0.08184585201793722,0.06712993273542602,0.035699887892376686,0.03131614349775785,0.028096468609865474,0.0277060538116592,0.02498195067264574,0.013736785786392083,0.08127213809812234,0.06654221683827982,0.03572503533212194,0.03208699777912376,0.028011629315566312,0.028246194225721784,0.024682778114274176
1.0,1.0,1.0,0.15396860986547087,0.0,0.008098000000000001,0.019526,0.031873,0.007346999999999999,0.003813,0.0,0.0,0.000581,0.008836715246636774,0.019523710762331843,0.03185566143497759,0.008464349775784755,0.004714517937219732,3.211883408071749e-05,8.565022421524665e-05,0.00040487668161434985,0.00910633959216636,0.018605612759943466,0.030991419341813042,0.008509166161922068,0.005705733898647285,7.417726630325055e-05,0.0005651726226529374,0.0005210579446799919,2021-08-06 11:09:33.689000+00:00,0.012898000000000001,0.081862,0.06714300000000001,0.034864,0.030664000000000004,0.027850999999999997,0.027183,0.025775,0.013471692825112107,0.08184585201793722,0.06713486547085203,0.03570482062780269,0.03133514573991032,0.028097926008968616,0.027814517937219736,0.024861266816143503,0.013697900262467195,0.0812748637189582,0.06654403391883706,0.03573018372703412,0.03208009287300626,0.028032182515647073,0.028328285887341,0.024642560064607306
1.0,0.95347533632287,0.7195639006662627,0.37561547085201796,0.0,0.065111,0.033718000000000005,0.046256000000000005,0.040547,0.046536,0.045367,0.050184999999999994,0.054008999999999995,0.06530885650224216,0.03243217488789238,0.0459777466367713,0.04058963004484306,0.04673671524663678,0.044996188340807174,0.0507188340807175,0.05458178251121077,0.06587076519281242,0.03167769028871391,0.04568455481526347,0.0406896022612558,0.04705794467999192,0.04519244902079547,0.05114667878053705,0.05484405410862104,2021-08-11 11:09:35.131000+00:00,0.06794499999999999,0.10846,0.094311,0.07689800000000001,0.077351,0.08639000000000001,0.093551,0.094728,0.06806519058295964,0.1079317825112108,0.09418329596412556,0.07691917040358745,0.07743290358744397,0.08626642376681613,0.09393223094170404,0.09520168161434979,0.06850345245305875,0.10760829800121138,0.09403535231173026,0.07697290530991316,0.07763198061780738,0.08639109630526953,0.09422344033918836,0.09539705229154048
1.0,0.7146860986547084,0.616596002422774,0.316,0.0,0.066211,0.041620000000000004,0.052173,0.04483,0.052519,0.05213500000000001,0.056468000000000004,0.059143,0.06635868834080719,0.04052488789237669,0.051867320627802686,0.044812612107623315,0.05258469730941706,0.05187371076233184,0.056894843049327355,0.05967045964125561,0.06689224712295579,0.03984068241469815,0.05161031697960832,0.044912335958005235,0.05294728447405611,0.05205943872400564,0.057283605895416916,0.05994859681001411,2021-08-11 11:09:31.418000+00:00,0.067862,0.10846,0.094311,0.07689800000000001,0.077351,0.08640700000000001,0.093651,0.094728,0.06801362107623318,0.1079317825112108,0.09418329596412556,0.07691917040358745,0.07741939461883408,0.08628071748878922,0.09402589686098656,0.09519949551569509,0.06847098728043607,0.10760829800121138,0.09403535231173026,0.07697290530991316,0.07763012315768221,0.0863959822329901,0.0942842721582879,0.09539812235009086
1.0,1.0,1.0,0.2021513452914799,0.0075290474240222605,0.009479,0.000253,0.006206000000000001,0.0023870000000000002,0.011974,0.0001,0.0003,0.0001,0.009175616591928252,0.0002858744394618835,0.006983015695067265,0.002798991031390135,0.012423262331838566,0.00010059523809523809,0.0002811654526534859,0.0001518497757847534,0.00920496668685645,0.0004695941853422169,0.007409892994144961,0.0031783363618009285,0.012945305875227133,0.0001079696394686907,0.00041330645161290327,0.00016543441938178782,2021-08-16 11:09:36.992000+00:00,0.015413000000000001,0.07512300000000001,0.05518700000000001,0.035519,0.042189,0.035686999999999997,0.034383,0.028616999999999997,0.015254428251121077,0.07571199551569509,0.0556865470852018,0.03584338565022423,0.04236250000000001,0.035592264573991034,0.03469506726457399,0.02874557174887893,0.015342741772663034,0.07591627296587927,0.05599261053906723,0.03613537250151424,0.042722652937613556,0.03519107611548556,0.03461889763779528,0.02902148193014335
1.0,1.0,1.0,0.16404652466367717,0.0,0.010713,0.005827000000000001,0.011772,0.00657,0.016942000000000002,0.004421,0.0036339999999999996,0.0018189999999999999,0.010523934977578475,0.006726345291479822,0.012481053811659195,0.007026961883408072,0.01738553811659193,0.00430487668161435,0.004135482062780269,0.0021890695067264573,0.010569049061175043,0.0070567332929537645,0.012925943872400565,0.007424611346658592,0.017961397133050675,0.003896789824348878,0.0040923682616596,0.002515707651928124,2021-08-16 11:09:33.280000+00:00,0.01553,0.07512300000000001,0.05518700000000001,0.035519,0.042006,0.035653,0.034217,0.028551,0.015304428251121077,0.07571199551569509,0.05568632286995516,0.03584338565022423,0.04229758968609866,0.035524719730941706,0.03463682735426009,0.028818946188340806,0.015319826367857864,0.07591627296587927,0.05599400363416109,0.03613537250151424,0.042694367050272554,0.03518059761760549,0.03459975772259236,0.029063093074904102
1.0,1.0,1.0,0.213,0.005722524867736741,0.010801999999999999,0.007419000000000001,0.009287,0.003355,0.0036010000000000005,0.0001,0.0001,0.0001,0.010948486547085206,0.007606782511210763,0.008944674887892377,0.0034899103139013456,0.004800616591928251,0.00012803088803088803,0.0004316479400749064,0.00010058823529411765,0.011235231173026449,0.007914294367050276,0.009319705229154047,0.003702705431051887,0.004709287300625881,0.00012824858757062147,0.0005707012195121953,0.0004215198386012107,2021-08-21 11:09:33.600000+00:00,0.017085,0.081068,0.059019,0.03817,0.037112,0.035234,0.034735999999999996,0.030785000000000007,0.017198542600896864,0.08122466367713005,0.05893991031390134,0.03829960762331839,0.037996973094170404,0.035257343049327365,0.03567477578475337,0.031312051569506734,0.017400242277407628,0.08143119321623257,0.059181526347668066,0.03842868968302039,0.03800153442358166,0.035314496264889965,0.0361435493640218,0.03170296789824348
1.0,1.0,1.0,0.213,0.0,0.010585,0.009802000000000002,0.009703999999999999,0.003272,0.003869,0.0,0.0,0.0,0.010610762331838565,0.009991535874439463,0.009492544843049327,0.0034712443946188346,0.005229484304932736,0.0,7.023542600896861e-05,0.0,0.01088441348677569,0.01037090652130022,0.009895962043206136,0.0036542903290934774,0.0053088835049464956,0.0,0.00013706844336765597,2.5903492832626684e-05,2021-08-21 11:09:29.891000+00:00,0.017002,0.081068,0.059019,0.03817,0.037112,0.035317,0.034653,0.030636000000000004,0.017117656950672647,0.08122466367713005,0.05893991031390134,0.03829960762331839,0.03798671524663677,0.03530723094170404,0.035689686098654715,0.03133621076233185,0.017359378154653743,0.08143119321623257,0.059181526347668066,0.03842535836866546,0.03801395114072279,0.035342196648495854,0.03616230567332929,0.03175029275186755
1.0,0.95347533632287,0.7195639006662627,0.343,0.021711932586412925,0.027115,0.012618,0.020160000000000004,0.017302,0.026328,0.018005,0.018307,0.017732,0.027210706278026905,0.011355269058295965,0.020269058295964128,0.01729159192825112,0.025472701793721977,0.016628195067264578,0.016913733183856507,0.01701748878923767,0.02679313547345043,0.012088431253785583,0.019798304058146577,0.01693767413688673,0.024025358368665452,0.015180738946093278,0.015611770644054104,0.015609045023218247,2021-08-26 11:09:36.409000+00:00,0.034981,0.10034300000000002,0.077896,0.060134,0.06361299999999999,0.06567500000000001,0.067509,0.062681,0.0350045403587444,0.09981804932735429,0.07792673766816145,0.06012315022421525,0.06313015695067266,0.06476676008968611,0.06648223094170405,0.06211048206278029,0.03467886129618413,0.10017116898849182,0.07772188572582273,0.059932465172622656,0.062293579648697736,0.06388255602665051,0.06559590147385422,0.061083787603472633
1.0,0.7146860986547084,0.616596002422774,0.311,0.021711932586412925,0.027898000000000006,0.018969,0.023877000000000002,0.019502000000000002,0.029828,0.023039000000000004,0.023475,0.021666,0.027892713004484312,0.017794843049327356,0.023939125560538118,0.019490695067264578,0.028946636771300452,0.02173884529147982,0.022159417040358745,0.021142769058295968,0.027509711286089242,0.01848031496062992,0.023492832626690892,0.019165172622652934,0.027575166565717745,0.02039424591156875,0.020766242681203306,0.01985007066424389,2021-08-26 11:09:32.697000+00:00,0.034981,0.10034300000000002,0.077896,0.060134,0.063696,0.06567500000000001,0.06746,0.062498,0.03496255605381167,0.09981804932735429,0.07792673766816145,0.06012315022421525,0.06313705156950673,0.06477690582959643,0.06652141255605382,0.06204035874439462,0.034651403189985865,0.10017450030284676,0.07771916010498688,0.059932465172622656,0.06229036947304664,0.06389701191197254,0.06561455683424185,0.06107219866747426
1.0,0.95347533632287,0.7740763173834039,0.251,0.0154508171428892,0.018141,0.014034000000000001,0.016010999999999997,0.012251000000000001,0.019785,0.005185,0.005764,0.007071000000000001,0.0175402466367713,0.013061995515695072,0.014393721973094173,0.010977970852017937,0.01861395739910314,0.005203585887796415,0.005310848791455876,0.005342208520179373,0.01699648697758934,0.012306541490006056,0.013545386634363011,0.009897375328083989,0.016694770845951945,0.004922800098595021,0.004955742296918768,0.00467827579244902,2021-08-31 11:09:31.501000+00:00,0.024391999999999997,0.0897,0.06721300000000001,0.0481,0.05081700000000001,0.0462,0.047196,0.043905,0.02389114349775785,0.08918850896860987,0.06621659192825112,0.04714484304932737,0.050089013452914805,0.045977802690582964,0.04649663677130045,0.0424490470852018,0.023414496264889968,0.08880034322632746,0.06575313951140721,0.04641064001615182,0.0488555219059156,0.045044538663436294,0.0458501312335958,0.0416030890369473
1.0,0.7146860986547084,0.6711084191399151,0.213,0.0154508171428892,0.019324,0.021351000000000002,0.021710999999999998,0.016251,0.024985,0.011568000000000002,0.011962000000000002,0.012271000000000002,0.01881877802690583,0.020476065022421525,0.02015683856502242,0.015034641255605379,0.024019338565022426,0.011446580717488792,0.01134383408071749,0.010544114349775788,0.018268382798304054,0.019726751463759337,0.019349303452453052,0.013989884918231372,0.0221015142337977,0.010155602665051482,0.01048007268322229,0.009580738946093275,2021-08-31 11:09:27.792000+00:00,0.024275,0.0887,0.06641300000000001,0.047417,0.050134,0.0455,0.046495999999999996,0.043373,0.0238402466367713,0.08819344170403588,0.06548727578475338,0.04658346412556054,0.04948452914798208,0.04536804932735426,0.04597505605381167,0.04205588565022422,0.023405451241671704,0.0878186149808197,0.06502820512820513,0.04587448011306278,0.048252230971128594,0.04446450635978195,0.04532364223702806,0.041224873813850184
1.0,1.0,1.0,0.192,0.0,0.012111,0.007445000000000001,0.014112999999999999,0.011092,0.03847400000000001,0.017261,0.016949000000000002,0.010183000000000001,0.01236945067264574,0.007167152466367714,0.01374607623318386,0.010436659192825113,0.037231165919282515,0.016540078475336322,0.015380213004484307,0.009248262331838565,0.012293196042802343,0.007300161518271752,0.013038724005653136,0.009782818493842115,0.034932424793054716,0.01540561275994347,0.01457956793862306,0.00827001817080557,2021-09-05 11:09:35.203000+00:00,0.017245,0.08214700000000001,0.060664,0.041394,0.058655000000000006,0.047908,0.047817,0.038366,0.0173625,0.0819728139013453,0.060431109865470865,0.04090700672645741,0.057776737668161444,0.04736317264573991,0.046587331838565026,0.037551233183856496,0.01727185544114678,0.08202208762366243,0.05998201090248334,0.040419261053906703,0.05616862507571166,0.0465107207752877,0.04591588935998384,0.036747748839087414
1.0,1.0,1.0,0.186,0.008959678640956446,0.012611,0.011562000000000001,0.017113,0.012326,0.041057,0.019095,0.018534000000000002,0.011466,0.012649775784753362,0.011270571748878922,0.016734136771300447,0.011706109865470854,0.039523038116591934,0.01829590807174888,0.016919282511210762,0.010267320627802692,0.012435473450434078,0.011356410256410255,0.015972360185746007,0.01101542499495255,0.03707185544114678,0.017105491621239647,0.01599701191197254,0.009254835453260649,2021-09-05 11:09:31.489000+00:00,0.017345000000000003,0.08214700000000001,0.060664,0.041394,0.058655000000000006,0.047908,0.047851000000000005,0.03854900000000001,0.0173960201793722,0.0819627802690583,0.06043077354260091,0.04090678251121078,0.057789686098654716,0.04734114349775785,0.04666367713004485,0.0376285874439462,0.017261154855643043,0.0820175651120533,0.05997143145568341,0.04041926105390671,0.0561866949323642,0.04646892792247123,0.04596392085604683,0.036787825560266496
0.0,0.0,0.0,0.1539966367713005,0.9971387375661316,0.54578,0.627697,0.639556,0.6585230000000001,0.714763,0.7167730000000001,0.732722,0.741455,0.5448633968609866,0.6201947869955158,0.6303624439461883,0.647330773542601,0.7044338565022421,0.7123610426008969,0.7292183295964126,0.7378644058295964,0.5464535836866546,0.6158058752271348,0.620556470825762,0.6428540682414698,0.7034901070058548,0.7146585301837268,0.7318110236220471,0.7377720977185541,2021-09-10 11:09:30.889000+00:00,0.491981,0.463532,0.4737940000000001,0.5344450000000001,0.5581550000000001,0.598051,0.6416640000000001,0.6807380000000001,0.4912237668161436,0.45895801569506733,0.4676451233183857,0.52606317264574,0.5506377242152467,0.5945320067264575,0.6387390695067265,0.6776392376681615,0.49264308499899034,0.45620823743185934,0.46125465374520486,0.5226744195437107,0.5499246719160105,0.5963125984251968,0.640849989905108,0.6775133454472038
0.0,0.0,0.0,0.132,0.9971387375661316,0.547863,0.614152,0.625443,0.644695,0.715529,0.715422,0.726543,0.734093,0.5469493834080719,0.6068209080717489,0.616240639013453,0.633859248878924,0.705232567264574,0.7108823991031391,0.7231501681614351,0.7307318946188343,0.5485928124369068,0.6024072279426608,0.606728366646477,0.6294515041389057,0.7042911164950536,0.7130589743589743,0.7256860286694934,0.7306625681405208,2021-09-10 11:09:27.183000+00:00,0.491964,0.463532,0.4737940000000001,0.5343620000000001,0.558087,0.5983,0.6414150000000001,0.680555,0.49114770179372197,0.4589443385650225,0.4676439461883408,0.5260198991031391,0.5505012331838566,0.5948002242152467,0.6385858183856502,0.6775255605381167,0.49259299414496266,0.45617260246315344,0.4612421966484958,0.5226315364425599,0.5498005855037352,0.5965139107611548,0.640715101958409,0.6774214415505753
0.0,0.0,0.0,0.186,1.0,0.353175,0.6996689999999999,0.607947,0.573754,0.637189,0.61826,0.618135,0.6198420000000001,0.3521049887892377,0.6949018497757847,0.6094684977578477,0.5787100896860987,0.6326222533632289,0.6215812219730943,0.6184471973094172,0.6156557735426008,0.3533211185140319,0.6911934181304258,0.6133680799515447,0.5824147991116494,0.6335372501514234,0.6232266505148394,0.6178700585503735,0.609269755703614,2021-09-15 11:09:35.999000+00:00,0.31863,0.51094,0.450993,0.466242,0.49230000000000007,0.5150270000000001,0.5456340000000001,0.566133,0.3176840246636771,0.508306726457399,0.4518155829596413,0.4699985986547086,0.48907443946188345,0.5175645179372197,0.5458186098654709,0.5624973654708522,0.31875568342418736,0.5061264889965679,0.45427435897435886,0.47279097516656565,0.489736200282657,0.5188106803957198,0.5453103775489603,0.5570297193620029
0.0,0.0,0.0,0.186,1.0,0.354958,0.7278220000000001,0.622262,0.580503,0.656704,0.630624,0.625201,0.6234059999999999,0.3538700672645741,0.7234244394618835,0.6235250560538117,0.5855543721973094,0.6519686098654709,0.6339568385650225,0.6253517937219731,0.6190437219730942,0.3550964264082374,0.7197094084393298,0.627375630930749,0.5893520290732889,0.6529199475065617,0.6356033716939229,0.6247088431253784,0.6126271552594387,2021-09-15 11:09:32.284000+00:00,0.31863,0.51094,0.450993,0.466242,0.492317,0.5149930000000001,0.545717,0.5661990000000001,0.317670235426009,0.508306726457399,0.4518155829596413,0.47000325112107627,0.48907331838565027,0.5175020179372197,0.5458390695067264,0.5624969170403588,0.3187460932768019,0.5061302241066021,0.4542741772663032,0.47279612356147777,0.4897355945891379,0.5187510599636583,0.5453065011104381,0.557032222895215
0.0,0.0,0.0,0.1539966367713005,1.0,0.41280500000000003,0.408368,0.39874200000000004,0.39603399999999994,0.42833299999999996,0.441467,0.45301700000000006,0.45271000000000006,0.4122931614349777,0.4017611547085203,0.3962954596412557,0.3980174887892377,0.42925627802690586,0.44343806053811663,0.4516735986547086,0.45193419282511216,0.41003737129012724,0.39475632949727435,0.38924282253179887,0.3922476075105996,0.42554799111649494,0.4402462951746415,0.4489464566929134,0.45032049263072893,2021-09-20 11:09:31.586000+00:00,0.373039,0.32679400000000003,0.311796,0.332542,0.345471,0.37967100000000004,0.407406,0.42474599999999996,0.37252679372197317,0.3228301569506727,0.31025162556053815,0.3340792040358745,0.3461600896860987,0.38123413677130047,0.4062924887892378,0.4240922645739911,0.37051568746214414,0.3185693115283667,0.3056841106400161,0.32978449424591155,0.343485584494246,0.3787477892186553,0.4040241066020594,0.42269220674338776
0.0,0.0,0.0,0.11,1.0,0.411288,0.38882300000000003,0.380712,0.380385,0.41736700000000004,0.431984,0.44296800000000003,0.44407599999999997,0.4107362107623319,0.38272959641255605,0.37840313901345296,0.38225246636771304,0.4183030269058296,0.4338662556053812,0.4417802690582961,0.443161995515695,0.4084957803351502,0.376150030284676,0.3717584898041591,0.3768097920452251,0.41478590753078926,0.43073983444377134,0.439154492226933,0.4416216838279829,2021-09-20 11:09:27.880000+00:00,0.373022,0.32681099999999996,0.311796,0.332542,0.345371,0.37967100000000004,0.407306,0.42482899999999996,0.37247976457399107,0.32284489910313907,0.3102643497757848,0.334082903587444,0.34610033632287,0.38123004484304945,0.4062635650224216,0.4240798766816144,0.37046919038966286,0.3185784171209369,0.3056890773268725,0.3297925701594992,0.34344871794871795,0.378723622047244,0.40401752473248537,0.42269511407227944
1.0,1.0,1.0,0.186,0.5884326453212748,0.008321,0.013391000000000002,0.015621000000000001,0.012617000000000001,0.013138000000000002,0.0109,0.012649,0.012515,0.0091515134529148,0.013863396860986546,0.015828026905829597,0.012610986547085203,0.013776345291479824,0.011443329596412557,0.012463508968609864,0.012131165919282512,0.009520008075913586,0.013838340399757721,0.015682515647082573,0.012700747022006862,0.01405970119119725,0.01193511003432263,0.012428568544316575,0.011452937613567532,2021-09-25 11:09:38.102000+00:00,0.011987000000000001,0.08932100000000001,0.061336,0.041517000000000005,0.03837,0.038317000000000004,0.038766,0.034548999999999996,0.01266177130044843,0.08960835201793724,0.0614695067264574,0.04154248878923768,0.03876300448430493,0.03872466367713005,0.03864383408071749,0.03423587443946189,0.012949202503533213,0.08961041792852814,0.061397557036139715,0.041626448616999795,0.03895033313143549,0.03908665455279628,0.038635372501514234,0.03368639208560468
1.0,1.0,1.0,0.14300000000000002,0.5839892730710321,0.009421,0.022357,0.022138,0.016916999999999998,0.017872000000000002,0.016617,0.017783,0.017265999999999997,0.010254932735426011,0.022760986547085207,0.022367152466367713,0.01693884529147982,0.018442208520179373,0.01693542600896861,0.017626961883408076,0.0168905269058296,0.01053811831213406,0.022754350898445384,0.02221863517060367,0.01702539874823339,0.018766807995154452,0.017397758933979404,0.0175707853825964,0.016283303048657383,2021-09-25 11:09:34.386000+00:00,0.01197,0.08932100000000001,0.061336,0.041517000000000005,0.03828700000000001,0.038417,0.038866,0.034566,0.012650000000000002,0.08960835201793724,0.0614695067264574,0.04154529147982063,0.038697645739910316,0.03872668161434978,0.03868772421524664,0.034236547085201796,0.012942923480718755,0.08961041792852814,0.061397294568948116,0.04163159701191197,0.038922652937613565,0.03909432667070461,0.038650010094891975,0.03368144558853219
1.0,1.0,1.0,0.115,0.0,0.003966,3.4e-05,0.002083,0.0,0.019108000000000003,0.003087,0.003617,0.0,0.004591143497757849,0.0002590246636771301,0.0017320627802690583,1.0033632286995517e-05,0.019626345291479826,0.002789181614349776,0.00221804932735426,0.0,0.0051247930547143146,0.0002793054714314557,0.0017965273571572786,1.984655764183323e-05,0.018265132243085003,0.002164748637189582,0.0017723399959620428,0.0,2021-09-30 11:09:33.906000+00:00,0.007583,0.071085,0.047683,0.027517,0.039989,0.029702000000000003,0.028734,0.019862,0.008137275784753364,0.07134602017937221,0.04744220852017938,0.027450168161434984,0.040373430493273556,0.029365863228699555,0.027564069506726453,0.019008127802690587,0.008582556026650513,0.07134201494044014,0.04749040985261458,0.0274130224106602,0.03932590349283262,0.02870961033716939,0.02697567131031698,0.01876797900262467
1.0,1.0,1.0,0.094,0.007153156084670926,0.004251,0.004819,0.006117000000000001,0.0019170000000000003,0.021807999999999998,0.0066679999999999994,0.006483000000000001,0.0008,0.00509792600896861,0.0051292600896861,0.005814349775784754,0.0018026345291479822,0.022214293721973095,0.005914798206278028,0.005115302690582961,0.0004241610738255034,0.005630688471633352,0.005078921865536038,0.005878477690288713,0.0017219866747425797,0.02082075509792045,0.005092146174035937,0.004424550777306683,0.00037744154057771666,2021-09-30 11:09:30.190000+00:00,0.0075,0.070368,0.0471,0.027217,0.039606,0.029384999999999998,0.0284,0.019696,0.008083071748878925,0.07055818385650225,0.046901289237668176,0.027150168161434982,0.03996121076233184,0.029008688340807175,0.02723991031390135,0.01882998878923767,0.00853317181506158,0.07054409448818896,0.04695935796486977,0.02710466384009691,0.038926549565919656,0.02838029477084594,0.026630426004441744,0.01856785786392085
0.0,0.0,0.0,0.186,0.9101058667100531,0.281392,0.427554,0.4054900000000001,0.38746500000000006,0.40881800000000007,0.391575,0.386956,0.38223500000000005,0.27776384529147985,0.42205762331838564,0.3965406950672647,0.38009501121076245,0.4017692264573991,0.38674209641255614,0.3832130605381166,0.3795778587443947,0.2760975166565717,0.4223691701998788,0.3951905108015344,0.37813050676357757,0.39903147587320814,0.38476600040379566,0.3812604078336361,0.37823684635574395,2021-10-05 11:09:39.456000+00:00,0.254447,0.344654,0.316186,0.32423,0.323583,0.336002,0.35169799999999996,0.35850899999999997,0.2512732623318386,0.34129114349775785,0.3106356502242152,0.3189985986547086,0.31869742152466374,0.33237421524663685,0.3487207399103139,0.3562475336322871,0.2499619422572178,0.341641429436705,0.31001851403189984,0.31779446799919236,0.3169771047849787,0.33106906925095897,0.34733949121744395,0.35533093074904093
0.0,0.0,0.0,0.186,1.0,0.282258,0.434486,0.40693700000000005,0.386531,0.411067,0.39195800000000003,0.38545599999999997,0.380118,0.27863845291479816,0.4285994955156951,0.39772449551569516,0.37925224215246645,0.40393110986547087,0.3872071748878924,0.38180521300448433,0.3775028587443946,0.2771296587926508,0.42910351302241073,0.3966781142741772,0.3774546335554209,0.40138721986674736,0.38542745810619833,0.3800173228346456,0.37640028265697545,2021-10-05 11:09:35.736000+00:00,0.254447,0.344571,0.31616900000000003,0.324313,0.323583,0.336002,0.351715,0.35850899999999997,0.2513026905829597,0.34125302690582965,0.31062331838565027,0.31902825112107625,0.31869714125560544,0.3324036434977579,0.3487932735426009,0.3562293721973095,0.24998942055319998,0.34162889158086,0.31001774682010896,0.3178048253583686,0.316972319806178,0.3310898849182314,0.3473812033111245,0.3553083585705632
1.0,1.0,0.9071269937411669,0.16404652466367717,0.01169751406787363,0.028952000000000002,0.011094000000000001,0.016228000000000003,0.010436,0.022351000000000003,0.013995000000000002,0.014797,0.015174,0.03231894618834081,0.013624551569506727,0.018972813901345295,0.014419506726457403,0.024667881165919288,0.01844815022421525,0.018864069506726457,0.018094226457399106,0.034565677367252176,0.013679063194023821,0.018970765192812437,0.015319866747425798,0.024640924692105794,0.01945015142337977,0.020582495457298604,0.02012253179890975,2021-10-10 11:09:35.437000+00:00,0.03247800000000001,0.091282,0.067167,0.045109,0.05124100000000001,0.048434,0.048204000000000004,0.044034,0.03543195067264574,0.09271715246636773,0.0688695067264574,0.04798060538116592,0.05287331838565022,0.05179125560538116,0.051444786995515704,0.046478419282511216,0.037394811225519874,0.09274534625479507,0.06885507773066829,0.04863349485160508,0.05287141126589944,0.05253284877851806,0.05283131435493638,0.04820847970926711
0.0,0.0,0.0,0.121,0.27000218802421405,0.030501000000000004,0.021892000000000002,0.024208999999999998,0.016134,0.028649,0.021210000000000003,0.021297000000000003,0.021238000000000003,0.033826008968609864,0.024239686098654713,0.02677034753363229,0.01990723094170404,0.030757679372197318,0.025501345291479825,0.02540857623318386,0.02394669282511211,0.036014193418130426,0.024285140318998588,0.026746880678376748,0.020758792650918633,0.03067910357359175,0.0264483545326065,0.027098808802745816,0.025950575408843126,2021-10-10 11:09:31.725000+00:00,0.03247800000000001,0.091282,0.067167,0.045109,0.05124100000000001,0.048434,0.047971999999999994,0.044034,0.03540885650224216,0.09271715246636773,0.0688695067264574,0.04798060538116592,0.052886883408071746,0.051762892376681614,0.051373878923766825,0.046494786995515694,0.037390975166565706,0.09274534625479507,0.06885507773066829,0.04863349485160508,0.05287187563093074,0.05252911366848373,0.05281166969513425,0.04826632344033919
1.0,1.0,1.0,0.115,0.0,0.006017000000000001,0.004730000000000001,0.0131,0.005032,0.004070000000000001,3.4e-05,0.0,1.7e-05,0.0063205156950672655,0.004080156950672646,0.012887556053811661,0.004943553811659193,0.004542488789237669,5.952914798206278e-05,5.582959641255606e-05,0.0002282511210762332,0.006495114072279427,0.00418300020189784,0.012741954371088226,0.00501554613365637,0.004492772057338986,7.714516454673933e-05,0.00021736321421360788,0.0004676559660811628,2021-10-15 11:09:39.955000+00:00,0.0097,0.08089800000000001,0.0575,0.033449,0.030702,0.027821000000000002,0.026166000000000002,0.022283000000000004,0.009871132286995515,0.08051193946188341,0.05737034753363229,0.03339002242152466,0.03098139013452915,0.02784198430493274,0.026555605381165925,0.022222813901345298,0.009983545326065012,0.08057861901877647,0.05725842923480717,0.03343327276398142,0.030947022006864517,0.027964526549565924,0.02674175247324853,0.022519442761962445
1.0,1.0,1.0,0.115,0.008959678640956446,0.006,0.00843,0.0156,0.005731999999999999,0.005053,0.0004,0.0001,0.000847,0.006183632286995516,0.007678251121076233,0.015335762331838566,0.005637331838565023,0.0053912556053811655,0.0003257479601087942,0.00029751344086021504,0.00047345021916092686,0.006324146981627296,0.0077767615586513215,0.015140904502321825,0.005701998788612962,0.005353725015142338,0.000363113742906489,0.0004905622987366856,0.0006242384396230551,2021-10-15 11:09:36.230000+00:00,0.0097,0.08089800000000001,0.0575,0.033449,0.030719000000000003,0.027787,0.0261,0.022698,0.00983273542600897,0.08049854260089687,0.057373654708520176,0.03339002242152466,0.031016760089686107,0.02785078475336323,0.026559473094170408,0.022279260089686104,0.009960004037956792,0.08057472239047041,0.057262265293761334,0.03343353523117302,0.030962184534625473,0.02800670300827781,0.026787764990914602,0.022526771653543304
0.0,0.0,0.0,0.17,1.0,0.09204000000000001,0.144544,0.124957,0.10345500000000002,0.10818200000000001,0.10016499999999999,0.096545,0.09428299999999999,0.09216339686098654,0.14203413677130047,0.1252494394618834,0.10432068385650224,0.10939562780269059,0.10246109865470854,0.09720308295964127,0.09303352017937222,0.0924187361195235,0.14128528164748635,0.12543739147991118,0.10411055925701594,0.10916662628709871,0.10286335554209569,0.09798655360387641,0.09315142337976981,2021-10-20 11:09:36.084000+00:00,0.08680600000000001,0.17180600000000004,0.136221,0.114387,0.111027,0.11236099999999999,0.11321300000000001,0.11146600000000001,0.08692359865470853,0.1703631726457399,0.13638912556053812,0.11500762331838565,0.11179243273542602,0.1140520739910314,0.11376317264573993,0.11038531390134529,0.0871433474661821,0.1699487381385019,0.1364962245103977,0.11487611548556431,0.11163888552392488,0.11435582475267515,0.11438326266908942,0.1104661013527155
1.0,1.0,1.0,0.11,0.0,0.004585,0.005051,0.018217,0.005485,0.0036320000000000002,0.0,0.0,0.0,0.005329484304932737,0.005140414798206278,0.018350952914798206,0.005599719730941705,0.0032647982062780274,0.0,0.0,0.0,0.005803250555219059,0.005065515848980415,0.01859693115283666,0.005758590753078942,0.0031737734706238636,0.0,0.0,3.634161114476075e-07,2021-10-25 11:09:39.639000+00:00,0.008285,0.083234,0.06191699999999999,0.034551,0.030532000000000004,0.024765999999999996,0.023634,0.020096,0.008898934977578477,0.0832849215246637,0.062025168161434975,0.034599439461883416,0.03026216367713005,0.024815134529147978,0.02374103139013453,0.01948979820627803,0.009299374116696952,0.08321932162325862,0.06216398142539873,0.03471794871794872,0.030181102362204722,0.025232101756511204,0.0239750656167979,0.019305410862103772
1.0,1.0,1.0,0.11,0.0,0.0046359999999999995,0.008551000000000001,0.020017,0.006185,0.004183,0.0,0.0,0.0,0.005326905829596412,0.008602466367713005,0.02015095291479821,0.006228643497757848,0.0038919843049327356,0.0,0.0,0.0,0.005765152432868967,0.008521118514031898,0.02040141328487785,0.006397355138300018,0.0037409448818897634,0.0,0.0,1.6353725015142334e-06,2021-10-25 11:09:35.914000+00:00,0.008502,0.083234,0.06191699999999999,0.034551,0.030683000000000005,0.024683,0.023534000000000003,0.01993,0.008984417040358747,0.08327937219730944,0.062025168161434975,0.034599439461883416,0.03043385650224216,0.0247045403587444,0.023778979820627804,0.01944697309417041,0.009335978195033312,0.08322374318594788,0.06216398142539873,0.03471794871794872,0.03028324247930547,0.025155178679588133,0.023984716333535223,0.01927316777710478
0.0,0.0,0.0,0.186,1.0,0.26648299999999997,0.7380909999999999,0.6614770000000001,0.616195,0.6295930000000001,0.6002780000000001,0.580106,0.56308,0.26501132286995516,0.7364349215246638,0.6566723094170404,0.6105206838565024,0.6259343049327355,0.5973680493273543,0.5789377242152467,0.5625197309417042,0.2680102160306884,0.7397298001211384,0.6587885523924893,0.6122825156470821,0.6277998788612961,0.5994329497274379,0.5814137896224509,0.5654779527559054,2021-11-04 11:09:38.366000+00:00,0.24060800000000002,0.5002840000000001,0.451921,0.472455,0.477738,0.48765100000000006,0.497569,0.5005620000000001,0.2393095291479821,0.4993895739910315,0.44895633408071756,0.4684141255605382,0.47522606502242165,0.48546670403587444,0.49664159192825114,0.5000777466367714,0.24193058752271349,0.5011278215223096,0.45013809812235006,0.4696932364223702,0.47652824550777306,0.4869987078538259,0.49858394912174453,0.5025257419745608
0.0,0.0,0.0,0.186,1.0,0.26681499999999997,0.741121,0.6612089999999999,0.615325,0.6334420000000001,0.60161,0.5800059999999999,0.562629,0.2652508408071749,0.7394221973094172,0.6562973654708522,0.6092614349775787,0.629585033632287,0.5987670403587444,0.5788063901345293,0.5618777466367714,0.2682199273167777,0.7427195033313141,0.6581606703008276,0.6111343428225319,0.6314613163739149,0.6008753684635574,0.58125651120533,0.5648103775489602,2021-11-04 11:09:34.645000+00:00,0.24069100000000002,0.5002840000000001,0.451921,0.47235499999999997,0.477738,0.487551,0.4975030000000001,0.500645,0.23935100896860986,0.49937528026905836,0.4490073991031391,0.46835829596412565,0.4751901905829597,0.4853714125560539,0.49661748878923767,0.5000684417040359,0.24193928931960426,0.5011147183525134,0.45016377952755904,0.46966182111851407,0.4764926105390673,0.48693357561074097,0.49856616192206754,0.5025083181909953
1.0,1.0,1.0,0.077,0.0,0.006449000000000001,0.0087,0.014579,0.0028700000000000006,0.0009470000000000001,0.0,0.0,0.0,0.0061511210762331845,0.008787331838565024,0.013897589686098655,0.0035201233183856507,0.0009741591928251123,0.0,1.973094170403588e-05,9.344170403587446e-05,0.006516313345447203,0.008833252574197453,0.013809650716737329,0.003601857460125177,0.000985705632949727,5.408843125378558e-05,0.00025808600847970927,0.00028780537048253584,2021-11-09 11:09:34.486000+00:00,0.008949,0.0846,0.05944700000000001,0.031719000000000004,0.026964000000000002,0.025083000000000005,0.022667999999999997,0.018585,0.008752354260089686,0.08462186098654709,0.058925560538116595,0.03214282511210763,0.02697040358744395,0.025186434977578477,0.022997365470852016,0.018737556053811662,0.009033474661821113,0.08464542701393094,0.05883910761154854,0.032203957197657986,0.026980738946093274,0.02504839491217444,0.02323214213607914,0.018834645669291335
1.0,1.0,1.0,0.083,0.0,0.006249000000000001,0.011317,0.015879,0.00297,0.000415,0.0,0.0,0.0,0.006046412556053812,0.011425896860986549,0.015194618834080716,0.003620123318385651,0.0005818385650224215,0.0,0.0,0.0,0.006269049061175045,0.011491338582677165,0.015118231374924289,0.003701615182717544,0.0006856046840298808,3.179890975166565e-05,0.00017155259438724003,7.571168988491822e-05,2021-11-09 11:09:30.766000+00:00,0.008966,0.0846,0.05944700000000001,0.031719000000000004,0.026881000000000002,0.025,0.022834000000000004,0.018734,0.008861322869955158,0.08461720852017937,0.058925560538116595,0.03214282511210763,0.026960313901345297,0.02519187219730942,0.022993329596412558,0.018716704035874443,0.009073066828184937,0.08464027861901875,0.05883910761154854,0.032203957197657986,0.026996123561477892,0.02506448616999798,0.02322081566727235,0.018786270946900864
1.0,1.0,1.0,0.083,0.21106018188652567,0.009115000000000002,0.023353,0.03424100000000001,0.013813,0.008577000000000001,0.0013,0.0036590000000000004,0.004398,0.0091445067264574,0.02492017937219731,0.03464927130044843,0.013628755605381168,0.0077208520179372206,0.00173542600896861,0.0035239349775784763,0.004026513452914798,0.009133192004845548,0.024845770240258424,0.03474906117504543,0.013631536442560063,0.007335110034322633,0.0020156275303643716,0.0035071269937411668,0.003613305067635776,2021-11-14 11:09:35.874000+00:00,0.011997999999999998,0.10096800000000002,0.07479400000000001,0.04213,0.035028000000000004,0.029417,0.029240000000000002,0.024898000000000003,0.011953363228699554,0.1018996076233184,0.0750076793721973,0.04196193946188342,0.034426401345291485,0.02977062780269059,0.029072253363228703,0.024588621076233188,0.011947607510599636,0.10183484756713104,0.07505901473854229,0.041961619220674325,0.034160327074500306,0.029977932566121534,0.029074560872198663,0.024218251564708252
1.0,1.0,1.0,0.077,0.20104576336798638,0.009398,0.027936000000000002,0.036841,0.015096,0.010343,0.0027830000000000003,0.004476,0.004949,0.00935140134529148,0.029382118834080716,0.03714198430493274,0.014845291479820631,0.00950016816143498,0.003200896860986548,0.004522926008968611,0.004684865470852019,0.009340359378154651,0.029274157076519283,0.03721548556430446,0.014850272562083584,0.009153200080759136,0.003449303452453058,0.004611265899454877,0.004285281647486371,2021-11-14 11:09:32.161000+00:00,0.011981,0.10065099999999999,0.07479400000000001,0.04213,0.035045,0.029383,0.029139999999999996,0.024832,0.011816255605381168,0.10162466367713005,0.0749545403587444,0.04197600896860987,0.03437595291479821,0.029754764573991035,0.029003643497757855,0.0245817264573991,0.011821481930143346,0.10166484958610944,0.07485404805168584,0.04198443367655964,0.03414201494044014,0.029941066020593578,0.02903448415101958,0.02420167575206945
1.0,1.0,1.0,0.088,0.0,0.005711000000000001,0.024715,0.035762,0.012989,0.0071,0.0,0.000996,0.0,0.005292937219730944,0.024709697309417043,0.035078251121076244,0.013709248878923767,0.007266367713004486,1.2275784753363231e-05,0.0013099215246636774,0.0002640134529147982,0.005378376741368867,0.024873268726024626,0.03500559257015949,0.013711750454270139,0.007348152634766808,0.00017044215626892787,0.0015346456692913381,0.00039866747425802544,2021-11-19 11:09:32.102000+00:00,0.008728,0.09934899999999999,0.075564,0.04192100000000001,0.034017000000000006,0.0283,0.027013,0.020802,0.008423430493273544,0.099317600896861,0.0751533071748879,0.042458127802690586,0.03415336322869956,0.028263060538116593,0.02723155829596413,0.02117707399103139,0.008496769634564909,0.0994095901473854,0.07507496466787805,0.042441389057137076,0.03423315162527762,0.02833971330506763,0.02742077528770442,0.021141207349081367
1.0,1.0,1.0,0.094,0.0,0.005077,0.027332000000000002,0.036896,0.012906,0.007,0.0,0.000498,0.0,0.004926569506726458,0.02734887892376682,0.03633576233183857,0.013691984304932734,0.0071123318385650225,1.4013452914798208e-06,0.0008269618834080718,3.963004484304932e-05,0.005083525136281041,0.027554956591964466,0.03629133858267717,0.013710438118312131,0.0072149000605693505,9.061175045427013e-05,0.00101231576822128,7.58530183727034e-05,2021-11-19 11:09:28.389000+00:00,0.008528,0.09934899999999999,0.075564,0.04192100000000001,0.0341,0.028449,0.027113000000000005,0.020619000000000002,0.008372813901345292,0.09931294843049329,0.0751533071748879,0.042458127802690586,0.034131726457399106,0.02826743273542601,0.027279540358744397,0.021094282511210764,0.008506460730870179,0.09940341207349081,0.07507496466787805,0.042441389057137076,0.03417920452251161,0.028348798707853822,0.02745404805168585,0.021086230567332925
0.0,0.0,0.0,0.186,1.0,0.17058099999999998,0.226107,0.24364400000000005,0.251168,0.27174,0.26753099999999996,0.26815700000000003,0.275688,0.1711396860986547,0.2286732623318386,0.24514977578475336,0.25069091928251125,0.27325980941704037,0.26994882286995514,0.26916053811659196,0.2737043721973095,0.17184290329093477,0.2298416111447607,0.24668166767615582,0.25128491823137494,0.2750271754492226,0.2715703008277811,0.27092317787199677,0.27429598223299007,2021-11-24 11:09:34.580000+00:00,0.154498,0.28748,0.251423,0.25433400000000006,0.261855,0.269044,0.27672299999999994,0.282507,0.1549470852017937,0.2889345291479821,0.252340134529148,0.2539183295964126,0.2629441704035875,0.27080695067264576,0.27754915919282513,0.28098934977578477,0.15555550171613164,0.28954415505754083,0.25320621845346253,0.25429775893397943,0.2641554815263476,0.2720213607914395,0.2789001413284878,0.28149668887542906
0.0,0.0,0.0,0.186,1.0,0.37902600000000003,0.801005,0.7226259999999999,0.667582,0.686697,0.6537139999999999,0.632631,0.607455,0.3793840807174888,0.7991906950672647,0.7217807174887894,0.6684400224215248,0.6871251121076233,0.6513731502242154,0.6315644058295964,0.6072025784753363,0.3799498687664042,0.7996175045427012,0.7228386432465171,0.6694977185544115,0.6870380577427818,0.6505733898647283,0.6319412275388653,0.6062648495861094,2021-11-29 11:09:30.078000+00:00,0.329477,0.550311,0.49103000000000013,0.510754,0.508337,0.5193030000000001,0.5316690000000001,0.5366040000000001,0.3297729820627803,0.5494974775784754,0.4906430493273543,0.5112288116591929,0.5085953475336323,0.5176389573991033,0.5308612668161437,0.5364158071748879,0.3302522511609126,0.5497104784978799,0.4911839693115283,0.5119036543508985,0.508536220472441,0.5170740763173834,0.5311454270139309,0.5356601049868766
0.0,0.0,0.0,0.132,1.0,0.376826,0.7928220000000001,0.70926,0.654714,0.6789970000000001,0.6456310000000001,0.6235480000000001,0.5959040000000001,0.3770691143497758,0.7911722533632288,0.708505437219731,0.6552051569506728,0.6792744394618835,0.6432833520179374,0.6223723094170405,0.5955806614349776,0.37762134060165553,0.7916240258429235,0.7093286291136685,0.6561337775085806,0.6791533615990308,0.6425020997375328,0.6227293761356754,0.5946638199071269,2021-11-29 11:09:26.365000+00:00,0.329577,0.550294,0.49103000000000013,0.5106539999999999,0.508337,0.5193030000000001,0.531652,0.5366869999999999,0.3298049887892377,0.5494696748878926,0.4906196188340808,0.5111832959641256,0.5086061659192825,0.5176343049327355,0.530803643497758,0.5364760650224215,0.3302804360993337,0.5496975570361395,0.4911693317181506,0.5118742580254391,0.508549364021805,0.5170757924490208,0.5311067837674137,0.535692085604684
1.0,1.0,1.0,0.066,0.008959678640956446,0.004726000000000001,0.026581,0.030726000000000003,0.011243,0.003168,,0.0002,0.000517,0.0039262892376681615,0.026364854260089693,0.030503195067264576,0.010068946188340807,0.0034928251121076237,0.00013297997644287396,0.0007472135253600501,0.0010515748031496065,0.0037303452453058754,0.02684845548152635,0.030768443367655968,0.009836644457904298,0.0036956390066626293,0.00022870756402620606,0.0008192930444697832,0.001089808633733867,2021-12-14 11:09:34.228000+00:00,0.007394,0.108232,0.073962,0.040845,0.031551,0.026434,0.024783,0.0199,0.006742096412556054,0.10814534753363231,0.07383335201793724,0.040020403587443944,0.03182387892376683,0.026325,0.024895627802690588,0.02027718609865471,0.006584090450232181,0.1084475065616798,0.07400389662830609,0.03985889359983849,0.031986513224308497,0.026792206743387847,0.025079204522511604,0.020182414698162728
1.0,1.0,1.0,0.10447757847533631,0.008959678640956446,0.0033770000000000007,0.022964,0.026592,0.006326,0.0001,0.0001,0.0001,0.0001,0.0026403587443946195,0.022730997757847538,0.026376905829596415,0.005101681614349776,0.00015134128166915056,0.0001,0.00010481717933836332,0.0001,0.0023981223500908534,0.02326180092873006,0.026683747223904708,0.004861861498081971,0.00030788590604026846,0.0001,0.00010792663972645323,0.0001,2021-12-14 11:09:30.514000+00:00,0.007328000000000001,0.108232,0.073962,0.040845,0.031451,0.026417,0.024848999999999996,0.019917,0.0067635650224215265,0.10814534753363231,0.07384674887892377,0.040020403587443944,0.0318002802690583,0.026318834080717494,0.024953587443946188,0.020280773542600897,0.006612517666060972,0.10844754694124774,0.07400397738744197,0.039862063395921674,0.031975610740965076,0.026795416919038962,0.02509244902079547,0.020202846759539667
1.0,0.6614349775784754,0.47910357359176253,0.083,0.6115695988061242,0.262232,0.23799900000000002,0.226587,0.22372800000000004,0.227722,0.22320500000000001,0.22369800000000004,0.225186,0.2604972533632287,0.2346711883408072,0.2259104820627803,0.22241507847533637,0.2235931614349776,0.2196321748878924,0.22201709641255607,0.2236095291479821,0.26018744195437105,0.23126436503129413,0.22331701998788608,0.21888122350090852,0.22133872400565308,0.21725176660609732,0.2195162527760953,0.22110613769432663,2021-12-19 11:09:28.795000+00:00,0.236095,0.23510800000000004,0.19941599999999998,0.20230900000000002,0.20133900000000002,0.20783100000000002,0.215248,0.221632,0.2341970291479821,0.23287141255605387,0.19866889013452918,0.20090812780269066,0.19807169282511214,0.2047217488789238,0.21360706278026906,0.22001788116591928,0.23379856652533823,0.23084332727639817,0.19704403391883707,0.1983067030082778,0.19629008681607105,0.2027643044619423,0.21145794467999188,0.21770688471633354
1.0,0.5274663677130045,0.42761962447001817,0.132,0.6115639884876264,0.266511,0.247615,0.233939,0.23011399999999999,0.23582500000000003,0.22756099999999999,0.22650300000000004,0.22684600000000002,0.26596541479820635,0.2440841367713005,0.233275,0.2288627802690583,0.23209949551569506,0.22473492152466368,0.22564232062780273,0.22609321748878924,0.2660040985261457,0.24045901473854225,0.23063531193216225,0.22527639814253986,0.22976842317787194,0.22226717141126584,0.22317569150010097,0.2236227740763174,2021-12-19 11:09:25.085000+00:00,0.235912,0.235025,0.19941599999999998,0.20230900000000002,0.20140500000000003,0.20783100000000002,0.21539700000000003,0.221666,0.2341467488789238,0.23284708520179376,0.1986789237668162,0.20090812780269066,0.19806676008968613,0.20476059417040363,0.21365947309417038,0.22003649103139017,0.23381148798707846,0.23082967898243487,0.1970623056733293,0.1983037956793862,0.19626452654956592,0.2027359176256814,0.21148380779325657,0.21769226731273975
0.0,0.0,0.015142337976983646,0.083,0.22622487278602807,0.011449,0.017896000000000002,0.024532,0.009053,0.004908,0.002719,0.004266,0.00238,0.012056390134529148,0.017969058295964128,0.02491984304932736,0.009205437219730942,0.0061572309417040364,0.0031275784753363226,0.004392993273542602,0.004998766816143498,0.012237250151423379,0.018454673934988893,0.025089259034928323,0.00940379567938623,0.006733010296789823,0.003252271350696547,0.004824692105794468,0.005584797092671106,2021-12-29 11:09:30.226000+00:00,0.013966000000000001,0.10168100000000001,0.07183200000000001,0.041402,0.034189000000000004,0.031967999999999996,0.030732000000000002,0.024044,0.01446547085201794,0.10175184977578478,0.07204551569506727,0.04153884529147983,0.03509691704035875,0.03220112107623319,0.03078985426008968,0.026182118834080722,0.014600928730062588,0.10205578437310717,0.07216955380577428,0.04170718756309307,0.03552178477690288,0.03229469008681606,0.031142903290934783,0.026654653745204926
1.0,1.0,1.0,0.07200000000000001,0.005722524867736741,0.0117,0.024296,0.028532,0.011470000000000001,0.007791,0.005469999999999999,0.006849,0.004079999999999999,0.01237443946188341,0.024369899103139015,0.02887567264573991,0.01165,0.008890302690582962,0.005730269058295965,0.0067762892376681625,0.006678026905829597,0.012505168584696143,0.02483325257419746,0.02904964667878053,0.011822592368261659,0.009437997173430242,0.005849969715324045,0.007101796890773266,0.007154795073692713,2021-12-29 11:09:26.511000+00:00,0.013949000000000003,0.101764,0.07183200000000001,0.041419,0.034272000000000004,0.032102,0.030915,0.023961,0.014452746636771301,0.10176614349775787,0.07203503363228701,0.041566535874439474,0.0351170403587444,0.03225672645739911,0.030839573991031398,0.026164742152466374,0.014560266505148392,0.10206093276801936,0.07216307288512012,0.04171748435291742,0.03553502927518675,0.03233932969917221,0.031159236826165955,0.026611003432263265
1.0,1.0,1.0,0.186,0.0075290474240222605,0.004415,0.0001,0.0001,0.0001,0.0001,0.0001,0.0001,0.0001,0.004636603139013454,0.0001,0.0001,0.0001,0.0001,0.0001,0.0001,0.0001,0.004585927720573389,0.0001,0.0001,0.0001,0.0001,0.0001,0.0001,0.0001,2022-01-03 11:09:36.205000+00:00,0.011632,0.09886600000000001,0.066085,0.038843,0.032051,0.030150999999999997,0.027983000000000004,0.0248,0.011839854260089686,0.09892040358744394,0.06587640134529149,0.03816283632286995,0.032425392376681614,0.03027062780269059,0.028361491031390136,0.024697253363228703,0.01180730870179689,0.09914568948112255,0.06598358570563294,0.038124550777306684,0.03271996769634564,0.030456289117706443,0.02874086412275388,0.024693700787401577
1.0,1.0,1.0,0.132,0.014682203508693184,0.006149,0.0007170000000000001,0.00707,0.0001,0.0001,0.0001,0.0001,0.0001,0.006505885650224216,0.0009501681614349778,0.006701121076233185,0.0001,0.00010493273542600897,0.00010493273542600897,0.0001,0.00010618479880774963,0.006422390470421965,0.0011546133656369873,0.006872804360993338,0.00010090854027861903,0.00010787401574803152,0.00010537634408602152,0.0001,0.00010711974110032364,2022-01-03 11:09:32.489000+00:00,0.011632,0.09886600000000001,0.066085,0.038843,0.032051,0.030150999999999997,0.027866000000000002,0.024651000000000003,0.01189041479820628,0.09892068385650225,0.06587640134529149,0.03816283632286995,0.032425392376681614,0.03028284753363229,0.02831199551569507,0.024658688340807183,0.011820492630728853,0.09915047445992327,0.06598358570563294,0.038124550777306684,0.032719745608721984,0.030445649101554607,0.02873125378558449,0.02468413082980012
0.0,0.0,0.0,0.115,1.0,0.038798,0.029036,0.032174,0.023021000000000003,0.023651,0.023496000000000003,0.0257,0.027926000000000003,0.038613004484304936,0.029273766816143496,0.03331989910313901,0.023189461883408077,0.023317881165919284,0.02373570627802691,0.025630269058295966,0.027532230941704042,0.03864881889763779,0.029099454875832823,0.03351197254189381,0.02324039975772259,0.023163920856046846,0.023664768826973555,0.025759781950333124,0.027875529981829194,2022-01-08 11:09:30.546000+00:00,0.039615,0.11218500000000002,0.08012100000000001,0.055535999999999995,0.053634,0.054264,0.053817000000000004,0.050745000000000005,0.03944742152466369,0.1123508408071749,0.08080420403587445,0.055613565022421534,0.053365078475336336,0.05443755605381167,0.05385414798206279,0.05047073991031391,0.039481708055723805,0.11225622854835451,0.08090807591358769,0.05564835453260648,0.05325219059156065,0.05436085200888349,0.0539647890167575,0.05073307086614173
0.0,0.0,0.0,0.115,1.0,0.03921500000000001,0.033035999999999996,0.034191,0.023604000000000003,0.024751000000000002,0.024113,0.025783000000000004,0.027611000000000004,0.039031109865470856,0.033242600896860985,0.03536732062780269,0.02373895739910314,0.02436334080717489,0.02446541479820628,0.02573368834080718,0.02746087443946189,0.03904996971532404,0.03304310518877448,0.03555067635776297,0.023794407429840493,0.024205269533615993,0.024281990712699375,0.025873430244296388,0.027826892792247118,2022-01-08 11:09:26.835000+00:00,0.039632,0.11226799999999999,0.08012100000000001,0.055535999999999995,0.053634,0.054181,0.0538,0.050662000000000006,0.03943553811659193,0.112365134529148,0.08080420403587445,0.05560891255605382,0.053362275784753374,0.054463228699551565,0.053851177130044864,0.05047673766816144,0.03945877246113466,0.11226137694326668,0.08090807591358769,0.05564320613769431,0.05325439127801332,0.054362729658792644,0.05396293155663234,0.05075281647486372
1.0,1.0,1.0,0.059000000000000004,0.0,0.004862000000000001,0.004024,0.012048999999999999,1.7e-05,0.0,0.0,0.0,0.0,0.004387107623318387,0.0018964125560538118,0.012226961883408072,0.00047158071748878923,0.0,0.0,0.0,0.0002509529147982063,0.004292671108419138,0.0018433070866141726,0.012516515243286893,0.0006990914597213809,5.451241671714112e-07,0.0,1.322430849989905e-05,0.00030123157682212793,2022-01-13 11:09:35.518000+00:00,0.007479000000000001,0.093794,0.06076600000000001,0.031434,0.027217,0.024134,0.022015,0.017127999999999997,0.007106726457399103,0.09246216367713006,0.060868329596412564,0.03183677130044843,0.0274990470852018,0.024553923766816147,0.021837836322869956,0.017584473094170407,0.0070226529376135665,0.09242315768221279,0.06105651120533011,0.03200942862911366,0.027641772663032502,0.024432303654350892,0.022126307288512014,0.01744096507167373
1.0,1.0,1.0,0.059000000000000004,0.0,0.004945000000000001,0.009623999999999999,0.015249,0.001051,0.0,0.0,0.0,0.0,0.004365863228699552,0.007488060538116594,0.015378755605381166,0.0015864910313901348,0.0,0.0,0.0,0.00026743273542600895,0.0042327074500302835,0.007407308701796889,0.015676418332323843,0.0018546335554209567,1.8170805572380372e-06,0.0,4.1792852816474865e-05,0.00032723601857460123,2022-01-13 11:09:31.803000+00:00,0.007479000000000001,0.093711,0.06076600000000001,0.031434,0.0272,0.024034,0.022115,0.017161999999999997,0.00707567264573991,0.09244786995515697,0.060868329596412564,0.03183677130044843,0.027509080717488785,0.024499831838565033,0.021878307174887895,0.017621860986547087,0.0070305471431455656,0.09241800928730062,0.06105651120533011,0.03200858065818696,0.027627236018574593,0.0244277609529578,0.022129456894811224,0.017470421966484954
1.0,1.0,1.0,0.061,0.0,0.0034960000000000004,0.01897,0.024519000000000006,0.005319,0.0001,0.0001,,0.00018299999999999998,0.0030517376681614356,0.01845840807174888,0.024653811659192823,0.005433295964125561,0.00035909451945988886,0.0001,0.00014686028257456833,0.00014405829596412557,0.0033519685039370074,0.0182033515041389,0.0245115081768625,0.005364486169997979,0.0006991181657848326,0.00010346927966101694,0.00019882653061224488,0.00017194274028629859,2022-01-18 11:09:29.932000+00:00,0.006213000000000001,0.095085,0.066768,0.034268,0.0273,0.024284999999999998,0.020916999999999998,0.016316999999999998,0.00581188340807175,0.09477741031390136,0.06691126681614351,0.03433363228699552,0.02751922645739911,0.024410594170403595,0.02160863228699552,0.016186547085201796,0.006096365838885524,0.09466351706036745,0.06685667272360184,0.03430337169392288,0.027842055320008063,0.02432665051483949,0.02189567938623056,0.016316252776095296
1.0,1.0,1.0,0.066,0.0,0.003979,0.024102000000000002,0.027750999999999998,0.006285000000000001,0.000566,0.0,0.0,0.0,0.003268553811659193,0.02361261210762332,0.027820571748878926,0.006288901345291481,0.0008271300448430494,0.0,0.0,0.0,0.0033317989097516655,0.023410882293559455,0.027703593781546545,0.006216919038966281,0.0013198263678578634,7.672117908338382e-06,8.839087421764588e-05,4.1752473248536235e-05,2022-01-18 11:09:26.224000+00:00,0.006646999999999999,0.096268,0.06793400000000001,0.034768,0.0276,0.024734000000000003,0.021366,0.0167,0.006123262331838566,0.09596816143497759,0.06792651345291481,0.03477561659192825,0.02782270179372197,0.024685426008968614,0.02191042600896861,0.016503979820627807,0.006194871794871794,0.09583735110034325,0.06782329901070058,0.034719866747425804,0.028164728447405613,0.02461714112658994,0.022197193620028262,0.0165778921865536
1.0,1.0,1.0,0.066,0.00180652255628552,0.0035869999999999995,0.021887000000000004,0.032621000000000004,0.009721,0.006351,0.0007680000000000001,0.0018700000000000001,0.0027700000000000003,0.004888733183856502,0.021503755605381168,0.03218576233183856,0.010238789237668163,0.006436939461883408,0.0012535874439461886,0.0024710762331838568,0.002876177130044843,0.00553809812235009,0.021317605491621237,0.03200129214617403,0.010174621441550574,0.006433878457500505,0.0016516050878255604,0.0028789824348879464,0.0024615124630333754,2022-01-23 11:09:34.566000+00:00,0.006718999999999999,0.098968,0.071653,0.03750200000000001,0.032083,0.0271,0.025086999999999998,0.020751,0.0077511771300448435,0.09926917040358746,0.07174243273542602,0.03797208520179374,0.032039798206278024,0.027384809417040364,0.02596597533632287,0.020944282511210766,0.008439107611548553,0.09920444175247324,0.071807894205532,0.03812852816474863,0.03216056935190794,0.027727054310518875,0.026166989703210172,0.020694225721784767
1.0,1.0,1.0,0.066,0.00180652255628552,0.003438,0.026187000000000002,0.034821,0.010621,0.006902,0.001768,0.001821,0.002985,0.004888116591928252,0.02579607623318386,0.03439512331838565,0.01109955156950673,0.007054428251121077,0.001869955156950673,0.0025824551569506725,0.0029542600896860986,0.005529154048051686,0.025615404805168586,0.034221401171007464,0.011027013930950938,0.0070520896426408235,0.002161336563698768,0.003046840298808802,0.002481122551988693,2022-01-23 11:09:30.854000+00:00,0.006453,0.098968,0.071653,0.03750200000000001,0.032083,0.026917,0.025021,0.020817,0.007728979820627804,0.09925577354260091,0.07174243273542602,0.03797208520179374,0.03203957399103139,0.027356670403587448,0.025963789237668164,0.020932399103139016,0.008448495861094286,0.09919929335756106,0.071807894205532,0.038123480718756306,0.03217173430244296,0.027689743589743587,0.026159418534221674,0.020681485968100134
1.0,1.0,1.0,0.077,0.0010098573296006012,0.0038660000000000005,0.021123,0.030645000000000002,0.006017000000000001,0.0022680000000000005,0.0,0.0,0.0,0.004163508968609866,0.021372141255605385,0.029990526905829602,0.006001513452914799,0.00228609865470852,0.0,1.048206278026906e-05,0.0,0.004308964264082374,0.021668221280032297,0.029673975368463546,0.006109933373712901,0.002111225519886937,0.0,1.7282455077730665e-05,7.896224510397738e-05,2022-01-28 11:09:28.362000+00:00,0.0067659999999999994,0.09528700000000001,0.07073,0.0351,0.029234,0.0237,0.022349,0.015421000000000002,0.007095067264573992,0.0954480941704036,0.0703447869955157,0.035119002242152475,0.029255325112107627,0.02411406950672646,0.022323598654708524,0.016588789237668166,0.007261336563698767,0.09565675348273772,0.07016826165960025,0.035220977185544115,0.029131839289319603,0.02433004239854633,0.022534686048859272,0.017048071875630927
1.0,1.0,1.0,0.066,0.04423736135500412,0.004015,0.02714,0.034345,0.008417000000000001,0.004251,0.0,8.3e-05,0.0,0.004335538116591929,0.02742539237668162,0.03372813901345292,0.008414910313901347,0.004159248878923767,0.0,0.00031227578475336325,4.618834080717489e-05,0.004521481930143348,0.02767609529578034,0.033392105794468004,0.008503290934786996,0.0039430849989905105,1.9220674338784572e-05,0.0005106198263678578,0.00028398950131233594,2022-01-28 11:09:24.658000+00:00,0.006649,0.09528700000000001,0.07073,0.0351,0.029334,0.0238,0.022615,0.015455000000000002,0.007023318385650225,0.0954480941704036,0.0703447869955157,0.035119002242152475,0.029260201793721977,0.024110313901345295,0.022484080717488794,0.016625616591928252,0.007210216030688471,0.09565568342418734,0.07016509186351706,0.035220977185544115,0.029136180092873006,0.024355441146779726,0.02266908944074298,0.017053260650111042
1.0,1.0,1.0,0.082,0.0,0.0028700000000000006,0.002993,0.014564,0.0,0.0,0.0,0.0,0.0,0.0032090246636771306,0.004384417040358745,0.014445235426008968,1.0599078341013824e-05,0.0,0.0,0.0,0.0,0.0034429436705027258,0.005020654149000605,0.01439204522511609,6.942114951932909e-05,0.0,0.0,0.0,0.0,2022-02-02 11:09:34.492000+00:00,0.006036,0.085689,0.060414999999999996,0.0297,0.024034,0.020966,0.019372,0.015283,0.006338845291479821,0.08652130044843052,0.06037264573991033,0.02987236547085203,0.024066984304932735,0.021331334080717492,0.019808183856502244,0.015512668161434979,0.006576680799515445,0.08693179890975167,0.06035507773066829,0.03006705027256208,0.02433759337775086,0.021422047244094484,0.020039874823339392,0.015661336563698766
1.0,1.0,1.0,0.061,0.0,0.003353,0.011559000000000002,0.020163999999999998,0.0030830000000000002,0.0,0.0,0.0,0.0,0.0036510089686098662,0.012821412556053811,0.020045627802690584,0.0032608744394618835,1.4013452914798208e-06,0.0,0.0,3.0100896860986545e-05,0.003959479103573592,0.013413506965475469,0.019981405208964263,0.0034872804360993343,6.521300222087622e-05,9.085402786190186e-07,0.0,5.043408035534019e-05,2022-02-02 11:09:30.776000+00:00,0.006019,0.085689,0.060414999999999996,0.0297,0.024134,0.021232,0.019521000000000004,0.015166,0.006270123318385652,0.08652130044843052,0.06037264573991033,0.02987236547085203,0.024044226457399103,0.021500168161434977,0.019868049327354267,0.0154487668161435,0.006548092065414899,0.08693157682212799,0.06035507773066829,0.03006705027256208,0.024317908338380777,0.02151114476075106,0.02004577024025843,0.01563753280839895
0.0,0.0,0.0,0.077,1.0,0.617347,0.7139580000000001,0.694231,0.6969260000000002,0.717053,0.7253320000000001,0.720238,0.7138490000000002,0.6098024663677131,0.7045459641255607,0.6823065022421525,0.6852872197309418,0.708285369955157,0.7121474775784756,0.7073113789237669,0.705210538116592,0.6030753280839893,0.70401302241066,0.6785475065616796,0.67936571774682,0.7013420351302239,0.7033284474056126,0.6996760549162124,0.697422996163941,2022-02-07 11:09:28.896000+00:00,0.563334,0.534915,0.51652,0.5764819999999999,0.595124,0.6313820000000001,0.6503009999999999,0.669338,0.5564581838565023,0.5289831278026906,0.5084311659192825,0.5672275224215247,0.5881997757847535,0.6204084641255606,0.6391836883408073,0.6614963565022423,0.5503550171613163,0.5286587320815667,0.5059061175045427,0.5626207954774882,0.5827046840298808,0.613094730466384,0.6325399959620432,0.654401312335958
0.0,0.0,0.0,0.066,1.0,0.6246129999999999,0.70926,0.6879989999999999,0.694109,0.729068,0.732696,0.7225210000000001,0.7135809999999999,0.6168441704035875,0.7001875560538117,0.6762626121076233,0.6823413677130047,0.7200255605381167,0.7190522421524664,0.7095507286995517,0.7049535313901346,0.6100659398344436,0.6997010902483343,0.6724947910357358,0.6764426004441753,0.7129563900666263,0.7101646678780535,0.7019022814455885,0.6972346658590753,2022-02-07 11:09:25.187000+00:00,0.5634340000000001,0.5348320000000001,0.51652,0.576565,0.59519,0.631631,0.6503180000000001,0.669387,0.5564786434977579,0.5289568385650224,0.5084367713004485,0.567283912556054,0.5881845852017937,0.6204353139013453,0.6391992152466367,0.6615025224215249,0.5503884514435695,0.5286370078740157,0.5059096910963052,0.5626495457298605,0.5826584898041591,0.6131313345447202,0.632574237835655,0.6544627296587925
1.0,1.0,1.0,0.11333856502242154,0.0,0.007832,0.0075,0.008202,0.0005510000000000001,0.0,0.0,0.0,0.0007469999999999999,0.007975392376681616,0.007033015695067266,0.008562107623318388,0.0006264013452914798,0.0,0.0,3.828475336322871e-05,0.0004613789237668162,0.008156753482737733,0.007080759135877246,0.008534140924692105,0.0006101756511205328,0.00011275994346860486,0.0,0.00022848778518069855,0.0004723803755299818,2022-02-17 11:09:28.033000+00:00,0.011432,0.08418300000000001,0.056368,0.031934,0.027617000000000003,0.02816,0.026734,0.022847000000000003,0.01157034753363229,0.08389927130044844,0.05663766816143499,0.03199910313901345,0.027881109865470852,0.027726625560538124,0.026651681614349783,0.02225078475336323,0.011718413082980009,0.08394007672117905,0.0566213809812235,0.031961477892186556,0.028057379366040774,0.02760080759135877,0.026727175449222686,0.0222753280839895
1.0,1.0,1.0,0.083,0.0,0.009232,0.017,0.015202,0.005451000000000001,0.004168000000000001,0.004824,0.005334,0.005612999999999999,0.009309304932735426,0.016518441704035876,0.01549820627802691,0.00552359865470852,0.004565134529147983,0.004318329596412556,0.005169282511210763,0.004734136771300449,0.009350736927114878,0.01653375731879669,0.015468927922471225,0.005474863718958205,0.004717787199676963,0.004177246113466587,0.005185947910357359,0.004627700383605894,2022-02-17 11:09:24.323000+00:00,0.011515,0.08418300000000001,0.056368,0.031934,0.027534000000000003,0.028225999999999998,0.0268,0.023196,0.011619338565022423,0.08389927130044844,0.05663766816143499,0.03199910313901345,0.027847253363228706,0.027820011210762337,0.02671889013452915,0.022356334080717497,0.011713345447203712,0.08394153038562485,0.0566213809812235,0.031961477892186556,0.028027135069654752,0.02768049666868565,0.026750898445386632,0.022325277609529577
1.0,1.0,1.0,0.083,0.0028780933893617134,0.005249,0.0049640000000000005,0.00913,0.0009130000000000001,0.0,0.0,0.0,0.0,0.005455437219730942,0.0039166479820627815,0.008758800448430493,0.0005454596412556055,0.0,0.0,0.0,0.0002584641255605381,0.005575469412477286,0.003623985463355541,0.008649000605693518,0.0005420755097920453,4.179285281647487e-06,0.0,0.0,0.0001797092671108419,2022-02-22 11:09:36.713000+00:00,0.007966,0.079515,0.052581,0.02823,0.023747,0.022781,0.0197,0.017415000000000003,0.008189461883408073,0.07887001121076234,0.05236255605381166,0.02772892376681615,0.023576289237668167,0.022631390134529156,0.02012219730941704,0.017318778026905835,0.00830438118312134,0.07868092065414899,0.052307773066828184,0.02763470623864324,0.02348734100545124,0.02235634968705835,0.020187946698970317,0.016947970926711083
1.0,1.0,1.0,0.077,0.01294300477438104,0.005698,0.010180999999999999,0.012247,0.002579,0.000415,0.0,0.0,0.0006,0.005674047085201794,0.0091125,0.011907903587443949,0.0019417600896860989,0.00036278026905829603,8.963004484304934e-05,0.0,0.0007370515695067265,0.005772481324449827,0.008811144760751061,0.011779890975166563,0.0018011710074702203,0.00039452856854431655,0.00012447001817080558,3.4181304260044416e-05,0.0005602059357964869,2022-02-22 11:09:32.997000+00:00,0.008232,0.079515,0.052581,0.02823,0.023747,0.022829999999999996,0.0196,0.017366,0.008253867713004485,0.07887001121076234,0.05236255605381166,0.02772892376681615,0.02360633408071749,0.02256569506726458,0.020141704035874446,0.017309360986547086,0.008341389057137088,0.07868092065414899,0.052307773066828184,0.02763470623864324,0.023500989299414493,0.022311164950535027,0.020207126993741165,0.01700478497880073
1.0,1.0,0.9848576620230164,0.07200000000000001,0.45326885207273215,0.018936,0.03927,0.034315,0.018498,0.020083,0.019964,0.018885000000000002,0.017955000000000002,0.01877298206278027,0.03890610986547085,0.033614798206278024,0.018822253363228705,0.01979091928251121,0.019679820627802692,0.019746412556053815,0.018458912556053815,0.018411064001615178,0.038739430648092064,0.03351714112658993,0.018769109630526953,0.019370684433676556,0.019447082576216437,0.02022327882091661,0.018778497880072683,2022-02-27 11:09:30.701000+00:00,0.019802,0.10118500000000001,0.07043200000000001,0.042797999999999996,0.038766,0.039280999999999996,0.037168,0.03318700000000001,0.019657959641255607,0.1009968609865471,0.07004433856502243,0.04302886771300449,0.0385375,0.039054596412556056,0.037922926008968606,0.03361070627802691,0.019375328083989504,0.10094175247324856,0.07003692711487987,0.043001453664445785,0.038256248738138494,0.0388997981021603,0.038345891378962244,0.03393074904098527
1.0,1.0,1.0,0.077,0.0032034918622330186,0.018136,0.042704,0.036049000000000005,0.018997999999999998,0.018117,0.017364,0.015836,0.015287000000000002,0.017942040358744398,0.04243054932735427,0.03539674887892378,0.019317040358744396,0.017784473094170406,0.016989237668161437,0.01686883408071749,0.01567948430493274,0.017582656975570363,0.04229145972138098,0.03530121138703816,0.01926561679790026,0.01735146375933777,0.01677827579244902,0.01732903290934787,0.016001736321421354,2022-02-27 11:09:26.989000+00:00,0.019802,0.10118500000000001,0.07051500000000001,0.042797999999999996,0.038783000000000005,0.039280999999999996,0.037085,0.033170000000000005,0.019657959641255607,0.10098637892376683,0.07004859865470853,0.04302886771300449,0.03854686098654708,0.039048542600896866,0.03792696188340807,0.03357724215246637,0.019375328083989504,0.10093660407833636,0.07004076317383402,0.04300563294972743,0.038248677569150014,0.03890260448213204,0.03835366444579043,0.03391990712699374
1.0,1.0,1.0,0.055,0.024977137952121534,0.012698000000000001,0.039674,0.034487,0.017168,0.015532,0.013831999999999999,0.015366000000000001,0.013183,0.012683295964125561,0.04021692825112109,0.03473699551569508,0.017260201793721973,0.01515723094170404,0.01356737668161435,0.015312892376681616,0.013384024663677134,0.012959398344437713,0.04032259236826165,0.03463424187361194,0.017317666060973142,0.014913305067635772,0.013542681203311122,0.01506349687058348,0.01358764385221078,2022-03-09 11:09:32.375000+00:00,0.014281,0.09692100000000001,0.067202,0.038717,0.035315,0.034215,0.034049,0.028066000000000004,0.01423890134529148,0.09733951793721973,0.06739641255605382,0.03876709641255605,0.03499131165919283,0.03397118834080718,0.033972645739910316,0.028248374439461887,0.014520633959216636,0.0974579446799919,0.06735509792045223,0.03883228346456693,0.034826388047647885,0.03397464163133454,0.033795457298606904,0.028462992125984243
1.0,1.0,1.0,0.055,0.1611788401227537,0.012664000000000002,0.04284000000000001,0.035953,0.017417,0.016281,0.014381,0.015549,0.013366,0.01258144618834081,0.04337892376681615,0.036169730941704045,0.017442264573991034,0.01573346412556054,0.013950280269058299,0.015383071748878928,0.013417040358744397,0.012842438925903492,0.043448899656773655,0.0360384817282455,0.017498707853825964,0.015494306480920652,0.013889662830607713,0.015109933373712898,0.013573268726024625,2022-03-09 11:09:28.662000+00:00,0.014281,0.09692100000000001,0.067202,0.038717,0.035315,0.034232,0.034049,0.028066000000000004,0.014241031390134528,0.09733918161434979,0.06739641255605382,0.03876709641255605,0.03499131165919283,0.033995964125560545,0.03398677130044843,0.028245235426008975,0.014510579446799916,0.09745309913183926,0.06735509792045223,0.03883228346456693,0.034826388047647885,0.03398831011508176,0.03380886331516253,0.028462911366848365
0.0,0.0,0.0,0.1539966367713005,1.0,0.283861,0.29092,0.270722,0.266391,0.281892,0.286198,0.285688,0.284888,0.2837312780269059,0.2911093609865471,0.2732282511210763,0.26639119955156954,0.283327466367713,0.28635369955156953,0.2864347533632287,0.28475179372197307,0.2834913183928932,0.29189376135675343,0.27331887744801125,0.26625525943872397,0.28294423581667677,0.2858677165354331,0.28669014738542287,0.28540892388451433,2022-03-19 11:09:28.857000+00:00,0.257097,0.25334,0.22800600000000001,0.233824,0.23908700000000002,0.26074,0.27219,0.279673,0.25697449551569507,0.25343396860986556,0.22956743273542604,0.23383161434977578,0.2401229820627803,0.2609044282511211,0.27272281390134534,0.27956575112107623,0.2567595800524934,0.25387415707651934,0.2296018170805572,0.23372493438320205,0.23984795073692705,0.2605395921663638,0.27292436906925094,0.2801293761356753
1.0,1.0,1.0,0.11327634529147984,0.03762279584612019,0.012666,0.038685000000000004,0.044219,0.016715,0.0123,0.005662,0.007896,0.007313,0.012591647982062783,0.03835706278026906,0.04417886771300449,0.016255437219730943,0.011699831838565024,0.005719226457399104,0.007554316143497758,0.007426121076233185,0.012566585907530788,0.038091298203109226,0.04400763173834039,0.01613708863315163,0.011459216636381988,0.0060386230567332925,0.0073141934181304245,0.007499454875832829,2022-04-03 11:09:36.241000+00:00,0.015966,0.09765100000000002,0.074985,0.04093200000000001,0.0361,0.032229999999999995,0.032630000000000006,0.027747,0.015948206278026907,0.09748649103139015,0.07504147982062781,0.04060639013452915,0.03574579596412556,0.03233542600896861,0.03236945067264574,0.02792230941704036,0.015931152836664648,0.09736509186351705,0.07497478295982235,0.040556793862305665,0.035574500302846764,0.032604764789016756,0.03219049061175045,0.027993458509993935
1.0,1.0,1.0,0.11,0.02824234331783015,0.013132,0.04358499999999999,0.047019,0.018432,0.013998,0.0068130000000000005,0.008796,0.008013000000000001,0.01289119955156951,0.04325538116591929,0.04697920403587444,0.01801776905829597,0.013237556053811663,0.007111715246636771,0.00859859865470852,0.008300672645739911,0.012817767009892993,0.04298649303452453,0.046809408439329694,0.017890450232182515,0.013014435695538056,0.007341994750656168,0.00837441954371088,0.008330809610337166,2022-04-03 11:09:32.525000+00:00,0.016149,0.09765100000000002,0.074985,0.04093200000000001,0.036331999999999996,0.032229999999999995,0.03253,0.027663999999999998,0.01595717488789238,0.09748621076233185,0.07504147982062781,0.04060639013452915,0.03575151345291481,0.03236479820627803,0.03233755605381167,0.027994674887892385,0.015931738340399754,0.09736030688471634,0.07497036139713308,0.040556793862305665,0.03556056935190793,0.03257086614173228,0.0321691500100949,0.0280300020189784
1.0,1.0,1.0,0.115,0.0,0.008716999999999999,0.009034,0.008750999999999998,0.006683,0.024211000000000003,0.0158,0.013534000000000001,0.00677,0.009064966367713007,0.009258744394618833,0.008745683856502243,0.007039349775784755,0.023464405829596413,0.015355325112107625,0.013929820627802693,0.007455549327354261,0.009177589339794064,0.009249666868564503,0.008908459519483143,0.007350676357762972,0.02303202099737533,0.014998364627498486,0.013962628709872799,0.007891681809004642,2022-04-18 11:09:30.192000+00:00,0.0119,0.072317,0.049034,0.031366,0.043562,0.03896600000000001,0.0359,0.026319000000000002,0.012210145739910317,0.07250297085201796,0.04906171524663678,0.031621076233183866,0.04295560538116592,0.03857578475336323,0.03623890134529148,0.026777242152466373,0.012291237633757316,0.0725150615788411,0.04918697758933979,0.03187601453664446,0.042657298606904905,0.03833030486573793,0.036255804562891174,0.02719317585301837
1.0,1.0,1.0,0.115,0.0,0.008733999999999999,0.011417000000000002,0.009851,0.0069830000000000005,0.024779000000000002,0.0159,0.0136,0.006221,0.009054428251121079,0.01161535874439462,0.009813845291479823,0.007297141255605382,0.024035482062780274,0.015286547085201796,0.013725504484304934,0.006981165919282513,0.009055340197859883,0.011598586715122147,0.009983787603472643,0.007589198465576416,0.023619119725418938,0.015015364425600643,0.013691197254189382,0.007479729456894811,2022-04-18 11:09:26.482000+00:00,0.011917000000000002,0.072317,0.049034,0.031366,0.043579,0.039066000000000004,0.036183,0.026153000000000006,0.012266479820627802,0.07250297085201796,0.04906171524663678,0.031621076233183866,0.04298004484304933,0.038582455156950676,0.03626177130044844,0.026764069506726454,0.012302543912780132,0.07251366848374721,0.04918824954572986,0.03187601453664446,0.042668019382192605,0.038333817888148596,0.036245891378962246,0.027212396527357158
0.0,0.0,0.01655562285483545,0.137,0.5055514101535545,0.020159,0.024967,0.028260999999999998,0.020782000000000002,0.025135,0.017251999999999997,0.017448,0.017197,0.021715919282511213,0.027873094170403588,0.030015751121076236,0.02318167040358745,0.02747690582959642,0.019096468609865476,0.019940919282511214,0.019001905829596412,0.022761800928730057,0.02852673127397537,0.03054314556834242,0.023867474258025437,0.02828929941449626,0.019218352513628106,0.02091663638199071,0.019578215223097113,2022-05-08 11:09:31.198000+00:00,0.022908,0.08342699999999999,0.063774,0.043278,0.04548000000000001,0.043047999999999996,0.042729,0.038794999999999996,0.02429529147982063,0.08524843049327356,0.06498110986547086,0.04512567264573991,0.04726440582959642,0.044667769058295975,0.04482707399103139,0.04035627802690584,0.025291419341813042,0.08570012113870382,0.06537017968907734,0.04569630526953362,0.04793093074904098,0.04484423581667676,0.04566345649101554,0.04089145972138099
0.0,0.0,0.013930950938824953,0.121,0.4945551858979035,0.020776,0.029416,0.031344000000000004,0.022664999999999998,0.02785,0.020235000000000003,0.020216,0.019646,0.02228531390134529,0.032188228699551576,0.03306619955156952,0.02504428251121077,0.03000498878923767,0.022233295964125564,0.02281345291479821,0.021364293721973095,0.023416737330910556,0.032828225317989096,0.0335690086816071,0.025743589743589743,0.030816515243286897,0.022394023823945078,0.023742277407631733,0.021972138098122353,2022-05-08 11:09:27.487000+00:00,0.022991,0.083344,0.063774,0.043195000000000004,0.045462999999999996,0.043047999999999996,0.042746,0.038761000000000004,0.02430128923766816,0.08522920403587445,0.06498110986547086,0.04507707399103139,0.04720437219730943,0.04469366591928252,0.04486440582959641,0.040321412556053815,0.02529907126993741,0.08569115687462145,0.06536551584898043,0.04568061780738946,0.04788774480113063,0.04486715122148192,0.045643488794669895,0.040877952755905514
1.0,0.95347533632287,0.854633555420957,0.186,0.0,0.022421,0.022187,0.026323,0.021651,0.025023,0.012834,0.014878999999999998,0.012539999999999999,0.021890751121076232,0.01979887892376682,0.025166984304932735,0.020293049327354262,0.024667152466367716,0.01197365470852018,0.012806782511210764,0.012347421524663678,0.023490692509590145,0.020980617807389457,0.02670609731475873,0.0217676963456491,0.02674875832828589,0.013731455683424187,0.014498485766202301,0.013948616999798104,2022-05-13 11:09:38.204000+00:00,0.026508,0.08701600000000001,0.065933,0.047076,0.048231,0.045942,0.047853,0.041861,0.02608649103139014,0.08563570627802691,0.06521020179372199,0.04611939461883408,0.04801827354260091,0.045364069506726466,0.04624747757847535,0.04166104260089686,0.027509368059761754,0.08634149000605691,0.06622852816474864,0.047228184938421146,0.04953103169796083,0.04667169392287503,0.04757086614173228,0.043039471027659995
1.0,0.8486547085201794,0.8031496062992126,0.1539966367713005,0.0,0.023523,0.028606,0.031325,0.025153000000000002,0.029074000000000003,0.01867,0.020898,0.017593,0.02318122197309417,0.026434697309417048,0.03028637892376682,0.023933127802690583,0.02883043721973095,0.01801104260089686,0.018872533632286997,0.017637219730941706,0.024712033111245705,0.027535897435897422,0.03174393296991721,0.025339450837876032,0.030850615788411064,0.01967274379164143,0.02042170401776701,0.019268604885927722,2022-05-13 11:09:34.495000+00:00,0.026342,0.08701600000000001,0.065933,0.047076,0.04821400000000001,0.045859,0.047869999999999996,0.041694999999999996,0.02602746636771301,0.08563570627802691,0.0652148542600897,0.04611939461883408,0.048010762331838576,0.045274103139013464,0.046215807174887893,0.041576849775784755,0.027473208156672722,0.08633791641429436,0.06623367655966081,0.047228184938421146,0.04954403391883706,0.04663646274984856,0.04754566929133859,0.04299372097718554
0.0,0.0,0.0,0.311,0.7017610789764535,0.0781,0.07613,0.08210900000000002,0.076345,0.081501,0.067713,0.068146,0.070951,0.07591233183856504,0.07447841928251123,0.07945229820627804,0.07358189461883409,0.07782679372197311,0.0661767937219731,0.0675807735426009,0.0698402466367713,0.07453967292549969,0.07404815263476681,0.07828029477084596,0.07198023420149403,0.07611560670300827,0.06446581869573995,0.06616785786392083,0.06764883908742175,2022-05-18 11:09:34.120000+00:00,0.07703800000000001,0.12258200000000001,0.10636100000000001,0.091825,0.09311900000000002,0.09659100000000001,0.100901,0.101674,0.07525852017937221,0.1218114349775785,0.10496322869955158,0.09008621076233185,0.09085521300448432,0.09551423766816144,0.10049730941704037,0.10074164798206278,0.0741627498485766,0.12165033313143545,0.10435832828588733,0.08910482535836864,0.08984455885322025,0.09440690490611749,0.09953581667676156,0.09911193216232585
0.0,0.0,0.013930950938824953,0.2021513452914799,0.6126075077282137,0.080119,0.08218700000000001,0.08710000000000001,0.079934,0.087292,0.080902,0.08279700000000001,0.083738,0.0781116591928251,0.08089551569506725,0.08496614349775784,0.07759764573991032,0.08423979820627803,0.07939131165919283,0.08196278026905832,0.08257001121076234,0.0768074298405007,0.08051768625075711,0.08391441550575406,0.07617173430244295,0.08271845346254797,0.07785051483949121,0.08058322228952147,0.08059569957601452,2022-05-18 11:09:30.401000+00:00,0.076972,0.12258200000000001,0.10636100000000001,0.091825,0.093053,0.096625,0.10124999999999999,0.10159100000000001,0.07529473094170404,0.1218114349775785,0.10495829596412558,0.09008621076233185,0.09090683856502245,0.09548755605381168,0.10066300448430493,0.10067567264573994,0.07419699172218856,0.12165160508782553,0.10435317989097515,0.0891090046436503,0.08987007874015746,0.09437435897435897,0.09960563294972744,0.09907490409852614
0.0,0.0,0.0,0.213,1.0,0.380514,0.37951300000000004,0.37651700000000005,0.3843540000000001,0.4263170000000001,0.441979,0.4485650000000001,0.44560900000000003,0.37314904708520186,0.40315554932735426,0.385535033632287,0.3786670403587445,0.4145301569506727,0.4261552130044844,0.4313016255605382,0.43177847533632285,0.3726995154451847,0.4238302039168181,0.3996513224308498,0.38355247324853614,0.4137464970724814,0.4222802745810618,0.4256223702806379,0.4259258833030487,2022-05-23 11:09:37.727000+00:00,0.34545000000000003,0.299536,0.293263,0.31947600000000004,0.338637,0.379838,0.40721799999999997,0.419088,0.33898783632286994,0.3131233183856503,0.29906137892376683,0.3153356502242153,0.33042057174887896,0.36790807174887896,0.39329209641255614,0.40737298206278033,0.33860308903694725,0.32503097112860885,0.3079257015949929,0.3188870381586917,0.3298678982434887,0.3649949929335756,0.388727538865334,0.4024464163133454
1.0,1.0,0.9981829194427619,0.137,0.0,0.008436,0.017919,0.022485000000000005,0.004202000000000001,0.002747,0.0,0.0,0.0,0.009848094170403587,0.020280493273542605,0.0242902466367713,0.006587275784753364,0.003960033632286996,0.0005541479820627803,0.0017031950672645743,0.0011778587443946188,0.011161397133050675,0.020746073087017963,0.024968726024631533,0.007621522309711285,0.005206965475469412,0.0012610135271552592,0.002259458913789622,0.0021797900262467184,2022-05-28 11:09:34.620000+00:00,0.012336000000000001,0.078185,0.059951000000000004,0.030468000000000005,0.028264,0.026453,0.024457000000000003,0.022556999999999997,0.013648038116591932,0.0797125,0.06116866591928252,0.03231132286995515,0.02912522421524664,0.028000952914798212,0.028683968609865478,0.024792040358744397,0.014871189178275786,0.08002014940440137,0.06164974762770039,0.033113123359580054,0.030066262870987272,0.029112053301029672,0.029705733898647283,0.025805996365838885
1.0,1.0,0.9981829194427619,0.126,0.0,0.008521,0.021153,0.024702000000000005,0.0057020000000000005,0.004713,0.0,0.0,0.000221,0.010217656950672645,0.023533632286995527,0.026486210762331843,0.008036042600896862,0.0058421524663677124,0.0011400224215246638,0.0024279147982062786,0.0021599775784753366,0.011566262870987278,0.023964526549565917,0.027126549565919637,0.00902838683626085,0.007055178679588128,0.0020844740561275993,0.0032087219866747422,0.003252634766807995,2022-05-28 11:09:30.904000+00:00,0.012353000000000003,0.078185,0.059868000000000005,0.030468000000000005,0.028364,0.02637,0.024491,0.022473999999999997,0.013726513452914799,0.0797125,0.06115902466367715,0.032324719730941705,0.029196692825112114,0.027984809417040367,0.028740582959641263,0.024780269058295966,0.014946799919240857,0.08002014940440137,0.06164974762770039,0.03311510195840904,0.030107147183525123,0.029133494851605084,0.02973937007874015,0.025858933979406414
0.0,0.0,0.0,0.278,1.0,0.106651,0.140682,0.15060700000000002,0.12789,0.134949,0.11257899999999998,0.108902,0.10799,0.10789730941704037,0.14295145739910314,0.15065672645739914,0.12750190582959645,0.13441048206278028,0.1176679932735426,0.11115958520179373,0.10934792600896862,0.10943299010700583,0.14571324449828385,0.15145330102967894,0.12708437310720772,0.1345602261255804,0.12027966888754288,0.11365291742378357,0.110365758126388,2022-06-02 11:09:42.413000+00:00,0.10415100000000001,0.157508,0.14661100000000002,0.128243,0.131966,0.13542,0.139902,0.13875200000000001,0.10520868834080717,0.15870330717488793,0.1466246076233184,0.12794114349775787,0.13161776905829595,0.1389269618834081,0.14165521300448433,0.13987354260089688,0.10653605895416915,0.16013884514435692,0.14709826367857864,0.12763496870583482,0.1317034524530587,0.1407797294568948,0.14356186149808198,0.14070530991318392
0.0,0.0,0.0,0.24,1.0,0.10620199999999999,0.13214800000000002,0.140724,0.11669,0.12948300000000001,0.11659399999999999,0.113502,0.111505,0.10749938340807176,0.13432656950672645,0.1408034753363229,0.11629663677130046,0.12903710762331838,0.12134927130044845,0.11578307174887895,0.11293441704035875,0.10899662830607712,0.13689755703613968,0.14159608318190997,0.11586939228750251,0.12914597213809806,0.12384976781748436,0.11828142539874824,0.11401740359378155,2022-06-02 11:09:38.695000+00:00,0.10416800000000001,0.157508,0.14661100000000002,0.128243,0.13198300000000002,0.135503,0.139885,0.138718,0.10524921524663677,0.15870330717488793,0.1466246076233184,0.12794114349775787,0.13163206278026907,0.13895773542600898,0.14161849775784754,0.13981765695067264,0.10654966686856449,0.16013884514435692,0.14709826367857864,0.12763880476478898,0.13170627902281443,0.14077219866747423,0.14354397334948515,0.1407161518271754
0.0,0.0,0.0,0.257,1.0,0.091884,0.09906399999999999,0.10981500000000001,0.082339,0.090939,0.09309,0.09437700000000002,0.09027300000000002,0.09088430493273546,0.09909815022421525,0.10974332959641256,0.08145874439461884,0.0902612668161435,0.09129035874439463,0.0928261210762332,0.09118576233183857,0.0906607106803957,0.09955600646073086,0.11010397738744193,0.0818076923076923,0.089382899252978,0.08919915202907329,0.09159759741570765,0.09178833030486575,2022-06-07 11:09:35.899000+00:00,0.09128599999999999,0.134215,0.125049,0.099809,0.103609,0.11912600000000001,0.125928,0.12277500000000002,0.09041020179372197,0.13420672645739914,0.12499971973094175,0.09920358744394621,0.10315807174887894,0.11780493273542601,0.12470403587443946,0.1235625,0.09020533010296791,0.13444730466384008,0.12521982636785786,0.09946379971734301,0.10257621643448415,0.11630234201494041,0.1237689481122552,0.1240807389460933
0.0,0.0,0.0,0.1539966367713005,1.0,0.09415000000000001,0.09689800000000001,0.108032,0.081873,0.09429,0.10479,0.107094,0.102075,0.09307427130044844,0.09698934977578477,0.10804831838565021,0.08104439461883409,0.09364473094170406,0.10285633408071751,0.10564876681614352,0.10308004484304935,0.09282786190187764,0.09740254391278011,0.10839858671512215,0.08137548960226125,0.09283870381586916,0.10083204118715927,0.1045936200282657,0.1037448011306279,2022-06-07 11:09:32.181000+00:00,0.09135199999999999,0.13413200000000003,0.125049,0.099809,0.10354300000000002,0.11912600000000001,0.125845,0.122609,0.09040526905829598,0.13419708520179374,0.12500437219730945,0.09920358744394621,0.10311048206278028,0.11781216367713006,0.12467477578475333,0.12345437219730943,0.09018673531193216,0.13444730466384008,0.12523022410660206,0.09946868564506359,0.10252798304058147,0.11628978396931153,0.12376357762971933,0.12405342216838282
0.0,0.0,0.0,0.607,1.0,0.263491,0.359018,0.321582,0.276164,0.291368,0.304941,0.30718999999999996,0.317025,0.2667565582959641,0.3371438901345292,0.3179217488789238,0.27362029147982064,0.30078738789237675,0.30869097533632295,0.30873744394618835,0.31385179372197314,0.2661716333535232,0.33290107005855035,0.31135639006662624,0.27252315768221275,0.30363442358166765,0.31027118917827573,0.3086438925903492,0.3078536038764384,2022-06-12 11:09:44.451000+00:00,0.23210200000000003,0.22717199999999999,0.215093,0.20932500000000004,0.21719200000000002,0.26091600000000004,0.283795,0.30125300000000005,0.23464422645739916,0.22046547085201795,0.21384641255605386,0.20813183856502246,0.22160044843049329,0.2628745515695068,0.28461681614349776,0.29930644618834074,0.23419307490409857,0.21916539471027657,0.21140627902281445,0.20760674338784574,0.22292887139107612,0.26367924490207945,0.2845455683424187,0.2956031092267312
0.0,0.0,0.0,0.45620067264573994,1.0,0.2587,0.308197,0.28337700000000005,0.24796,0.271147,0.298328,0.304658,0.31341,0.2618421524663678,0.2911289237668162,0.28059529147982065,0.24589573991031394,0.27928049327354265,0.3016581838565022,0.305927970852018,0.3107345291479821,0.26129576014536643,0.2877922673127397,0.27527827579244896,0.2449755501716131,0.2817426812033111,0.30298015344235807,0.3058178477690288,0.3054382596406219,2022-06-12 11:09:40.731000+00:00,0.23210200000000003,0.22717199999999999,0.215093,0.20932500000000004,0.21719200000000002,0.26091600000000004,0.283795,0.301153,0.23464417040358745,0.22046547085201795,0.21384641255605386,0.20812718609865474,0.22161816143497756,0.2628885650224216,0.28460605381165927,0.2992750560538116,0.23419676963456493,0.2191665051483949,0.21140601655562283,0.2075964062184535,0.2229580860084797,0.2636791641429436,0.28453187966888754,0.295582232990107
0.0,0.0,0.0,0.45620067264573994,1.0,0.088006,0.06969700000000001,0.077963,0.056912,0.060506,0.05364700000000001,0.057536000000000004,0.06385300000000001,0.0854189461883408,0.06715459641255607,0.07651121076233183,0.055431053811659206,0.058489405829596414,0.05039321748878924,0.05495039237668162,0.06266401345291481,0.08323934988895618,0.06346575812638804,0.07377126993741166,0.05224114677972944,0.05543791641429436,0.047316979608318196,0.05230046436503129,0.060403432263274784,2022-06-17 11:09:38.552000+00:00,0.092778,0.12850899999999998,0.116124,0.09630499999999999,0.09771800000000001,0.111112,0.12058,0.123729,0.0907136210762332,0.1275279147982063,0.11544080717488792,0.09547656950672646,0.096550168161435,0.1092264013452915,0.11892864349775786,0.12287746636771302,0.08893333333333331,0.12608431253785582,0.11419989905108015,0.09370654149000604,0.09488465576418333,0.10738542297597417,0.11724171209368058,0.12132509590147385
0.0,0.0,0.0,0.392,1.0,0.08810599999999999,0.064916,0.07136500000000001,0.049714,0.058608,0.062783,0.06853800000000002,0.073472,0.0854783071748879,0.06267505605381167,0.07001378923766818,0.048346692825112114,0.05665633408071749,0.059741255605381176,0.06616042600896861,0.07229125560538117,0.08328300020189783,0.05938326266908944,0.06750428023420148,0.045409267110841915,0.05374211588935997,0.05677847769028871,0.06364918231374923,0.07006246719160106,2022-06-17 11:09:34.829000+00:00,0.09286100000000001,0.12850899999999998,0.116124,0.09630499999999999,0.097735,0.111095,0.12058,0.12374600000000001,0.09073363228699553,0.1275279147982063,0.11544080717488792,0.09547656950672646,0.09657516816143501,0.1092041479820628,0.11894714125560539,0.12290420403587446,0.08893426206339591,0.12608748233393902,0.11419485160508783,0.09370403795679384,0.09489551786795883,0.10735915606703009,0.1172608318190995,0.12130732889158086
1.0,0.95347533632287,0.7195639006662627,0.07200000000000001,0.0,0.056466,0.074225,0.086812,0.065895,0.069721,0.058436,0.059285000000000004,0.05875100000000001,0.056325840807174905,0.07470325112107623,0.08835044843049329,0.066905100896861,0.071047701793722,0.05906558295964126,0.05978508968609866,0.059183632286995524,0.0564074904098526,0.07447157278417121,0.0880005249343832,0.06677157278417122,0.07147938623056732,0.05959969715324047,0.060114819301433475,0.05957752877044215,2022-06-22 11:09:46.703000+00:00,0.055249,0.11888900000000001,0.105859,0.079293,0.079004,0.074085,0.075985,0.07345100000000002,0.055164461883408074,0.1192779147982063,0.10709843049327356,0.08023654708520181,0.08009943946188341,0.0746004484304933,0.07651989910313901,0.07393335201793723,0.055327135069654754,0.11916630325055522,0.10690940843932972,0.08019545729860689,0.08048857258227336,0.0751349888956188,0.07692142136079143,0.07435867151221481
0.17,0.28419282511210764,0.37512618614980814,0.07200000000000001,0.17024511481516802,0.05624900000000001,0.076225,0.087746,0.06621200000000001,0.06997199999999999,0.058102,0.05861900000000001,0.058134000000000005,0.056152970852017946,0.07666552690582962,0.0893541479820628,0.06729349775784754,0.07138811659192827,0.05869433856502243,0.05918918161434978,0.058565302690582965,0.056294488188976366,0.07644702200686453,0.08903387845750049,0.06718512012921463,0.07184088431253786,0.059279446799919235,0.05958392893196041,0.05892402584292346,2022-06-22 11:09:42.974000+00:00,0.055249,0.11888900000000001,0.105859,0.079293,0.079004,0.074068,0.075985,0.073634,0.05518015695067265,0.1192779147982063,0.10710336322869957,0.08023654708520181,0.08010958520179372,0.07460526905829598,0.07652029147982063,0.07400667040358745,0.05535210983242479,0.11916604078336361,0.10690965071673734,0.08019040985261455,0.08049549767817485,0.0751472239047042,0.07693185947910357,0.07438447405612758
0.0,0.0,0.0,0.192,0.9590278440107045,0.481171,0.46068500000000007,0.441464,0.438502,0.464868,0.473407,0.48051,0.47969700000000004,0.47507432735426014,0.4439445067264574,0.42663811659192824,0.42603323991031394,0.4573846973094171,0.4661807174887893,0.47497634529147986,0.4759638452914799,0.4682753280839895,0.4388846759539672,0.42015988289925293,0.41859844538663427,0.44984163133454463,0.45890997375328074,0.46832658994548737,0.4701497072481325,2022-06-27 11:09:39.615000+00:00,0.43820000000000003,0.36462000000000006,0.34931200000000007,0.373135,0.38221200000000005,0.41490499999999997,0.43973200000000007,0.457058,0.43277656950672644,0.354480437219731,0.3395892376681614,0.3638939461883408,0.3766724775784754,0.4092594730941705,0.4352243834080718,0.4538381726457399,0.42671685846961427,0.3514333333333333,0.33536608116293154,0.35836630325055513,0.3711485160508783,0.403605895416919,0.4297583484756711,0.44879640621845335
0.0,0.0,0.0,0.07200000000000001,0.9204905662494459,0.47682399999999997,0.42106299999999997,0.40892600000000007,0.411856,0.450097,0.46041699999999997,0.46603700000000003,0.46703500000000003,0.47091076233183865,0.40694602017937215,0.39596362107623323,0.40086294843049325,0.44312959641255606,0.45357701793721983,0.4608750560538117,0.463315470852018,0.46423290934787,0.40264185342216835,0.390342802342015,0.3942575206945285,0.4361095901473855,0.44686822128003234,0.45475307894205536,0.457911831213406,2022-06-27 11:09:35.894000+00:00,0.438117,0.36462000000000006,0.349295,0.373018,0.3822290000000001,0.414971,0.439683,0.45712400000000003,0.4327379484304934,0.354480437219731,0.3395268497757848,0.3638271860986548,0.37670610986547093,0.4091963565022422,0.4351870515695067,0.4537726457399103,0.4266738744195437,0.35143872400565307,0.33531940238239444,0.3583077730668281,0.3711390268524126,0.4035488592772057,0.42972513628104175,0.44873924894003625
0.0,0.0,0.0,0.278,1.0,0.09064500000000002,0.07693,0.10167300000000001,0.08809000000000002,0.09288300000000001,0.075808,0.075045,0.072019,0.08893705156950675,0.08039848654708523,0.10321244394618836,0.08859097533632287,0.09347909192825113,0.0752125,0.07203486547085203,0.07137757847533632,0.08559652735715727,0.07660086816071067,0.09769691096305269,0.08286547546941246,0.08807708459519482,0.07051889763779526,0.06787385422975972,0.06725116091257823,2022-07-02 11:09:47.574000+00:00,0.090741,0.12488200000000002,0.11976300000000001,0.10539899999999999,0.10488800000000001,0.106262,0.111271,0.107728,0.08923688340807177,0.126660033632287,0.12059854260089688,0.10569702914798208,0.10529422645739912,0.10584473094170405,0.10894125560538118,0.10721177130044847,0.08633315162527762,0.12469495255400767,0.11743745204926306,0.10181891782757925,0.10175836866545526,0.1025492025035332,0.10575265495659196,0.10391306279022813
0.0,0.0,0.0,0.24,0.9801619137918459,0.091294,0.07286200000000001,0.09605599999999999,0.08317300000000001,0.090449,0.079289,0.079526,0.076517,0.08960364349775786,0.07614176008968611,0.09756552690582962,0.08359747757847534,0.09110128923766818,0.07849596412556054,0.07636614349775786,0.07584646860986548,0.0862711689884918,0.07258320209973752,0.09235521905915606,0.07808703815869168,0.08579693115283667,0.0739610337169392,0.07233850191802946,0.07186004441752472,2022-07-02 11:09:43.846000+00:00,0.090707,0.12488200000000002,0.11968000000000001,0.10539899999999999,0.10497100000000001,0.106428,0.11133700000000002,0.10771100000000002,0.08924265695067267,0.1266597533632287,0.12056866591928253,0.10569702914798208,0.10534389013452916,0.1058331278026906,0.10889299327354261,0.10720902466367715,0.08634653745204926,0.12469016757520691,0.11744213607914396,0.10181108419139914,0.10179870785382596,0.10253848172824548,0.10573276801938215,0.10392333939026852
1.0,0.95347533632287,0.7195639006662627,0.159,0.0,0.056202999999999996,0.06558300000000002,0.07898100000000001,0.058922,0.058748,0.04850100000000001,0.048663000000000005,0.047818,0.05531496636771302,0.06628738789237669,0.07873133408071749,0.058820067264574005,0.05823979820627804,0.04777068385650225,0.047815807174887905,0.0475115470852018,0.05469794064203512,0.06554712295578437,0.07766539471027657,0.05806323440339188,0.05828356551584898,0.04718110236220473,0.04773678578639208,0.04735752069452857,2022-07-07 11:09:39.495000+00:00,0.056405,0.11078299999999999,0.10044900000000001,0.075758,0.07393500000000001,0.071554,0.072667,0.07000300000000001,0.05573486547085201,0.11129585201793722,0.10040891255605382,0.07580773542600898,0.07354635650224217,0.07109927130044844,0.07214932735426009,0.06987443946188342,0.05525641025641024,0.11091235614778922,0.0997772259236826,0.07531794871794871,0.07364463961235616,0.07068804764789018,0.07213628104179286,0.06981158893599838
1.0,0.7146860986547084,0.616596002422774,0.126,0.0,0.057503000000000005,0.0695,0.08153200000000002,0.061356,0.062765,0.053335,0.05348,0.052183999999999994,0.056526961883408076,0.0702086883408072,0.08139063901345292,0.06133553811659194,0.06224596412556054,0.05284714125560539,0.05273991031390135,0.05191339686098655,0.0559110438118312,0.06952097718554412,0.08039075307894207,0.060614455885322015,0.06240312941651523,0.05227571168988492,0.0526157278417121,0.05175636987684231,2022-07-07 11:09:35.774000+00:00,0.056471,0.1108,0.10044900000000001,0.075758,0.073952,0.071388,0.072716,0.070135,0.05575190582959642,0.11132365470852018,0.10040891255605382,0.07581266816143498,0.0734822869955157,0.07108318385650225,0.07212219730941705,0.06984153587443948,0.05528687664041993,0.11093224308499897,0.0997772259236826,0.0753195235210983,0.0736369876842318,0.07070494649707246,0.07210468402988085,0.06979006662628708
1.0,1.0,0.9981829194427619,0.252,0.0,0.017318,0.037244,0.052178,0.023017000000000003,0.019102,0.005927000000000001,0.008632,0.004565,0.013442600896860989,0.030799159192825113,0.044942096412556067,0.014402298206278029,0.009733576233183858,0.0010434417040358745,0.0022880044843049327,0.0010896860986547086,0.010482656975570359,0.027596789824348877,0.04129057137088632,0.010713143549364021,0.0055935594589137895,0.00039763779527559055,0.0009717343024429638,0.00044031899858671503,2022-07-12 11:09:47.320000+00:00,0.024320000000000005,0.100971,0.08712,0.05441,0.05052900000000001,0.04755,0.049957,0.042161,0.020988228699551574,0.0975218609865471,0.08288693946188341,0.048461154708520186,0.04434697309417041,0.042396636771300455,0.04310263452914798,0.037491535874439465,0.018463941045830812,0.09584451847365232,0.08077779123763375,0.04593135473450433,0.041582515647082575,0.039374581061982626,0.03969069250959015,0.03446908944074298
1.0,1.0,0.9981829194427619,0.197,0.0,0.019984,0.045029000000000007,0.05784600000000001,0.029002,0.026904,0.015846,0.018202000000000003,0.013157000000000002,0.015739686098654712,0.03913279147982063,0.051102073991031394,0.020880717488789242,0.017909921524663683,0.008966535874439461,0.009720852017937221,0.007559529147982064,0.012787058348475669,0.03621183121340601,0.04773335352311729,0.017388673531193215,0.013867938623056734,0.005021259842519684,0.0054728649303452444,0.004215949929335754,2022-07-12 11:09:43.593000+00:00,0.024586000000000004,0.100971,0.087203,0.05441,0.05054600000000001,0.047667000000000015,0.049974,0.042360999999999996,0.020988228699551574,0.09753256726457402,0.0829012331838565,0.048461154708520186,0.04432886771300449,0.042457343049327356,0.043173654708520186,0.037594955156950674,0.018422188572582272,0.0958496668685645,0.08078409045023217,0.04593030486573794,0.041554290329093475,0.039383545326065,0.03974500302846761,0.03452418736119523
1.0,0.95347533632287,0.7195639006662627,0.3051513452914798,0.0,0.03904900000000001,0.030156,0.039052,0.031300999999999995,0.032698000000000005,0.025090000000000005,0.029436,0.027939000000000002,0.04077998878923767,0.030841872197309425,0.03941266816143498,0.03119607623318386,0.035193049327354266,0.02667090807174888,0.029226625560538125,0.02908531390134529,0.04249471027660004,0.03320508782556027,0.0415244094488189,0.033582576216434484,0.038297597415707645,0.028385140318998584,0.030682071471835243,0.03064496264889966,2022-07-17 11:09:39.252000+00:00,0.044653,0.098961,0.08324000000000001,0.064334,0.063793,0.06615299999999999,0.07086900000000002,0.066881,0.046142432735426016,0.09933116591928252,0.08351440582959642,0.06433363228699553,0.06535560538116593,0.0672240470852018,0.0707520739910314,0.0678410874439462,0.04770131233595801,0.10055435089844539,0.08476610135271553,0.06597845750050474,0.06740633959216635,0.06849156067030084,0.07192731677771044,0.06913589743589743
1.0,0.7146860986547084,0.616596002422774,0.30128082959641256,0.0,0.038783000000000005,0.032073000000000004,0.039869,0.031484000000000005,0.033032,0.02529,0.029070000000000002,0.02779,0.04066945067264575,0.03281053811659193,0.04026306053811659,0.031340807174887894,0.03559899103139014,0.02688632286995516,0.029007230941704043,0.028910482062780272,0.04243965273571572,0.03516632344033919,0.042378174843529175,0.0337246719160105,0.03870751059963658,0.028563920856046837,0.030602463153644253,0.030387118917827572,2022-07-17 11:09:35.536000+00:00,0.044503999999999995,0.098961,0.08324000000000001,0.064334,0.063727,0.06615299999999999,0.070603,0.066915,0.04613054932735427,0.09930773542600899,0.08351440582959642,0.06433363228699553,0.06536261210762331,0.06728116591928252,0.0706685538116592,0.06788043721973096,0.04769596204320613,0.10054807187563095,0.08476610135271553,0.06598162729658792,0.0674103775489602,0.06853733091055926,0.07188653341409243,0.06913934988895616
0.0,0.0,0.0,0.1539966367713005,1.0,0.12556,0.17546000000000003,0.16142300000000004,0.14260300000000004,0.17321799999999998,0.171039,0.176011,0.178115,0.12625678251121078,0.17592197309417043,0.1616684417040359,0.1439398542600897,0.17121984304932739,0.17118856502242152,0.17590577354260095,0.17840341928251124,0.1271057944679992,0.17697655966081155,0.1625988088027458,0.14519751665657182,0.1711039773874419,0.1716905713708863,0.1759580052493438,0.1787101352715526,2022-07-22 11:09:41.885000+00:00,0.11959400000000002,0.19207900000000003,0.165248,0.150373,0.162122,0.172258,0.185562,0.19033200000000003,0.12020431614349777,0.1923582399103139,0.1654016816143498,0.15143536995515697,0.16064887892376684,0.17239848654708523,0.18550089686098659,0.1905785874439462,0.1209683020391682,0.19305824752675144,0.16606024631536442,0.15243391883706844,0.16057058348475672,0.17278867353119312,0.18554756713103165,0.1908652533817888
1.0,1.0,1.0,0.181,0.0,0.009937,0.0048969999999999994,0.008467,0.0023290000000000003,0.002754,0.000493,0.0017510000000000002,0.00153,0.010808688340807176,0.007053026905829597,0.010194226457399105,0.004428195067264574,0.00547718609865471,0.0013144058295964127,0.002904316143497758,0.0022992152466367716,0.011247567131031696,0.00694157076519281,0.009962588330304865,0.004322774076317383,0.005857722592368261,0.0018025237229961637,0.002395134262063396,0.0017337371290127195,2022-07-27 11:09:39.561000+00:00,0.015169000000000002,0.074628,0.05496600000000001,0.033320999999999996,0.031327,0.027334,0.028667,0.025246,0.016007623318385653,0.0759057735426009,0.056122029147982075,0.03479837443946189,0.03402696188340808,0.029386995515695073,0.030043665919282515,0.026307679372197315,0.016430183727034114,0.07585142337976984,0.056013729053099134,0.034783767413688674,0.03451352715525944,0.029872057338986468,0.030216394104583082,0.02608370684433676
1.0,1.0,1.0,0.132,0.0,0.011605,0.013543999999999999,0.015831,0.006764999999999999,0.006242999999999999,0.001632,0.0028559999999999996,0.0025329999999999997,0.012551177130044845,0.01552858744394619,0.017457511210762333,0.008629372197309419,0.010010482062780272,0.003158968609865471,0.004785257847533633,0.004091816143497759,0.01301722188572582,0.015410175651120532,0.017234544720371486,0.008579729456894811,0.010695416919038966,0.0035690086816071065,0.0044953159701191184,0.0037810417928528157,2022-07-27 11:09:35.844000+00:00,0.015203000000000001,0.074628,0.054983000000000004,0.033338,0.031261,0.027234,0.028767,0.025312,0.016054596412556056,0.07590857623318384,0.056139125560538135,0.034812331838565025,0.03397724215246637,0.02934007847533632,0.030083968609865477,0.026327186098654705,0.016458449424591154,0.07585657177468201,0.05601280032303655,0.034779184332727635,0.03448556430446193,0.02985221078134464,0.030253159701191197,0.02612008883504946
1.0,1.0,1.0,0.197,0.0,0.004902,0.0,6.8e-05,0.0,0.0,0.0,0.0,0.0,0.00537920403587444,0.0,0.0005058856502242153,0.0,6.020179372197309e-05,0.0,0.0,0.0,0.005404159095497679,0.0,0.0007539471027660003,0.0,0.00011447607510599635,0.0,0.0,0.0,2022-08-01 11:09:44.782000+00:00,0.011734,0.072736,0.051236000000000004,0.031268000000000004,0.031987,0.026548999999999996,0.026185,0.022015,0.012133800448430494,0.0729339686098655,0.05189153587443947,0.03121485426008969,0.03173615470852019,0.026738508968609867,0.02623548206278028,0.022360818385650228,0.012178013325257418,0.07303244498283867,0.05212261255804562,0.03130997375328085,0.031634988895618804,0.02678501918029477,0.02623783565515849,0.022781263880476476
1.0,1.0,1.0,0.17500000000000002,0.0,0.0062,0.001238,0.004521,0.0,0.002657,0.0,0.0,0.0,0.006614181614349776,0.0016682174887892377,0.0055246076233183864,0.0,0.0025066143497757855,0.0,0.0,0.0,0.006635594589137896,0.0017900060569351903,0.0058422572178477685,1.564708257621643e-05,0.0023549162123965277,0.0,0.0,0.0,2022-08-01 11:09:41.063000+00:00,0.011866000000000002,0.072736,0.051236000000000004,0.031268000000000004,0.031938,0.026334,0.026051,0.022015,0.012156894618834081,0.0729339686098655,0.05189153587443947,0.03121485426008969,0.03175913677130045,0.026694058295964128,0.026162107623318383,0.02232382286995516,0.012218756309307492,0.07303244498283867,0.05212261255804562,0.03130997375328085,0.03163656369876842,0.02673163739147991,0.026232243084998986,0.022761114476075105
1.0,1.0,0.95982232990107,0.278,0.0,0.012396000000000003,0.006704000000000001,0.009519,0.0037359999999999997,0.0074340000000000005,0.0,0.0,0.0,0.012320795964125561,0.0073085762331838566,0.010054876681614353,0.003655100896860987,0.007082230941704037,0.0,0.0,0.0,0.012819846557641835,0.007866424389259033,0.010378659398344437,0.003728285887341005,0.006579870785382595,0.0,0.0,0.0,2022-08-06 11:09:38.831000+00:00,0.020746999999999998,0.085585,0.06495100000000001,0.044485,0.0453,0.041787,0.043168000000000005,0.037364,0.02075812780269059,0.08589955156950672,0.06523811659192827,0.04448430493273544,0.04508279147982064,0.041885257847533636,0.04333800448430494,0.03762864349775785,0.021182697355138298,0.08621443569553804,0.06545376539471026,0.04457470220068644,0.04479868766404199,0.04210159499293358,0.04329174237835655,0.03806600040379567
1.0,1.0,0.928124369069251,0.213,0.0,0.014547,0.018253000000000002,0.019102,0.011536,0.015915,0.00474,0.006185,0.0038,0.014588508968609864,0.01869887892376682,0.019620179372197313,0.011461378923766816,0.015455213004484306,0.005019282511210763,0.006434136771300449,0.0042373318385650225,0.015119967696345651,0.0191915808600848,0.01991300222087623,0.011514597213809808,0.014984837472239044,0.00529880880274581,0.006408883504946495,0.004619462951746416,2022-08-06 11:09:35.117000+00:00,0.02073,0.085585,0.06495100000000001,0.044485,0.045415,0.041704000000000005,0.043068,0.037432,0.02070560538116592,0.08589955156950672,0.06524815022421525,0.04448430493273544,0.04511121076233184,0.04187998878923767,0.0432697869955157,0.037721804932735435,0.021197657985059556,0.08621689884918231,0.06545891378962243,0.04456947304663839,0.04483781546537452,0.042103937007874015,0.0432605895416919,0.03811051887744801
1.0,0.95347533632287,0.7195639006662627,0.29485874439461884,0.0,0.033064,0.005051,0.014664000000000002,0.0128,0.01997,0.010985000000000002,0.012468,0.014615,0.03254248878923766,0.00554512331838565,0.014440807174887894,0.012917825112107626,0.019654596412556055,0.010952354260089687,0.012399663677130046,0.014593217488789235,0.03248633151625278,0.00592461134665859,0.014637674136886734,0.013079648697758933,0.019630688471633354,0.010655925701594994,0.01251514233797698,0.014957884110640014,2022-08-11 11:09:46.593000+00:00,0.039447,0.089634,0.07071500000000001,0.0532,0.055568,0.056168,0.058634,0.057015,0.03904181614349776,0.08991889013452917,0.07059450672645741,0.05333957399103139,0.05537724215246638,0.0562310538116592,0.05859316143497758,0.05699187219730942,0.039075953967292534,0.09012584292348068,0.07072990107005854,0.05347353119321624,0.05539533615990309,0.05609594185342216,0.05871855441146778,0.05731893801736321
1.0,0.7146860986547084,0.616596002422774,0.273,0.0,0.033913000000000006,0.011351,0.019264,0.0159,0.022536,0.014468,0.016234,0.018798,0.033271412556053814,0.01185969730941704,0.019018385650224217,0.01602146860986547,0.022364461883408075,0.014502802690582963,0.01606614349775785,0.018515695067264578,0.033282313749242884,0.012233454472037147,0.01919711286089239,0.016173046638400967,0.02228568544316575,0.014313910761154854,0.01617629719362003,0.018799757722592365,2022-08-11 11:09:42.872000+00:00,0.039529999999999996,0.089634,0.07071500000000001,0.0532,0.055551,0.05615099999999999,0.058634,0.05719799999999999,0.03902202914798207,0.08991889013452917,0.07059450672645741,0.05333957399103139,0.05537286995515696,0.05619517937219732,0.058594843049327355,0.05704613228699552,0.039050312941651524,0.09012584292348068,0.07072990107005854,0.05347353119321624,0.05537478295982233,0.05609065213002221,0.058736058954169175,0.057321522309711284
1.0,1.0,1.0,0.251,0.0,0.007824000000000001,0.0,0.0,0.0,0.009202,0.0,0.0,0.0,0.006742544843049329,0.00018352017937219733,1.860986547085202e-05,0.0,0.008680773542600898,0.0,0.0,0.0,0.006697213809812234,0.0002325257419745608,5.9822329901070055e-05,0.0,0.0078058550373511,0.0,0.0,0.0,2022-08-16 11:09:37.094000+00:00,0.017126000000000002,0.081419,0.058166,0.039483,0.04766800000000001,0.038847000000000007,0.037835999999999995,0.031417,0.01627045964125561,0.08181143497757849,0.058274719730941706,0.03926530269058297,0.047349439461883414,0.03846109865470853,0.038041928251121085,0.03162113228699552,0.016248475671310315,0.08175806581869573,0.058436200282656975,0.039313042600444166,0.04676363819907126,0.03829392287502525,0.0381286089238845,0.03130549162123965
1.0,1.0,1.0,0.088,0.0,0.014126,0.02317,0.021432,0.015783000000000002,0.029002000000000003,0.014979000000000001,0.014253000000000002,0.010617,0.013190695067264576,0.02372191704035875,0.021498262331838564,0.015506614349775787,0.02858587443946189,0.01435840807174888,0.014515863228699553,0.0108320067264574,0.013186412275388653,0.023613325257419743,0.02165673329295376,0.015537674136886732,0.02781372905309913,0.014135998384817283,0.014559216636381989,0.01051695941853422,2022-08-16 11:09:33.386000+00:00,0.01706,0.081419,0.058166,0.039483,0.047651000000000006,0.038847000000000007,0.037835999999999995,0.031434,0.016237331838565024,0.08180325112107624,0.05828850896860986,0.03926530269058297,0.0473258408071749,0.038429708520179386,0.03808436098654709,0.031661210762331846,0.016248112255198864,0.08175011104381183,0.05844134867756915,0.039313042600444166,0.04674447809408438,0.038279749646678796,0.038138885523924894,0.03137445992327883
0.0,0.0,0.0,0.181,1.0,0.085047,0.051588999999999996,0.057734,0.05878100000000001,0.082754,0.07140200000000001,0.07272300000000001,0.07178300000000001,0.08544063901345292,0.0531042600896861,0.058643385650224214,0.05883637892376683,0.08251059417040359,0.07111922645739913,0.07231446188340808,0.07210582959641257,0.08600819705229154,0.05438348475671309,0.059401049868766403,0.0597977589339794,0.08245136281041793,0.07121233595800525,0.07246323440339188,0.07275057540884312,2022-08-21 11:09:47.204000+00:00,0.08406400000000001,0.108987,0.091134,0.081415,0.094248,0.09480200000000001,0.09985499999999999,0.09798300000000001,0.08435257847533634,0.10992230941704036,0.09173901345291481,0.08144955156950673,0.09410739910313902,0.09462797085201793,0.09953901345291483,0.09824254484304935,0.0848413082980012,0.11068275792449019,0.09222614577024026,0.08216957399555823,0.09406981627296584,0.09470119119725419,0.09963022410660205,0.09876773672521703
0.17,0.3845291479820628,0.37613567534827375,0.20800000000000002,0.7542680497971871,0.208911,0.133803,0.1462,0.157091,0.18252200000000002,0.20047600000000002,0.206908,0.209285,0.20136860986547087,0.14413256726457402,0.14331737668161437,0.14386917040358746,0.16848766816143504,0.1798016816143498,0.19000325112107624,0.19791395739910314,0.20285213002220873,0.15954629517464158,0.15447623662426807,0.15182713506965476,0.17359620432061376,0.18304738542297597,0.19130446194225723,0.1975957399555825,2022-08-26 11:09:34.542000+00:00,0.19288200000000003,0.157185,0.14915,0.15583500000000003,0.168025,0.194315,0.20811400000000002,0.216277,0.18627746636771297,0.163085033632287,0.1473216928251121,0.14629075112107626,0.15821160313901347,0.17882348654708521,0.19472791479820628,0.20667023542600899,0.18755592570159496,0.17184902079547748,0.15427456087219865,0.1520243690692509,0.16179305471431457,0.18127098728043609,0.195751948314153,0.20635651120533008
0.17,0.2533632286995516,0.21219462951746412,0.16404652466367717,0.9426849862266682,0.210075,0.131041,0.142238,0.153546,0.18478800000000004,0.203627,0.208561,0.210604,0.20252242152466365,0.14054260089686102,0.13943637892376684,0.14073396860986548,0.1707650224215247,0.18323565022421526,0.19201171524663682,0.19921619955156955,0.20409287300625883,0.15494025842923478,0.150001978598829,0.14836466787805372,0.17577962850797488,0.186526933171815,0.19327589339794063,0.19887653947102765,2022-08-26 11:09:30.841000+00:00,0.192782,0.157185,0.14905,0.15591800000000003,0.168074,0.194364,0.20811400000000002,0.21642800000000004,0.18623279147982066,0.16307483183856505,0.14729803811659192,0.14630504484304935,0.15818279147982064,0.17881345291479825,0.19471255605381163,0.2067340246636771,0.1875261861498082,0.17184072279426607,0.15427633757318798,0.15203569553805768,0.16177399555824754,0.1813029880880275,0.1957142136079143,0.2063716535433071
1.0,1.0,1.0,0.2021513452914799,0.0,0.007651000000000001,0.0,0.004436,0.000317,0.0010299999999999999,0.0,0.0,0.0,0.0080320067264574,0.0,0.004914966367713005,0.0003035138248847926,0.0009749439461883409,0.0,0.0,0.0,0.008016818090046434,0.0,0.005161639410458308,0.00037535283289016154,0.0011158489804159093,0.0,0.0,0.0,2022-08-31 11:09:46.828000+00:00,0.013651,0.076183,0.05508500000000001,0.0347,0.033881,0.031415,0.0301,0.025698000000000006,0.014093497757847538,0.07627589686098656,0.055396300448430504,0.03466961883408073,0.03384176008968611,0.03109983183856503,0.030305100896860986,0.025756614349775792,0.014101150817686247,0.0763803957197658,0.05555953967292549,0.034686896830203914,0.03382069452856854,0.031030627902281442,0.030292045225116086,0.025868847163335353
1.0,1.0,1.0,0.19411995515695069,0.0,0.007419000000000001,1.7e-05,0.005936,0.0008,0.0016299999999999997,0.0,0.0,0.0,0.00795908071748879,0.00040156159629843846,0.00639377802690583,0.0007279708520179372,0.0015595291479820628,0.0,0.0,0.0,0.007943286896830205,0.0005816994818652848,0.006634019785988288,0.0007653543307086612,0.001573450434080355,0.0,0.0,0.0,2022-08-31 11:09:43.103000+00:00,0.013668000000000001,0.0761,0.05508500000000001,0.0347,0.033798,0.031332,0.0301,0.025815,0.014083127802690587,0.07626160313901345,0.055396300448430504,0.03466961883408073,0.03377881165919283,0.03115426008968611,0.03034815022421525,0.025787443946188343,0.014086997779123762,0.07637524732485364,0.055563375731879666,0.034686896830203914,0.033781304260044415,0.031068463557439936,0.03030347264284272,0.025833292953765397
1.0,1.0,1.0,0.1539966367713005,0.0,0.011971000000000002,0.004852,0.010079000000000001,0.0044280000000000005,0.012136000000000001,0.0013850000000000002,0.0,0.0,0.011441872197309418,0.00502578475336323,0.010842713004484307,0.004896524663677131,0.014730717488789239,0.0021580156950672647,0.0017381726457399104,0.0007357062780269059,0.011506117504542697,0.0052982031092267306,0.011450494649707248,0.0054342216838279825,0.01738520088835049,0.0025824752675146375,0.0031598021401171,0.0017991318392893195,2022-09-05 11:09:36.157000+00:00,0.016039,0.074541,0.05484700000000001,0.033896,0.038185000000000004,0.032234,0.029532,0.023891999999999997,0.015570403587443948,0.07470454035874441,0.05537113228699552,0.034299831838565026,0.040040863228699555,0.03261171524663677,0.030903531390134534,0.02486748878923767,0.01567676155865132,0.07488160710680394,0.05578988491823137,0.03473040581465778,0.04201061982636785,0.03277930547143146,0.03222846759539673,0.026240763173834038
1.0,1.0,1.0,0.148,0.0,0.012154,0.007769,0.011679000000000002,0.004945000000000001,0.013304000000000002,0.002036,0.0,0.0,0.011439910313901347,0.007998991031390136,0.01243979820627803,0.005456446188340807,0.016080325112107628,0.0027206838565022426,0.0017998318385650228,0.0007149103139013454,0.01147238037552998,0.008254270139309506,0.013046396123561477,0.005997112860892388,0.018861578841106397,0.0031610539067231974,0.003318069856652534,0.0017798909751665657,2022-09-05 11:09:32.447000+00:00,0.016139,0.074541,0.05484700000000001,0.033896,0.038102000000000004,0.032251,0.029432,0.024009000000000003,0.015597085201793722,0.07470454035874441,0.05537113228699552,0.034299831838565026,0.04000431614349777,0.032618609865470855,0.03080095291479821,0.024922477578475336,0.015652755905511812,0.07488477690288713,0.05578988491823137,0.03473040581465778,0.04200672319806178,0.032824894003634156,0.03216775691500101,0.026265031294165152
1.0,1.0,1.0,0.148,0.0,0.0073490000000000005,0.0,0.004113,0.00044899999999999996,0.009927000000000002,0.0,0.0,0.0,0.007317600896860987,0.0,0.0038160874439461885,0.00016804932735426013,0.009909865470852021,0.0,0.0,0.0,0.006976680799515445,0.0,0.003556692913385826,0.00010407833636180091,0.009143690692509587,0.0,0.0,0.0,2022-09-10 11:09:45.339000+00:00,0.011815,0.071232,0.050664,0.030549000000000003,0.03544,0.027883000000000005,0.027083,0.021455000000000002,0.011743385650224218,0.07111048206278026,0.05044417040358746,0.03017174887892377,0.035409304932735426,0.02738968609865471,0.02659551569506726,0.021269170403587445,0.01145735917625681,0.0710476277003836,0.050299878861296166,0.029900464365031285,0.03488364627498486,0.02712386432465172,0.02614062184534625,0.02109115687462144
1.0,1.0,1.0,0.121,0.0,0.008647,0.003015,0.009313,0.004115000000000001,0.013459,0.001749,0.0013850000000000002,0.000187,0.008362219730941707,0.0028445627802690587,0.009000392376681614,0.0035777466367713,0.013496860986547086,0.0010067264573991035,0.0009723094170403588,0.00021221973094170406,0.007984756713103171,0.0027537250151423373,0.00878679588128407,0.0032281041792852814,0.01279905108015344,0.0006515243286896828,0.0006210377548960225,0.0001304865737936604,2022-09-10 11:09:41.611000+00:00,0.011997999999999998,0.071232,0.050664,0.030549000000000003,0.035257,0.028066000000000004,0.027117,0.021538,0.011794170403587446,0.07111048206278026,0.05044417040358746,0.03017174887892377,0.03532735426008969,0.027477802690582965,0.02661698430493274,0.02129691704035875,0.011491863517060365,0.0710476277003836,0.05029715324046031,0.029900464365031285,0.0348285483545326,0.02715970119119725,0.026135210983242476,0.02111564708257621
0.0,0.04932735426008969,0.13749242883101148,0.159,0.977109900529053,0.26045599999999997,0.159549,0.16219799999999998,0.17525200000000002,0.21729800000000002,0.24070100000000005,0.266685,0.280916,0.2541183856502242,0.16180190582959644,0.15988032511210767,0.17272875560538117,0.21306109865470851,0.23485795964125564,0.25368514573991036,0.26805543721973096,0.2509595194831416,0.17003020391681806,0.16491677771047847,0.17501269937411665,0.2117748435291742,0.22943513022410655,0.2435062588330305,0.256874318594791,2022-09-15 11:09:32.721000+00:00,0.23471999999999996,0.17649700000000001,0.16248100000000001,0.17160599999999998,0.18775599999999998,0.22051400000000004,0.25451900000000005,0.27667600000000003,0.22978845291479824,0.17809405829596414,0.16127012331838567,0.1701165358744395,0.18531418161434976,0.21661782511210764,0.24456328475336325,0.2660998878923767,0.22714768826973544,0.1831495861094286,0.16462027054310518,0.1719310518877448,0.18452123965273567,0.21255519886937213,0.2363479103573592,0.2564771855441147
1.0,1.0,1.0,0.148,0.0,0.004815000000000001,0.0,0.0,0.0,0.002704,0.0,0.0,0.0,0.004560089686098656,0.0,7.337443946188341e-05,0.0,0.002701849775784754,0.0,0.0,0.0,0.004618877448011306,0.0,6.723198061780738e-05,0.0,0.0021297193620028266,0.0,0.0,0.0,2022-09-20 11:09:42.281000+00:00,0.009615,0.071496,0.047634,0.028483,0.03137,0.024451,0.022869999999999998,0.018536,0.009386434977578479,0.07115162556053811,0.04810588565022422,0.028467656950672653,0.031388060538116595,0.02453906950672646,0.023223934977578475,0.01860297085201794,0.009422228952150212,0.07116690894407428,0.04822430849989904,0.02847030082778114,0.03094914193418131,0.02439939430648091,0.023216676761558648,0.018672784171209367
1.0,1.0,1.0,0.137,0.0,0.00543,0.0,0.001851,0.0,0.004838,0.0,0.0,0.0,0.005057230941704037,0.0,0.0024746076233183854,0.0,0.004751569506726457,0.0,0.0,0.0,0.004994730466384009,0.0,0.0026214819301433475,1.9543710882293558e-05,0.00398386836260852,0.0,0.0,0.0,2022-09-20 11:09:38.557000+00:00,0.009764000000000002,0.071496,0.047634,0.028483,0.03147,0.024351,0.022887000000000005,0.01847,0.00948957399103139,0.07115162556053811,0.04810588565022422,0.028467656950672653,0.03144742152466368,0.02448245515695068,0.023207174887892378,0.01867152466367713,0.009463618009287302,0.07116690894407428,0.04822430849989904,0.028471693922875022,0.030938098122350093,0.024395457298606902,0.02324187361195235,0.0187536846355744
0.0,0.0,0.0,0.115,1.0,0.13318700000000003,0.161179,0.15587199999999998,0.15370199999999998,0.17158299999999999,0.17493999999999998,0.17801899999999998,0.178104,0.1336304932735426,0.16193374439461886,0.15666524663677134,0.15369764573991035,0.17221205156950672,0.1760835201793722,0.1773993273542601,0.1770887331838565,0.13440193821926105,0.1627510801534423,0.15726198263678576,0.15411481930143345,0.1722672723601858,0.17614558853220275,0.17727805370482536,0.1770300625883303,2022-09-25 11:09:31.454000+00:00,0.12457,0.174347,0.15347,0.15096800000000002,0.15946600000000002,0.17157200000000003,0.180019,0.18407,0.12496569506726458,0.1747987668161435,0.154027634529148,0.15094377802690584,0.15994624439461883,0.17246922645739915,0.1795567825112108,0.18310358744394625,0.12565431051887743,0.17530684433676552,0.154435534019786,0.1512753886533414,0.1599984857662023,0.17253046638400965,0.17946571774682007,0.1830530789420553
0.0,0.0,0.0,0.11,1.0,0.425644,0.5414910000000001,0.505868,0.491987,0.523713,0.513708,0.504094,0.5061810000000001,0.42111065022421534,0.5375109304932736,0.501730605381166,0.4861002802690583,0.5193503923766817,0.5100820067264574,0.501560874439462,0.49939646860986553,0.41910325055521896,0.5318498081970523,0.4957279224712296,0.48155693519079346,0.5147467797294568,0.5055972138098122,0.4983677771047848,0.4965561074096507,2022-09-30 11:09:38.100000+00:00,0.38928,0.42479600000000006,0.395112,0.41832700000000006,0.43205499999999997,0.44972900000000005,0.46334500000000006,0.47838500000000006,0.385272869955157,0.42233778026905827,0.3923483183856502,0.4138053251121077,0.4286797085201794,0.44673581838565024,0.461180269058296,0.4724213565022422,0.38344472037149196,0.41870954976781743,0.3882730870179688,0.41028512012921453,0.42513656369876834,0.44308740157480303,0.4584711891782758,0.4698725217040177
1.0,0.95347533632287,0.7195639006662627,0.2677158071748879,0.0,0.024367999999999997,0.0,0.0028020000000000002,0.0051790000000000004,0.015834000000000004,0.0033,0.008081000000000001,0.008402,0.02473486547085202,0.0,0.0030863789237668164,0.004835930493273543,0.015840190582959643,0.0031997757847533636,0.007705325112107624,0.008338284753363229,0.025247809408439324,0.0,0.0034080355340197852,0.004904542701393094,0.015524914193418131,0.003676115485564304,0.007609630526953362,0.008636684837472236,2022-10-05 11:09:32.233000+00:00,0.030534000000000002,0.086517,0.06563400000000001,0.047947,0.0534,0.050083,0.05309799999999999,0.048450999999999994,0.03083845291479821,0.087085033632287,0.06578206278026907,0.04776844170403587,0.05341961883408073,0.05004843049327355,0.052884641255605394,0.048435033632286996,0.031236947304663833,0.08722592368261661,0.06595958005249344,0.04782788209166161,0.053197011911972535,0.0503737532808399,0.05278405007066424,0.048663920856046844
1.0,0.7146860986547084,0.616596002422774,0.16404652466367717,0.0,0.027885,0.014634000000000001,0.020485,0.018596,0.030150999999999997,0.020883000000000002,0.024415000000000003,0.023268,0.02822382286995516,0.015576961883408073,0.02072230941704036,0.018266031390134534,0.03017741031390135,0.020758744394618837,0.024375448430493277,0.023194730941704038,0.028648960226125578,0.015838239450837874,0.020979850595598624,0.01832804360993337,0.029662406622249143,0.02108911770644054,0.024295194831415307,0.023408863315162523,2022-10-05 11:09:28.520000+00:00,0.030551000000000002,0.086517,0.06563400000000001,0.047947,0.05343400000000001,0.050083,0.05281500000000001,0.048634,0.03086132286995516,0.087085033632287,0.06578206278026907,0.04776844170403587,0.05345560538116593,0.05007354260089687,0.05280695067264574,0.048525448430493286,0.03125273571572783,0.08722592368261661,0.06595818695739955,0.04782788209166161,0.053223440339188376,0.05040276600040379,0.05277439935392691,0.04867209771855441
1.0,1.0,1.0,0.115,0.0,0.004070000000000001,0.000166,0.005064,0.0,0.004832,0.0,0.0,0.0,0.004466255605381167,0.00018178251121076238,0.0048365470852017945,2.3262331838565027e-05,0.004908744394618835,0.0,0.0,0.0,0.005104885927720572,0.00043440339188370684,0.00478530183727034,0.00010959014738542296,0.0050246517262265275,0.0,1.8170805572380372e-06,0.0,2022-10-15 11:09:33.704000+00:00,0.007936,0.075449,0.052515000000000006,0.029502,0.031015,0.022751000000000004,0.021936,0.017168,0.008284192825112108,0.07538542600896862,0.05240644618834082,0.029644394618834086,0.031046636771300453,0.023239517937219737,0.02272544843049328,0.01742640134529148,0.0088257217847769,0.07545360387643853,0.05236606097314759,0.029588855239248937,0.031145083787603476,0.02368356551584898,0.02328277811427417,0.01771047849788007
1.0,1.0,1.0,0.10447757847533631,0.0,0.004404,0.005332000000000001,0.008480999999999999,0.001436,0.0075980000000000015,0.0,0.0,0.0,0.004935538116591929,0.005297701793721973,0.008354932735426009,0.0015706838565022424,0.007650560538116592,0.0,0.0,0.0,0.005563476680799515,0.005411003432263274,0.008283626085200887,0.0015208964264082376,0.007764304461942258,2.1804966686856447e-06,0.00016672723601857456,0.0,2022-10-15 11:09:29.993000+00:00,0.007819000000000001,0.075449,0.052515000000000006,0.029502,0.030998,0.022734,0.021853,0.017085,0.008250672645739912,0.07538542600896862,0.05240644618834082,0.02963099775784754,0.03102741031390135,0.02322948430493274,0.02269988789237668,0.017475616591928252,0.008819543710882291,0.07545360387643853,0.05237048253583687,0.029583706844336765,0.03113222289521502,0.023672299616394103,0.023267979002624676,0.017724490207954774
1.0,1.0,0.9872804360993338,0.10447757847533631,0.011445049735473481,0.02169,0.022637,0.033286,0.016668000000000002,0.013401000000000001,0.008327000000000001,0.009458000000000001,0.010011,0.020781221973094174,0.021434417040358745,0.03166322869955157,0.015599943946188344,0.013294674887892379,0.0074410313901345304,0.00928548206278027,0.009397421524663677,0.01841905915606703,0.020109751665657184,0.030415929739551775,0.013897637795275586,0.011724732485362406,0.005317120936805975,0.007523622047244094,0.0073696143751261845,2022-11-04 11:09:32.300000+00:00,0.023654,0.09567500000000001,0.074241,0.045034000000000005,0.039397,0.03610800000000001,0.035237000000000004,0.03154100000000001,0.022808015695067265,0.09491922645739911,0.07320095291479821,0.044199215246636774,0.039367825112107624,0.035370683856502244,0.03507813901345292,0.0309767937219731,0.020684312537855847,0.09409113668483746,0.0723566323440339,0.04288956188168787,0.038170240258429224,0.033643084998990505,0.03358108217242074,0.029201554613365637
1.0,1.0,0.9872804360993338,0.10447757847533631,0.007153156084670926,0.02189,0.026037000000000005,0.035103,0.017367999999999998,0.014435,0.00901,0.009775,0.009994,0.020917320627802695,0.024793105381165925,0.0334822869955157,0.01626070627802691,0.014379988789237672,0.008040022421524663,0.00957640134529148,0.009363789237668162,0.018510983242479302,0.02343963254593176,0.03220139309509388,0.014527619624470018,0.012761235614778921,0.005858025439127802,0.007785665253381788,0.007381142741772661,2022-11-04 11:09:28.594000+00:00,0.023654,0.09567500000000001,0.074241,0.045034000000000005,0.039397,0.03610800000000001,0.035237000000000004,0.031524,0.022808015695067265,0.09491922645739911,0.07320095291479821,0.044199215246636774,0.03938374439461885,0.035370683856502244,0.03506698430493274,0.030955661434977577,0.020687886129618412,0.09409109630526952,0.07235681405208963,0.04288956188168787,0.038186392085604676,0.033642014940440126,0.033591257823541276,0.029189158086008474
1.0,0.95347533632287,0.7613567534827377,0.121,0.02829844650280796,0.031622,0.024819,0.038606,0.020193,0.016791000000000004,0.013741999999999999,0.020152,0.026446,0.03613211883408072,0.025375616591928253,0.04089753363228701,0.0238280269058296,0.021651961883408077,0.019748038116591933,0.02447729820627803,0.029966087443946188,0.04032475267514636,0.026457076519281243,0.042437775085806574,0.02623959216636382,0.02538213204118716,0.024188148596810018,0.02933175853018373,0.033898707853825955,2022-11-19 11:09:35.702000+00:00,0.033190000000000004,0.10706800000000001,0.08200400000000001,0.05135700000000001,0.046489,0.045223000000000006,0.048988,0.048982,0.03721832959641257,0.10739848654708521,0.08348884529147982,0.054060033632287,0.05003906950672647,0.04984573991031391,0.052447197309417035,0.05204456278026906,0.04086856450635978,0.10802218857258228,0.08445949929335755,0.055812436906925084,0.05266583888552392,0.05323274782959821,0.056304966686856445,0.055373046638400945
1.0,0.7146860986547084,0.658388855239249,0.077,0.02829844650280796,0.033156000000000005,0.036702,0.047689,0.026776,0.024791000000000004,0.021759,0.027703000000000002,0.031831000000000005,0.03767471973094171,0.037238060538116596,0.049913452914798206,0.03029215246636772,0.029500392376681617,0.02782488789237668,0.031820908071748887,0.035361154708520186,0.04174318594791035,0.03829438724005652,0.05143345447203713,0.03261655562285483,0.03297076519281243,0.03212743791641429,0.036450736927114875,0.03924050070664244,2022-11-19 11:09:31.983000+00:00,0.03329,0.10706800000000001,0.08200400000000001,0.05135700000000001,0.046489,0.045123,0.048822,0.048899,0.03730106502242153,0.10739848654708521,0.08348856502242154,0.054060313901345296,0.050041872197309434,0.04983436098654708,0.05239237668161435,0.05198559417040358,0.040908096103371684,0.10802424793054714,0.0844559862709469,0.05581722188572582,0.05266608116293155,0.05324207550979203,0.05631704017767011,0.055367817484352905
1.0,0.95347533632287,0.7195639006662627,0.094,0.018485999450188785,0.131324,0.098939,0.09950200000000001,0.09440499999999999,0.105038,0.119733,0.12598800000000002,0.13128,0.13226519058295969,0.10371042600896863,0.10295297085201795,0.0967307735426009,0.10793906950672649,0.12096575112107626,0.12749854260089688,0.13265532511210765,0.1339009287300626,0.10738584696143749,0.10676751463759335,0.10020409852614574,0.11137024025842925,0.12378190995356353,0.1293385422975974,0.13479359983848171,2022-11-29 11:09:34.492000+00:00,0.12126200000000001,0.153677,0.120697,0.106,0.109812,0.12537700000000002,0.13356200000000001,0.13742000000000001,0.1221553811659193,0.15651451793721977,0.12290274663677131,0.10776221973094173,0.11201580717488789,0.12640543721973097,0.13487875560538118,0.1386650224215247,0.1235817686250757,0.15859624470018166,0.12521263880476477,0.11024233797698366,0.11455021199273167,0.1286201090248334,0.13639141934181304,0.14051362810417925
1.0,0.7146860986547084,0.616596002422774,0.055,0.6693278277407808,0.132028,0.105175,0.103089,0.096775,0.108825,0.12233900000000002,0.12712600000000002,0.131886,0.13363895739910314,0.10976922645739912,0.10643783632286996,0.09899803811659194,0.11219153587443949,0.12424635650224218,0.1293053811659193,0.13380437219730945,0.13521599030890366,0.1131228750252372,0.10994461942257217,0.10222224914193417,0.11556192206743388,0.12695192812436906,0.13108451443569555,0.13576365838885524,2022-11-29 11:09:30.777000+00:00,0.12126200000000001,0.153677,0.120697,0.106,0.109812,0.12541100000000002,0.133528,0.137437,0.1221660874439462,0.1565118273542601,0.12290308295964128,0.10775465246636773,0.11200510089686098,0.12645577354260093,0.13484422645739913,0.1386797085201794,0.12358695739955582,0.1585962447001817,0.12522166363819903,0.11024175247324854,0.11454902079547749,0.12865057540884312,0.13639000605693516,0.1405020997375328
0.0,0.0,0.0,0.126,1.0,0.5942550000000001,0.597207,0.583163,0.5849279999999999,0.5952649999999999,0.589278,0.600609,0.5922229999999999,0.576577466367713,0.5860553251121077,0.5703143497757849,0.5720797085201795,0.5839818385650226,0.5764315022421524,0.5806038116591927,0.5782075672645742,0.5529758732081567,0.5828600040379566,0.5635152836664649,0.5600132444982838,0.5678827579244902,0.5612544720371492,0.5626233393902683,0.5591092065414901,2022-12-04 11:09:32.031000+00:00,0.527784,0.44007900000000005,0.41871700000000006,0.462627,0.47430399999999995,0.493103,0.5197290000000001,0.5364700000000001,0.512331109865471,0.43395863228699555,0.4110095852017938,0.45371132286995525,0.4660961322869956,0.48334276905829604,0.5038054932735427,0.5244966367713005,0.49159503331314347,0.4322297597415708,0.40694326670704617,0.445165051483949,0.4544379366040782,0.4717636987684233,0.4894534423581669,0.5082437310720777
0.0,0.0,0.0,0.055,1.0,0.47910600000000003,0.660595,0.6282130000000001,0.61534,0.671159,0.633643,0.610839,0.600106,0.47750711883408076,0.6595592488789239,0.6278250560538117,0.6124885089686101,0.6684970291479821,0.6373274103139015,0.6139234304932737,0.600545235426009,0.4762445992327882,0.6614090450232181,0.6269431253785583,0.6093274177266302,0.6657031496062993,0.6374123561477891,0.6144866747425802,0.5994735715727842,2022-12-09 11:09:31.295000+00:00,0.42477200000000004,0.5011909999999999,0.46331999999999995,0.505706,0.52084,0.531154,0.5464519999999999,0.560572,0.4233701233183857,0.500663340807175,0.463305100896861,0.5036503363228699,0.518917096412556,0.53400033632287,0.5489378923766817,0.560908071748879,0.42225348273773466,0.5018290732889156,0.4627349687058348,0.5012024833434282,0.5168656167979003,0.5340541490006057,0.549398566525338,0.5599358974358973
0.0,0.03419282511210763,0.23440339188370682,0.094,0.3741801922095117,0.005419,0.024646,0.032432,0.008334000000000001,0.002185,0.0,0.0,0.0,0.006059248878923767,0.026109360986547085,0.03276956278026906,0.008435874439461885,0.003184473094170404,2.8026905829596415e-06,0.0,0.0,0.007113648293963255,0.02646008479709267,0.03330728851201293,0.008900605693519078,0.0038417524732485353,0.00012111851403189984,0.0001704017767009893,2.2834645669291333e-05,2022-12-14 11:09:32.440000+00:00,0.009085,0.10777400000000001,0.079249,0.042734,0.034068,0.029365999999999996,0.028317000000000002,0.022049000000000003,0.009652466367713006,0.1086419282511211,0.07949786995515695,0.042847533632287015,0.03473581838565022,0.02913346412556054,0.028411322869955156,0.02191059417040359,0.010572945689481117,0.1088538057742782,0.07984247930547142,0.043190833838077924,0.03518316172016959,0.029609711286089233,0.02846468806783767,0.022180779325661214
0.0,0.0033632286995515697,0.0781344639612356,0.077,0.6065427534321123,0.005836000000000001,0.031312,0.03664900000000001,0.011333999999999999,0.005485,0.0,0.0013830000000000001,8.3e-05,0.00656748878923767,0.03276367713004484,0.037040751121076236,0.011432791479820627,0.00637169282511211,0.00027393497757847535,0.001557230941704036,0.0002303811659192825,0.007616272965879265,0.033134201494044016,0.03759563900666262,0.011890349283262665,0.006968826973551383,0.0008061578841106399,0.0016588532202705428,0.00047827579244902075,2022-12-14 11:09:28.728000+00:00,0.009101999999999999,0.107757,0.079249,0.042734,0.034068,0.029365999999999996,0.028283,0.022049000000000003,0.009666591928251122,0.10862763452914798,0.07949786995515695,0.042847533632287015,0.03473581838565022,0.02912387892376682,0.028373822869955156,0.02186468609865471,0.010574480113062787,0.108848657379366,0.07984272158287904,0.043190833838077924,0.03518316172016959,0.02963321219462951,0.028453401978598823,0.022132949727437914
0.0,0.0,0.0,0.061,1.0,0.391617,0.5275620000000001,0.489605,0.470978,0.487702,0.46766300000000005,0.46354400000000007,0.45763400000000004,0.40124254484304933,0.5429688340807175,0.5038861547085202,0.4832050448430494,0.49702500000000005,0.4785156950672646,0.47133845291479826,0.4693350896860987,0.4079555622854835,0.5472992529779931,0.5097177064405409,0.4895850595598626,0.5045015546133657,0.4871804966686856,0.4803544922269332,0.4768616596002423,2022-12-19 11:09:29.504000+00:00,0.351626,0.41452400000000006,0.37279500000000004,0.393018,0.398967,0.405864,0.421781,0.4277390000000001,0.36022869955156955,0.42376782511210764,0.3820255044843049,0.40238806053811665,0.40585487668161435,0.41454646860986555,0.4282353139013454,0.4380599215246638,0.366209226731274,0.42637373309105586,0.38576507167373303,0.4072127397536845,0.41147013930950926,0.42148293963254596,0.435847345043408,0.44469216636381986
0.0,0.0,0.0,0.077,0.3968346583035518,0.009423,0.021649,0.028368,0.009419,0.005436,0.002364,0.0037170000000000003,0.0033770000000000007,0.010294282511210763,0.020983744394618836,0.02824467488789238,0.009492544843049327,0.0055060538116591924,0.0020905269058295968,0.003919282511210763,0.003194843049327355,0.010474560872198665,0.020712618614980815,0.028333918837068442,0.009457036139713304,0.005707187563093075,0.0019683020391681816,0.0038937209771855432,0.003225519886937209,2022-12-24 11:09:33.803000+00:00,0.012238,0.10436600000000001,0.075851,0.042102,0.034785,0.031598,0.030117,0.024611,0.012906109865470854,0.10403906950672648,0.07587017937219732,0.04222948430493274,0.03481513452914799,0.031393946188340814,0.03030891255605381,0.024498710762331836,0.013063093074904098,0.1039115687462144,0.07598217242075513,0.04222128003230364,0.034961356753482734,0.031228790631940246,0.03026779729456894,0.024616313345447206
1.0,1.0,1.0,0.07200000000000001,0.0,0.009706000000000001,0.027349000000000002,0.032968,0.011719,0.007819000000000001,0.004415,0.0054340000000000005,0.00496,0.010530269058295965,0.026711042600896864,0.03283284753363229,0.011809585201793722,0.007840190582959641,0.0041972533632287,0.005795123318385651,0.00460067264573991,0.010733091055925703,0.026450353321219464,0.032939168180900466,0.011771532404603267,0.008020371492025034,0.004001594992933575,0.005755037351100342,0.004653563496870582,2022-12-24 11:09:30.089000+00:00,0.012221000000000001,0.10436600000000001,0.075934,0.042102,0.034785,0.031532000000000004,0.030017000000000002,0.024728000000000003,0.01284747757847534,0.10403906950672648,0.07589786995515696,0.042237724215246644,0.034826681614349785,0.031365134529147985,0.03029304932735426,0.024547141255605386,0.013024591156874623,0.1039115687462144,0.07598758328285889,0.04222719563900665,0.03497098728043609,0.03120351302241066,0.030296062992125977,0.024659983848172824
1.0,1.0,1.0,0.07200000000000001,0.0,0.005913000000000001,0.014049,0.019781,0.0032,0.0008489999999999999,0.0,0.0,0.0,0.005243273542600898,0.014498206278026907,0.019628811659192832,0.0031087443946188342,0.00045829596412556064,0.0,3.312780269058296e-05,0.0,0.005103856248738138,0.014208298001211385,0.019759721380981223,0.003308822935594588,0.00043294972743791635,0.0,0.0001634161114476075,1.4536644457904298e-06,2023-01-03 11:09:32.889000+00:00,0.00863,0.09704900000000001,0.066315,0.035283,0.029866000000000004,0.025068000000000003,0.024317,0.018149000000000002,0.008068890134529149,0.09727875560538118,0.0662261210762332,0.03522090807174889,0.029553307174887893,0.025433912556053817,0.024110089686098655,0.018232567264573993,0.007959499293357559,0.09711181102362204,0.0663145366444579,0.03538734100545124,0.029521582879063184,0.025555865132243085,0.024429739551786796,0.018299959620432057
1.0,1.0,1.0,0.066,0.0,0.00603,0.019349,0.022915,0.0049830000000000004,0.001949,0.0,0.0,0.0,0.0052566143497757845,0.019768665919282512,0.022808295964125567,0.004861547085201794,0.0014201233183856504,0.0,0.00013643497757847534,0.0,0.00506270946900868,0.019479991924086414,0.02294734504340803,0.005039026852412677,0.0013880274581061982,0.0,0.00029319604280234204,8.378760347264283e-06,2023-01-03 11:09:29.183000+00:00,0.008563999999999999,0.09704900000000001,0.066315,0.035283,0.029949000000000003,0.025085000000000003,0.0243,0.018248999999999998,0.00800767937219731,0.09727875560538118,0.0662261210762332,0.03522090807174889,0.02955902466367713,0.025497253363228705,0.024100224215246636,0.018246412556053814,0.007905552190591561,0.09711181102362204,0.0663145366444579,0.03538734100545124,0.02952279426610134,0.02555108015344236,0.0244280234201494,0.01829135877246113
0.0,0.0,0.0,0.055,1.0,0.22150699999999998,0.28355600000000003,0.268081,0.257804,0.27617600000000003,0.27748,0.27899100000000004,0.272625,0.21729332959641262,0.27659282511210764,0.26033357623318387,0.25179108744394624,0.26847130044843054,0.2712679932735426,0.2713692825112108,0.2653697869955157,0.2100463355542095,0.26267956793862307,0.24694643650312936,0.23914530587522703,0.2560511407227942,0.26024572986069044,0.25989569957601455,0.25617143145568333,2023-01-13 11:09:30.092000+00:00,0.20025400000000002,0.26376000000000005,0.228598,0.23095300000000002,0.23814,0.252027,0.26330600000000004,0.26629100000000006,0.19647869955156955,0.2594003923766816,0.22352993273542604,0.22627656950672648,0.23237965246636777,0.24701580717488794,0.2567859865470852,0.25982993273542604,0.1900313143549364,0.2507416717141126,0.21478699777912375,0.21651047849788008,0.223001978598829,0.238119765798506,0.2470154855643044,0.2514981021603069
0.0,0.0,0.0,0.061,1.0,0.22370700000000002,0.295039,0.275564,0.263055,0.279993,0.280746,0.282274,0.275842,0.2194119394618834,0.2879344170403588,0.2675831278026906,0.25703632286995515,0.27240807174887893,0.27444792600896867,0.27446575112107624,0.2685785313901346,0.2120252776095296,0.2737202907328891,0.2539233797698365,0.24418130426004442,0.2598879063194024,0.26326252776095294,0.2628248940036341,0.2592647890167574,2023-01-13 11:09:26.394000+00:00,0.20033700000000002,0.26376000000000005,0.22868099999999997,0.23095300000000002,0.238057,0.25211,0.26338900000000004,0.26640800000000003,0.19651350896860986,0.25938699551569505,0.2235442264573991,0.2262719170403588,0.23231631165919284,0.2470450112107624,0.25682892376681615,0.2598813340807175,0.190042761962447,0.2507271148798707,0.21478984453866343,0.21651213406016556,0.2229599636583888,0.2381271956390066,0.24704336765596605,0.25150415909549767
0.0,0.0,0.01655562285483545,0.055,0.7133407763558736,0.006204,0.029464,0.040202,0.015,0.007002,0.003911,0.0037189999999999996,0.007066,0.006634921524663678,0.027876065022421525,0.03968458520179372,0.014787836322869955,0.007506894618834081,0.0034218049327354263,0.004245067264573992,0.006286771300448433,0.006708742176458713,0.02764300423985464,0.03955689481122552,0.014871007470220065,0.007951847365233192,0.003859862709469009,0.00427734706238643,0.005695800524934382,2023-01-18 11:09:29.783000+00:00,0.008487000000000001,0.10421500000000002,0.075068,0.0407,0.032667999999999996,0.028979,0.026402000000000002,0.0231,0.008887163677130046,0.10326025784753363,0.07482690582959643,0.04056984304932735,0.033109809417040365,0.028657679372197313,0.0268755605381166,0.022516647982062783,0.008973187966888752,0.10315511811023621,0.07480811629315565,0.04066067030082777,0.03347874015748031,0.029059519483141526,0.026931435493640216,0.02204589137896224
0.0,0.0,0.013930950938824953,0.10447757847533631,0.7047569890542685,0.004521,0.025064000000000003,0.035819000000000004,0.0092,0.0015360000000000003,0.0,0.0,0.000166,0.0050187219730941715,0.023364405829596414,0.03526087443946189,0.008981109865470854,0.0022366031390134533,0.0,0.0,2.8587443946188346e-05,0.005109872804360994,0.023145063597819503,0.035180294770845943,0.009096466787805369,0.0027788007268322226,2.4025842923480714e-05,0.0,2.6428427215828786e-05,2023-01-18 11:09:26.071000+00:00,0.008404000000000002,0.10419800000000001,0.07515100000000001,0.0407,0.032585,0.028979,0.026236000000000002,0.023266000000000005,0.008875560538116594,0.10324596412556054,0.07484119955156952,0.04056984304932735,0.03309360986547086,0.028665807174887894,0.026843609865470856,0.02262713004484305,0.008968604885927718,0.10314974762770038,0.0748146577831617,0.0406575610740965,0.03347215828790632,0.029091419341813037,0.02690965071673733,0.02210825762164344
0.0,0.0,0.0,0.1539966367713005,1.0,0.36601100000000003,1.0853880000000002,0.9552740000000001,0.886976,0.8827370000000001,0.838429,0.8234380000000001,0.7823,0.37487040358744395,1.0934741031390138,0.9648795964125562,0.8938993273542603,0.8907806614349777,0.8485242152466368,0.8289058295964126,0.7884896300448431,0.38948824954572986,1.1077839289319602,0.9780523319200481,0.9066483747223902,0.9040850595598625,0.8611779729456893,0.8402391883706843,0.8005209166161921,2023-01-23 11:09:32.503000+00:00,0.32439999999999997,0.6744600000000001,0.6019180000000001,0.6462990000000001,0.6568510000000001,0.660894,0.6773349999999999,0.679112,0.3321201793721973,0.6788655269058297,0.6070877242152467,0.6509777466367713,0.6624791479820629,0.6683976457399103,0.6815900784753365,0.684248878923767,0.34479317585301833,0.6864408237431859,0.6145144962648899,0.6596381183121341,0.6717544720371492,0.6777360387643854,0.6903699374116696,0.6941763173834038
0.0,0.0,0.0,0.099,1.0,0.363679,1.009622,0.8938100000000001,0.839376,0.84269,0.80025,0.7853250000000002,0.753455,0.3726003923766817,1.0169758968609868,0.9026863228699551,0.8457334080717489,0.8505172645739911,0.8099831838565024,0.7904227017937223,0.7595525224215248,0.3870449020795476,1.0299843731072076,0.9148222895215021,0.857674338784575,0.863149767817484,0.8219704219664848,0.8010773470623863,0.7710476882697355,2023-01-23 11:09:28.800000+00:00,0.32439999999999997,0.6744600000000001,0.6018350000000001,0.646216,0.6567339999999999,0.6608109999999999,0.677418,0.679063,0.3321258968609866,0.6788746636771301,0.6070758408071749,0.6509362668161436,0.6624203475336322,0.6684230941704036,0.6815724215246639,0.6842771300448431,0.3447884918231374,0.6864303452453058,0.6145126186149807,0.6596151827175449,0.6717339188370685,0.6777903896628303,0.6903402382394508,0.6941886735311931
0.0,0.0,0.01655562285483545,0.121,0.7778538287618589,0.002432,0.001721,0.0038230000000000004,0.0,0.0,0.0,0.0,0.0,0.0027418161434977577,0.0020233744394618836,0.004173878923766816,0.0,0.0,0.0,0.0,0.0,0.0030544316575812636,0.0024468941561095214,0.004557399555824754,0.0001587118917827579,0.0,0.0,0.0,0.0,2023-01-28 11:09:31.781000+00:00,0.006932000000000001,0.093519,0.058787,0.033868,0.029081000000000003,0.0259,0.024466,0.019147000000000004,0.0071656390134529156,0.09369288116591928,0.05903985426008968,0.03408520179372198,0.029002466367713007,0.026429147982062782,0.024681446188340804,0.018916591928251122,0.007404946497072482,0.09392965879265092,0.05929020795477488,0.034394629517464165,0.029269331718150625,0.02653038562487381,0.024723662426812027,0.01918491823137492
0.0,0.0,0.013930950938824953,0.099,0.9313297015871591,0.0032979999999999997,0.010121000000000002,0.009306,0.001302,0.0,0.0,0.0,0.0,0.0034628923766816156,0.010417040358744394,0.009673318385650225,0.001582847533632287,8.475336322869955e-05,0.0,9.585201793721975e-05,3.452914798206278e-05,0.0037407227942661014,0.010789460932768018,0.010030284675953967,0.00198501918029477,0.0003912376337573188,6.359781950333132e-06,0.00015461336563698768,0.00010973147587320817,2023-01-28 11:09:28.597000+00:00,0.006915000000000001,0.093519,0.058787,0.033868,0.028832000000000003,0.025868000000000006,0.024515,0.019147000000000004,0.007105941704035874,0.09369254484304934,0.05903985426008968,0.03408520179372198,0.028962163677130046,0.02643245515695068,0.024646188340807174,0.01890313901345292,0.007357823541288109,0.09392481324449828,0.05929020795477488,0.034394629517464165,0.0292567131031698,0.02652043206137694,0.02471609125782354,0.01919941449626489
1.0,1.0,1.0,0.115,0.0014306312169341852,0.0024360000000000002,0.008549,0.012902,0.0,0.0,0.0,0.0,0.0,0.002888452914798206,0.007813733183856501,0.013268441704035875,0.0,0.0,0.0,0.0,0.0,0.003364142943670502,0.007388047647890168,0.013231415303856249,0.0,0.0,0.0,0.0,0.0,2023-02-02 11:09:31.301000+00:00,0.007036000000000001,0.090966,0.062751,0.032547,0.026385000000000002,0.023817,0.023247000000000004,0.016415000000000003,0.007513901345291481,0.09056827354260091,0.0629968609865471,0.03239366591928252,0.026709641255605383,0.02386603139013453,0.022653419282511217,0.0163125,0.00796648495861094,0.09032432868968303,0.06299933373712902,0.03248709872804361,0.027039410458308096,0.023925641025641025,0.022329355945891378,0.0164873006258833
1.0,1.0,1.0,0.088,0.005722524867736741,0.0035039999999999997,0.018815000000000002,0.020068000000000003,0.0027960000000000003,0.0,0.0,0.0,0.0,0.004114686098654709,0.018030605381165923,0.020391143497757853,0.0025916479820627804,3.508968609865471e-05,0.0,0.0,0.0,0.004606703008277811,0.017590046436503123,0.020363032505552187,0.002691096305269533,0.00013791641429436704,0.0,0.0,0.0,2023-02-02 11:09:27.600000+00:00,0.007402,0.090551,0.062751,0.032547,0.02647,0.023668,0.024078999999999996,0.016681,0.007689517937219731,0.09059159192825114,0.0630114349775785,0.03251760089686099,0.026851289237668163,0.02394142376681615,0.02299035874439462,0.016561491031390138,0.008051423379769836,0.09031425398748232,0.06302911366848374,0.03254211588935999,0.027140278619018778,0.024021380981223497,0.0225122350090854,0.016649687058348475
1.0,1.0,1.0,0.132,0.0028612624338683703,0.0033640000000000007,0.015609000000000001,0.022851000000000003,0.0015530000000000001,0.0,0.0,0.0,0.0,0.0032682174887892377,0.014597197309417043,0.022892544843049336,0.0017151905829596414,0.0,0.0,0.0,0.0,0.00334044013729053,0.014619765798505952,0.022952856854431655,0.0015372905309913184,0.0,0.0,0.0,0.0,2023-02-12 11:09:33.081000+00:00,0.008181,0.093179,0.068234,0.035502,0.030032000000000003,0.025534,0.024649,0.019749000000000003,0.008226961883408072,0.09265902466367713,0.06830269058295965,0.03565661434977579,0.02984915919282512,0.025664349775784755,0.024586659192825117,0.019330213004484308,0.008300969109630529,0.09268875429032909,0.06838909751665659,0.03552933575610741,0.029671815061578836,0.025851059963658385,0.024825479507369273,0.019087179487179484
1.0,1.0,1.0,0.10447757847533631,0.0028612624338683703,0.004564,0.024843,0.028534,0.006453,0.0028640000000000002,0.0,0.0,0.0,0.004600224215246637,0.023916591928251123,0.028500392376681612,0.006658183856502242,0.0025811098654708524,0.0,0.0,0.0,0.004623137492428831,0.023880920654149,0.028546032707450028,0.006464425600646071,0.0023323036543508972,6.339592166363819e-06,0.00011007470220068646,0.0,2023-02-12 11:09:29.369000+00:00,0.008164000000000001,0.093179,0.068234,0.035519,0.029998,0.025385,0.024532,0.019715000000000003,0.008225336322869956,0.09265902466367713,0.06830269058295965,0.035670908071748886,0.02982163677130045,0.02561939461883408,0.02452085201793722,0.019300448430493274,0.008290732889158086,0.09268875429032909,0.06838405007066427,0.035534484151019584,0.02965332121946295,0.025859257015949925,0.024818413082980013,0.01906844336765597
1.0,1.0,1.0,0.17,0.0,0.006311,0.011428000000000002,0.01773,0.005632000000000001,0.00303,0.0,0.0,0.0,0.005424271300448431,0.011149047085201794,0.017099607623318386,0.005223542600896862,0.0024748878923766815,4.192825112107624e-05,0.0,7.096412556053812e-05,0.005004946497072482,0.011100847970926708,0.017183161720169593,0.0050759337775085804,0.002109307490409853,8.302039168180899e-05,0.0,0.00020078740157480313,2023-02-17 11:09:31.142000+00:00,0.011745,0.096747,0.068698,0.041549,0.037364,0.035713,0.033151,0.0267,0.011014966367713007,0.09665269058295965,0.06837959641255606,0.04132107623318385,0.03699893497757849,0.03522780269058297,0.03316373318385651,0.027437500000000004,0.010729961639410458,0.0966413082980012,0.06846648495861092,0.04124799111649505,0.03676444579043004,0.03511554613365636,0.03292354128810822,0.027789440742984044
1.0,1.0,1.0,0.186,0.0,0.005510999999999999,0.012028,0.01693,0.0036490000000000003,0.001396,0.0,0.0,0.0,0.004614181614349775,0.011779652466367713,0.01629086322869955,0.003306446188340807,0.000852578475336323,0.0,0.0,0.0,0.0042374924288310105,0.011742398546335554,0.01636313345447204,0.0031687260246315357,0.0007050676357762971,0.0,0.0,0.0,2023-02-17 11:09:27.434000+00:00,0.011745,0.096747,0.068698,0.041549,0.03743,0.035696000000000006,0.033217,0.026751,0.011058015695067263,0.09665269058295965,0.06837959641255606,0.04132107623318385,0.03700011210762332,0.03519108744394619,0.03315885650224216,0.027523654708520185,0.010761235614778921,0.09664395315970117,0.06846283060771248,0.04124799111649505,0.036768867353119315,0.03511903896628306,0.03291621239652735,0.027851504138905706
0.0,0.0,0.0,0.392,1.0,0.0637,0.043066,0.042417,0.035987,0.040848999999999996,0.039392,0.035503999999999994,0.045991000000000004,0.06380476457399105,0.043403867713004494,0.04130056053811661,0.035773766816143505,0.041678923766816145,0.03648800448430494,0.037052130044843055,0.04297242152466369,0.06382778114274175,0.04409469008681606,0.04154136886735311,0.035964627498485766,0.0424610539067232,0.035610801534423586,0.037467332929537654,0.043035412881082175,2023-02-22 11:09:30.732000+00:00,0.07331700000000001,0.1445,0.11821700000000002,0.10098500000000002,0.099083,0.107479,0.107802,0.10955000000000001,0.07338839686098655,0.14464360986547087,0.11777230941704038,0.1008380605381166,0.0994721412556054,0.10590801569506728,0.10871961883408074,0.10761283632286996,0.07339327680193822,0.1448859479103573,0.11787201695941854,0.10093141530385627,0.09985921663638196,0.10544423581667674,0.10898029477084592,0.10767831617201698
0.0,0.0,0.0,0.14300000000000002,1.0,0.5483880000000001,1.294264,1.164426,1.11024,1.105471,1.06942,1.045145,1.021689,0.5456423766816144,1.2930438340807175,1.1622229820627805,1.1070622197309419,1.1027396300448429,1.0679503923766818,1.0469254484304933,1.0197502242152465,0.5422035937815466,1.2902053704825358,1.1599779931354735,1.1051496870583482,1.1016673733091051,1.0663465374520493,1.045357722592368,1.0182651928124369,2023-02-27 11:09:28.373000+00:00,0.49633900000000003,0.836832,0.771262,0.8415650000000001,0.8676240000000001,0.8822900000000001,0.898179,0.9072380000000001,0.4938345852017938,0.8363280269058297,0.7695645739910315,0.8391674887892377,0.8655278587443948,0.8811848094170405,0.8996347533632286,0.9056607623318387,0.4907619018776498,0.834843993539269,0.7681741368867352,0.8378004441752472,0.8647129618413084,0.8799426408237431,0.8983150010094891,0.9044504340803555
1.0,1.0,1.0,0.24020067264573997,0.0,0.000166,0.0,0.0,0.0,0.0,0.0,0.0,0.0,0.0002632286995515695,0.0,0.0,0.0,0.0,0.0,0.0,0.0,0.0005445790430042397,0.0,3.488893417566741e-05,0.0,0.0,0.0,0.0,0.0,2023-03-04 11:09:36.622000+00:00,0.008847,0.084896,0.059668000000000006,0.032132,0.028451,0.025283,0.023067999999999998,0.018633999999999998,0.008542713004484306,0.08486289237668164,0.059708912556053824,0.03215532511210763,0.02853178251121077,0.025492208520179374,0.02386362107623319,0.01924658071748879,0.008639309509388248,0.0848906521300222,0.05975636987684232,0.032165293761356746,0.028420856046840293,0.02562612558045629,0.02437320815667272,0.019496830203916814
1.0,1.0,1.0,0.121,0.0,0.005030000000000001,0.01956,0.020502,0.004215,0.0017509999999999997,0.0,0.0,0.0,0.004677410313901345,0.01940639013452915,0.020537668161434982,0.004203923766816144,0.0017059417040358742,0.0,2.4663677130044846e-05,0.0,0.004692368261659599,0.019412436906925092,0.020542802342014943,0.0042139309509388245,0.0015450635978195033,1.8170805572380375e-07,9.715324046032706e-05,4.724409448818897e-06,2023-03-04 11:09:32.910000+00:00,0.008664,0.084896,0.059668000000000006,0.03221500000000001,0.028417,0.025217,0.022902000000000002,0.018751000000000004,0.008435033632286995,0.08487146860986548,0.059711995515695074,0.03217415919282511,0.028494506726457404,0.02547724215246637,0.023844786995515697,0.019322197309417043,0.008546497072481321,0.08491280032303655,0.05977569150010093,0.032186472844740556,0.02840674338784574,0.025611487987078536,0.02434980819705229,0.01953924894003634
0.0,0.0,0.01655562285483545,0.159,0.9197556145262368,0.006239000000000001,0.007509,0.008883,0.003975,0.001358,0.000493,0.000255,0.000187,0.007188228699551569,0.00814243273542601,0.007890582959641257,0.004087724215246638,0.00249445067264574,0.0009742713004484305,0.0006409753363228701,0.0004383968609865471,0.007571956390066624,0.007783848172824549,0.0072566323440339175,0.0034850393700787408,0.0024272158287906315,0.0014374318594791034,0.0012022814455885321,0.0011569957601453662,2023-03-09 11:09:29.317000+00:00,0.010303000000000001,0.085079,0.055483,0.034818,0.029901,0.027397,0.025493000000000005,0.020674,0.011113284753363229,0.08546945067264575,0.05489400224215248,0.034829540358744394,0.030457118834080716,0.027734473094170407,0.02635184977578475,0.02124607623318386,0.011459378154653746,0.08525657177468202,0.05449822329901069,0.03439612356147789,0.030220109024833425,0.027995578437310716,0.026697779123763372,0.02198944074298405
0.0,0.0,0.013930950938824953,0.055,0.9313297015871591,0.008705000000000001,0.023077,0.0205,0.013139000000000001,0.011373000000000001,0.008784000000000002,0.008146,0.007459,0.00958693946188341,0.023601233183856506,0.01964181614349776,0.01310420403587444,0.012071356502242154,0.009298206278026909,0.009287163677130048,0.008180941704035875,0.009949888956188169,0.02324910155461336,0.019056188168786587,0.012533070866141733,0.011745750050474459,0.00955859075307894,0.009708923884514435,0.008986937209771857,2023-03-09 11:09:25.603000+00:00,0.010303000000000001,0.085079,0.055483,0.034818,0.029901,0.027330999999999998,0.025327000000000002,0.020608,0.011113284753363229,0.08546945067264575,0.05489119955156952,0.034829540358744394,0.03045156950672646,0.027765863228699558,0.02629792600896861,0.021307174887892376,0.011457985059559863,0.08525657177468202,0.054493074904098514,0.03439638602866949,0.03022513628104179,0.028005612759943472,0.026711003432263278,0.02205414900060569
0.0,0.0,0.01655562285483545,0.148,0.45375133946354124,0.018851,0.028606000000000003,0.026936,0.009817000000000001,0.008007,0.002521,0.004585,0.005947,0.01879534753363229,0.029143385650224223,0.027113677130044846,0.009782623318385652,0.006889573991031392,0.003011042600896861,0.004987612107623319,0.006018665919282512,0.019448798707853824,0.02901978598828993,0.027447486371895816,0.010150070664243893,0.007180254391278012,0.0038775287704421553,0.0057401776700989286,0.006692509590147384,2023-03-14 11:09:38.833000+00:00,0.022951,0.096387,0.06958500000000001,0.041416999999999995,0.037943000000000005,0.03547,0.035485,0.031998,0.02300140134529148,0.09673363228699552,0.06975319506726459,0.04139949551569507,0.03720913677130046,0.035853082959641264,0.03592897982062781,0.032132791479820635,0.023603836058954168,0.09671152836664647,0.07000579446799919,0.04169012719563899,0.037472541893801725,0.03658606904906117,0.03659785988289925,0.032732889158086004
0.0,0.0,0.0,0.088,0.5799217921601408,0.021068,0.039489,0.034836,0.0165,0.01579,0.011055,0.012385000000000002,0.012398000000000003,0.021120908071748882,0.04003621076233184,0.03508688340807175,0.016471468609865477,0.014714966367713005,0.011488901345291482,0.012788284753363232,0.012633464125560543,0.021761558651322427,0.0399768423177872,0.03542317787199677,0.016840238239450838,0.015082071471835249,0.012313527155259438,0.013585160508782551,0.013285685443165756,2023-03-14 11:09:35.113000+00:00,0.023051,0.096387,0.06958500000000001,0.041416999999999995,0.037842999999999995,0.035404000000000005,0.035568,0.031915,0.023045123318385652,0.09673363228699552,0.06975319506726459,0.04139977578475337,0.037120235426008966,0.03588934977578476,0.035937275784753364,0.03211328475336324,0.023636745406824148,0.09671152836664647,0.07000579446799919,0.0416963052695336,0.037426872602463156,0.03663434282253179,0.036606460730870184,0.03270993337371289
0.0,0.0,0.0,0.126,0.8207615446328891,0.21168199999999998,0.249431,0.231519,0.210044,0.20796300000000004,0.195848,0.18172200000000002,0.17516900000000002,0.20143878923766817,0.22520521300448434,0.2087044282511211,0.19121317264573995,0.1916117152466368,0.1867443946188341,0.17679355381165918,0.16949602017937224,0.18561952352109834,0.19277379366040778,0.18003022410660202,0.16838584696143746,0.1722924490207955,0.17172709469008682,0.1684090046436503,0.16598804764789016,2023-03-19 11:09:32.731000+00:00,0.19789200000000004,0.233822,0.204136,0.19360600000000003,0.191084,0.19109,0.184814,0.180245,0.1886006726457399,0.21858934977578479,0.18887303811659192,0.1790254484304933,0.1784943946188341,0.18367942825112107,0.1807206278026906,0.17534994394618839,0.17438350494649707,0.19835634968705834,0.16976781748435288,0.16148132444982835,0.16360910559257014,0.17157026044821316,0.17369034928326263,0.17233850191802944
0.0,0.0,0.0,0.094,0.9513697592612335,0.212748,0.24355300000000002,0.225741,0.205734,0.20959300000000003,0.194374,0.17879899999999999,0.17261400000000002,0.2024360426008969,0.22026530269058298,0.20378918161434978,0.18741423766816148,0.19326395739910318,0.18534725336322874,0.17415162556053812,0.16705067264573992,0.18679547748839082,0.18950141328487785,0.17634031899858674,0.16537922471229557,0.17419501312335953,0.17080777306682818,0.16616325459317577,0.16368370684433678,2023-03-19 11:09:29.014000+00:00,0.197992,0.233722,0.20421899999999998,0.19362300000000002,0.19133299999999998,0.191073,0.184731,0.18051100000000003,0.18863060538116594,0.218395067264574,0.18893402466367715,0.17906373318385654,0.17855930493273547,0.18356748878923768,0.18068514573991035,0.17544815022421523,0.17442035130224104,0.19817777104784975,0.1698178881485968,0.1615103775489602,0.1636202907328892,0.17147758933979407,0.17371942257217843,0.17237145164546736
1.0,0.95347533632287,0.7195639006662627,0.121,0.0,0.032211,0.021807999999999998,0.028817,0.019617,0.019606000000000005,0.022402000000000005,0.022625000000000003,0.025515000000000003,0.031702690582959644,0.023103531390134532,0.028554988789237668,0.01955431614349776,0.020095964125560542,0.021793665919282515,0.023133800448430497,0.025258127802690586,0.03139895013123359,0.02308172824550777,0.0279594791035736,0.01964599232788209,0.020259882899252978,0.0213300020189784,0.022979224712295576,0.025220896426408238,2023-03-29 11:09:32.120000+00:00,0.033745,0.08813800000000001,0.0668,0.044317,0.042238000000000005,0.046568,0.04594000000000001,0.044614999999999995,0.03343340807174889,0.08894747757847535,0.06662197309417042,0.04430313901345292,0.042673878923766825,0.04609966367713006,0.0464508408071749,0.04450695067264575,0.03321655562285484,0.08896353725015141,0.06625338178881485,0.044410781344639605,0.042827700383605886,0.04573745204926306,0.04635891378962244,0.04449806178073894
1.0,0.7146860986547084,0.616596002422774,0.132,0.0,0.031728,0.023808000000000003,0.029234,0.018934,0.018974,0.021318999999999998,0.020825000000000003,0.023534000000000003,0.03132483183856502,0.025029147982062787,0.028958127802690584,0.0189417600896861,0.0196112668161435,0.020635201793721976,0.0214932735426009,0.023733744394618835,0.031043387845750045,0.024980113062790233,0.028379386230567336,0.019033494851605087,0.01971164950535029,0.020105612759943468,0.021379588128407026,0.023623662426812027,2023-03-29 11:09:28.406000+00:00,0.033745,0.08813800000000001,0.0668,0.0443,0.042172,0.046685000000000004,0.046023,0.044549,0.03343553811659193,0.08894747757847535,0.06662197309417042,0.04429932735426009,0.042708408071748895,0.04615313901345293,0.04650285874439463,0.04456272421524664,0.03321433474661822,0.08896327478295979,0.06625338178881485,0.044410781344639605,0.042835978195033306,0.04577207752877044,0.04638037552998182,0.04450165556228549
1.0,1.0,1.0,0.126,0.0,0.006432,0.009047000000000001,0.009085,0.0,0.0,0.0,0.0,0.0,0.00608127802690583,0.008424887892376684,0.009528979820627805,0.0,0.0,0.0,0.0,0.0,0.005959418534221683,0.00859880880274581,0.009743145568342416,3.648293963254592e-05,0.0,0.0,0.0,0.0,2023-04-03 11:09:37.877000+00:00,0.010332,0.07508100000000001,0.051551,0.0274,0.0235,0.022266,0.0225,0.016866,0.009987500000000003,0.07464983183856504,0.05184114349775785,0.027414798206278027,0.023606558295964128,0.0223420403587444,0.02216356502242153,0.01718609865470852,0.009893256612154247,0.07477922471229556,0.05199170199878861,0.027390308903694722,0.023861457702402583,0.0227015142337977,0.02205497678174843,0.01755590551181102
1.0,1.0,1.0,0.083,0.0,0.008,0.017947,0.016367999999999997,0.004517,0.0027,0.0006,0.0028829999999999997,0.00044899999999999996,0.007666872197309419,0.01730145739910314,0.016745067264573994,0.004607735426008969,0.002796468609865471,0.0007274663677130045,0.0024542040358744395,0.0007928811659192827,0.007538764385221079,0.017452109832424796,0.01692354128810821,0.004564667878053704,0.0030903290934786993,0.0012326266908944071,0.0023643246517262265,0.0012755299818291942,2023-04-03 11:09:34.158000+00:00,0.010532,0.07508100000000001,0.051551,0.027317000000000004,0.0235,0.022366000000000004,0.0226,0.016749,0.010117656950672647,0.07464517937219732,0.051841479820627805,0.0274142937219731,0.02362892376681614,0.02238419282511211,0.022165975336322873,0.01705986547085202,0.009993317181506155,0.07476690894407428,0.051999878861296187,0.027390308903694722,0.02385951948314153,0.02273450434080355,0.022059681001413284,0.017503472642842716
0.0,0.0,0.0,0.132,0.353640816189135,0.019965999999999998,0.010004,0.019183,0.012629999999999999,0.014092,0.00883,0.01096,0.011898,0.020137500000000003,0.010672645739910317,0.018935986547085202,0.012124663677130047,0.013498374439461886,0.008689013452914798,0.010463060538116594,0.011948822869955158,0.02039460932768019,0.010860852008883504,0.018971411265899456,0.01175540076721179,0.01304225721784777,0.008963739147991116,0.010208580658186956,0.01155390672319806,2023-04-08 11:09:34.620000+00:00,0.023149,0.079136,0.059383000000000005,0.038947,0.038477000000000004,0.036447,0.036962,0.033514999999999996,0.023267488789237668,0.07960308295964126,0.05922757847533633,0.03853822869955158,0.038037612107623325,0.03635235426008969,0.03670409192825112,0.03360201793721974,0.023493317181506157,0.07975035332121945,0.05928516050878255,0.03827015949929336,0.037703674540682415,0.036578457500504744,0.036564809206541496,0.033319785988289934
0.0,0.0,0.0,0.11,0.3579327098399375,0.020583,0.015787000000000002,0.022983,0.015130000000000001,0.017391999999999998,0.012313000000000003,0.013911000000000001,0.014315,0.02079265695067265,0.016430661434977577,0.022725280269058297,0.014603755605381168,0.016639517937219732,0.012179540358744396,0.0135322869955157,0.01441188340807175,0.02106087219866747,0.01660944881889763,0.02276297193620028,0.014247869977791235,0.01613107207752877,0.012356026650514839,0.013389158086008475,0.01405861094286291,2023-04-08 11:09:30.892000+00:00,0.023149,0.079136,0.059383000000000005,0.038947,0.038577,0.036547,0.037045,0.033514999999999996,0.02326816143497758,0.07960308295964126,0.05922757847533633,0.038524831838565025,0.03806519058295964,0.03642589686098655,0.03673991031390134,0.03363082959641256,0.023502160306884717,0.07975035332121945,0.05928655360387643,0.038265011104381186,0.03770020189783969,0.036593862305673325,0.03662543912780133,0.0333778316172017
0.0,0.0,0.0,0.186,1.0,0.639738,0.984704,0.922946,0.899562,0.904864,0.8769030000000001,0.846424,0.82235,0.6404807735426009,0.9965528026905831,0.9240967488789239,0.8830818385650225,0.8970709080717489,0.8687077914798208,0.8499469730941704,0.8259932174887894,0.6429671512214818,0.9934920654148998,0.9199874419543709,0.8800604078336361,0.8967178073894609,0.8710791843327275,0.8544947910357359,0.8334155663234403,2023-04-13 11:09:35.121000+00:00,0.579821,0.655439,0.6353540000000001,0.697048,0.7083149999999999,0.727956,0.731663,0.742531,0.5804491591928252,0.6624806614349776,0.6361185538116594,0.6850111547085203,0.7026207959641256,0.7215775224215246,0.7344787556053812,0.7456073991031391,0.5826433070866142,0.6606637189582071,0.6336312739753683,0.6827934786997779,0.7023804562891175,0.7234702402584291,0.7382001413284877,0.7519808398950129
0.0,0.0,0.0,0.066,1.0,0.628255,0.84753,0.814116,0.8139700000000001,0.8332300000000001,0.815271,0.7904519999999999,0.7747820000000001,0.628822701793722,0.8574967488789238,0.8151184977578477,0.7992155829596413,0.8262321748878925,0.8077869394618834,0.7936288116591931,0.7781686659192827,0.6311251766606097,0.8549054310518875,0.8117892186553604,0.7965521905915605,0.8259078336361801,0.8100033716939229,0.7977038764385219,0.785050676357763,2023-04-13 11:09:31.410000+00:00,0.579855,0.655505,0.6353710000000001,0.697048,0.708298,0.727973,0.73168,0.742431,0.5804457399103139,0.6624803811659193,0.6361058856502243,0.6850244394618834,0.7026184977578477,0.7215927130044845,0.7345218049327356,0.7456069506726458,0.5825822531798911,0.6606762164344842,0.6336259640621843,0.6828037956793862,0.7023581869573994,0.7235126388047646,0.7382206945285683,0.7519979608318188
1.0,1.0,1.0,0.11,0.0,0.009243999999999999,0.007173999999999999,0.011121,0.009187,0.015067999999999998,0.006832,0.0073490000000000005,0.005221,0.010472085201793723,0.00782152466367713,0.011585650224215246,0.009055997757847534,0.014867993273542601,0.006365582959641256,0.00691065022421525,0.005488733183856503,0.010903230365435088,0.00832226933171815,0.012118211185140315,0.00955711689884918,0.015312941651524328,0.006735130224106601,0.0076645063597819505,0.0063320008075913575,2023-04-18 11:09:33.592000+00:00,0.012393000000000001,0.07355500000000001,0.051236000000000004,0.033536,0.036551,0.031232000000000003,0.030266000000000005,0.024387,0.013508295964125559,0.07399147982062781,0.051580997757847545,0.03346300448430494,0.03640913677130045,0.030891928251121078,0.02987662556053812,0.02461715246636771,0.01388584696143751,0.07432570159499291,0.05198956188168786,0.033877387441954364,0.03676339592166363,0.031198526145770233,0.030541086210377547,0.025376519281243685
1.0,1.0,1.0,0.137,0.0,0.007861,0.005408,0.008421000000000001,0.006287000000000001,0.012083,0.002066,0.002068,0.000721,0.009144506726457401,0.006085313901345292,0.008951681614349777,0.006150616591928254,0.011689237668161436,0.001707791479820628,0.0018875560538116594,0.0009201793721973095,0.009523823945083786,0.00661877649909146,0.009514072279426607,0.006655299818291944,0.012146840298808801,0.0021787805370482535,0.0027095901473854224,0.001784110640016152,2023-04-18 11:09:29.867000+00:00,0.012376000000000002,0.073538,0.051236000000000004,0.033536,0.036517,0.031249,0.030217000000000004,0.024653,0.01352023542600897,0.07397718609865472,0.051580997757847545,0.03346300448430494,0.036350504484304935,0.030893329596412555,0.029983127802690582,0.024708183856502246,0.013858186957399548,0.07432194629517462,0.05198974358974358,0.033873733091055916,0.03671098324247931,0.031233696749444782,0.030620310922673123,0.025450918635170603
1.0,1.0,0.9351907934585101,0.055,0.026985631974327177,0.025064000000000003,0.036387,0.03750200000000001,0.026732,0.026417,0.022562000000000002,0.023008,0.022944999999999997,0.024585201793721978,0.0357615470852018,0.036801849775784753,0.026122421524663677,0.02660616591928252,0.02217040358744395,0.023088452914798205,0.022051905829596416,0.02432735715727842,0.03513365636987684,0.03611968503937008,0.025727619624470014,0.02672574197456087,0.021780637997173422,0.022919543710882284,0.021694710276600037,2023-04-23 11:09:36.587000+00:00,0.025547,0.089302,0.06785100000000001,0.045448999999999996,0.042283,0.040613,0.040323000000000005,0.037062,0.025094674887892375,0.08882757847533634,0.06734932735426011,0.04498609865470853,0.04243660313901346,0.04031530269058297,0.04034114349775785,0.036264517937219735,0.024904764789016758,0.08842731677771049,0.06690264486169994,0.04469238845144356,0.04261752473248537,0.040022188572582267,0.04022388451443569,0.035925903492832624
1.0,1.0,0.9351907934585101,0.14300000000000002,0.02984689440819555,0.02213,0.030587,0.030702,0.019615,0.018117,0.010996000000000002,0.010541999999999998,0.011162,0.02155089686098655,0.02985515695067265,0.029887948430493277,0.018928979820627807,0.018462163677130047,0.010503139013452917,0.01070913677130045,0.01034321748878924,0.021267494447809402,0.02917542903290934,0.029171936200282658,0.01851185140318998,0.0185259842519685,0.010016353725015142,0.010452735715727841,0.009897718554411466,2023-04-23 11:09:32.868000+00:00,0.025630000000000003,0.089302,0.06785100000000001,0.04553200000000001,0.042283,0.04063,0.040240000000000005,0.036962,0.025137668161434975,0.08882757847533634,0.06733593049327355,0.045000392376681624,0.0424469730941704,0.04034293721973095,0.04037242152466368,0.036304876681614355,0.0249264486169998,0.08842731677771049,0.06689485160508779,0.04469753684635574,0.04261017565112053,0.040047122955784366,0.04023438320209973,0.03595019180294771
0.0,0.0,0.0,0.22999663677130044,1.0,0.09633200000000001,0.078118,0.083473,0.07305400000000001,0.078662,0.07761900000000001,0.077851,0.07966599999999999,0.09513598654708519,0.07505779147982064,0.08009501121076233,0.0695816143497758,0.07558951793721973,0.07385577354260091,0.07533396860986546,0.0773484865470852,0.09390438118312132,0.07166838279830405,0.07661082172420751,0.06619913183928929,0.0715292549969715,0.07113240460327074,0.07275681405208963,0.07497589339794064,2023-05-03 11:09:37.009000+00:00,0.095432,0.125358,0.10999400000000001,0.09402400000000001,0.096747,0.10698500000000001,0.11083400000000002,0.11094899999999999,0.09436221973094172,0.1236144618834081,0.10795913677130047,0.09153026905829598,0.09463587443946189,0.10422012331838566,0.10886003363228701,0.10895622197309418,0.09328386836260852,0.1217125580456289,0.10585009085402783,0.08910440137290529,0.09177708459519485,0.10219093478699776,0.10685746012517662,0.10696406218453461
0.0,0.0,0.0,0.099,1.0,0.099498,0.08575400000000001,0.089975,0.07943900000000001,0.08703,0.092768,0.0943,0.094715,0.0981834080717489,0.08321614349775787,0.08717415919282512,0.0763553811659193,0.08454080717488792,0.08934826233183857,0.09198066143497759,0.0923971412556054,0.09696107409650717,0.08042283464566928,0.08422675146375933,0.0733783565515849,0.0809623056733293,0.0868943872400565,0.0896042802342015,0.09014778921865535,2023-05-03 11:09:33.290000+00:00,0.095432,0.125358,0.10999400000000001,0.09402400000000001,0.096664,0.10698500000000001,0.11083400000000002,0.111132,0.09435947309417043,0.1236144618834081,0.10795913677130047,0.09153492152466369,0.0946184417040359,0.10424786995515696,0.10890639013452916,0.10904187219730942,0.09326264889965677,0.1217125580456289,0.10584881889763777,0.08910936805976173,0.0917663840096911,0.10220335150413891,0.10691166969513421,0.10698998586715121
0.0,0.0,0.0,0.148,1.0,0.21770300000000004,0.276639,0.26369000000000004,0.249305,0.267114,0.279769,0.287264,0.292688,0.2211218609865471,0.27630857623318394,0.2655586883408072,0.25258520179372196,0.2705838565022422,0.28235358744394623,0.29122219730941706,0.2966485986547086,0.22581982636785783,0.2790301231576821,0.26845691500100954,0.2559393902685241,0.27503563496870587,0.2866818695739955,0.29591607106803947,0.3013495255400766,2023-05-13 11:09:37.763000+00:00,0.203801,0.252014,0.23059900000000003,0.22865000000000002,0.238544,0.265582,0.282026,0.294969,0.20688267937219737,0.2518242152466368,0.23185504484304933,0.23116928251121074,0.24119142376681618,0.26767713004484306,0.2854059417040359,0.29848150224215253,0.2111278013325257,0.25354080355340197,0.23383961235614778,0.23376985665253378,0.24459943468604886,0.2711857056329497,0.28938023420149406,0.3026654956591965
0.0,0.0,0.0,0.148,1.0,0.21940300000000001,0.279505,0.26515600000000006,0.249688,0.26953099999999997,0.284252,0.29114700000000004,0.29578800000000005,0.22283699551569514,0.27928772421524667,0.26694164798206277,0.2529884529147982,0.2731132286995516,0.28685476457399106,0.2950585762331839,0.29974988789237667,0.22752812436906927,0.28194980819705223,0.26985229154048046,0.2562838481728245,0.2775357157278417,0.29113870381586915,0.2997116091257824,0.3043915202907329,2023-05-13 11:09:34.046000+00:00,0.203801,0.252014,0.23059900000000003,0.22865000000000002,0.23846099999999998,0.265582,0.282026,0.294886,0.20689781390134535,0.2518299887892377,0.23185504484304933,0.2311588004484305,0.24119091928251124,0.26769517937219733,0.2854059417040359,0.2984669282511211,0.2111305875227134,0.2535530385624873,0.23383313143549367,0.2337610539067232,0.2445994346860488,0.2711962648899656,0.2893851201292146,0.30265172622652936
1.0,0.95347533632287,0.7173430244296385,0.219,0.16901645506415391,0.046942,0.068153,0.08275800000000001,0.053130000000000004,0.04740200000000001,0.033336000000000005,0.031697,0.034329000000000005,0.04652959641255606,0.06700156950672648,0.08066586322869958,0.05114596412556053,0.04657589686098656,0.03274680493273543,0.03246210762331839,0.033397982062780274,0.04678715929739551,0.06638810821724206,0.08088978396931151,0.05102057338986472,0.04578750252372299,0.03310458308096102,0.03314231778719968,0.03364639612356146,2023-05-18 11:09:36.379000+00:00,0.051295,0.11899900000000002,0.106457,0.07704000000000001,0.073361,0.06991,0.069501,0.067299,0.05098906950672646,0.11837645739910316,0.10519030269058298,0.07565661434977579,0.0728039798206278,0.0694160874439462,0.07000241031390136,0.06657567264573991,0.05126602059357964,0.11810799515445183,0.10538649303452449,0.07563965273571573,0.07226543508984452,0.06972717544922268,0.07053303048657378,0.06682008883504947
1.0,0.7146860986547084,0.6143751261861498,0.219,0.2577660833805535,0.046493,0.066336,0.079758,0.049513,0.044886999999999996,0.031572,0.030282,0.032597,0.04603884529147982,0.06515566143497759,0.07768082959641257,0.04749495515695068,0.044052690582959644,0.031079540358744398,0.03088890134529148,0.03182343049327354,0.046270260448213196,0.06456969513426206,0.07786628306077124,0.04735812638804765,0.04321086210377548,0.031520896426408235,0.03158419139915203,0.03205808600847971,2023-05-18 11:09:32.658000+00:00,0.051394999999999996,0.11899900000000002,0.106457,0.07704000000000001,0.073361,0.069695,0.069435,0.06713300000000001,0.051035762331838576,0.11837645739910316,0.10519030269058298,0.07565695067264575,0.07283480941704036,0.06937214125560538,0.06997382286995515,0.06655420403587445,0.05127561074096506,0.1181046638400969,0.10538649303452449,0.07564714314556834,0.07230702604482131,0.06970484554815262,0.07050262467191598,0.06679733494851606
0.0,0.0,0.01655562285483545,0.2021513452914799,0.9111325549951472,0.021885,0.055470000000000005,0.04594499999999999,0.028866,0.02783,0.023777,0.022168000000000004,0.019417,0.022375560538116596,0.055848038116591954,0.04565633408071749,0.02968088565022422,0.027955325112107625,0.023539181614349782,0.023897533632287,0.021313060538116588,0.024467857863920854,0.056158732081566735,0.046280738946093275,0.03048168786593983,0.029179567938623054,0.025235695538057743,0.02701481930143347,0.02515021199273168,2023-05-23 11:09:39.462000+00:00,0.026768,0.113085,0.084113,0.05846600000000001,0.054747000000000004,0.056611,0.0561,0.0501,0.027263116591928257,0.11333441704035878,0.08393811659192828,0.05909215246636772,0.05480846412556055,0.05638671524663677,0.05740616591928251,0.051684753363228704,0.029145507773066816,0.11357528770442157,0.08437393498889559,0.059715889359983836,0.055708318190995344,0.05774472037149202,0.059950757116898845,0.05501657581263881
0.0,0.0,0.0,0.33204652466367723,1.0,0.185528,0.20423600000000003,0.19371700000000003,0.18058000000000002,0.20296100000000003,0.218782,0.22407299999999997,0.230657,0.18466104260089686,0.20393593049327358,0.1950605941704036,0.17851070627802693,0.20170622197309418,0.21618189461883408,0.2226223094170404,0.23212696188340806,0.1845209569957601,0.2036490611750454,0.19510496668685642,0.17827225923682619,0.20208679588128406,0.21582814455885313,0.2222300222087623,0.2317154855643045,2023-05-28 11:09:34.507000+00:00,0.173562,0.19278500000000004,0.17581700000000003,0.17195400000000002,0.182203,0.211988,0.22822599999999998,0.239155,0.1728063340807175,0.1926394058295965,0.1765223094170404,0.17065863228699552,0.1814372197309417,0.21025028026905834,0.22722208520179374,0.2402053811659193,0.17268193014334743,0.19249741570765197,0.17655824752675142,0.170517120936806,0.1816915001009489,0.21002010902483342,0.22692652937613564,0.23990698566525342
0.0,0.0,0.0,0.1539966367713005,0.8063822983230757,0.607797,0.8031420000000001,0.7860940000000001,0.804586,0.872905,0.8809250000000001,0.891026,0.8824369999999999,0.6097390695067264,0.8094207959641256,0.8017253923766816,0.8180687780269059,0.8812001121076234,0.8775120515695067,0.8844556053811661,0.876805100896861,0.6138580658186956,0.8121244902079544,0.8111088431253786,0.8298205532000805,0.8915296991722188,0.8836515647082575,0.887023036543509,0.8765607914395315,2023-06-02 11:09:38.354000+00:00,0.550212,0.587952,0.587447,0.659931,0.6799160000000001,0.73628,0.7853769999999999,0.8174009999999999,0.5519280829596414,0.5919641816143498,0.5984223654708521,0.6707127802690583,0.6861190022421526,0.7335938340807175,0.7798312219730943,0.812320067264574,0.5556081364829396,0.5936460730870179,0.6049451443569552,0.679855764183323,0.6937938219261052,0.7384785382596405,0.7819752675146375,0.8120804562891176
0.0,0.0,0.0,0.278,0.8866996179373102,0.625814,0.95564,0.9056940000000001,0.9002880000000001,0.969862,0.971455,0.9741090000000001,0.9550879999999999,0.6279034753363228,0.9634075112107625,0.9244993273542601,0.916447533632287,0.9800256726457403,0.9676089686098654,0.9668445627802692,0.9487247197309419,0.6322593377750857,0.9668211992731679,0.9357589541691901,0.9301190187764992,0.9921040379567936,0.974612477286493,0.969730405814658,0.948444013729053,2023-06-02 11:09:34.641000+00:00,0.550095,0.587852,0.5874300000000001,0.659831,0.679401,0.73618,0.7851279999999999,0.8173670000000001,0.5518198430493275,0.5919014573991033,0.5983090246636773,0.6705854260089686,0.6859056053811661,0.7335122197309418,0.7797314461883409,0.8122842488789239,0.5555378962245103,0.5936721986674743,0.6048401978598829,0.6797258227336967,0.6937424389259031,0.7384242075509792,0.7819458913789622,0.8120485766202299
0.0,0.0,0.0,0.311,1.0,0.16502399999999998,0.129781,0.147092,0.140955,0.147338,0.127335,0.122725,0.145221,0.16397051569506732,0.12641681614349778,0.14626877802690585,0.1373369394618834,0.14368262331838566,0.13152769058295966,0.1335578475336323,0.1549217488789238,0.16101580860084796,0.12181251766606095,0.14172895215021195,0.1289509792045225,0.13608806783767413,0.1301983444377145,0.13935217040177672,0.1552784171209368,2023-06-12 11:09:39.599000+00:00,0.15459900000000001,0.15166600000000002,0.146127,0.140292,0.140495,0.144458,0.14891300000000002,0.168244,0.1537089686098655,0.14999955156950676,0.14563385650224214,0.13794394618834083,0.13818155829596412,0.14732522421524663,0.15677315022421526,0.17581816143497758,0.1511964465980214,0.14772846759539673,0.1431453058752272,0.13244627498485764,0.13338178881485965,0.14642420755097918,0.16101863517060366,0.1760866343630123
0.0,0.0,0.0,0.192,1.0,0.16475599999999999,0.121744,0.13769800000000001,0.13248300000000002,0.144981,0.136461,0.133753,0.153257,0.16393228699551568,0.11902012331838567,0.13690723094170407,0.1292103139013453,0.14173525784753366,0.1402213004484305,0.1433717488789238,0.1620939461883408,0.16109452856854428,0.11519170199878859,0.1330514233797698,0.12182208762366241,0.1349243892590349,0.13900040379567935,0.14858875429032908,0.16243557439935397,2023-06-12 11:09:35.880000+00:00,0.154516,0.151683,0.146127,0.140292,0.140495,0.144475,0.14907900000000002,0.168244,0.1537112668161435,0.15000891255605384,0.14563385650224214,0.13793570627802693,0.13818195067264577,0.14733436098654706,0.15677376681614352,0.17581378923766816,0.1512036745406824,0.14772249141934177,0.14313997577225926,0.13244161114476072,0.13338388855239247,0.14643666464768826,0.16098784575005048,0.17609985867151223
1.0,0.95347533632287,0.7740763173834039,0.251,0.0,0.011986,0.033381,0.072551,0.021364,0.027475000000000003,0.0031390000000000003,0.0028280000000000002,0.001328,0.01856406950672646,0.03933548206278028,0.07981563901345294,0.029418329596412555,0.035986154708520186,0.01090790358744395,0.010627354260089686,0.008929540358744395,0.02333832020997375,0.04513099131839289,0.08599008681607107,0.03612222895215021,0.04229246921057944,0.01739582071471835,0.01749022814455885,0.015118978396931155,2023-06-17 11:09:38.736000+00:00,0.020071,0.10041500000000002,0.10071700000000001,0.053615,0.055628,0.045492000000000005,0.04569600000000001,0.039401,0.025864966367713006,0.10363862107623319,0.10505980941704036,0.05928542600896862,0.06140980941704037,0.051151513452914806,0.05177488789237669,0.04528054932735427,0.030034161114476075,0.1068266505148395,0.10881845346254794,0.06400539067231979,0.0656366444579043,0.05587163335352311,0.056971996769634554,0.05053105188774481
1.0,0.8486547085201794,0.7225923682616595,0.186,0.0,0.014620000000000001,0.041681,0.076817,0.027881000000000003,0.035143,0.014273000000000003,0.01353,0.010333,0.02122931614349776,0.04702365470852019,0.08339237668161435,0.03536849775784754,0.043343049327354256,0.021569226457399112,0.02121468609865471,0.017440302690582964,0.02592988088027458,0.052232929537653947,0.08902521704017767,0.04158140520896427,0.04917112860892388,0.027655077730668276,0.027454350898445383,0.023488431253785583,2023-06-17 11:09:35.013000+00:00,0.019988,0.10041500000000002,0.10071700000000001,0.053615,0.055445,0.045492000000000005,0.04553,0.039218,0.025848262331838567,0.10363862107623319,0.10505952914798208,0.059290358744394624,0.061336154708520184,0.05113789237668162,0.0517732062780269,0.045276233183856505,0.03003414092469211,0.1068266505148395,0.10881366848374723,0.06401053906723196,0.0655913183928932,0.05588665455279628,0.056965980214011704,0.05051653543307085
0.0,0.679932735426009,0.5095901473854229,0.262,0.24727478778970283,0.21895,0.15562700000000002,0.19740800000000003,0.18851500000000002,0.23139700000000002,0.23919600000000002,0.250441,0.23281600000000002,0.18093318385650228,0.14832236547085204,0.17763783632287,0.14958772421524666,0.2049070627802691,0.19638727578475335,0.202835369955157,0.18546300448430494,0.1519452856854431,0.13915891378962247,0.16617072481324452,0.12810914597213807,0.18826755501716125,0.16625067635776303,0.16795661215424992,0.14902239047042193,2023-06-22 11:09:38.316000+00:00,0.198914,0.16469,0.174238,0.169076,0.191754,0.216764,0.23722600000000002,0.23126300000000002,0.16629075112107627,0.16089282511210765,0.1627196748878924,0.14244708520179372,0.17433873318385654,0.18630560538116592,0.2011786995515695,0.19289663677130048,0.14134013729053094,0.1560567332929537,0.15603852210781347,0.12775606703008274,0.16344151019584088,0.16483838077932564,0.17473020391681812,0.16335507773066824
0.0,0.4411434977578476,0.4066222491419341,0.148,0.20251005649590728,0.21684799999999999,0.14897000000000002,0.18582300000000002,0.17848499999999998,0.223482,0.235728,0.24627299999999996,0.230414,0.18007090807174891,0.14273329596412557,0.16884405829596416,0.1439798206278027,0.19951625560538117,0.19674792600896862,0.20312909192825118,0.1871408071748879,0.1519923076923077,0.13495053502927515,0.15899105592570154,0.1249791439531597,0.18439790026246716,0.16941938219261046,0.17158929941449624,0.15387336967494442,2023-06-22 11:09:34.606000+00:00,0.19898000000000005,0.16487300000000002,0.17413800000000001,0.169242,0.19182000000000002,0.216813,0.23705800000000002,0.23122900000000002,0.1663118273542601,0.16097427130044842,0.16269557174887894,0.14252634529147984,0.1743989349775785,0.18632399103139016,0.20101956278026908,0.19290980941704042,0.14135061578841096,0.15609030890369466,0.1560330304865738,0.12780159499293353,0.16346075105996363,0.16487229961639407,0.17464984857662022,0.163405915606703
1.0,0.95347533632287,0.7195639006662627,0.537,0.0,0.018112000000000003,0.032647,0.078985,0.037065,0.089816,0.045691,0.044213999999999996,0.021277,0.017421300448430495,0.030951905829596418,0.07924658071748879,0.03785919282511211,0.09415924887892378,0.04727399103139014,0.046173991031390145,0.02500241031390135,0.01818530183727034,0.03128885523924894,0.08070244296386027,0.03867532808398949,0.09988655360387644,0.05155418938017363,0.05003337371290128,0.02759808197052291,2023-06-27 11:09:38.292000+00:00,0.035176000000000006,0.117832,0.113817,0.08065699999999999,0.10704000000000001,0.10107000000000001,0.10515700000000001,0.08701600000000001,0.03470627802690584,0.1172946748878924,0.1139211883408072,0.08104977578475336,0.10915381165919284,0.10195616591928253,0.10631104260089685,0.08941748878923768,0.03534849586109429,0.11743393902685241,0.11454027861901876,0.08151166969513425,0.11205760145366445,0.10436771653543307,0.10866874621441551,0.091163819907127
1.0,0.7146860986547084,0.616596002422774,0.4994775784753363,0.0,0.019197000000000002,0.03833,0.081002,0.039914000000000005,0.09364800000000001,0.051308,0.04909500000000001,0.026209,0.01869164798206278,0.0367523542600897,0.08127970852017938,0.040600784753363234,0.09777421524663678,0.05301681614349776,0.050925616591928256,0.029894450672645744,0.01955136281041793,0.03704970724813244,0.08263410054512417,0.04139654754694125,0.10328473652331918,0.057158368665455275,0.05464817282455078,0.03238188976377953,2023-06-27 11:09:34.571000+00:00,0.035193,0.117832,0.113817,0.08065699999999999,0.10704000000000001,0.10107000000000001,0.10522300000000001,0.08701600000000001,0.034699887892376685,0.1172946748878924,0.1139211883408072,0.08104977578475336,0.10915891255605382,0.10198873318385651,0.1063246076233184,0.08943565022421528,0.03537546941247728,0.11743393902685241,0.11453609933373712,0.0815128205128205,0.11204873813850193,0.10441522309711287,0.10867219866747425,0.09116674742580255
1.0,0.95347533632287,0.7195639006662627,0.10447757847533631,0.0,0.028250000000000004,0.038128999999999996,0.08394800000000001,0.04038200000000001,0.159912,0.182343,0.17917300000000003,0.10960400000000002,0.026804484304932735,0.03985000000000001,0.08594669282511214,0.042062331838565024,0.15923850896860992,0.1785610986547085,0.1758147421524664,0.10688452914798208,0.023548738138501918,0.0365811831213406,0.08263850191802947,0.038532404603270745,0.1540234605289723,0.1675231576822128,0.16588269735513828,0.0994222895215021,2023-07-02 11:09:39.859000+00:00,0.029348000000000003,0.090425,0.103227,0.058412000000000006,0.146342,0.175094,0.17960700000000002,0.120636,0.028123934977578483,0.0916005605381166,0.10474730941704037,0.059786322869955166,0.14587354260089688,0.17216597533632289,0.1768706838565023,0.11817500000000002,0.025231960428023417,0.08942794266101353,0.10242206743387847,0.05695001009489199,0.14195933777508582,0.16327229961639406,0.16846983646274982,0.11148449424591154
1.0,0.7146860986547084,0.616596002422774,0.088,0.0,0.028482,0.041829,0.08563100000000001,0.041847999999999996,0.16097799999999998,0.18316000000000002,0.17963900000000002,0.110738,0.02721451793721974,0.043522197309417046,0.0875314461883408,0.04358419282511212,0.1602294282511211,0.1795610426008969,0.1762658632286996,0.10808906950672646,0.024121401171007473,0.040341368867353115,0.0842747223904704,0.040176822128003234,0.1549718958207147,0.16862755905511806,0.1665017565112053,0.10067552998182916,2023-07-02 11:09:36.144000+00:00,0.029031,0.090425,0.10332699999999999,0.058212,0.146425,0.17499400000000004,0.179773,0.120587,0.027925112107623322,0.09160521300448432,0.10477617713004485,0.05967040358744395,0.14587774663677133,0.1721685538116592,0.17692617713004488,0.1181840807174888,0.02513311124570967,0.08942917423783565,0.10243714920250353,0.05689576014536644,0.1419246719160105,0.16329428629113668,0.16848625075711687,0.11147094690086813
1.0,0.95347533632287,0.7195639006662627,0.224,0.0,0.039271,0.058176000000000005,0.072797,0.043286,0.03957,0.02724,0.033041,0.030128000000000002,0.04836659192825112,0.06924719730941704,0.08372169282511213,0.05487427130044843,0.053283239910313904,0.041382062780269055,0.04179383408071749,0.041185426008968615,0.05178225317989096,0.07173581667676156,0.08721580860084796,0.05934928326266908,0.05849353926912981,0.04615481526347667,0.04686900868160711,0.046516373914799104,2023-07-07 11:09:39.775000+00:00,0.042827000000000004,0.113176,0.099716,0.06704500000000001,0.061904,0.06161199999999999,0.067855,0.062146,0.05087085201793722,0.11947051569506724,0.10649355381165922,0.07541900224215248,0.0713623878923767,0.07205011210762334,0.07482488789237669,0.07144557174887893,0.053904138905713696,0.12093519079345848,0.10871944276196242,0.07869303452453057,0.07498322228952148,0.07567153240460324,0.07891847365233193,0.07594718352513627
1.0,0.7146860986547084,0.616596002422774,0.24,0.0,0.038422000000000005,0.057561,0.071365,0.040871,0.038325000000000005,0.025744,0.031109,0.027947,0.047786603139013464,0.06893077354260091,0.08245285874439462,0.05264882286995517,0.052592264573991035,0.04020168161434979,0.040105493273542604,0.03932421524663677,0.05128231374924288,0.07147048253583686,0.08600474459923278,0.057246012517666055,0.05806478901675751,0.0451298001211387,0.045266585907530785,0.04474958610942863,2023-07-07 11:09:36.054000+00:00,0.042744000000000004,0.113176,0.099716,0.06704500000000001,0.061838000000000004,0.06148,0.067855,0.062180000000000006,0.050886547085201794,0.11947281390134529,0.10649355381165922,0.07538318385650226,0.07131406950672647,0.07206362107623318,0.07488139013452916,0.0715088004484305,0.05392915404805169,0.12093856248738138,0.10871500100948918,0.07867871996769633,0.07497124974762769,0.07569594185342217,0.07896919038966284,0.0760028871391076
0.0,0.0,0.0,0.1539966367713005,1.0,0.219954,0.134115,0.15940200000000002,0.144022,0.16691,0.196782,0.21779300000000001,0.220564,0.22356485426008976,0.13984232062780272,0.16106087443946188,0.14710818385650226,0.17390751121076237,0.20025381165919287,0.21593486547085206,0.21705930493273548,0.22354197456087221,0.13891255804562888,0.1599764789016757,0.14625356349687058,0.17448540278619018,0.19854189380173634,0.2099624066222492,0.21197484352917423,2023-07-12 11:09:39.331000+00:00,0.203531,0.154574,0.155407,0.142076,0.153807,0.19165500000000005,0.217887,0.226507,0.2066395179372198,0.15814405829596415,0.15648604260089688,0.14442931614349777,0.15898531390134532,0.19446143497757848,0.21637001121076235,0.22343817264573998,0.2065901877649909,0.15755330102967896,0.15575832828588734,0.1437418938017363,0.1594303856248738,0.19311025641025636,0.21139523521098322,0.21892772057338988
1.0,0.95347533632287,0.7195639006662627,0.236002802690583,0.0,0.07165700000000001,0.07674500000000001,0.11473,0.081941,0.09811800000000001,0.073551,0.07701200000000001,0.072031,0.0664765134529148,0.06634187219730943,0.10498660313901345,0.06998167040358745,0.09121978699551572,0.06482656950672647,0.06827107623318386,0.06577578475336324,0.06140113062790226,0.05998019382192609,0.09901233595800525,0.06385332121946294,0.0849571168988492,0.05927223904704217,0.06156480920654148,0.05999228750252371,2023-07-17 11:09:39.101000+00:00,0.07138,0.12244200000000001,0.12557,0.095156,0.102427,0.09566,0.10206399999999999,0.096579,0.06689002242152467,0.11676485426008971,0.11977034753363229,0.0868107062780269,0.09779428251121079,0.08926059417040359,0.09527399103139014,0.09149854260089686,0.06253987482333938,0.11334058146577826,0.11625796486977585,0.08258263678578638,0.0936738744195437,0.08529107611548557,0.09015735917625681,0.08682858873410051
1.0,0.7146860986547084,0.616596002422774,0.278,0.0,0.070855,0.07678800000000001,0.11522400000000001,0.08036900000000001,0.09949500000000001,0.071045,0.073342,0.067595,0.06559119955156952,0.06568626681614351,0.10493088565022422,0.06786188340807175,0.09196177130044841,0.061743609865470866,0.06409932735426009,0.061080100896861,0.06042812436906923,0.058926812033111245,0.09860553200080757,0.06145820714718352,0.08528075913587722,0.05591548556430446,0.05716016555622854,0.05511992731677771,2023-07-17 11:09:35.382000+00:00,0.07128000000000001,0.12244200000000001,0.12567,0.095156,0.10251,0.095726,0.102247,0.09666200000000001,0.06682242152466368,0.11675902466367716,0.11981233183856502,0.08682410313901345,0.09783884529147983,0.0893085201793722,0.09534159192825115,0.09150016816143498,0.062483706844336746,0.11334562891177061,0.1162702402584292,0.08258778518069854,0.09367876034726427,0.08532521704017768,0.09017871996769633,0.0868297193620028
0.0,0.0,0.0,0.3590465246636772,1.0,0.12616000000000002,0.18584499999999998,0.19663999999999998,0.152772,0.181181,0.16534700000000002,0.162992,0.15309300000000003,0.12586603139013453,0.18489669282511215,0.19736395739910317,0.15472830717488792,0.18137937219730943,0.16501659192825113,0.1622266816143498,0.15309938340807178,0.12600026246719162,0.18419745608721985,0.19606133656369873,0.15639291338582675,0.18206824146981626,0.16493335352311725,0.16289876842317785,0.1526428023420149,2023-07-22 11:09:40.514000+00:00,0.12204500000000001,0.176981,0.169587,0.14507,0.16043200000000002,0.17261500000000002,0.18144500000000002,0.17807399999999998,0.12184489910313902,0.17653806053811663,0.16999192825112108,0.14628531390134533,0.16059977578475337,0.17242051569506728,0.1809140134529148,0.17814680493273544,0.12194310518877445,0.17623757318796687,0.169322996163941,0.1473227538865334,0.1610051080153442,0.17234439733494844,0.18135429032909345,0.17784855643044623
0.0,0.0,0.0,0.397,1.0,0.12412800000000002,0.181211,0.18874,0.142189,0.17581500000000003,0.162247,0.15926,0.14911000000000002,0.1239534753363229,0.1802767376681615,0.18941917040358747,0.14429114349775787,0.17620577354260095,0.16189119955156953,0.15851530269058298,0.1493619955156951,0.12408548354532606,0.17960407833636177,0.18800987280436096,0.14604076317383405,0.17689632545931758,0.16179218655360386,0.15919053099131836,0.1489611144760751,2023-07-22 11:09:36.797000+00:00,0.122062,0.176881,0.16967000000000002,0.14507,0.16043200000000002,0.17261500000000002,0.181379,0.17789100000000002,0.12185313901345292,0.17650667040358745,0.17000622197309423,0.14628531390134533,0.16059977578475337,0.17240672645739913,0.18088464125560538,0.17812315022421524,0.1219583282858873,0.17622267312739753,0.16933131435493634,0.1473227538865334,0.16100528972339995,0.17234342822531795,0.1813311730264486,0.1778201897839693
1.0,0.95347533632287,0.75307894205532,0.224,0.0,0.08966400000000001,0.105052,0.11633099999999999,0.100463,0.100092,0.085004,0.08606000000000001,0.08373599999999999,0.08285773542600901,0.09535751121076233,0.10743430493273544,0.09175207399103139,0.094082567264574,0.07941025784753364,0.07929927130044843,0.07708996636771301,0.074473026448617,0.08424219664849585,0.09667946698970321,0.0810089440742984,0.08280849989905106,0.06956157884110639,0.06867207752877044,0.06865356349687057,2023-07-27 11:09:39.636000+00:00,0.08665600000000001,0.13729699999999997,0.12489900000000001,0.10725600000000002,0.102779,0.102135,0.10728,0.104224,0.08078200672645741,0.13197690582959642,0.11954747757847534,0.10114803811659194,0.09881732062780271,0.09812735426008969,0.10199624439461885,0.09885874439461885,0.07349604280234198,0.1258452049263073,0.11305225116091254,0.09359997981021603,0.09120914597213808,0.09090878255602665,0.0936345245305875,0.09190201897839692
1.0,0.7146860986547084,0.6501110438118313,0.186,0.0,0.090581,0.107063,0.117427,0.101276,0.10342200000000001,0.089651,0.09035599999999999,0.08675100000000001,0.08386782511210764,0.09794433856502245,0.10896390134529149,0.09288447309417043,0.09745095291479822,0.08409730941704036,0.08363267937219732,0.08050728699551571,0.07555873208156672,0.0875077124974763,0.09875540076721175,0.08262218857258227,0.08647437916414293,0.07458576620230163,0.07331873611952353,0.07241233595800524,2023-07-27 11:09:35.915000+00:00,0.08659,0.137314,0.12489900000000001,0.10725600000000002,0.102862,0.102218,0.107363,0.104058,0.08079837443946189,0.13199119955156952,0.11953368834080717,0.10113733183856505,0.0988162556053812,0.09812247757847535,0.10201255605381168,0.09879086322869957,0.07352642842721582,0.12585035332121947,0.11305439127801331,0.09359483141530385,0.09119775893397938,0.09096454673934988,0.09366878659398344,0.0918753886533414
1.0,1.0,1.0,0.137,0.0,0.013127000000000002,0.021627,0.027218,0.012533,0.014292000000000001,0.004054,0.007235000000000001,0.00692,0.014101681614349777,0.02108279147982063,0.02884484304932736,0.01363284753363229,0.014991984304932737,0.006058015695067266,0.007670235426008969,0.0073470291479820656,0.015566969513426203,0.021415525943872395,0.0295809812235009,0.01466062992125984,0.015919563900666265,0.006861639410458308,0.00836040783363618,0.007988168786593983,2023-08-01 11:09:39.595000+00:00,0.016676,0.08214,0.064529,0.038263000000000005,0.036552,0.03145,0.033499,0.029484,0.01760016816143498,0.0818192264573991,0.06566860986547086,0.03917769058295965,0.03713906950672646,0.033037724215246644,0.033928139013452915,0.0299195067264574,0.018897395517867958,0.08205588532202705,0.06620767211790833,0.04000571370886331,0.03784625479507368,0.03363252574197456,0.034507571168988484,0.030526670704623463
1.0,1.0,1.0,0.121,0.0,0.013578000000000002,0.025810000000000003,0.030018,0.014516,0.016843,0.00672,0.009685999999999998,0.009052,0.014701233183856506,0.025260089686098657,0.031654708520179375,0.01554316143497758,0.017546020179372204,0.008785706278026908,0.010252410313901348,0.009336547085201794,0.016200585503735113,0.025583262669089436,0.03237528770442156,0.01656056935190793,0.018457641833232383,0.009567575206945287,0.010950555219059155,0.010007389460932766,2023-08-01 11:09:35.882000+00:00,0.01651,0.08214,0.064529,0.038346,0.036569000000000004,0.031398999999999996,0.033433,0.029649999999999996,0.0175237668161435,0.081829932735426,0.06566860986547086,0.0391947869955157,0.03712701793721974,0.03296659192825112,0.03392001121076233,0.02992090807174888,0.01886369876842317,0.08206521300222087,0.06621084191399151,0.04001601049868765,0.03781916010498687,0.033595235210983246,0.034521421360791435,0.030509913183928927
1.0,1.0,1.0,0.1539966367713005,0.0,0.015804000000000002,0.010146,0.02221,0.011629,0.016029,0.004576,0.00637,0.005663,0.015962892376681616,0.009649103139013454,0.02113828475336323,0.01241317264573991,0.016567544843049332,0.004771076233183857,0.006163060538116593,0.005841760089686099,0.016319422572178475,0.01014484151019584,0.02141911972541894,0.013119160104986876,0.017072077528770442,0.00520201897839693,0.0061505754088431236,0.006284332727639815,2023-08-06 11:09:39.338000+00:00,0.019787000000000003,0.077891,0.06204,0.038676,0.040808000000000004,0.034557000000000004,0.034953,0.029977999999999998,0.019974607623318392,0.077622533632287,0.06134030269058296,0.03930560538116592,0.041166816143497764,0.034594506726457405,0.034873262331838566,0.030227466367713007,0.02028847163335352,0.0779439531597012,0.061565717746820105,0.039855562285483544,0.04157129012719563,0.03478538259640622,0.03484318594791035,0.03063807793256612
1.0,1.0,1.0,0.11,0.0,0.017387,0.017911999999999997,0.027893000000000005,0.016178,0.021210000000000003,0.01101,0.012621000000000002,0.01098,0.017474719730941706,0.01743195067264574,0.026912331838565024,0.01687735426008969,0.021658688340807173,0.011137163677130048,0.012453923766816146,0.011317152466367714,0.01778267716535433,0.01789117706440541,0.027179790026246712,0.017528427215828788,0.02213072885120129,0.011341752473248534,0.012422733696749441,0.011782737734706237,2023-08-06 11:09:35.620000+00:00,0.019870000000000002,0.077891,0.06204,0.038676,0.040790999999999994,0.034557000000000004,0.035053,0.029878,0.01999265695067265,0.0776228139013453,0.06134030269058296,0.03930560538116592,0.04116143497757847,0.034600896860986545,0.03489635650224216,0.03019108744394619,0.02027185544114678,0.07795045427013933,0.061565717746820105,0.039855562285483544,0.0415634161114476,0.03479761760549162,0.034855077730668274,0.030617787199676966
1.0,1.0,1.0,0.224,0.0,0.01664,0.001719,0.018831999999999998,0.007432,0.010832000000000001,0.0,0.0024490000000000002,0.004047,0.016978082959641257,0.0020517937219730947,0.018728251121076237,0.007263004484304934,0.010428923766816145,7.27017937219731e-05,0.00170487668161435,0.0034410874439461886,0.017111366848374724,0.0022643246517262262,0.018985200888350498,0.007246678780537048,0.010263274782959821,0.000307066424389259,0.0016982636785786392,0.0031020997375328084,2023-08-16 11:09:40.292000+00:00,0.022672000000000005,0.080451,0.06604900000000001,0.041849000000000004,0.042549,0.038617000000000005,0.040698000000000005,0.037264000000000005,0.02299915919282511,0.08062752242152466,0.06598284753363229,0.04176053811659193,0.042346468609865476,0.03872438340807175,0.04011289237668162,0.03676692825112108,0.023137068443367655,0.08073947102766,0.06617185544114679,0.04176755501716132,0.04229036947304663,0.03911940238239449,0.040107571168988485,0.036532344033918834
1.0,1.0,1.0,0.24,0.0,0.015806,6.8e-05,0.016515000000000002,0.004449,0.008864,0.0,0.0,0.0,0.016088789237668166,0.00036233183856502246,0.01632584080717489,0.0042936659192825116,0.008085313901345294,0.0,0.0,1.048206278026906e-05,0.016165879265091863,0.0006658186957399553,0.016604522511609127,0.004274944478094084,0.007871492025035332,0.0,1.3325257419745606e-06,1.9907126993741163e-05,2023-08-16 11:09:36.571000+00:00,0.022772,0.080451,0.06604900000000001,0.041849000000000004,0.04291500000000001,0.0388,0.040548999999999995,0.037281,0.02308705156950673,0.08062258968609866,0.06598284753363229,0.04176053811659193,0.04249316143497758,0.03879489910313901,0.040112051569506736,0.03677550448430494,0.023203856248738133,0.08073414092469211,0.06617324853624067,0.041772420755097926,0.042389077326872596,0.039160831819099524,0.04014677972945689,0.03650545124167172
1.0,1.0,1.0,0.23500000000000001,0.0,0.02331,0.027866000000000002,0.03534,0.021087,0.018827999999999998,0.011137999999999999,0.011644,0.010218000000000001,0.022037668161434983,0.026043890134529152,0.035637051569506736,0.01984276905829597,0.01935291479820628,0.008972982062780271,0.010759473094170404,0.00969232062780269,0.019913830002018976,0.023085059559862713,0.03336509186351704,0.017004098526145765,0.017459681001413284,0.006241469816272965,0.00838982434887947,0.007223702806379972,2023-08-21 11:09:39.317000+00:00,0.028608,0.09466600000000001,0.07728700000000001,0.052702,0.048218,0.047502,0.048408,0.043614,0.027519506726457407,0.09365667040358745,0.07748637892376682,0.05182169282511212,0.04859316143497759,0.04595213004484305,0.047811883408071756,0.04321989910313901,0.025738098122350086,0.0920669695134262,0.07614918231374924,0.049861235614778926,0.047335433070866136,0.0439402584292348,0.04603704825358369,0.04112259236826165
1.0,0.8660313901345292,0.9485160508782556,0.186,0.0,0.025525000000000003,0.036083000000000004,0.041623,0.02627,0.026277000000000002,0.019951000000000003,0.019793000000000005,0.017116,0.02404585201793722,0.03439702914798206,0.04189966367713004,0.02507505605381166,0.026868273542600903,0.01765790358744395,0.01875919282511211,0.01638144618834081,0.02188524126791843,0.03164885927720574,0.03976349687058348,0.022383282858873407,0.025088289925297796,0.0148745406824147,0.016521502119927322,0.013874560872198667,2023-08-21 11:09:35.601000+00:00,0.028822999999999998,0.094583,0.07728700000000001,0.052702,0.048201,0.047717,0.048574,0.04378,0.027581614349775786,0.09364237668161436,0.07748637892376682,0.05182169282511212,0.04855156950672646,0.046038116591928246,0.047800448430493275,0.043203811659192834,0.025762648899656765,0.09206600040379567,0.07614811225519888,0.049861235614778926,0.04732426812033111,0.043962144155057545,0.04601782757924489,0.04109093478699777
0.0,0.0,0.0,0.246,1.0,0.059717,0.051249,0.062085,0.054247,0.060303999999999996,0.05226300000000001,0.05214400000000001,0.056932,0.05989618834080718,0.050997701793721976,0.06204758968609865,0.053525840807174895,0.06094815022421525,0.05283918161434979,0.053090807174887907,0.05709002242152467,0.05983426206339592,0.05182953765394711,0.06238950131233594,0.05308536240662225,0.06049220674338785,0.05259723399959619,0.053948798707853816,0.058714960629921265,2023-08-26 11:09:40.474000+00:00,0.062334,0.11426599999999999,0.097151,0.080098,0.081419,0.086476,0.090142,0.091766,0.06251776905829598,0.11409170403587446,0.09713789237668163,0.07963923766816144,0.08181799327354261,0.0868810538116592,0.09080588565022424,0.09186255605381166,0.062471431455683395,0.11454050070664243,0.0973316373914799,0.07932935594589137,0.08150102967898243,0.08668239450837874,0.09145037351100341,0.0931680193821926
1.0,1.0,1.0,0.17,0.0,0.005992,0.0,0.0021830000000000005,0.0,0.0,0.0,0.0,0.0,0.004980717488789238,0.0,0.002658183856502242,0.0,0.0,0.0,0.0,0.0,0.005261074096507167,0.00023934988895618818,0.003870361397133049,7.662023016353724e-05,0.00010327074500302844,0.0,0.0,0.0,2023-08-31 11:09:39.296000+00:00,0.011309000000000001,0.069785,0.0507,0.028682999999999997,0.027517,0.022515,0.022051,0.017066,0.01042673766816144,0.07042236547085202,0.051075336322869966,0.02839955156950673,0.02751451793721973,0.022632230941704037,0.02245128923766816,0.017651121076233185,0.010657258227336968,0.07109477084595195,0.05186949323642237,0.028794750656167975,0.027575348273773465,0.023041530385624877,0.02294338784575005,0.01840797496466788
1.0,1.0,1.0,0.11,0.0,0.008058000000000001,0.006236,0.0105,0.0023,0.003917,0.0,0.0,0.0,0.0070349775784753375,0.007193609865470853,0.010984192825112107,0.0018952354260089687,0.0038375560538116598,0.0,0.0,0.0,0.007269977791237635,0.008197375328083989,0.012105915606703009,0.002372339995962043,0.00387565112053301,4.708257621643448e-05,0.0002582273369674944,0.0001700787401574803,2023-08-31 11:09:35.577000+00:00,0.011425999999999999,0.069785,0.0507,0.028682999999999997,0.027517,0.022615,0.022067999999999997,0.017132,0.010455381165919283,0.07042236547085202,0.05106485426008969,0.02839955156950673,0.02746345291479821,0.022605269058295966,0.022448262331838564,0.01761821748878924,0.010656935190793458,0.07109477084595195,0.051864344841510195,0.028789703210175644,0.02752558045628912,0.023013163739147986,0.022922168382798296,0.018363173834039976
1.0,0.95347533632287,0.7195639006662627,0.3051513452914798,0.10459316775413338,0.072035,0.05463000000000001,0.066507,0.055394,0.05915000000000001,0.054499,0.05703300000000001,0.058823000000000014,0.07246591928251121,0.05507135650224216,0.06616339686098656,0.056505100896860984,0.059048654708520186,0.05484327354260091,0.058607230941704044,0.06090403587443947,0.07333450434080355,0.055165576418332335,0.06634891984655765,0.05656939228750254,0.05970922673127397,0.056075166565717746,0.059339430648092044,0.06326206339592165,2023-09-05 11:09:39.917000+00:00,0.073565,0.123648,0.106246,0.086018,0.08542700000000002,0.092644,0.097795,0.09653799999999998,0.07388413677130046,0.12385812780269059,0.10601446188340809,0.08671552690582962,0.08535128923766817,0.09278873318385653,0.09882343049327355,0.09813127802690583,0.07458112255198868,0.12388542297597417,0.10608784575005048,0.08673696749444779,0.08573949121744395,0.09355344235816676,0.09932897233999595,0.09993515041389056
1.0,0.7146860986547084,0.616596002422774,0.267615470852018,0.03313454104789529,0.073416,0.058628,0.069005,0.057726,0.06304799999999999,0.060480000000000006,0.06306300000000001,0.06457,0.07371603139013454,0.05904557174887895,0.0686483744394619,0.058744002242152475,0.0628230941704036,0.060613957399103136,0.06429988789237669,0.06636519058295967,0.07451853422168382,0.05914498283868363,0.06882049263072886,0.0588305269533616,0.06338118312134058,0.061727013930950925,0.06498705834847567,0.06856840298808801,2023-09-05 11:09:36.190000+00:00,0.073548,0.123648,0.106246,0.086018,0.08551,0.09254400000000002,0.09767800000000001,0.09670399999999998,0.07385554932735428,0.12385812780269059,0.10601446188340809,0.08671552690582962,0.08537937219730944,0.09274585201793722,0.09877998878923767,0.09819994394618836,0.07456361800928728,0.12388814859681004,0.10608784575005048,0.0867358974358974,0.08574795073692709,0.09353305067635775,0.09932041187159296,0.10000787401574802
0.0,0.0,0.0,0.257,1.0,0.161417,0.3198,0.285011,0.256815,0.28145000000000003,0.277713,0.276872,0.27149100000000004,0.1613724215246637,0.32109002242152473,0.2861540358744395,0.25988968609865476,0.2841021300448431,0.277723038116592,0.2747173766816144,0.26918144618834083,0.16174375126186147,0.32217674136886726,0.2874426812033112,0.2618093276801938,0.285596729254997,0.2777191399152028,0.2742810216030688,0.2678634161114476,2023-09-10 11:09:38.409000+00:00,0.149334,0.2543,0.22734700000000002,0.219549,0.224444,0.24364700000000003,0.258146,0.264629,0.14928542600896863,0.2549497757847534,0.22800437219730943,0.2216880605381166,0.22614344170403589,0.24357012331838565,0.256555100896861,0.26275000000000004,0.1495950736927115,0.25550436099333734,0.2287128608923884,0.22299862709469004,0.22710284675953962,0.24357795275590552,0.25623282858873403,0.2617006662628709
0.0,0.0,0.0,0.07200000000000001,1.0,0.161634,0.2716,0.249979,0.23173200000000002,0.26163100000000006,0.26577900000000004,0.26701,0.263861,0.161535033632287,0.27265896860986555,0.2509695627802691,0.23439747757847534,0.263947365470852,0.2656658071748879,0.26519910313901346,0.2619865470852018,0.16188673531193212,0.2735133454472036,0.2519827781142742,0.23602588330304866,0.26523299010700585,0.2656932566121542,0.26482598425196846,0.2608575610740964,2023-09-10 11:09:34.687000+00:00,0.149334,0.2543,0.22734700000000002,0.219549,0.224444,0.24371300000000004,0.258163,0.26444599999999996,0.14928077354260091,0.25493906950672646,0.22800437219730943,0.2216880605381166,0.22614344170403589,0.2435673206278027,0.2565644618834081,0.26270891255605383,0.14958992529779933,0.2555032101756511,0.2287078134463961,0.22299888956188163,0.22710284675953962,0.24357405612759944,0.25624694124772857,0.26167734706238643
1.0,1.0,1.0,0.159,0.0022665686731035716,0.005066000000000001,0.011564000000000001,0.020364000000000004,0.002366,0.00038500000000000003,0.0,0.0,0.0,0.005216591928251121,0.011402242152466368,0.020041704035874443,0.002216255605381166,0.00027399103139013454,0.0,0.0,0.0,0.005348536240662223,0.011606016555622854,0.01997581263880477,0.002211043811831213,0.0001923480718756309,0.0,0.0,0.0,2023-09-20 11:09:38.143000+00:00,0.009966000000000001,0.08111499999999999,0.062815,0.032966,0.029034,0.024697999999999998,0.023953000000000002,0.017836,0.010105269058295965,0.08107152466367715,0.06266687219730942,0.032862612107623326,0.02877113228699552,0.024411098654708526,0.0242127802690583,0.018389237668161435,0.010213244498283867,0.08120062588330304,0.06263747223904705,0.03285610740965071,0.02853450434080355,0.02431901877649909,0.024352392489400358,0.01873036543508984
1.0,1.0,1.0,0.115,0.0,0.006217,0.019564,0.026081,0.006949000000000001,0.0055980000000000005,0.0,0.0,0.0,0.00654248878923767,0.019380941704035873,0.02580605381165919,0.0067597533632287,0.004936715246636773,0.0,2.242152466367713e-06,0.0,0.006643609933373711,0.019554835453260647,0.025727861901877643,0.0067495053502927525,0.0046505955986270945,0.0,5.372501514233798e-05,0.0,2023-09-20 11:09:34.427000+00:00,0.009883000000000001,0.08111499999999999,0.062815,0.032966,0.029149,0.024947,0.023753,0.018053,0.010080493273542603,0.08107152466367715,0.06266687219730942,0.032862612107623326,0.028722029147982064,0.024492096412556057,0.024105325112107622,0.018538565022421526,0.01021259842519685,0.08120062588330304,0.06263747223904705,0.03285610740965071,0.02851225519886937,0.02434399353926913,0.024294326670704615,0.018807732687260246
1.0,1.0,1.0,0.094,0.0,0.006085,0.006536,0.021847000000000002,0.007683000000000001,0.010249000000000001,0.0,0.00044899999999999996,0.000996,0.006189910313901346,0.00656670403587444,0.021894170403587446,0.0076869394618834085,0.010229708520179372,5.605381165919283e-07,0.0006369955156950673,0.0005355381165919283,0.0063172824550777286,0.006717019987886128,0.0218455885322027,0.007937754896022609,0.009939067231980616,0.00015994346860488592,0.0007435291742378357,0.00043498889561881677,2023-09-25 11:09:36.713000+00:00,0.008868000000000001,0.075185,0.059781,0.032182999999999996,0.031515,0.022798,0.022749000000000002,0.01903,0.008973542600896861,0.07519983183856505,0.059807511210762346,0.032213845291479824,0.03142135650224216,0.02285341928251122,0.022717881165919284,0.01849159192825112,0.009081082172420752,0.07530625883303048,0.059780961033716926,0.03243240460327074,0.031209226731273975,0.023225519886937204,0.022828871391076106,0.018097153240460323
1.0,1.0,1.0,0.088,0.0,0.006134000000000001,0.010653000000000001,0.024180999999999998,0.008983,0.011466,8.3e-05,0.0018,0.0019790000000000003,0.006335201793721974,0.010714910313901349,0.024297533632286997,0.008967881165919282,0.011335257847533635,0.0003246636771300448,0.0016495515695067265,0.0014009529147982066,0.0064704219664849585,0.010861538461538462,0.02425566323440339,0.009210539067231977,0.011056167979002622,0.0006159701191197253,0.0017018574601251767,0.0010428023420149405,2023-09-25 11:09:32.991000+00:00,0.008834,0.075185,0.059798,0.032182999999999996,0.031449,0.022898,0.022883,0.019196,0.009007118834080721,0.07519955156950675,0.05982180493273544,0.03220044843049327,0.03136580717488789,0.022991816143497764,0.02280381165919283,0.018629708520179374,0.009114314556834239,0.07530147385422975,0.0597861094286291,0.03242725620835857,0.03116123561477891,0.02328334342822531,0.02289010700585503,0.01814673934988896
1.0,1.0,1.0,0.10447757847533631,0.0,0.006347,0.015651,0.028136,0.009316999999999999,0.014834000000000002,0.000304,0.000166,0.00083,0.006554764573991032,0.015405213004484304,0.028370011210762335,0.00926328475336323,0.01409389013452915,0.00042550448430493274,0.000766255605381166,0.0003298206278026906,0.006774560872198666,0.015414132848778518,0.028795295780335146,0.009549343832020996,0.013986371895820712,0.0005600444175247326,0.001319462951746416,0.0002752877044215627,2023-09-30 11:09:36.640000+00:00,0.009298,0.08091700000000002,0.065485,0.034816999999999994,0.035617,0.025370000000000004,0.023581,0.020094000000000004,0.009562051569506728,0.08075358744394619,0.06565801569506728,0.034790022421524666,0.035167096412556054,0.02538772421524664,0.024129652466367717,0.019357286995515696,0.009774924288310114,0.0807749242883101,0.06595947910357358,0.03501597011911972,0.03512287502523723,0.025479164142943666,0.024648960226125578,0.019171047849788007
1.0,1.0,1.0,0.099,0.0,0.0064470000000000005,0.019534,0.030419,0.010517000000000002,0.016449000000000002,0.0014889999999999999,0.0010320000000000001,0.0018260000000000001,0.006828923766816145,0.019258183856502246,0.030628307174887896,0.010457399103139016,0.015685930493273544,0.0015789237668161434,0.0017095852017937222,0.0009056053811659195,0.007036361800928729,0.019295073692711485,0.03105435089844538,0.010742115889359985,0.015531354734504338,0.0017201897839693116,0.0022595396729254993,0.0006187361195235211,2023-09-30 11:09:32.928000+00:00,0.009464,0.08091700000000002,0.065485,0.034816999999999994,0.035683000000000006,0.025321000000000003,0.023632,0.020377,0.009697029147982062,0.08075358744394619,0.06564753363228701,0.034790022421524666,0.03517539237668162,0.025370459641255606,0.024200952914798214,0.01948991031390135,0.009871552594387236,0.0807749242883101,0.06595560266505147,0.03501597011911972,0.03510607712497476,0.025471794871794868,0.024671492025035328,0.019194144962648894
1.0,1.0,1.0,0.115,0.0,0.007583,0.010844999999999999,0.026779,0.009534,0.011470000000000001,0.0,0.0014680000000000001,0.0018490000000000002,0.008353923766816145,0.010612219730941704,0.02724338565022422,0.009500168161434978,0.01163139013452915,0.00019915919282511216,0.0016873318385650224,0.0018110986547085204,0.008632545931758528,0.010492691298203106,0.02723371693922875,0.009645951948314151,0.011476499091459721,0.0006391076115485562,0.0019243892590349284,0.0017199676963456484,2023-10-05 11:09:35.676000+00:00,0.011017,0.08223000000000001,0.065364,0.036134000000000006,0.034919,0.026719,0.027051000000000002,0.022783,0.011694843049327355,0.08207847533632287,0.0657548206278027,0.03613447309417041,0.0350963004484305,0.027265134529147986,0.027250056053811658,0.022753139013452914,0.01193658388855239,0.08202604482132042,0.0657707853825964,0.03625838885523926,0.0350051282051282,0.027697032101756513,0.02745154451847365,0.022637108822935594
1.0,1.0,1.0,0.126,0.0,0.007051,0.012645000000000002,0.027096000000000002,0.008934000000000001,0.010587000000000001,0.0,0.0,0.000283,0.00789652466367713,0.012422365470852022,0.02764915919282512,0.008849831838565024,0.01090465246636771,0.0,0.0001674887892376682,0.0003613228699551571,0.008143589743589745,0.012290712699374113,0.027664930345245305,0.009006279022814454,0.010874621441550575,0.00014054108621037754,0.0004525741974560872,0.00038378760347264275,2023-10-05 11:09:31.960000+00:00,0.010950999999999999,0.08223000000000001,0.065364,0.036117,0.034753,0.026802000000000003,0.027034,0.022683000000000005,0.011697085201793724,0.08208452914798206,0.06576810538116594,0.03612017937219732,0.03505235426008969,0.027261603139013456,0.02723346412556054,0.022698710762331844,0.011928750252372299,0.08202115889359984,0.0657846557641833,0.03625324046032708,0.035019725418938004,0.027713971330506768,0.027424146981627293,0.022620856046840294
1.0,1.0,1.0,0.115,0.0,0.008091000000000001,0.021368,0.033221,0.013585000000000002,0.016017,0.0046,0.006183,0.005264000000000001,0.008909641255605382,0.021415582959641258,0.034254708520179374,0.014001961883408073,0.01588363228699552,0.004394786995515695,0.0060208520179372196,0.004557735426008968,0.009333615990308903,0.021115788411064,0.03467653947102767,0.014371512214819299,0.016080476478901675,0.004692125984251968,0.006251786795881282,0.004468059761760549,2023-10-10 11:09:36.099000+00:00,0.011422999999999999,0.08833400000000001,0.071353,0.04026799999999999,0.0392,0.031583,0.031217,0.025998,0.012164573991031392,0.08836143497757848,0.07208486547085202,0.04060341928251122,0.0391432735426009,0.0314038677130045,0.031167600896860992,0.025420571748878927,0.012598283868362606,0.08819860690490611,0.07238491823137494,0.040894710276600035,0.039307732687260254,0.031633151625277606,0.03137932566121543,0.025371047849788005
1.0,1.0,1.0,0.126,0.0,0.007457,0.022968,0.033638,0.012985000000000002,0.015583,0.0030340000000000002,0.0043679999999999995,0.0039640000000000005,0.008258183856502243,0.02301149103139014,0.03468862107623318,0.013382455156950674,0.01538963004484305,0.0029420964125560544,0.00444658071748879,0.003100056053811659,0.008822814455885319,0.022741893801736315,0.035141611144760734,0.013771128608923882,0.015587139107611546,0.0032976983646274974,0.004646012517666061,0.0029655360387643845,2023-10-10 11:09:32.388000+00:00,0.011323,0.08833400000000001,0.071353,0.04026799999999999,0.0392,0.031417,0.031068000000000005,0.026281000000000002,0.012052578475336324,0.08836143497757848,0.07208486547085202,0.04060341928251122,0.03912684977578476,0.03133862107623319,0.03117976457399103,0.025567432735426013,0.012547627700383607,0.08819860690490611,0.07238491823137494,0.04089913183928932,0.03929422572178478,0.03162004845548152,0.03139785988289925,0.025457742782152223
0.0,0.0,0.0,0.20800000000000002,0.8409530809064033,0.03561500000000001,0.02663,0.0386,0.030298000000000002,0.032338,0.025183000000000004,0.021932,0.024862000000000002,0.035766872197309424,0.02589512331838566,0.03921322869955158,0.030209192825112117,0.032337668161434976,0.02459798206278027,0.022456390134529148,0.024855885650224216,0.0361025035332122,0.02623082980012113,0.03938637189582072,0.030086775691500093,0.03197926509186351,0.024581001413284873,0.023240480516858467,0.02556188168786594,2023-10-15 11:09:33.213000+00:00,0.038814999999999995,0.10621500000000002,0.0842,0.062732,0.060653,0.059583000000000004,0.05736599999999999,0.054996,0.03895162556053812,0.105860033632287,0.08459523542600897,0.06268480941704035,0.060665246636771294,0.05921216367713005,0.05773906950672647,0.05495734304932737,0.039231415303856244,0.10605394710276596,0.08470357359176256,0.06261724207550977,0.06042669089440742,0.059211689884918234,0.0583321017565112,0.05556147789218656
0.0,0.0,0.0,0.126,0.5759833485746986,0.037915000000000004,0.041164,0.0488,0.038415000000000005,0.041804,0.036534,0.033549,0.035145,0.03794545964125561,0.040528251121076234,0.04933099775784754,0.03837068385650225,0.0411304932735426,0.03582875560538117,0.033809641255605385,0.03493542600896861,0.03820109024833433,0.040841510195840904,0.04949503331314355,0.03828744195437108,0.04050357359176258,0.0356982838683626,0.03447502523722996,0.035606581869573994,2023-10-15 11:09:29.503000+00:00,0.038732,0.10621500000000002,0.0842,0.062732,0.060653,0.059517,0.05736599999999999,0.055096000000000006,0.038937668161434985,0.105860033632287,0.08459523542600897,0.06268480941704035,0.060668049327354256,0.05925493273542601,0.05773856502242153,0.054980100896860985,0.03923563496870582,0.10605394710276596,0.08470357359176256,0.06261724207550977,0.06043900666262871,0.05925007066424389,0.05831903896628304,0.05554221683827984
1.0,1.0,1.0,0.126,0.0,0.004248999999999999,0.016132,0.029844999999999997,0.011566,0.011717000000000002,0.0,0.0,0.0,0.0045294843049327365,0.015652410313901344,0.029180437219730942,0.011662556053811661,0.011902242152466366,0.0,0.0,0.0,0.004990389662830607,0.01566390066626287,0.029061215424994947,0.011891843327276396,0.011902241066020594,0.0,0.0,0.0,2023-10-20 11:09:36.537000+00:00,0.008649,0.088749,0.07023000000000001,0.04076600000000001,0.038,0.027564,0.025835999999999998,0.019953000000000002,0.008899215246636772,0.08847645739910316,0.06977561659192826,0.04080016816143499,0.03808839686098656,0.027334697309417042,0.025990695067264577,0.020262892376681618,0.00930375529981829,0.0884864324651726,0.06971590954976781,0.04097153240460326,0.03806598021401171,0.02725822733696749,0.026262608520088836,0.020466929133858267
1.0,1.0,1.0,0.055,0.0,0.006949000000000001,0.031232000000000003,0.04056200000000001,0.020866,0.0215,0.00803,0.007753,0.00597,0.007253475336322869,0.030826345291479828,0.03993189461883408,0.020921020179372196,0.021583295964125563,0.007759753363228702,0.007919226457399104,0.0063335762331838555,0.007712295578437312,0.030860387643852207,0.039846719160104994,0.021130102967898242,0.021571754492226928,0.007673087017968905,0.008257722592368259,0.006555279628507976,2023-10-20 11:09:32.825000+00:00,0.008649,0.088749,0.07023000000000001,0.04076600000000001,0.038,0.027564,0.025835999999999998,0.019953000000000002,0.008899215246636772,0.08847645739910316,0.06977561659192826,0.04080016816143499,0.03808839686098656,0.027334697309417042,0.025990695067264577,0.020262892376681618,0.009303977387441952,0.0884864324651726,0.06971590954976781,0.04097153240460326,0.03806598021401171,0.02725822733696749,0.02626577831617202,0.020466929133858267
1.0,1.0,1.0,0.121,0.0,0.0047020000000000005,0.029647,0.037879,0.0142,0.014530000000000001,0.0,0.0,0.0,0.005517656950672645,0.02903839686098655,0.03706317264573991,0.014270515695067269,0.013906165919282511,0.0,0.0,0.0,0.005728871391076114,0.02896495053502928,0.03694181304260044,0.01423123359580052,0.01399781950333131,1.8170805572380372e-06,0.00010690490611750452,1.6353725015142334e-06,2023-10-30 11:09:36.679000+00:00,0.009085,0.10041500000000002,0.077264,0.0436,0.041481000000000004,0.029349,0.029219,0.021332,0.009819730941704036,0.10007741031390138,0.07677152466367713,0.043666816143497766,0.04107230941704037,0.02954859865470852,0.029459080717488796,0.021592208520179377,0.01001518271754492,0.10002093680597617,0.0766996163941046,0.04364698162729657,0.041104885927720575,0.029748011306279014,0.02951001413284878,0.022139652735715727
0.0,0.0,0.01655562285483545,0.055,0.7322026671454138,0.009066,0.029974000000000004,0.044355,0.02357,0.024717,0.008236,0.009085,0.007672,0.00874456278026906,0.03059495515695067,0.04443665919282512,0.023248150224215253,0.02468486547085202,0.00858553811659193,0.009482343049327357,0.008214125560538117,0.008753543307086614,0.030551039773874418,0.04416860488592771,0.023465737936604072,0.02488863315162527,0.008714718352513626,0.009707268322228952,0.008687421764587117,2023-11-04 11:09:33.613000+00:00,0.010683,0.09845500000000001,0.07778700000000001,0.045636,0.042617,0.030102,0.029168000000000003,0.023038000000000003,0.010436939461883408,0.09891334080717491,0.07788693946188341,0.04539719730941704,0.04258991031390135,0.030359136771300456,0.02951423766816144,0.023471132286995513,0.01043545326065011,0.09886462749848576,0.07769650716737328,0.04558758328285886,0.04273403997577225,0.03044035937815465,0.029693357561074094,0.02391053906723198
0.0,0.0,0.013930950938824953,0.055,0.6980021655829401,0.008983,0.033791,0.04635500000000001,0.02447,0.025617,0.008818999999999999,0.009285,0.007921000000000001,0.008711547085201795,0.03449775784753364,0.046491311659192826,0.024155381165919282,0.025590358744394623,0.009104820627802691,0.009706558295964129,0.00832987668161435,0.00870904502321825,0.034449626488996556,0.046281667676155866,0.024395255400767205,0.025806642438925907,0.009208358570563293,0.009931657581263879,0.008835453260650107,2023-11-04 11:09:29.894000+00:00,0.010683,0.09845500000000001,0.07778700000000001,0.045636,0.042617,0.030102,0.029168000000000003,0.023104,0.010436939461883408,0.09891334080717491,0.07788693946188341,0.04539719730941704,0.04258991031390135,0.030359136771300456,0.02951423766816144,0.023457735426008968,0.01043545326065011,0.09886462749848576,0.07769523521098323,0.04558758328285886,0.04273403997577225,0.03044035937815465,0.029693357561074094,0.023904623460528976
0.0,0.0,0.01655562285483545,0.11,0.6940693323159955,0.002983,0.010032,0.014502,0.00267,0.004468000000000001,0.0,0.0,0.0,0.0030457959641255615,0.008542152466367714,0.013468553811659192,0.0030137331838565027,0.0036631165919282513,0.0,0.0,0.0,0.0032764990914597213,0.007977185544114676,0.012870765192812435,0.0028083383807793257,0.003218332323844134,0.0,0.0,0.0,2023-11-09 11:09:36.536000+00:00,0.006749,0.08864900000000002,0.061368,0.034036000000000004,0.032568,0.024566,0.023732000000000003,0.019385000000000003,0.006786603139013455,0.08778800448430495,0.06076956278026907,0.03433974215246637,0.0319770739910314,0.024570459641255607,0.02387589686098655,0.018777802690582962,0.006981425398748232,0.08745572380375531,0.06039543710882294,0.034200686452654956,0.03164740561275994,0.02468639208560468,0.023744679991924086,0.01844280234201494
0.0,0.0,0.013930950938824953,0.088,0.7639290182503663,0.0036490000000000003,0.017332,0.019502000000000002,0.006070000000000001,0.008785,0.0,0.0,5.1e-05,0.003751905829596413,0.015890470852017936,0.01852152466367713,0.006418385650224217,0.007754652466367714,0.0,0.00013082959641255606,6.967488789237668e-05,0.003970421966484957,0.015354714314556836,0.017949525540076724,0.006223480718756309,0.007288047647890168,3.714920250353321e-05,0.00025225116091257823,4.3710882293559454e-05,2023-11-09 11:09:32.816000+00:00,0.006749,0.088666,0.061368,0.034036000000000004,0.032651,0.024566,0.023732000000000003,0.019385000000000003,0.006786603139013455,0.08780229820627805,0.06076928251121076,0.03433974215246637,0.03197258968609866,0.02460235426008969,0.023839798206278028,0.018747141255605382,0.006984958610942863,0.08746529376135677,0.06038925903492833,0.034200686452654956,0.03163502927518676,0.024676620230163534,0.023717363214213607,0.01841607106803957
1.0,1.0,1.0,0.083,0.0,0.006242999999999999,0.015823000000000004,0.032538000000000004,0.014983,0.017134,5.1e-05,0.0017829999999999999,0.000664,0.00493890134529148,0.015459136771300452,0.03248559417040359,0.014827634529147987,0.016989349775784757,0.0002960201793721973,0.0015599215246636772,0.0003321748878923768,0.004629355945891377,0.015341550575408843,0.03244920250353321,0.014688310115081767,0.016991984655764184,0.00044546739349888957,0.0014975974157076517,0.00037264284272158285,2023-11-14 11:09:33.940000+00:00,0.008994,0.094404,0.073853,0.04248300000000001,0.040017000000000004,0.027117,0.0264,0.020379,0.007869058295964126,0.09422225336322872,0.07380571748878925,0.04239450672645741,0.039911995515695076,0.02719254484304933,0.02627292600896861,0.019948430493273543,0.007589662830607712,0.09415047445992326,0.07378455481526346,0.042308136482939615,0.03991243690692509,0.027201130627902272,0.02621461740359378,0.019875752069452857
1.0,1.0,1.0,0.077,0.0,0.006360000000000001,0.020406,0.035121,0.016283,0.018633999999999998,0.0014170000000000003,0.0028,0.001079,0.005071132286995517,0.02006261210762332,0.03503492152466368,0.01615605381165919,0.018504035874439467,0.0015107062780269059,0.0026260089686098655,0.0007010650224215248,0.004769069250959014,0.019951403189985863,0.03501471835251362,0.016051423379769832,0.018515586513224307,0.0015233999596204319,0.0025585705632949728,0.0006925297799313546,2023-11-14 11:09:32.001000+00:00,0.008994,0.094404,0.073853,0.04248300000000001,0.040017000000000004,0.027117,0.0264,0.020379,0.007869058295964126,0.09422225336322872,0.07380571748878925,0.04239450672645741,0.039911995515695076,0.02719254484304933,0.026262724215246645,0.019943778026905827,0.007589662830607712,0.09415047445992326,0.07378455481526346,0.042308136482939615,0.03991243690692509,0.027201130627902272,0.026196910963052693,0.01987294568948112
1.0,1.0,1.0,0.07200000000000001,0.0,0.0059960000000000005,0.021675000000000003,0.032667999999999996,0.013702,0.017249,0.005162000000000001,0.006324,0.0034940000000000006,0.00559304932735426,0.02161687219730942,0.03259517937219731,0.014125896860986552,0.01673559417040359,0.004512443946188341,0.005775784753363229,0.003093217488789238,0.0058655158489804154,0.022013002220876238,0.03253761356753483,0.014318069856652528,0.016688754290329094,0.004407187563093074,0.005427276398142539,0.0031870987280436095,2023-11-19 11:09:32.018000+00:00,0.008347,0.095745,0.073551,0.041085,0.039149,0.029830000000000002,0.028991999999999997,0.022162,0.008040751121076235,0.09573895739910314,0.07352634529147983,0.04146221973094171,0.03881765695067266,0.029448038116591933,0.028487107623318388,0.021784921524663686,0.00827597415707652,0.09598552392489398,0.07350803553401979,0.04161916010498687,0.03879515445184736,0.02936081162931556,0.02815804562891176,0.021792449020795475
1.0,1.0,1.0,0.07200000000000001,0.0,0.005896,0.025492000000000004,0.035751000000000005,0.014685,0.018198000000000002,0.005196,0.0066430000000000005,0.0036620000000000003,0.005514125560538118,0.025492937219730942,0.03566821748878924,0.015097533632287,0.017516984304932738,0.004856053811659194,0.0061858183856502245,0.003252578475336323,0.005798950131233596,0.025909428629113666,0.0356183525136281,0.015300141328487784,0.01751310316979608,0.00475247324853624,0.005667474258025437,0.0031788209166161915,2023-11-19 11:09:28.308000+00:00,0.008164000000000001,0.095745,0.073551,0.041085,0.039149,0.029813,0.029077,0.022096000000000005,0.007982735426008969,0.09573923766816143,0.07352634529147983,0.04146221973094171,0.03882090807174887,0.029439630044843047,0.028661322869955156,0.021814854260089687,0.008268847163335351,0.09599030890369471,0.07350803553401979,0.04161916010498687,0.038818493842115886,0.029325560266505145,0.028214011710074698,0.02178174843529174
0.0,0.0,0.0,0.077,1.0,0.037684,0.048718000000000004,0.055661999999999996,0.041267,0.04401,0.037267,0.038717999999999995,0.039598,0.037170795964125564,0.048813004484304943,0.057543273542600915,0.040579652466367716,0.043634192825112106,0.035660650224215246,0.03785241031390135,0.041168385650224223,0.03704720371492025,0.049239511407227946,0.05819513426206338,0.04136313345447203,0.04374496264889964,0.035637068443367656,0.0383986069049061,0.04233890571370886,2023-11-24 11:09:29.549000+00:00,0.038069000000000006,0.118824,0.091647,0.06497100000000001,0.064116,0.060203000000000007,0.060454,0.057564000000000004,0.03764058295964126,0.11890196188340808,0.09283677130044844,0.06448520179372198,0.06388609865470853,0.05897045964125561,0.05983183856502243,0.058856053811659204,0.0375071673733091,0.11916725217040175,0.09326182111851401,0.06509563900666263,0.06395483545326064,0.05897732687260244,0.060312699374116686,0.05983615990308904
0.0,0.0,0.0,0.066,1.0,0.037684,0.050835000000000005,0.055762000000000006,0.040484000000000006,0.043778000000000004,0.037599,0.039135,0.04059600000000001,0.03739831838565023,0.05087847533632288,0.05754226457399104,0.03986541479820628,0.04350616591928251,0.03604697309417041,0.03825689461883408,0.04187757847533633,0.037234766807995145,0.05126721179083382,0.058181586917019995,0.040647869977791226,0.04357288512012921,0.03610197859882897,0.03876254795073692,0.04293379769836462,2023-11-24 11:09:25.836000+00:00,0.038069000000000006,0.118824,0.091647,0.06497100000000001,0.06405,0.060203000000000007,0.060654000000000007,0.057830000000000006,0.03766933856502243,0.11889702914798209,0.09284725336322872,0.06448520179372198,0.06385582959641257,0.05897214125560539,0.059942769058295965,0.058942825112107626,0.037547062386432455,0.11916210377548957,0.0932669695134262,0.06509563900666263,0.06391120533010296,0.05899093478699776,0.06039636583888553,0.05989077326872604
0.0,0.0,0.013930950938824953,0.055,0.6241142709671627,0.10216499999999999,0.074655,0.079359,0.07809800000000001,0.085356,0.091339,0.09202400000000001,0.088171,0.1005667600896861,0.07724091928251121,0.07966042600896862,0.07717124439461884,0.08551020179372197,0.08888828475336323,0.09030667040358746,0.08808497757847535,0.0992155259438724,0.07849246921057944,0.07887104784978798,0.07572295578437309,0.08389905108015341,0.0876902483343428,0.08968443367655966,0.08846281041792851,2023-11-29 11:09:27.623000+00:00,0.093567,0.13437000000000002,0.107906,0.094632,0.09240899999999999,0.10115800000000001,0.10469200000000001,0.10043900000000001,0.09208436098654708,0.13598307174887891,0.10807230941704038,0.0939236547085202,0.09247017937219731,0.09914080717488792,0.1031633408071749,0.10032903587443948,0.09081641429436706,0.13676260852008884,0.10752451039773873,0.09276402180496666,0.09123111245709671,0.09810942862911365,0.10253216232586308,0.10056075105996362
1.0,1.0,1.0,0.088,0.02975712931223105,0.0034529999999999995,0.02343,0.036134000000000006,0.015932,0.0164,0.000919,0.0012020000000000002,0.0,0.00383615470852018,0.023191647982062785,0.035459136771300456,0.015420347533632289,0.015888565022421527,0.0007533632286995517,0.0011278587443946187,5.24103139013453e-05,0.00449642640823743,0.02354417524732485,0.03546052897233999,0.015460205935796488,0.01604671916010499,0.0009215021199273167,0.0011335554209569957,8.996567736725214e-05,2023-12-04 11:09:27.492000+00:00,0.0073019999999999995,0.107581,0.0789,0.04654900000000001,0.04314900000000001,0.031802,0.029668000000000003,0.021984999999999998,0.007537724215246638,0.10743621076233188,0.07853895739910317,0.04623845291479821,0.04274276905829597,0.031280325112107626,0.029540751121076236,0.022022701793721976,0.008123177871996769,0.10764064203513024,0.07854268120331111,0.04628360589541693,0.042873288915808605,0.03144601251766605,0.029567353119321627,0.021975893397940642
1.0,1.0,1.0,0.055,0.025526949164904087,0.004619,0.03443,0.0435,0.021732,0.020749,0.006536,0.006202000000000001,0.004602,0.004896244394618834,0.03420902466367713,0.042789013452914804,0.021251849775784756,0.020238228699551573,0.005791087443946189,0.006096412556053812,0.0046456278026905835,0.0055700181708055714,0.03452650918635171,0.042750716737330906,0.02126923076923077,0.02044090450232182,0.005970442156268927,0.006153967292549966,0.004579103573591762,2023-12-04 11:09:23.786000+00:00,0.0073019999999999995,0.107498,0.0789,0.04654900000000001,0.043066,0.031885000000000004,0.029567999999999997,0.022051,0.007537724215246638,0.10742191704035879,0.07853615470852021,0.04623811659192825,0.04271507847533633,0.03127214125560538,0.029488060538116593,0.022032118834080718,0.00812053301029679,0.10763821926105392,0.07853753280839892,0.046279022814455895,0.04287114879870785,0.031437270341207336,0.02952830607712497,0.0219753280839895
0.0,0.0,0.0,0.088,0.9495744573419433,0.03786,0.05218700000000001,0.057647000000000004,0.039817000000000005,0.042615,0.031651,0.034748999999999995,0.03274900000000001,0.03790868834080718,0.05350560538116593,0.056914630044843054,0.0400042600896861,0.0431365470852018,0.03249254484304933,0.03481591928251122,0.03274882286995516,0.03814700181708056,0.05390541086210378,0.056899555824752646,0.03978962245103977,0.04343220270543105,0.033529779931354725,0.03520989299414497,0.03308550373511004,2023-12-09 11:09:27.202000+00:00,0.037927999999999996,0.12291900000000003,0.095598,0.067717,0.064532,0.058,0.05956600000000001,0.054166,0.038001905829596415,0.12366928251121076,0.09512107623318386,0.06787410313901346,0.06493873318385651,0.05850033632286996,0.059585650224215254,0.054184529147982066,0.03819983848172825,0.12388770442156269,0.09510119119725417,0.06770147385422978,0.06516888754290329,0.059249565919644635,0.05992951746416313,0.05445077730668282
1.0,0.922085201793722,0.5683424187361196,0.088,0.32783335109934186,0.156608,0.121173,0.12188299999999999,0.10706,0.12249700000000001,0.139971,0.147848,0.155497,0.16830891255605385,0.12132724215246639,0.12416149103139014,0.11532096412556053,0.13239293721973094,0.1546275224215247,0.16521535874439466,0.1742505605381166,0.18181389057137087,0.12979741570765188,0.1348585099939431,0.1288306480920654,0.14721088229355947,0.17213674540682414,0.18273028467595395,0.1924755097920452,2023-12-14 11:09:30.267000+00:00,0.141991,0.166966,0.134491,0.115002,0.12177900000000001,0.141072,0.151561,0.15815,0.1525525224215247,0.16694478699551574,0.1357987668161435,0.12093094170403589,0.12917701793721975,0.15275173766816144,0.1662643497757848,0.17470493273542606,0.16433224308499894,0.1717254795073693,0.1422785584494246,0.13065960024227738,0.13992232990107006,0.16629551786795882,0.1806416111447607,0.19036454673934988
1.0,0.6832959641255606,0.46537452049263067,0.066,0.40590093299596613,0.15620799999999999,0.12527100000000002,0.123647,0.10779000000000001,0.12396300000000002,0.14086900000000002,0.147963,0.15486499999999997,0.16790919282511213,0.12544019058295966,0.12591631165919284,0.11577169282511211,0.13363621076233187,0.15532096412556054,0.16489506726457398,0.17331838565022425,0.18158067837674136,0.1335780738946093,0.1362975570361397,0.12894924288310114,0.1484119119725419,0.17265636987684227,0.18220963052695333,0.19137629719361998,2023-12-14 11:09:26.554000+00:00,0.14197400000000002,0.166966,0.134491,0.115002,0.12177900000000001,0.141072,0.151544,0.158084,0.15253822869955155,0.1669372757847534,0.1357987668161435,0.12092718609865473,0.12915039237668163,0.1527939461883408,0.1662207959641256,0.17470823991031392,0.16432729658792644,0.1717188168786594,0.14227960831819098,0.13066153846153844,0.13990187764990916,0.16632230971128606,0.18058931960428024,0.1903384817282455
1.0,1.0,1.0,0.061,0.0,0.003764,0.020588999999999996,0.033013,0.013681,0.0128,0.000166,0.0009169999999999998,0.001019,0.0038216367713004486,0.020701177130044844,0.03241945067264575,0.01353279147982063,0.013581502242152467,0.0004363789237668162,0.0014674887892376684,0.0007208520179372198,0.004049040985261457,0.020676478901675753,0.031831617201695944,0.013717767009892995,0.013989804159095495,0.0006747829598223298,0.001977084595194832,0.0008487179487179488,2023-12-19 11:09:34.874000+00:00,0.006498,0.100887,0.076698,0.043015000000000005,0.039617000000000006,0.028329999999999998,0.026166000000000002,0.020002,0.006643890134529149,0.10097348654708521,0.07629831838565022,0.04292242152466368,0.040229372197309425,0.028411266816143504,0.026610257847533632,0.019640975336322877,0.0068490207954774885,0.10094797092671108,0.07588027458106196,0.04305584494245912,0.04052192610539067,0.028624631536442555,0.02702626690894407,0.01944958610942863
1.0,1.0,1.0,0.061,0.0,0.0034639999999999996,0.024606,0.035346999999999996,0.014598,0.013833999999999999,0.000498,0.000766,0.0012020000000000002,0.003691423766816143,0.02479955156950673,0.034861154708520185,0.014512836322869958,0.014727466367713006,0.0007429372197309417,0.001462163677130045,0.0008246076233183857,0.003963517060367452,0.024798566525338173,0.03428356551584898,0.014717948717948714,0.015177831617201697,0.0010401372905309912,0.002129234807187563,0.0009043206137694326,2023-12-19 11:09:31.156000+00:00,0.006498,0.100887,0.076698,0.043015000000000005,0.039617000000000006,0.028347,0.026166000000000002,0.020102000000000002,0.006701233183856503,0.10097382286995517,0.07629831838565022,0.04292242152466368,0.04019893497757848,0.02845414798206278,0.02657410313901346,0.019696188340807174,0.006889804159095498,0.10095786392085604,0.07587544922269329,0.0430556632344034,0.04049618413082979,0.028664284272158277,0.02700056531395114,0.01945402786190187
1.0,1.0,1.0,0.07200000000000001,0.0,0.004415,0.00953,0.023502000000000002,0.008687,0.012430000000000002,0.00015299999999999998,0.002253,0.0,0.004244843049327355,0.010487892376681615,0.023657399103139017,0.009325616591928253,0.012251625560538118,0.00026238789237668166,0.0016294282511210762,2.1412556053811663e-05,0.004185241267918434,0.010486291136684837,0.024087886129618406,0.009513607914395315,0.011888491823137493,0.00024920250353321216,0.0009430042398546333,3.482737734706238e-05,2023-12-24 11:09:31.217000+00:00,0.007332000000000001,0.098998,0.071868,0.040436,0.039581,0.02867,0.028119,0.019216999999999998,0.007239405829596413,0.09956250000000001,0.0719062219730942,0.040924159192825126,0.039414742152466375,0.028675504484304934,0.02760100896860987,0.019165582959641256,0.007189824348879465,0.099555905511811,0.07216250757116897,0.04105966081162931,0.03908330304865737,0.02845695538057743,0.026970684433676558,0.01941629315566323
1.0,1.0,1.0,0.061,0.0,0.004432,0.01613,0.027402000000000003,0.011087000000000001,0.013698,0.0006209999999999999,0.0031190000000000002,0.000166,0.00423822869955157,0.017064517937219734,0.027572533632287004,0.011756726457399105,0.013674663677130045,0.0008661995515695069,0.0026719170403587443,0.0006501121076233185,0.004156955380577427,0.01709345850999394,0.028029598223299004,0.011968443367655965,0.013263678578639207,0.0007680395719765797,0.0019266908944074294,0.0008332323844134867,2023-12-24 11:09:27.501000+00:00,0.007432,0.098998,0.07185100000000001,0.040436,0.039498000000000005,0.028653,0.028202,0.019383,0.007203363228699552,0.09956250000000001,0.07188699551569509,0.040924159192825126,0.039435874439461886,0.028698766816143504,0.027644506726457404,0.019230885650224218,0.007128588734100545,0.099555905511811,0.07215221078134464,0.04105966081162931,0.039082414698162725,0.028476034726428418,0.0269774278215223,0.019479466989703206
1.0,1.0,1.0,0.07200000000000001,0.0,0.004732,0.025775,0.032323,0.015896,0.0165,0.003385,0.004765999999999999,0.002911,0.0053309977578475335,0.025208576233183858,0.0333695067264574,0.015460650224215248,0.016629260089686102,0.004026849775784754,0.005340863228699552,0.0022841367713004484,0.006006965475469412,0.025428649303452455,0.03351409246921058,0.015667252170401776,0.01660625883303048,0.004199818291944275,0.005205673329295376,0.0022823541288108217,2023-12-29 11:09:35.803000+00:00,0.007632000000000001,0.10534500000000001,0.07560399999999999,0.045547,0.0413,0.031251,0.030083,0.023427999999999997,0.008124439461883409,0.10498750000000001,0.07623520179372198,0.0451895739910314,0.04139433856502243,0.03169338565022422,0.030483800448430496,0.022873486547085202,0.008699757722592369,0.10509400363416112,0.07630228144558854,0.04531423379769835,0.04135550171613163,0.03179864728447405,0.030332323844134874,0.022858530183727032
1.0,1.0,1.0,0.077,0.0,0.004498,0.028592000000000003,0.033523000000000004,0.015896,0.0162,0.0026509999999999997,0.0039,0.0019110000000000004,0.004971692825112109,0.028104764573991036,0.03457152466367713,0.015446580717488792,0.016324047085201795,0.0032485426008968614,0.004516087443946189,0.001340078475336323,0.005665960024227742,0.028343286896830203,0.034730829800121134,0.015647506561679788,0.016307450030284675,0.00341084191399152,0.004290066626287099,0.0013552392489400364,2023-12-29 11:09:32.080000+00:00,0.007632000000000001,0.10534500000000001,0.07560399999999999,0.045547,0.0413,0.031234000000000005,0.030083,0.023427999999999997,0.00811104260089686,0.10498750000000001,0.07623520179372198,0.0451895739910314,0.04139433856502243,0.031689573991031394,0.030510986547085204,0.022870683856502243,0.008694609327680191,0.10509168180900463,0.07630228144558854,0.045311588935998376,0.041352856854431644,0.03179196446598021,0.030327518675550173,0.02284742580254391
0.0,0.0,0.0,0.10433464125560538,0.48990984218174066,0.231334,0.12082800000000002,0.14250600000000002,0.152499,0.175647,0.20425300000000002,0.218707,0.234758,0.22610924887892378,0.1329063340807175,0.1488972533632287,0.15166171524663677,0.17048307174887894,0.1967802130044843,0.20992651345291485,0.22033839686098658,0.22559295376539476,0.13886747425802543,0.15167165354330706,0.15133107207752874,0.16897520694528567,0.19354532606501113,0.20465663234403395,0.21473432263274778,2024-01-08 11:09:33.480000+00:00,0.208425,0.16184700000000002,0.14415,0.146347,0.163682,0.19235,0.20851499999999998,0.22598100000000002,0.2034353139013453,0.1685543161434978,0.14779282511210765,0.14558116591928255,0.15968593049327356,0.18613441704035874,0.20092578475336323,0.2133111547085202,0.20274161114476072,0.17183022410660204,0.14936456692913383,0.1452647082576216,0.15843012315768223,0.1834279022814456,0.1963379769836463,0.20827284474056115
0.0,0.0,0.0,0.066,0.5750856976150535,0.229351,0.126328,0.14414,0.151335,0.17386600000000002,0.20217200000000002,0.21557500000000002,0.23086199999999998,0.2243643497757848,0.13746973094170403,0.14995218609865474,0.15070880044843055,0.16927320627802694,0.19492438340807183,0.20731832959641258,0.21728441704035875,0.22406277003836056,0.14299693115283663,0.15252459115687453,0.15047565112053302,0.16816188168786594,0.1920547748839087,0.2024195033313143,0.2121022814455885,2024-01-08 11:09:29.767000+00:00,0.20810800000000002,0.16203,0.14433300000000002,0.146147,0.16334800000000002,0.19215000000000002,0.208181,0.225583,0.20328267937219732,0.16864730941704037,0.14787130044843053,0.14550571748878924,0.15944663677130047,0.18597802690582957,0.20069635650224216,0.213190302690583,0.20262858873410053,0.17187787199676957,0.14941788814859677,0.14522951746416313,0.15832020997375326,0.18334179285281646,0.19621885725822735,0.2082088835049465
1.0,1.0,1.0,0.08786547085201793,0.03011618969608903,0.007492,0.032466,0.042889,0.019815,0.018098,0.0016190000000000002,0.004764,0.0018110000000000001,0.0072445067264574,0.03166945067264574,0.04378458520179373,0.019207286995515698,0.017312443946188343,0.0016304932735426011,0.004010089686098655,0.0012323430493273546,0.007258409045023218,0.03128384817282454,0.043984312537855834,0.018746678780537044,0.01691047849788007,0.001656107409650717,0.0035185342216838274,0.0010208560468402987,2024-01-18 11:09:33.757000+00:00,0.010477,0.10746599999999999,0.08166999999999999,0.04843200000000001,0.043414999999999995,0.030985000000000006,0.031215,0.023645,0.010326065022421527,0.10694349775784755,0.08219557174887894,0.04796412556053811,0.04281748878923766,0.030876569506726462,0.030632567264573994,0.02302085201793722,0.010311689884918231,0.10669040985261455,0.08228364627498486,0.04761770644054108,0.04249022814455885,0.030772683222289512,0.030204482132041188,0.022465899454875825
1.0,1.0,1.0,0.066,0.15474941512429657,0.008009,0.040266,0.047772,0.023432,0.021664000000000003,0.005368,0.008398000000000001,0.005294,0.007943273542600897,0.039494282511210774,0.0487012331838565,0.02286294843049328,0.020918441704035878,0.0053077354260089695,0.007664742152466369,0.00439316143497758,0.007968281849384211,0.039126711084191385,0.04890730870179688,0.022420654149000598,0.02051633353523117,0.005224530587522713,0.007175590551181103,0.003707813446396123,2024-01-18 11:09:30.046000+00:00,0.01046,0.10746599999999999,0.08166999999999999,0.04843200000000001,0.043414999999999995,0.030934000000000003,0.031215,0.023811,0.0103085201793722,0.10694349775784755,0.08218553811659195,0.0479637331838565,0.042817208520179374,0.030838565022421535,0.03066754484304933,0.022997645739910318,0.010304704219664847,0.10669016757520694,0.08228221280032304,0.04761770644054108,0.04248641227538865,0.030744902079547755,0.030220674338784576,0.022393781546537452
1.0,1.0,1.0,0.099,0.0,0.004151000000000001,0.011315,0.026166000000000002,0.0063170000000000006,0.004183,0.0,0.0,0.0,0.0040991591928251124,0.010761322869955157,0.026497533632287004,0.006319058295964126,0.004010818385650225,0.0,0.0,0.0,0.004173551383000201,0.010775893397940642,0.026597153240460327,0.006474096507167372,0.0037346860488592765,0.0,0.0,0.0,2024-01-23 11:09:27.792000+00:00,0.007734,0.097432,0.072083,0.0388,0.0332,0.025268000000000002,0.025549,0.019002,0.007630661434977579,0.09706905829596413,0.07224164798206278,0.038783856502242156,0.03313615470852019,0.026000896860986552,0.02532931614349776,0.019702746636771306,0.007698425196850394,0.09707094690086815,0.0722832222895215,0.0388832222895215,0.03293420149404401,0.026076600040379573,0.025141913991520288,0.01970518877448011
1.0,1.0,1.0,0.077,0.0,0.005017000000000001,0.019798000000000003,0.03154900000000001,0.010117000000000001,0.0078,0.0,0.000932,0.0,0.004899607623318387,0.019278755605381167,0.031807679372197306,0.010119058295964127,0.007710201793721975,6.41255605381166e-05,0.0007742152466367714,0.0002729820627802691,0.004964688067837673,0.01930839895013123,0.03190726832222895,0.010274096507167372,0.007455865132243084,6.123561477892187e-05,0.0005875227135069654,0.0003466182111851402,2024-01-23 11:09:24.087000+00:00,0.007834,0.097432,0.07216600000000001,0.0388,0.033183,0.025385,0.025549,0.019051000000000002,0.007747757847533634,0.09706905829596413,0.07225560538116592,0.03878850896860987,0.033132343049327356,0.026083744394618837,0.025364349775784757,0.019674887892376685,0.00778919846557642,0.09707094690086815,0.0722843327276398,0.038888370684433675,0.03292860892388452,0.026098889561881684,0.02513444377145164,0.019713486775691492
0.0,0.0,0.0,0.10433464125560538,0.9794494033426278,0.05372300000000001,0.065313,0.06599100000000001,0.051491,0.051859,0.052593,0.054504,0.055230999999999995,0.05372920403587445,0.06516698430493274,0.06571048206278027,0.0515359865470852,0.05256048206278028,0.053239742152466366,0.054244730941704046,0.05472460762331839,0.05365295780335149,0.06469081364829396,0.06534433676559659,0.051581385019180276,0.05280672319806179,0.053606420351302246,0.05484817282455078,0.05463830002018978,2024-01-28 11:09:32.712000+00:00,0.052772000000000006,0.129398,0.10013799999999999,0.07527199999999999,0.07194,0.07504000000000001,0.076219,0.07392900000000001,0.05276726457399103,0.1293364349775785,0.0999639013452915,0.07527427130044843,0.07248688340807175,0.07542813901345292,0.07592258968609866,0.07352202914798207,0.05269563900666262,0.12904885927720572,0.0997362406622249,0.07531516252776095,0.0726842721582879,0.07569783969311528,0.0764178881485968,0.07345174641631334
0.0,0.0,0.0,0.088,0.9953658769208328,0.05474,0.07282999999999999,0.070574,0.054773999999999996,0.055376,0.055908,0.057152999999999995,0.057529,0.054847253363228696,0.0727298206278027,0.07031104260089686,0.05482141255605383,0.056240919282511216,0.056502410313901345,0.05686793721973094,0.05691395739910314,0.05476519281243689,0.07227559055118109,0.06994698162729658,0.05487413688673531,0.056480516858469595,0.056899757722592356,0.057506925095901475,0.056927962850797494,2024-01-28 11:09:29.007000+00:00,0.052772000000000006,0.129398,0.10013799999999999,0.07527199999999999,0.07194,0.07493999999999999,0.076136,0.073778,0.05276726457399103,0.1293364349775785,0.0999685538116592,0.07526961883408072,0.07248688340807175,0.07540997757847535,0.07590123318385651,0.07335885650224215,0.052693821926105375,0.12904851605087825,0.09973660407833634,0.07530872198667472,0.0726842721582879,0.07572850797496468,0.07641328487785179,0.07338944074298404
0.0,0.0033632286995515697,0.07571168988491822,0.099,0.5530876387852538,0.01236,0.004624,0.0072710000000000006,0.002273,0.001792,0.000816,0.001456,0.001165,0.014572926008968612,0.00648133408071749,0.010239910313901349,0.005370571748878925,0.004884473094170404,0.003267881165919283,0.004011210762331839,0.0039882847533632285,0.01813981425398748,0.007403371693922877,0.011584918231374922,0.007579487179487179,0.0072501716131637365,0.006206097314758731,0.007240238239450835,0.007477589339794063,2024-02-02 11:09:30.273000+00:00,0.015407,0.091931,0.058480000000000004,0.035449999999999995,0.031452,0.028720000000000002,0.028886000000000002,0.02368,0.017379035874439463,0.09302337443946188,0.06035106502242153,0.037730044843049336,0.03367645739910314,0.03127270179372198,0.03090414798206279,0.025732230941704036,0.020529315566323432,0.093558550373511,0.06118578639208559,0.03935951948314152,0.03541215424994952,0.034015929739551774,0.033734201494044,0.028807974964667873
0.0,0.0,0.01655562285483545,0.094,0.5824800973951291,0.012526,0.010024000000000002,0.010154,0.003656,0.00286,0.0009180000000000001,0.001773,0.0015650000000000002,0.0146390134529148,0.011875448430493275,0.013076065022421526,0.006715863228699552,0.005999831838565023,0.0035119955156950678,0.004429708520179374,0.004237892376681615,0.018289259034928326,0.012768685645063595,0.014421118514031897,0.008897052291540478,0.008368483747223902,0.006550010094891984,0.00773549364021805,0.0076769432667070465,2024-02-02 11:09:26.564000+00:00,0.015573,0.091931,0.058463,0.035449999999999995,0.031386000000000004,0.028803000000000002,0.028869000000000006,0.023763,0.01740857623318386,0.09302309417040361,0.06033677130044844,0.03774501121076233,0.03366451793721973,0.03132275784753363,0.030933127802690585,0.02572382286995516,0.020564486169997974,0.09355515848980414,0.061186008479709265,0.03936850393700787,0.03540642035130223,0.03401837270341206,0.03379511407227942,0.02880950938824954
0.0,0.0,0.0,0.11,0.9803470543022728,0.052378,0.053408,0.049746000000000005,0.044725,0.045112,0.04297600000000001,0.038899,0.03943000000000001,0.051690246636771305,0.05211900224215247,0.050965807174887905,0.043803755605381176,0.04592954035874441,0.0424395739910314,0.04067774663677131,0.03886137892376682,0.05122255198869371,0.05159921259842519,0.051375005047445986,0.04349384211588936,0.04545695538057742,0.04251689884918231,0.041034645669291346,0.03867349081364829,2024-02-07 11:09:30.322000+00:00,0.051127000000000006,0.116338,0.087008,0.068723,0.065559,0.066357,0.06258,0.059481,0.05060353139013455,0.11554349775784754,0.08779820627802692,0.0680307735426009,0.06618766816143498,0.06591676008968611,0.064027634529148,0.059014013452914814,0.05019646678780537,0.11521635372501515,0.08805935796486976,0.06778794669897031,0.06584256006460729,0.06594179285281648,0.06433452453058751,0.058885887341005444
0.0,0.0,0.0,0.115,1.0,0.295314,0.42075,0.40602299999999997,0.39980200000000005,0.426215,0.418585,0.41511200000000004,0.40685,0.2920600896860987,0.42405964125560536,0.4033640695067265,0.3949915919282511,0.41969876681614354,0.4131673766816144,0.4075615470852018,0.4020350896860987,0.28955013123359574,0.4289609731475872,0.40438643246517264,0.3919109630526953,0.41509608318190994,0.40859061175045425,0.40210379567938614,0.3962511003432263,2024-02-12 11:09:31.704000+00:00,0.269233,0.33913,0.31325,0.33379300000000006,0.35013999999999995,0.365391,0.37946500000000005,0.382518,0.26640162556053815,0.34113615470852016,0.31167001121076243,0.3302294282511211,0.34528172645739913,0.36114091928251124,0.3731294843049328,0.378235706278027,0.2641797496466788,0.3440680597617605,0.3123165960024228,0.32791542499495246,0.34186872602463153,0.3575364627498485,0.3685576822128003,0.37317857863920845
0.0,0.0,0.0,0.099,1.0,0.297331,0.4190480000000001,0.40215700000000004,0.39715300000000003,0.42819799999999997,0.41823400000000005,0.41331200000000007,0.405548,0.29411149103139017,0.42216311659192823,0.39964742152466376,0.3925965807174888,0.42185257847533636,0.41290364349775793,0.4057888452914799,0.4005770179372198,0.2916384817282455,0.42686707046234595,0.40059152029073286,0.3895241066020593,0.4173250555219058,0.4083945689481122,0.4002970321017565,0.39485420956995754,2024-02-12 11:09:27.993000+00:00,0.269233,0.33921300000000004,0.31325,0.33379300000000006,0.35004,0.36545700000000003,0.379565,0.382467,0.2663389573991032,0.3411711883408072,0.3116838004484306,0.33023374439461894,0.34523335201793726,0.3611535313901347,0.3731936659192826,0.3781795964125561,0.2641362406622249,0.3440870785382596,0.3123166969513426,0.3279267514637592,0.3418364627498485,0.35755836866545526,0.36856698970321006,0.37316194225721777
1.0,1.0,1.0,0.083,0.0,0.005521,0.0073490000000000005,0.011083,0.003217,0.002568,0.0,0.001881,0.0,0.005970683856502243,0.0073775784753363225,0.010896524663677134,0.0033080717488789234,0.003042881165919282,1.1042600896860988e-05,0.0013793161434977577,7.118834080717489e-05,0.006144175247324853,0.007479830405814656,0.0111392085604684,0.003604946497072481,0.003462366242681203,3.238441348677569e-05,0.0009415505754088431,0.00018229355945891378,2024-02-17 11:09:35.642000+00:00,0.008187,0.080383,0.054983000000000004,0.0308,0.027267999999999997,0.024319,0.024481000000000003,0.018248999999999998,0.008576737668161437,0.0804341928251121,0.054846973094170415,0.030862780269058303,0.027641479820627805,0.024441647982062786,0.02402763452914798,0.018129484304932737,0.00872636785786392,0.08049897032101756,0.05500430042398547,0.031097254189380173,0.027952150211992727,0.02433250555219059,0.02358966283060771,0.018220553200080758
1.0,1.0,1.0,0.094,0.0,0.005072,0.009766,0.011966,0.002917,0.0027530000000000002,0.0,0.000847,0.0,0.005586715246636771,0.009812443946188342,0.011714461883408073,0.0030108744394618837,0.00322640134529148,0.0,0.00040353139013452917,0.0,0.005743670502725621,0.009922713506965473,0.011960327074500302,0.003321522309711285,0.0035820916616192203,0.0,0.00024029880880274582,1.8170805572380375e-07,2024-02-17 11:09:31.925000+00:00,0.008187,0.080383,0.054983000000000004,0.0308,0.027285,0.024402,0.024598,0.018017,0.008596132286995517,0.0804341928251121,0.054846973094170415,0.030862780269058303,0.02765980941704036,0.024458239910313904,0.02404719730941704,0.018079540358744397,0.008741187159297394,0.08049897032101756,0.05500430042398547,0.031097254189380173,0.027953381788814853,0.024357682212800318,0.023572158287906313,0.018172319806178075
0.0,0.0,0.0,0.126,1.0,0.712086,1.228092,1.1279679999999999,1.1039299999999999,1.1200350000000001,1.083135,1.073144,1.042436,0.7114170403587444,1.2285098654708522,1.1269534753363228,1.1029272421524665,1.1198362107623319,1.0849000000000002,1.0729750560538116,1.0412598654708523,0.7108435291742378,1.2289178275792445,1.1265548152634763,1.1027432263274781,1.1201965879265092,1.0856126993741164,1.0724599636583887,1.0416761760549158,2024-02-27 11:09:33.392000+00:00,0.641471,0.8185250000000001,0.7640610000000001,0.853957,0.8739470000000001,0.894171,0.923648,0.941423,0.6408942825112107,0.8186959641255606,0.7632612668161436,0.8533652466367714,0.873782735426009,0.8955106502242153,0.923515134529148,0.9403766816143501,0.6403839491217442,0.8189964264082373,0.7629779931354732,0.8531900868160709,0.8740530587522714,0.8960523924894004,0.923090228144559,0.9407567131031697
0.0,0.0,0.0,0.099,1.0,0.714186,1.195194,1.1103,1.087568,1.1157860000000002,1.0697180000000002,1.053195,1.028053,0.7135170403587443,1.195557735426009,1.1091110986547088,1.0870215246636772,1.1156669282511213,1.071426457399103,1.05308884529148,1.0267848654708522,0.7129437108822934,1.196150413890571,1.1087373309105593,1.086765152432869,1.1160240258429233,1.0721418534221683,1.0525862911366846,1.0271490611750451,2024-02-27 11:09:29.680000+00:00,0.641471,0.818508,0.7640610000000001,0.853957,0.8739470000000001,0.894171,0.9237310000000001,0.9415229999999999,0.6408942825112107,0.8186816704035875,0.7632612668161436,0.8533652466367714,0.873782735426009,0.8955289237668163,0.9235168161434977,0.9404051569506727,0.6403839491217442,0.8189912780133252,0.762978215223097,0.8531852008883504,0.8740530587522714,0.8960775085806584,0.9230698970321017,0.9407833030486573
0.0,0.0,0.0,0.055,1.0,0.200149,0.47733000000000003,0.435914,0.424332,0.44034500000000004,0.439549,0.4381300000000001,0.43752,0.20276687219730943,0.4831346412556055,0.441850840807175,0.4259834641255605,0.44435190582959644,0.4434058856502243,0.44118609865470854,0.43810818385650224,0.2086035332121946,0.4995085604684029,0.45433834039975773,0.4368878861296185,0.4541100948919847,0.45132406622249144,0.44716818090046434,0.4434275994346861,2024-03-03 11:09:34.914000+00:00,0.18744900000000003,0.399064,0.348293,0.369283,0.38269600000000004,0.40224899999999997,0.41754699999999995,0.4260710000000001,0.18984445067264577,0.4030093049327355,0.3523920403587444,0.37066479820627807,0.3859768497757848,0.4055084080717489,0.4203429932735427,0.42664461883408084,0.19522907328891578,0.41414165152432864,0.3611245709670906,0.379470321017565,0.39394177266303243,0.4123095497678175,0.42576563698768416,0.43160660205935786
0.0,0.0,0.0,0.11,1.0,0.202632,0.51623,0.46316500000000005,0.446432,0.46347700000000003,0.455181,0.44974500000000006,0.44811999999999996,0.20528867713004484,0.5227321188340808,0.46949534753363237,0.44820252242152475,0.46758806053811663,0.45901900224215253,0.4529098094170404,0.44883643497757847,0.21129323642237027,0.5406025439127802,0.48303535231173017,0.4597848172824551,0.47802830607712493,0.4673918837068443,0.45930633959216627,0.4544456289117707,2024-03-03 11:09:31.190000+00:00,0.18744900000000003,0.39898100000000003,0.34821,0.369266,0.382779,0.402415,0.417496,0.4260710000000001,0.18985549327354262,0.4029364910313901,0.3523565022421525,0.37066115470852024,0.3860344730941704,0.4055599215246637,0.42025930493273556,0.4266488789237669,0.19525435089844537,0.4140874823339389,0.3611320209973753,0.3794430042398546,0.39402479305471416,0.41236688875429023,0.42574165152432863,0.43162852816474856
0.0,0.0,0.0,0.2021513452914799,0.8845284246786691,0.027213,0.026994000000000004,0.033283,0.01992,0.015464000000000002,0.013143,0.014128,0.014983,0.02682600896860987,0.02594063901345292,0.03293413677130045,0.017951401345291485,0.015663789237668164,0.012565078475336323,0.013175504484304934,0.014967152466367716,0.0266830203916818,0.025083727034120738,0.0325984251968504,0.01751027660004038,0.015469351907934586,0.011783202099737534,0.012551160912578232,0.014976640419947503,2024-03-13 11:09:34.456000+00:00,0.032713,0.09992999999999999,0.076283,0.052924,0.049415,0.052845,0.053345,0.04886600000000001,0.03233497757847534,0.09932113228699554,0.07604405829596414,0.05150538116591929,0.04954663677130046,0.052422085201793735,0.052580213004484316,0.04881793721973095,0.03221744397334948,0.09885202907328891,0.07584609327680195,0.05118669493236421,0.049428608923884516,0.05182562083585705,0.05209475065616797,0.0488686856450636
0.0,0.0,0.0,0.137,0.32948839505618727,0.030428000000000007,0.037261999999999997,0.041766000000000005,0.027871,0.025764000000000006,0.025226000000000002,0.025594000000000002,0.025798,0.02981748878923767,0.03649220852017937,0.04139764573991032,0.02612634529147982,0.02537533632286996,0.024222813901345293,0.024560594170403592,0.025375056053811667,0.029663981425398746,0.03574419543710882,0.041115202907328896,0.0257366444579043,0.024989137896224513,0.023256995760145366,0.02392101756511205,0.025332364223702802,2024-03-13 11:09:30.729000+00:00,0.032796000000000006,0.099847,0.076283,0.052824,0.04953199999999999,0.053128,0.05336200000000001,0.049132,0.03235319506726458,0.09933026905829599,0.07604405829596414,0.05148789237668163,0.049570403587443954,0.05248402466367714,0.05257869955156952,0.04884069506726458,0.03224920250353321,0.09885717746820108,0.07584609327680195,0.0511842721582879,0.0494200686452655,0.05180060569351909,0.052078740157480305,0.04888116293155662
1.0,1.0,1.0,0.15396860986547087,0.0,0.021679,0.015687,0.0226,0.011515,0.013981000000000002,0.010461999999999999,0.011815,0.010320999999999999,0.02166631165919283,0.01596748878923767,0.02260134529147982,0.011218553811659194,0.013299551569506731,0.008808632286995516,0.01131603139013453,0.010799607623318387,0.022032646880678373,0.015803492832626685,0.02253684635574399,0.011285483545326063,0.012761578841106397,0.008383626085200886,0.011119382192610536,0.01114542701393095,2024-03-18 11:09:33.792000+00:00,0.025096,0.08650200000000001,0.06558300000000002,0.041432000000000004,0.040815,0.041113000000000004,0.041615000000000006,0.036236000000000004,0.02505723094170404,0.08664473094170404,0.0655877802690583,0.041210706278026914,0.040340022421524666,0.03988245515695067,0.04119495515695067,0.03658284753363229,0.02536315364425601,0.08654306480920654,0.06553773470623864,0.04125168584696144,0.03993535231173025,0.03956583888552392,0.04101300222087624,0.036862164344841505
1.0,1.0,1.0,0.15396860986547087,0.0,0.021796,0.019687,0.0248,0.012515,0.015447,0.011545,0.012713,0.010602,0.021814237668161436,0.01994943946188341,0.024822421524663685,0.012211098654708522,0.014648934977578477,0.00982230941704036,0.01190005605381166,0.01103834080717489,0.022183908742176458,0.019784817282455076,0.024764849586109427,0.012268019382192609,0.014096810014132847,0.009320432061376943,0.011600323036543507,0.011431697960831816,2024-03-18 11:09:30.080000+00:00,0.025113,0.08650200000000001,0.06558300000000002,0.041432000000000004,0.040898000000000004,0.041279,0.041781000000000006,0.036202000000000005,0.025071524663677135,0.08664473094170404,0.0655877802690583,0.041210706278026914,0.04035431614349776,0.039929372197309417,0.04123587443946189,0.03655257847533632,0.025368201090248337,0.08654306480920654,0.06553773470623864,0.04125168584696144,0.039944922269331704,0.03957668079951545,0.040999232788209175,0.03687032101756511
0.0,0.0,0.0,0.15396860986547087,0.9738727467558334,0.053296,0.032449,0.039453,0.035515000000000005,0.042949,0.04222800000000001,0.044623,0.04743000000000001,0.053274775784753356,0.0323179932735426,0.03990751121076234,0.03561261210762332,0.043206558295964134,0.042386266816143506,0.04469422645739911,0.046975168161434974,0.053459317585301834,0.03217837674136886,0.03967280436099334,0.035791762568140525,0.0434840702604482,0.04240868160710679,0.044827983040581464,0.047361094286291115,2024-03-23 11:09:35.727000+00:00,0.05493000000000001,0.10094900000000001,0.07841899999999999,0.061849,0.06604900000000001,0.07101299999999999,0.07377199999999999,0.072364,0.05494439461883409,0.10080504484304934,0.07875874439461884,0.06194843049327355,0.06620252242152468,0.07114663677130047,0.07385605381165919,0.07203099775784755,0.055106904906117506,0.1007277609529578,0.07860347264284272,0.06209073288915808,0.06640258429234806,0.07117264284272158,0.07395848980415909,0.07240504744599233
0.0,0.0,0.0,0.132,0.9781646404066359,0.054313,0.038832,0.042570000000000004,0.037732,0.04489800000000001,0.042779,0.044223000000000005,0.047347,0.054288060538116606,0.03868531390134529,0.04310627802690583,0.037845852017937234,0.04511608744394619,0.04294332959641257,0.044333856502242155,0.04700695067264574,0.05444306480920654,0.0385692711487987,0.04287169392287502,0.038026791843327266,0.04538168786593983,0.04299951544518473,0.04451051887744801,0.047415586513224306,2024-03-23 11:09:32.005000+00:00,0.054947,0.10094900000000001,0.07841899999999999,0.061849,0.06603200000000001,0.07103000000000001,0.073755,0.072364,0.054942881165919284,0.10080784753363231,0.07875874439461884,0.06193307174887893,0.06618699551569507,0.07117118834080718,0.07380403587443947,0.07199618834080719,0.05509915202907329,0.10073290934786998,0.07860347264284272,0.06207904300423986,0.06638784575005048,0.0712121138703816,0.07391330506763577,0.07235750050474458
0.0,0.0,0.0,0.132,1.0,0.6034900000000001,1.089496,1.02103,1.005172,1.0405440000000001,1.002483,0.985147,0.9680249999999999,0.6029875560538116,1.0901763452914799,1.0217474215246638,1.0012621076233186,1.03870100896861,1.0021091928251122,0.986152634529148,0.9667037556053812,0.6007145366444578,1.0941788814859679,1.0203252574197457,0.9987472239047042,1.036435534019786,1.00164191399152,0.9869181102362203,0.9675150010094892,2024-03-28 11:09:34.587000+00:00,0.5475410000000002,0.757052,0.727681,0.8033610000000001,0.8204160000000001,0.8409400000000001,0.8642360000000002,0.8894650000000001,0.5470769058295964,0.7575609304932737,0.7279448991031391,0.8001624439461885,0.8190744394618835,0.8406793721973095,0.8650716367713005,0.8883211883408073,0.5450325661215425,0.7601741772663033,0.7269746618211185,0.7982108217242074,0.8173717544922268,0.8403116696951339,0.8657132243084997,0.8890458308096104
0.0,0.0,0.0,0.121,1.0,0.60769,1.08353,1.014196,1.0029379999999999,1.049844,1.002634,0.980449,0.96321,0.6072772982062781,1.0842800448430494,1.0144261210762333,0.9989460762331841,1.0480736547085203,1.0023501121076235,0.9816386210762332,0.9620169282511212,0.6050325257419745,1.088409771855441,1.0130147789218655,0.9964144962648899,1.0458059761760545,1.0019161720169592,0.9823409045023218,0.9627719765798501,2024-03-28 11:09:30.870000+00:00,0.5475410000000002,0.757135,0.727681,0.8033610000000001,0.8204160000000001,0.8409230000000001,0.8641700000000001,0.8894160000000001,0.5470905829596414,0.7575980381165919,0.7279824551569507,0.8001633968609867,0.8190952914798207,0.8406112668161436,0.8651113789237668,0.888373374439462,0.5450582879063194,0.7602064203513023,0.7270074298405007,0.7982216434484148,0.8174013123359578,0.8402276600040379,0.8657109226731272,0.8890650312941653
1.0,0.95347533632287,0.7195639006662627,0.7249966367713006,0.0,0.117581,0.030834999999999998,0.072383,0.070468,0.079879,0.092266,0.101083,0.11001200000000001,0.11759159192825115,0.03263811659192825,0.07110431614349777,0.0700085201793722,0.08080801569506728,0.09135992152466368,0.10199360986547085,0.11210470852017938,0.11774340803553397,0.032370886331516247,0.07039402382394509,0.07043157682212799,0.08134330708661418,0.09152311730264484,0.10305525943872398,0.11207290530991315,2024-04-07 11:09:33.427000+00:00,0.11569800000000001,0.139021,0.130383,0.118817,0.12199800000000001,0.146466,0.157966,0.16178900000000004,0.11561334080717489,0.13947292600896863,0.12995745515695067,0.11864360986547087,0.12235168161434981,0.14597875560538118,0.15833565022421528,0.16282275784753364,0.11573414092469213,0.13941284070260448,0.12972873006258837,0.11880042398546332,0.12271708055723803,0.14612901271956394,0.15886807995154453,0.162776983646275
1.0,0.7146860986547084,0.616596002422774,0.73015134529148,0.0,0.114564,0.019771000000000004,0.06336599999999999,0.061868000000000006,0.058545,0.06686600000000001,0.07566600000000001,0.08881399999999999,0.11440375560538119,0.021769282511210766,0.061860033632287,0.061420347533632284,0.058781278026905845,0.06510246636771302,0.07653727578475339,0.09124674887892377,0.1146159095497678,0.021500666262870987,0.06107478295982233,0.06187754896022611,0.05953985463355541,0.06534090450232181,0.07787415707651928,0.0912936805976176,2024-04-07 11:09:29.715000+00:00,0.11569800000000001,0.139021,0.130383,0.118817,0.12199800000000001,0.146466,0.157966,0.161706,0.11561334080717489,0.13946799327354262,0.12995745515695067,0.11863895739910316,0.12235168161434981,0.14597875560538118,0.15833565022421528,0.1627980941704036,0.11573414092469213,0.13941413284877852,0.12972899252977996,0.11878752271350691,0.12271980617807389,0.14612877044215627,0.15886807995154453,0.16276184130829802
1.0,1.0,1.0,0.132,0.0,0.0051340000000000005,0.009883000000000001,0.023951,0.0037830000000000003,0.002053,0.0,0.0,0.0,0.005520908071748879,0.009795067264573994,0.023811603139013458,0.0037395739910313914,0.002003811659192825,0.0,0.0,0.0,0.005528164748637191,0.009937007874015746,0.024023581667676156,0.0037977589339794056,0.0020160912578235405,0.0,0.0,0.0,2024-04-12 11:09:35.875000+00:00,0.0094,0.077283,0.061934,0.030966,0.027902,0.024566,0.023117,0.018085,0.009698542600896863,0.07725532511210761,0.061824607623318394,0.030912107623318395,0.027873822869955153,0.024333688340807177,0.02333918161434978,0.01850913677130045,0.009717928528164749,0.07733858267716533,0.06196424389259035,0.030959438724005642,0.027892549969715325,0.024258388855239243,0.023416919038966283,0.019145063597819496
1.0,1.0,1.0,0.10433464125560538,0.0,0.006183,0.016383,0.028251000000000005,0.007266,0.006502000000000001,0.00026599999999999996,1.7e-05,0.0,0.006558688340807177,0.016334304932735424,0.028164686098654714,0.007189181614349777,0.0062276905829596425,0.0002783071748878924,0.000370627802690583,4.058295964125561e-05,0.0065804562891177065,0.016468059761760544,0.028380153442358173,0.007250312941651523,0.0062187159297395515,0.00026390066626287096,0.0005735110034322633,0.0004228952150211993,2024-04-12 11:09:32.152000+00:00,0.0094,0.077283,0.061934,0.030966,0.027985000000000003,0.024732,0.023117,0.018002,0.009740246636771302,0.07724192825112108,0.061824607623318394,0.030912107623318395,0.02788161434977579,0.024353699551569512,0.02334445067264574,0.018523654708520184,0.009748657379366038,0.07733026448616996,0.06196424389259035,0.030959438724005642,0.02790316979608318,0.024273167777104785,0.023448172824550778,0.019179911164950523
0.0,0.0,0.0,0.099,0.9991416212698394,0.366307,0.444102,0.414366,0.39154700000000003,0.39487300000000003,0.392299,0.381681,0.369953,0.35881367713004486,0.4227553811659194,0.3892334641255606,0.3698849775784754,0.3768270739910314,0.3797062219730943,0.3782201793721974,0.37081244394618845,0.34421088229355945,0.39026575812638803,0.3600847769028871,0.34355380577427813,0.35182182515647076,0.3589500504744599,0.3602968705834847,0.3560325661215425,2024-04-17 11:09:35.620000+00:00,0.34097200000000005,0.364253,0.338125,0.34250300000000006,0.345185,0.36174,0.363588,0.362989,0.3341030829596413,0.3500422085201794,0.3202881726457399,0.3249528587443947,0.3306161434977578,0.3511191704035875,0.3605799887892377,0.36370924887892375,0.32070038360589537,0.3282500302846759,0.2995743185947911,0.30371068039571975,0.31035447203714916,0.3334950131233596,0.34482132041187163,0.35015691500100943
0.0,0.0,0.0,0.10433464125560538,1.0,0.36909200000000003,0.448238,0.419283,0.39398500000000003,0.40146199999999993,0.395752,0.381234,0.36867200000000006,0.36165190582959644,0.42661221973094177,0.3937910313901346,0.37205908071748883,0.382947701793722,0.38287662556053814,0.37784276905829606,0.36956457399103143,0.3469272562083585,0.3938199878861296,0.36419792045225113,0.3454430446194226,0.35743315162527756,0.36169376135675335,0.359805229154048,0.35473902685241265,2024-04-17 11:09:31.897000+00:00,0.34077199999999996,0.364253,0.33825700000000003,0.342354,0.345185,0.362289,0.363588,0.362823,0.3340334641255605,0.34992914798206287,0.3204195067264574,0.3248696188340808,0.33058906950672645,0.35152494394618844,0.360627970852018,0.3636423766816144,0.3206434887946699,0.32814029880880274,0.2996528770442155,0.3036120734908136,0.31033020391681815,0.3338103775489602,0.34486476882697353,0.3500925903492832
1.0,1.0,0.8437310720775288,0.121,0.02575136190481533,0.024341,0.018831999999999998,0.025266000000000004,0.024145,0.029224,0.020914,0.0188,0.020430999999999998,0.02248408071748879,0.017916535874439466,0.024413845291479823,0.022697197309417043,0.02781575112107624,0.01695504484304933,0.01818839686098655,0.01792242152466368,0.021429335756107403,0.01571425398748233,0.021959660811629315,0.020502806379971726,0.026390854027861902,0.015384736523319195,0.01628491823137492,0.016314577024025844,2024-04-22 11:09:37.602000+00:00,0.026875000000000003,0.08164900000000001,0.060866,0.046196,0.04979200000000001,0.04588400000000001,0.043082999999999996,0.040516,0.025238621076233182,0.08102926008968611,0.060269730941704035,0.045015470852017944,0.04866591928251122,0.042580941704035875,0.04258318385650224,0.038295123318385645,0.02425966081162931,0.07960823743185946,0.05860989299414495,0.04330119119725419,0.04750306884716333,0.04122335958005249,0.040919604280234195,0.03682317787199677
1.0,0.7612107623318386,0.7407631738340399,0.115,0.004291893650802556,0.02449,0.022432,0.027383000000000005,0.025345,0.03079,0.022314000000000004,0.019917,0.020997,0.022644114349775788,0.021510369955156948,0.026602130044843048,0.023901121076233187,0.029144170403587445,0.018288621076233188,0.019165190582959648,0.01865835201793722,0.021563395921663637,0.019326206339592162,0.024182717544922263,0.021710801534423577,0.027697940642035117,0.016646658590753077,0.01727494447809409,0.01709557843731072,2024-04-22 11:09:33.874000+00:00,0.026941,0.08164900000000001,0.060866,0.046113,0.049809000000000006,0.04588400000000001,0.0431,0.040399000000000004,0.02521956278026906,0.08102926008968611,0.060274663677130046,0.04501681614349777,0.04864955156950673,0.04258195067264575,0.042568049327354265,0.03825986547085202,0.02422560064607308,0.07960579446799917,0.05861504138905712,0.043302503533212196,0.04751152836664648,0.04122656975570361,0.04090044417524733,0.0368272360185746
0.0,0.0,0.0,0.3,1.0,0.158088,0.7355360000000001,0.6538030000000001,0.6113000000000001,0.617718,0.593406,0.578435,0.55837,0.15827387892376685,0.7307706278026906,0.6547243273542602,0.6061740470852018,0.614670403587444,0.5920114349775785,0.578624383408072,0.5592169282511211,0.15680355340197857,0.7276185140318998,0.648830224106602,0.6019995962043206,0.6093770038360589,0.5883713910761154,0.5775653947102763,0.5594248334342823,2024-04-27 11:09:33.558000+00:00,0.146635,0.449334,0.41236199999999995,0.43748800000000004,0.44827800000000007,0.472821,0.487597,0.49575299999999994,0.14677286995515695,0.44683705156950676,0.4128290358744395,0.43402875560538123,0.4462542040358745,0.47180605381165924,0.48774047085201794,0.49640947309417055,0.14551290127195637,0.44527645871189175,0.4096749444780941,0.4312850797496465,0.44280163537250145,0.4692566323440337,0.48696791843327253,0.49657617605491616
0.0,0.0,0.0,0.055,1.0,0.15761999999999998,0.553185,0.510706,0.50006,0.5346970000000001,0.528089,0.519482,0.50917,0.1577670403587444,0.5496482623318387,0.5114148542600898,0.49592001121076246,0.5321339686098655,0.5269128923766816,0.5196745515695067,0.5099160313901345,0.1563774076317383,0.5474291338582676,0.5071439127801333,0.4926240258429235,0.527822350090854,0.5238574197456086,0.518809872804361,0.5100868362608519,2024-04-27 11:09:29.842000+00:00,0.146635,0.449234,0.41236199999999995,0.4375050000000001,0.448261,0.472838,0.487597,0.49566999999999994,0.14678335201793724,0.44678856502242154,0.41282107623318387,0.43403828475336326,0.44622522421524663,0.47183839686098655,0.48774327354260094,0.496400840807175,0.14552586311326468,0.44525251362810414,0.4096782354128811,0.43128841106400145,0.4427889158086009,0.46926093276801917,0.4869709872804359,0.4965557036139713
1.0,1.0,0.9061175045427013,0.186,0.0,0.016947,0.019015,0.024360000000000003,0.015645000000000003,0.015558,0.005901000000000001,0.004209,0.004541,0.01754276905829596,0.018932343049327355,0.023776345291479824,0.015881838565022423,0.015125000000000001,0.004874215246636772,0.004864798206278028,0.005238621076233184,0.01825283666464769,0.018824853624066218,0.0236949323642237,0.0161216434484151,0.015436765596608115,0.0049148193014334745,0.00565538057742782,0.005838017363214213,2024-05-02 11:09:37.380000+00:00,0.022164000000000003,0.08714899999999999,0.065179,0.044296,0.04386,0.041388,0.039577,0.035126,0.022651737668161438,0.0871340807174888,0.06484299327354262,0.044438116591928256,0.043567432735426015,0.04060896860986547,0.039972982062780264,0.03575347533632288,0.023255158489804157,0.08705550171613165,0.06478005249343831,0.044618190995356334,0.04381712093680598,0.04060222087623661,0.04057502523722995,0.03627498485766202
1.0,1.0,0.9061175045427013,0.132,0.0,0.01913,0.028415000000000003,0.032277,0.021662,0.022009,0.014652000000000002,0.013126,0.012823999999999999,0.019581446188340814,0.02835980941704036,0.031703475336322874,0.02190801569506727,0.021627466367713007,0.013592208520179375,0.013624047085201797,0.013418778026905831,0.02018736119523521,0.02826725217040177,0.031635816676761554,0.02216085200888351,0.0219486169997981,0.013567837674136881,0.014354270139309509,0.013978295982232986,2024-05-02 11:09:33.658000+00:00,0.022247000000000003,0.08714899999999999,0.065179,0.044296,0.043894,0.041505,0.039677000000000004,0.03530900000000001,0.02269927130044843,0.08712942825112108,0.06482959641255608,0.04443845291479821,0.0435929932735426,0.04064517937219731,0.0400344730941704,0.035856221973094175,0.023258348475671306,0.08705733898647285,0.0647751261861498,0.044620310922673115,0.04382447001817081,0.04058721986674742,0.040605653139511394,0.03632864930345245
0.0,0.0,0.01655562285483545,0.15396860986547087,0.5033241137099354,0.030992000000000002,0.05919499999999999,0.050649999999999994,0.041319999999999996,0.045048000000000005,0.02795,0.026922,0.023441000000000004,0.030993497757847533,0.05755392376681615,0.048664405829596406,0.03999585201793722,0.042982567264574,0.02689125560538117,0.02664131165919283,0.02408637892376682,0.030584595194831414,0.056947769028871366,0.04760086816071069,0.038888754290329085,0.040698061780738946,0.02552251160912578,0.02573508984453866,0.024003311124570964,2024-05-07 11:09:35.328000+00:00,0.033926,0.11032,0.082439,0.06259,0.064752,0.056886,0.05600700000000001,0.049408999999999995,0.033899159192825115,0.10933867713004486,0.08114786995515698,0.06162757847533633,0.06313693946188342,0.05600162556053812,0.05578525784753363,0.05003447309417042,0.03351930143347466,0.10895122148193012,0.080419079345851,0.060772562083585696,0.06137112860892389,0.05487169392287502,0.055000767211790834,0.049936745406824155
0.0,0.11042600896860988,0.2444982838683626,0.126,0.41366561379689515,0.031792,0.06256300000000001,0.053401000000000004,0.042754,0.047797000000000006,0.030933000000000002,0.029356,0.025907000000000003,0.03178587443946189,0.061099551569506735,0.051566760089686095,0.04153189461883409,0.045553251121076235,0.02991524663677131,0.02928576233183856,0.026459921524663678,0.031386836260852,0.0605168382798304,0.05051748435291742,0.040440318998586716,0.043303371693922864,0.028638380779325654,0.028415182717544913,0.026304926307288506,2024-05-07 11:09:31.612000+00:00,0.033926,0.110403,0.082439,0.062673,0.064735,0.056786,0.055907000000000005,0.04957500000000001,0.033899159192825115,0.10937640134529147,0.08116681614349777,0.06163632286995517,0.06310117713004486,0.05592707399103141,0.0557835201793722,0.050081558295964126,0.03352398546335555,0.1089667070462346,0.08042652937613567,0.060779931354734494,0.06134912174439734,0.05484173228346456,0.05499985867151221,0.049917161316373915
0.0,0.0,0.0,0.3,1.0,0.14983,0.221743,0.20914900000000003,0.18777200000000002,0.205368,0.203366,0.20094499999999998,0.203575,0.14892343049327358,0.22198133408071755,0.20945543721973098,0.18823290358744396,0.20493778026905832,0.20324798206278027,0.20167488789237673,0.20326463004484308,0.14876218453462545,0.22257771047849786,0.20930692509590143,0.18842776095295777,0.2051129012719564,0.20339616394104576,0.2025055925701595,0.20454445790430037,2024-05-12 11:09:33.980000+00:00,0.141164,0.19803,0.179466,0.169387,0.17925100000000002,0.20248300000000002,0.21401300000000004,0.22007700000000002,0.14040784753363234,0.1981125,0.1796096412556054,0.16969204035874444,0.17902987668161438,0.20245554932735427,0.21458542600896865,0.21986917040358747,0.14025196850393698,0.1984116293155663,0.1795300020189784,0.1697977791237634,0.1791471633353523,0.20257526751463756,0.21522994144962646,0.22087898243488788
0.0,0.0,0.0,0.33204652466367723,1.0,0.36055899999999996,0.47254,0.43881499999999996,0.407691,0.42308900000000005,0.42541100000000004,0.42011600000000004,0.42400899999999997,0.3592358744394619,0.4607833520179372,0.4258544843049327,0.4012423766816144,0.41901255605381166,0.4224519618834081,0.42161659192825124,0.4218568385650225,0.35700316979608315,0.4422946093276802,0.41010686452654954,0.3921997981021603,0.41339220674338784,0.41952848778518076,0.42087552998182914,0.42001621239652737,2024-05-17 11:09:32.553000+00:00,0.319491,0.31238699999999997,0.29395000000000004,0.301243,0.31517500000000004,0.352469,0.368678,0.38879400000000003,0.3183410874439463,0.30674927130044843,0.287132567264574,0.2972239910313902,0.31262365470852016,0.3505132847533633,0.36971098654708523,0.3871474775784754,0.31643357561074104,0.2979813244498284,0.27888875429032906,0.2915310518877448,0.3090660811629315,0.34852721582879065,0.36915881284070257,0.3857311124570967
0.0,0.0,0.0,0.094,1.0,0.347442,0.36495500000000003,0.35347300000000004,0.339417,0.36951500000000004,0.387822,0.38676299999999997,0.394943,0.3461839686098655,0.3563508408071749,0.34364473094170406,0.33447853139013456,0.3662538677130045,0.38522483183856504,0.3879107623318386,0.3931950112107624,0.3440597415707652,0.3431224914193418,0.33190900464365036,0.32736188168786584,0.361698667474258,0.3828358772461134,0.38731403189985864,0.3916921663638199,2024-05-17 11:09:28.847000+00:00,0.319408,0.312487,0.29395000000000004,0.301243,0.31517500000000004,0.35245199999999993,0.368678,0.38867700000000005,0.3183152466367714,0.30681619955156947,0.2871492713004485,0.29725594170403596,0.3126464686098655,0.3504687219730942,0.3696955156950673,0.38708396860986555,0.3164009892994145,0.29802840702604483,0.2789310922673126,0.29155812638804757,0.3090803149606299,0.34850969109630525,0.36915053502927514,0.3857050676357763
0.0,0.0,0.0,0.24,1.0,0.685475,1.1821620000000002,1.1161260000000002,1.087082,1.130613,1.075544,1.043411,1.0124929999999999,0.6691420964125562,1.1821729820627804,1.1006538116591928,1.0677232062780273,1.1060321748878923,1.0533079596412556,1.0271767937219731,1.0014304932735427,0.6589905511811023,1.1820245103977387,1.0931421360791442,1.0552005249343832,1.090172299616394,1.0389162325863115,1.0142490409852611,0.9895640419947503,2024-06-01 11:09:38.188000+00:00,0.6172040000000001,0.7339370000000001,0.728113,0.8050939999999999,0.834214,0.85555,0.8761070000000001,0.8876580000000001,0.6027135650224216,0.7339271860986549,0.7189280829596414,0.7914684417040361,0.817006894618834,0.838943273542601,0.8633169843049329,0.8785522421524664,0.5937484756713101,0.7337401171007472,0.7144363012315768,0.7826602261255804,0.805913163739148,0.8282133858267716,0.8531511003432263,0.8687192004845546
0.0,0.0,0.0,0.24,1.0,0.6894410000000001,1.171294,1.10633,1.077716,1.139945,1.083825,1.0470110000000001,1.013342,0.6729931614349774,1.1717606502242153,1.0911076233183858,1.0584941704035875,1.1150293721973095,1.0612259529147983,1.0307152466367713,1.0023564461883407,0.6627692509590146,1.1716945689481122,1.0835666060973144,1.045957399555825,1.0991224106602058,1.0466775691500099,1.0178377347062388,0.990437593377751,2024-06-01 11:09:34.464000+00:00,0.617221,0.73342,0.728313,0.8052940000000001,0.834014,0.855616,0.8760900000000001,0.8876580000000001,0.6027697869955158,0.7337066143497758,0.7190415919282512,0.7916075672645742,0.8167923206278028,0.8389426008968611,0.8633188901345291,0.8785502242152468,0.5937960226125578,0.7335956591964463,0.7144992125984252,0.7827353119321622,0.805815626892792,0.8281839693115284,0.8532246719160103,0.8686607712497477
1.0,0.95347533632287,0.7195639006662627,0.33204652466367723,0.0,0.048753,0.054418999999999995,0.061581,0.046815,0.043165,0.022779,0.0238,0.021871,0.04775437219730943,0.05397371076233185,0.061727690582959654,0.04718934977578476,0.043885482062780264,0.02208559417040359,0.023653475336322876,0.022252690582959644,0.04664140924692106,0.053082374318594784,0.0613366444579043,0.04576137694326671,0.04240175651120533,0.02116186149808197,0.02302010902483343,0.022070745003028466,2024-06-06 11:09:37.172000+00:00,0.054436,0.111551,0.09653199999999999,0.075532,0.072459,0.070647,0.0736,0.068416,0.05361193946188341,0.11134473094170405,0.09659764573991034,0.07580145739910314,0.07289786995515697,0.07016356502242153,0.07351081838565023,0.0687179932735426,0.05266048859277205,0.11093004239854633,0.09639051080153443,0.0748953361599031,0.07198590753078939,0.06935636987684231,0.07286119523521097,0.06848433272763982
1.0,0.7146860986547084,0.616596002422774,0.197,0.0,0.053153,0.06510200000000001,0.070998,0.056232000000000004,0.05648000000000001,0.043445000000000004,0.044534,0.041386,0.05221765695067265,0.06474971973094171,0.07107892376681615,0.056653363228699564,0.057112780269058305,0.04279248878923768,0.04459394618834082,0.04162337443946189,0.05116220472440944,0.06406600040379568,0.07078841106400162,0.05542707450030284,0.05577908338380778,0.041810922673127394,0.04384465980214011,0.04128455481526348,2024-06-06 11:09:33.454000+00:00,0.054436,0.111551,0.09653199999999999,0.075449,0.072476,0.070713,0.073583,0.06849899999999999,0.05359461883408073,0.11134473094170405,0.09659730941704038,0.07574949551569508,0.07296367713004485,0.07015902466367714,0.07351278026905829,0.0687204596412556,0.052650434080355336,0.11093004239854633,0.09638566525338178,0.07485534019785987,0.07201578841106399,0.0693586715122148,0.07286004441752472,0.06847300625883303
0.0,0.0,0.0,0.16404652466367717,1.0,0.620557,1.089352,1.005396,0.9737760000000001,0.9994200000000001,0.9545540000000001,0.93381,0.912301,0.6204222533632288,1.0945872197309419,1.0115547085201793,0.9754917040358747,1.0040035874439461,0.9578360986547085,0.935090302690583,0.9151123318385651,0.6190047647890168,1.0970218049666869,1.013817726630325,0.977495416919039,1.0052845346254793,0.9597830607712496,0.9371778518069857,0.9161316172016958,2024-06-11 11:09:40.635000+00:00,0.569076,0.754212,0.720264,0.7775799999999998,0.7899900000000001,0.806813,0.8294029999999999,0.8384730000000001,0.5689519058295964,0.7576803251121076,0.724362219730942,0.7786618834080717,0.7934931053811661,0.809457903587444,0.8305383968609865,0.8408767937219731,0.5676669695134263,0.7592722188572583,0.7259004037956794,0.7802726630325053,0.7945073894609327,0.8110231778719967,0.8323154249949525,0.8417374722390467
0.0,0.0,0.0,0.05,1.0,0.6153740000000001,0.961416,0.905898,0.8950100000000001,0.9536880000000001,0.9147900000000001,0.8941140000000001,0.877137,0.6152316143497759,0.9662096412556054,0.9115245515695068,0.8962068385650226,0.9581848654708522,0.917932118834081,0.895230605381166,0.8797256726457399,0.6138329497274377,0.9684828184938419,0.9135713305067635,0.8980919846557643,0.9595380375529979,0.9197483141530384,0.8971542499495255,0.8806424591156875,2024-06-11 11:09:36.906000+00:00,0.569076,0.754112,0.720264,0.7775629999999999,0.789824,0.806813,0.829503,0.8384900000000001,0.5689427130044844,0.7576488789237668,0.724395908071749,0.7786164237668162,0.7934373878923768,0.8095046524663677,0.8305780269058296,0.8408988789237668,0.5676739955582476,0.7592547546941247,0.7259193418130425,0.7802377548960224,0.7945180294770844,0.8110535029275185,0.8323137492428829,0.8417473652331917
1.0,1.0,0.896628306077125,0.14300000000000002,0.0,0.039646,0.061148,0.09527100000000001,0.05238,0.058230000000000004,0.037534000000000005,0.042082,0.039074000000000005,0.036949271300448436,0.05367270179372199,0.0876497197309417,0.04459977578475337,0.05104843049327355,0.03317713004484306,0.03529338565022422,0.032085426008968604,0.03385717746820109,0.04683941045830809,0.08101364829396324,0.037984171209368055,0.04436133656369877,0.026780436099333737,0.028899979810216036,0.026497819503331316,2024-06-16 11:09:37.388000+00:00,0.041138,0.10748900000000002,0.11149900000000001,0.070188,0.071581,0.06094,0.065347,0.060345,0.038770179372197316,0.10278890134529149,0.10635992152466368,0.06419596412556054,0.06628419282511212,0.05744131165919283,0.0597252802690583,0.0542710201793722,0.035988532202705426,0.09846137694326672,0.10184526549565921,0.059065536038764375,0.061293741166969506,0.05219309509388247,0.054301574803149615,0.04923838077932566
1.0,0.8660313901345292,0.8940036341611145,0.126,0.0,0.040146,0.06406099999999999,0.096518,0.053861000000000006,0.05967900000000001,0.040564,0.044497,0.041272,0.037547589686098656,0.05693548206278028,0.0890427130044843,0.04622628923766817,0.05299428251121077,0.036073430493273544,0.03802068385650225,0.034545964125560547,0.03447070462346053,0.050303008277811416,0.08256539471027659,0.039730183727034116,0.046526428427215834,0.02957185544114678,0.0317065011104381,0.029009872804360994,2024-06-16 11:09:33.674000+00:00,0.041138,0.107506,0.11158200000000001,0.07028799999999999,0.071415,0.061106,0.06526399999999999,0.060445,0.03876928251121076,0.102845235426009,0.10636278026905831,0.06419871076233183,0.06624433856502243,0.05750964125560539,0.05974002242152466,0.054324775784753365,0.03599121744397334,0.09851706036745407,0.10182820512820513,0.05905580456289118,0.06128598828992528,0.052212881082172424,0.05432271350696548,0.04926715122148193
0.0,0.0,0.0,0.20800000000000002,1.0,0.640451,1.133846,1.0297420000000002,0.9718100000000001,1.0093150000000002,0.9504269999999999,0.915305,0.8886820000000001,0.6413272982062781,1.1217158071748878,1.0207678251121077,0.9735744394618835,1.0153197869955157,0.9595001121076232,0.929688340807175,0.90326418161435,0.6435102967898243,1.1251302644861698,1.0277892994144961,0.9825850191802946,1.0263614173228344,0.9702131031697959,0.9408592570159499,0.915725479507369,2024-06-21 11:09:39.377000+00:00,0.5785119999999999,0.738613,0.706217,0.747901,0.758114,0.773306,0.789293,0.7993110000000001,0.5793103139013454,0.731466311659193,0.7006003923766816,0.7490735986547086,0.7624951793721974,0.7803512331838567,0.8009605941704037,0.8116578475336322,0.581269796083182,0.7334861498081968,0.7050127801332524,0.7557161720169594,0.7703945487583282,0.7885574803149606,0.8100178477690287,0.8222398748233392
0.0,0.0,0.0,0.148,1.0,0.635385,1.038322,0.955388,0.911286,0.9681720000000001,0.9182160000000001,0.8844790000000001,0.862135,0.6360658632286996,1.0268803811659193,0.9473945067264573,0.9128895739910313,0.9738969730941704,0.9270793721973094,0.8984883968609867,0.8759158071748879,0.6382561477892187,1.0299889359983847,0.9539227538865331,0.9213909145972139,0.984450555219059,0.9373470220068645,0.9092472239047042,0.8879208762366242,2024-06-21 11:09:35.651000+00:00,0.578629,0.738596,0.7061340000000002,0.7477180000000001,0.758197,0.773223,0.788978,0.7992940000000002,0.5793161434977577,0.7314626121076234,0.7005606502242152,0.7490168721973095,0.7624887892376683,0.7803362668161435,0.8008913677130045,0.8115941704035875,0.5812826569755704,0.7334868362608518,0.7049968907732685,0.7556793256612152,0.7703893397940642,0.7885386432465172,0.8100159297395517,0.8222313143549363
0.0,0.0,0.0,0.32185874439461887,0.19701755468657953,0.07415400000000001,0.074614,0.109508,0.069582,0.07988800000000001,0.060412,0.061168999999999994,0.06453600000000001,0.0739006726457399,0.07214220852017939,0.10626709641255609,0.06745470852017939,0.07815874439461883,0.05815487668161435,0.060864573991031394,0.061754764573991046,0.07266844336765595,0.06992275388653342,0.10409113668483747,0.06520224106602057,0.07558897637795274,0.05602043206137693,0.05890508782556025,0.059289723399959596,2024-06-26 11:09:38.080000+00:00,0.075556,0.124824,0.125103,0.09250499999999999,0.095226,0.09516899999999999,0.10039000000000001,0.101676,0.07533503363228701,0.1236468609865471,0.12336586322869957,0.09117348654708522,0.09414702914798208,0.09362819506726458,0.10017550448430494,0.09952841928251123,0.07429709267110841,0.12257409650716736,0.12218673531193217,0.08972699374116694,0.09255873208156672,0.09216953361599031,0.0987564304461942,0.0976211588935998
0.0,0.0,0.0,0.251,1.0,0.071954,0.069316,0.09881000000000001,0.05836700000000001,0.07085600000000002,0.058646,0.060069000000000004,0.062753,0.0717625,0.0671060538116592,0.09587017937219733,0.05653021300448431,0.06929568385650225,0.056326849775784754,0.05964142376681616,0.060042937219730946,0.07058247526751464,0.0651072885120129,0.09389404401372904,0.05444492226933171,0.06696618211185143,0.05442105794467999,0.05778493842115888,0.057759559862709454,2024-06-26 11:09:34.364000+00:00,0.075605,0.12490700000000003,0.125103,0.09252200000000001,0.095226,0.09516899999999999,0.100556,0.10164200000000001,0.0753262331838565,0.12367152466367715,0.12336866591928253,0.09118778026905831,0.09410952914798207,0.09356933856502243,0.10024355381165923,0.09948878923766818,0.07427013930950939,0.12258435291742377,0.12218639208560468,0.08973107207752874,0.09253206137694327,0.0921622249141934,0.09878988491823135,0.09760585503735109
1.0,0.95347533632287,0.7195639006662627,0.148,0.0,0.045515,0.04935400000000001,0.08131600000000001,0.047871000000000004,0.054375,0.037726,0.040228,0.0393,0.04444271300448431,0.046685201793721987,0.0776535874439462,0.04577696188340808,0.05195128923766817,0.03765571748878924,0.039719955156950676,0.03925594170403589,0.04454560872198666,0.04652208762366242,0.07772556026650514,0.045848172824550774,0.052336381990712694,0.03816109428629113,0.04013076923076921,0.03957246113466585,2024-07-01 11:09:37.893000+00:00,0.046398,0.101892,0.101505,0.066107,0.068777,0.061010999999999996,0.06387899999999999,0.059982999999999995,0.04546076233183856,0.10021491031390137,0.09901928251121075,0.06446989910313902,0.06694019058295965,0.060943778026905836,0.06342343049327355,0.06002853139013454,0.04556904906117504,0.10010197859882897,0.0990592570159499,0.06452826569755703,0.06723317181506158,0.061349242883101146,0.06375980214011709,0.06030882293559458
1.0,0.7146860986547084,0.616596002422774,0.137,0.0,0.046063999999999994,0.052554,0.083733,0.04937100000000001,0.05690699999999999,0.039343,0.041747000000000006,0.0407,0.044910145739910326,0.04988492152466368,0.0801515134529148,0.0472420403587444,0.054147533632287005,0.039437107623318396,0.04131687219730942,0.040587443946188344,0.044911548556430446,0.04972354128810822,0.08023385826771652,0.04730250353321218,0.05454694124772864,0.04003670502725621,0.04173244498283868,0.04083650312941651,2024-07-01 11:09:34.175000+00:00,0.046498000000000005,0.101892,0.101505,0.066107,0.06886,0.060894,0.063747,0.060065999999999994,0.04550392376681615,0.10021491031390137,0.09901463004484304,0.06446989910313902,0.06694002242152466,0.0608612668161435,0.06341367713004485,0.059986715246636776,0.04556912982031091,0.10010197859882897,0.09905410862103772,0.06452802342014939,0.0672446598021401,0.06130526953361597,0.0637596608116293,0.060259882899252964
0.0,0.0,0.0,0.311,1.0,0.6096030000000001,1.6566480000000001,1.440276,1.3133740000000003,1.276155,1.173232,1.166553,1.108643,0.619262668161435,1.649156278026906,1.4405292600896864,1.3019399103139015,1.2779813340807176,1.1819139013452917,1.1655006165919282,1.0996788677130045,0.6254479911164952,1.6366576216434483,1.430442519685039,1.2937164950535027,1.275964001615183,1.1825298203109225,1.1629000605693518,1.093321885725823,2024-07-06 11:09:37.794000+00:00,0.5323669999999999,0.9107090000000001,0.8598680000000002,0.9069450000000001,0.852853,0.8604930000000001,0.913437,0.9263850000000001,0.5406055493273542,0.9074971412556057,0.8600026905829596,0.8994391255605383,0.8540288677130046,0.866434585201794,0.9126535313901346,0.9193044282511211,0.5458687058348476,0.9013906117504542,0.854565172622653,0.8940633555420957,0.8527509186351707,0.8668523924894004,0.9107536644457903,0.9143099939430649
1.0,1.0,1.0,0.148,0.047210830158828106,0.011963999999999999,0.01777,0.035849000000000006,0.012132,0.010049,0.002324,0.00213,0.003307,0.011793441704035873,0.01812258968609866,0.03648783632286996,0.011833856502242154,0.010676625560538121,0.0016413677130044844,0.002953363228699552,0.002370571748878924,0.01119852614577024,0.017517262265293758,0.03575770240258429,0.010880738946093276,0.010757460125176662,0.002099596204320613,0.0022957601453664446,0.002243307086614173,2024-07-11 11:09:37.414000+00:00,0.016264000000000004,0.08260200000000001,0.07134900000000001,0.038749000000000006,0.034548999999999996,0.031639,0.031113000000000002,0.028141,0.016067152466367716,0.08281446188340807,0.07178593049327354,0.03854131165919283,0.03489417040358745,0.030671692825112108,0.03164719730941705,0.02677415919282512,0.015539006662628706,0.082429598223299,0.07128007268322227,0.037810599636583876,0.03490811629315566,0.030675186755501713,0.030739592166363815,0.02635683424187361
1.0,1.0,1.0,0.15396860986547087,0.06151714232816996,0.011713000000000001,0.019587000000000004,0.03664900000000001,0.012249000000000001,0.010298,0.0022410000000000004,0.001611,0.002656,0.011523822869955158,0.019969226457399104,0.03731233183856503,0.011917993273542602,0.010807511210762332,0.0015709080717488792,0.0024110426008968617,0.001927578475336323,0.01090635978195033,0.019368120331112453,0.036577205733898645,0.01094894003634161,0.010827639814253985,0.001968302039168181,0.001954088431253785,0.0019039975772259237,2024-07-11 11:09:33.698000+00:00,0.016247,0.08260200000000001,0.07134900000000001,0.038749000000000006,0.034598000000000004,0.031705000000000004,0.031145,0.028107,0.01601541479820628,0.08281446188340807,0.07178593049327354,0.03854131165919283,0.03488178251121076,0.030688396860986546,0.031679764573991034,0.026706558295964123,0.015460468402988089,0.082429598223299,0.07128495861094285,0.03780920654148999,0.03489727437916413,0.030683908742176462,0.030750716737330902,0.02630385624873814
1.0,1.0,0.9079345850999394,0.15396860986547087,0.0,0.013090000000000001,0.023777,0.044809,0.015604999999999999,0.018548000000000002,0.00952,0.008954,0.008484,0.016170123318385653,0.027363452914798206,0.04852242152466368,0.01932987668161435,0.02259742152466368,0.012545347533632288,0.013128979820627803,0.01230779147982063,0.01756672723601857,0.02898516050878255,0.049930304865737934,0.02088435291742378,0.0239260448213204,0.013750111043811828,0.01488738138501918,0.013274278215223095,2024-07-16 11:09:37.663000+00:00,0.017541,0.08481300000000001,0.07732800000000001,0.042041,0.042403,0.038656,0.03769,0.033169000000000004,0.020208015695067267,0.08708066143497759,0.0798072869955157,0.0449155269058296,0.04537460762331839,0.041065807174887906,0.04113492152466368,0.03658430493273543,0.02144615384615384,0.08808007268322227,0.08075893397940642,0.046117666060973145,0.046368140520896425,0.04205198869372096,0.04254429638602868,0.03743341409246922
1.0,0.8951793721973094,0.856450635978195,0.16415134529147984,0.0,0.012724,0.024477,0.044809,0.014805000000000002,0.018182,0.007871000000000001,0.007436999999999999,0.006501000000000001,0.01574372197309417,0.028154484304932736,0.04857443946188342,0.018589517937219732,0.02228716367713005,0.011274663677130045,0.011566647982062783,0.010590639013452915,0.017087240056531394,0.02981487987078537,0.05002792247122955,0.020169897032101754,0.023578518069856648,0.012543185947910356,0.01338505955986271,0.011578497880072683,2024-07-16 11:09:33.951000+00:00,0.017541,0.08481300000000001,0.07732800000000001,0.042041,0.04233700000000001,0.03849,0.037756000000000005,0.033102999999999994,0.02019540358744395,0.08708066143497759,0.07981008968609866,0.0449155269058296,0.04536390134529148,0.04104960762331839,0.04109523542600897,0.03664742152466369,0.021403593781546534,0.08808007268322227,0.08076791843327275,0.046117666060973145,0.04635964062184535,0.042039652735715714,0.04252562083585705,0.03748027458106198
1.0,0.95347533632287,0.7195639006662627,0.132,0.0,0.045047,0.050576,0.083368,0.049534,0.054164,0.039321,0.041416999999999995,0.040416999999999995,0.04433867713004485,0.05090941704035875,0.08300213004484304,0.04937970852017937,0.05416917040358745,0.04000347533632287,0.040517937219730946,0.03948750000000001,0.04274449828386835,0.04927478295982233,0.0817902685241268,0.04796277003836059,0.05369788007268323,0.03918524126791843,0.03924873813850191,0.03859674944478093,2024-07-21 11:09:36.010000+00:00,0.046213,0.102806,0.10305099999999999,0.06751700000000001,0.069564,0.061487,0.063617,0.059417000000000005,0.045509192825112114,0.10300341928251121,0.10281378923766818,0.06733682735426011,0.06953688340807175,0.06203643497757848,0.06279209641255606,0.05861866591928252,0.04406432465172621,0.10195412881082172,0.10198336361800926,0.06622969917221885,0.06909521502119927,0.061320129214617394,0.061660629921259834,0.05782402584292347
1.0,0.7146860986547084,0.616596002422774,0.13586154708520184,0.0,0.044979000000000005,0.052676,0.08436800000000001,0.049733999999999993,0.054915,0.039338000000000005,0.041183000000000004,0.039468,0.04420678251121077,0.05302780269058296,0.08401804932735427,0.04953346412556055,0.055131390134529154,0.04000112107623318,0.040236603139013456,0.038767432735426016,0.04260050474459923,0.051403492832626685,0.08283185947910356,0.048121037754896026,0.0544191399152029,0.039091984655764175,0.03897706440541085,0.038066161922067424,2024-07-21 11:09:32.301000+00:00,0.046113,0.102806,0.10305099999999999,0.06751700000000001,0.06949799999999999,0.061553000000000004,0.063451,0.05915100000000001,0.04538525784753363,0.10301345291479823,0.10281378923766818,0.06733682735426011,0.06954243273542601,0.062007006726457405,0.06270454035874441,0.05845840807174889,0.043950938824954565,0.10195927720573389,0.10198713910761155,0.06622969917221885,0.06909927316777709,0.061310518877448,0.061654734504340794,0.05781029678982435
1.0,0.95347533632287,0.7468201090248333,0.3,0.0,0.021005000000000003,0.031071,0.05376700000000001,0.022725000000000002,0.028301,0.014610000000000001,0.016227,0.010765000000000002,0.021120067264573994,0.03129265695067265,0.0529005605381166,0.022440639013452918,0.02858508968609866,0.013419170403587446,0.013612387892376683,0.011139125560538119,0.02087022006864527,0.030605794467999197,0.052388370684433666,0.021920472440944888,0.028046355743993535,0.012529133858267717,0.012682838683626085,0.010340339188370682,2024-07-26 11:09:37.115000+00:00,0.029190000000000004,0.101094,0.092424,0.059066999999999995,0.059473,0.057201,0.059767,0.052252,0.02919209641255606,0.1012122197309417,0.09194691704035876,0.05887343049327356,0.05960936098654709,0.05643026905829596,0.05788766816143499,0.052504764573991045,0.028970946900868152,0.1008569755703614,0.09165828790631936,0.05853811831213404,0.05924962648899656,0.055812416717141114,0.05722267312739754,0.05183333333333332
1.0,0.7146860986547084,0.6438522107813446,0.2940465246636772,0.0,0.021205,0.033888,0.055167,0.023542,0.030533,0.016410000000000004,0.017227,0.011097,0.021264013452914805,0.03404153587443947,0.05428839686098655,0.02323245515695067,0.030795627802690587,0.01520156950672646,0.014588060538116593,0.011400336322869957,0.02104167171411266,0.03334813244498284,0.053789763779527544,0.022728083989501314,0.02999127801332525,0.014115970119119725,0.013606844336765594,0.010660589541691903,2024-07-26 11:09:33.405000+00:00,0.029006999999999998,0.101094,0.092424,0.059066999999999995,0.059373,0.057284,0.059833,0.05228400000000001,0.02911776905829597,0.1012122197309417,0.09194691704035876,0.058873710762331846,0.05957830717488789,0.05647443946188341,0.05790493273542601,0.05239338565022422,0.028944437714516453,0.10085641025641028,0.09165828790631936,0.05853539269129819,0.05923959216636381,0.055831455683424173,0.05720026246719159,0.05175356349687059
1.0,0.95347533632287,0.8013325257419744,0.181,0.0,0.041869,0.040204000000000004,0.05847,0.042651,0.049425000000000004,0.036389,0.037624000000000005,0.037408,0.035634809417040364,0.035626008968609874,0.05378766816143498,0.03667264573991032,0.04318335201793722,0.02899517937219731,0.02975325112107624,0.029165246636771298,0.029388713910761147,0.027565758126388056,0.04583989501312336,0.028394467999192402,0.03439246921057944,0.02035604684029881,0.02132818493842116,0.02090207954774884,2024-07-31 11:09:37.135000+00:00,0.043824,0.09867899999999999,0.088075,0.064484,0.066407,0.06128600000000001,0.063121,0.060299,0.03830022421524665,0.09597180493273542,0.08500885650224217,0.05999030269058297,0.061851849775784756,0.05550117713004485,0.05668553811659193,0.053117320627802694,0.032745487583282856,0.09113383807793256,0.07982824550777308,0.0537783565515849,0.05548211185140317,0.048740944881889764,0.04974520492630728,0.04600484554815262
1.0,0.7146860986547084,0.6983646274984857,0.181,0.0,0.041534999999999996,0.04228699999999999,0.05925300000000001,0.042651,0.049408,0.036055,0.037339000000000004,0.036908,0.03529596412556054,0.03771485426008969,0.05460106502242153,0.036708464125560544,0.043301401345291486,0.02844192825112108,0.029214966367713008,0.028523206278026913,0.02911655562285483,0.029605269533615985,0.04664510397738743,0.02839279224712295,0.03449632545931758,0.019737108822935587,0.020682939632545926,0.020243771451645465,2024-07-31 11:09:33.418000+00:00,0.043807000000000006,0.09867899999999999,0.088075,0.064484,0.066424,0.06128600000000001,0.06320400000000001,0.060315999999999995,0.038241479820627804,0.09597180493273542,0.08500885650224217,0.06000033632286997,0.06186849775784754,0.055450672645739926,0.056703699551569516,0.05313234304932737,0.03273313143549364,0.09113383807793256,0.07982824550777308,0.05378350494649707,0.05550020189783969,0.04869834443771451,0.04974988895618816,0.046023924894003636
0.0,0.0,0.01655562285483545,0.23500000000000001,0.28142479648569646,0.012840999999999998,0.024492,0.033785,0.015130000000000001,0.020666,0.006394,0.006013,0.003154,0.01288312780269058,0.0244965807174888,0.03457483183856503,0.01579097533632287,0.02072718609865471,0.007592713004484305,0.007485594170403588,0.003750784753363229,0.01367290530991318,0.02563026448617,0.03568300020189783,0.01699234807187563,0.022232788209166156,0.00839650716737331,0.008267676155865131,0.005290349283262668,2024-08-05 11:09:36.952000+00:00,0.019843,0.092962,0.076451,0.049064,0.050083,0.044579,0.044564,0.03799,0.019878979820627807,0.09293183856502242,0.07697466367713006,0.049519282511210766,0.050162668161434984,0.045425112107623324,0.04563335201793723,0.038485874439461894,0.020557985059559865,0.0935706642438926,0.07764667878053705,0.050365091863517064,0.051187098728043605,0.04600678376741368,0.046229012719563894,0.03973486775691499
0.0,0.0,0.013930950938824953,0.24,0.3035406720039497,0.013056,0.024258000000000002,0.033585000000000004,0.01433,0.020298000000000004,0.006077,0.005764,0.0029879999999999998,0.012678251121076236,0.024227578475336325,0.03448436098654709,0.015042096412556053,0.020362331838565024,0.0073077914798206295,0.00718828475336323,0.0035040919282511213,0.01344189380173632,0.025406117504542695,0.03562134060165556,0.016273470623864323,0.0220478901675752,0.008147425802543911,0.007885322027054309,0.005064748637189581,2024-08-05 11:09:33.240000+00:00,0.020075000000000003,0.092962,0.076451,0.048981000000000004,0.05006599999999999,0.044513,0.044598,0.037924,0.019888172645739916,0.09295610986547087,0.07697466367713006,0.049504988789237675,0.05016244394618835,0.04540840807174888,0.045667040358744394,0.038441199551569515,0.020559075307894203,0.09358600847970927,0.07764611346658593,0.05035994346860489,0.05122816474863719,0.04602628709872804,0.0462366444579043,0.0397284877851807
1.0,0.95347533632287,0.7195639006662627,0.301,0.0,0.0295,0.026066,0.056496,0.028964,0.039864000000000004,0.01866,0.019923,0.018706000000000004,0.02859159192825112,0.02523071748878924,0.05482073991031391,0.027357230941704037,0.038419562780269055,0.016642152466367712,0.017067713004484307,0.01644719730941704,0.02688124369069251,0.02358528164748637,0.052742519685039374,0.025171310316979605,0.03610056531395114,0.0146257217847769,0.015073975368463558,0.013975408843125377,2024-08-10 11:09:35.783000+00:00,0.036917000000000005,0.10166600000000002,0.094681,0.064198,0.068732,0.06174500000000001,0.064021,0.059321000000000006,0.03615829596412557,0.10120633408071751,0.0937736547085202,0.06314338565022422,0.06788593049327356,0.060329988789237676,0.06193996636771301,0.05763727578475337,0.034683303048657375,0.10039634564910156,0.09262529779931354,0.06173014334746618,0.06641938219261052,0.058965293761356743,0.06046127599434686,0.05570698566525337
1.0,0.7146860986547084,0.616596002422774,0.26970235426008976,0.0,0.031034000000000003,0.032766,0.060213,0.032564,0.044681000000000005,0.024243,0.02474,0.023089000000000002,0.029955549327354263,0.031962051569506725,0.058650168161434986,0.031023542600896865,0.04314876681614351,0.022207679372197316,0.02214669282511211,0.021044618834080722,0.02824908136482939,0.030400222087623652,0.056671088229355945,0.02894891984655763,0.04081821118514031,0.020214052089642644,0.020288956188168783,0.018751282051282053,2024-08-10 11:09:32.072000+00:00,0.037034,0.10166600000000002,0.094681,0.064198,0.068832,0.061762000000000004,0.063904,0.059138,0.036201008968609866,0.10120571748878927,0.09376872197309419,0.06314338565022422,0.06792987668161435,0.06037118834080719,0.06189114349775786,0.05750751121076234,0.03470680395719765,0.10038627094690088,0.09261990712699372,0.06173040581465778,0.06644009691096305,0.05896410256410254,0.06043947102766,0.05564665859075308
1.0,1.0,1.0,0.16404652466367717,0.0,0.008264,0.007936,0.026098000000000003,0.005830000000000001,0.015777,0.0,0.000249,0.0,0.008893890134529148,0.00832494394618834,0.02585039237668162,0.005515470852017938,0.01609248878923767,9.517937219730944e-05,0.0005062780269058295,1.860986547085202e-05,0.009438562487381385,0.00829503331314355,0.026156935190793453,0.005664365031294164,0.01631558651322431,0.0001706036745406824,0.0006945285685443165,0.00015913587724611345,2024-08-15 11:09:38.105000+00:00,0.013198,0.076485,0.066115,0.035864,0.041079000000000004,0.030298000000000002,0.030462000000000003,0.024697999999999998,0.013755885650224215,0.07675667040358745,0.0659447869955157,0.0356338004484305,0.04130896860986548,0.030594843049327358,0.030459921524663685,0.024878587443946196,0.014256854431657579,0.07673949121744396,0.06613991520290734,0.03573819907126994,0.04144332727639813,0.030551685846961434,0.030758227336967498,0.025213688673531198
1.0,1.0,1.0,0.14300000000000002,0.0014306312169341852,0.009081,0.013319,0.030164000000000003,0.00873,0.019428,0.002381,0.0034110000000000004,0.001098,0.009749551569506729,0.013698206278026908,0.0298570067264574,0.008378979820627803,0.019827746636771303,0.0027974775784753367,0.003470795964125561,0.0013941143497757846,0.010317161316373911,0.013686896830203918,0.030154027861901862,0.008521704017767008,0.020010579446799917,0.002670926711084191,0.00373137492428831,0.0018197052291540478,2024-08-15 11:09:34.386000+00:00,0.013298,0.076485,0.066115,0.035864,0.041096,0.030315,0.030528000000000003,0.024680999999999998,0.013829091928251123,0.07675667040358745,0.0659447869955157,0.0356338004484305,0.041316928251121085,0.0306767937219731,0.030534753363228705,0.024874271300448437,0.014286048859277204,0.07673949121744396,0.06613991520290734,0.03573819907126994,0.04143093074904097,0.030600363416111442,0.030752554007672125,0.025220593579648704
1.0,1.0,1.0,0.267615470852018,0.0,0.013698,0.0427,0.061381,0.035785000000000004,0.043917000000000005,0.030596000000000005,0.028938,0.023683000000000003,0.013857623318385654,0.04330840807174889,0.06077068385650224,0.03612163677130045,0.04363161434977578,0.03009893497757848,0.02904843049327355,0.02362533632286996,0.013962184534625478,0.043139652735715725,0.06101524328689682,0.036163597819503325,0.043575953967292545,0.02967676155865132,0.028698849182313753,0.02378724005653139,2024-08-20 11:09:33.262000+00:00,0.021732,0.1109,0.09673199999999998,0.066151,0.069817,0.06619799999999999,0.06580400000000002,0.057634,0.021908408071748882,0.11120594170403587,0.09639545964125561,0.0663744394618834,0.06971070627802692,0.06598088565022422,0.0659295403587444,0.057683408071748876,0.022000605693519075,0.11110730870179687,0.09651942257217849,0.06638326266908945,0.06970020189783967,0.06571588935998383,0.06565639006662627,0.05782626690894407
1.0,1.0,1.0,0.257,0.0,0.013932000000000002,0.046182999999999995,0.06309800000000002,0.036868000000000005,0.044733999999999996,0.031081,0.029723,0.024351,0.014141311659192827,0.04675571748878924,0.0626015134529148,0.03715106502242153,0.0444767937219731,0.03097612107623319,0.029995067264573995,0.02448245515695068,0.014197415707651926,0.04659705229154048,0.0628319200484555,0.037193801736321426,0.044426307288512004,0.030636301231576814,0.029644397334948502,0.024741651524328695,2024-08-20 11:09:29.558000+00:00,0.021666,0.11098300000000001,0.09673199999999998,0.066151,0.0699,0.066132,0.065704,0.057634,0.021899215246636773,0.11122023542600896,0.09639545964125561,0.06637909192825113,0.06972500000000002,0.06598391255605382,0.06585269058295964,0.0577285874439462,0.02200833838077932,0.11111245709670907,0.09652297597415709,0.0663884312537856,0.06971120533010294,0.06570920654149,0.06562416717141126,0.05787550979204522
1.0,0.95347533632287,0.7195639006662627,0.219,0.6158166099089445,0.325251,0.23558400000000002,0.240166,0.23168500000000003,0.258874,0.26773800000000003,0.281806,0.28902100000000003,0.3272758408071749,0.23567869955156953,0.24165134529147983,0.23386334080717489,0.263320067264574,0.27410269058295966,0.2840131165919283,0.29516793721973095,0.3295660004037956,0.2347432061376943,0.24241211387038153,0.2362878255602665,0.2659630123157683,0.279151282051282,0.288665091863517,0.29978277811427406,2024-08-25 11:09:35.207000+00:00,0.290555,0.21310600000000002,0.202629,0.203161,0.212282,0.235829,0.259195,0.276059,0.2923132847533632,0.21317505605381168,0.20350465246636773,0.20470437219730944,0.21526255605381175,0.2405002242152467,0.2609140695067265,0.2810994394618835,0.29418429234807186,0.21261766606097313,0.20389838481728245,0.20633385826771647,0.21696307288512004,0.24409045023218245,0.26443212194629506,0.28478635170603667
1.0,0.7146860986547084,0.616596002422774,0.126,0.6129553474750761,0.32336800000000004,0.22177300000000003,0.22740200000000002,0.221387,0.255708,0.263723,0.275857,0.28345699999999996,0.32543733183856505,0.22198817264573995,0.22879344170403584,0.22335622197309418,0.25991182735426016,0.269987668161435,0.2781568946188341,0.28935028026905835,0.3278014738542297,0.22119469008681605,0.2295128003230365,0.22561742378356547,0.2625028669493237,0.27491732283464565,0.2827860690490611,0.2938481122551989,2024-08-25 11:09:31.497000+00:00,0.290555,0.21310600000000002,0.202629,0.203161,0.212199,0.235829,0.259178,0.27591,0.29233133408071754,0.21318374439461885,0.20349551569506727,0.2047046524663677,0.21521395739910315,0.24052152466367716,0.2608681614349776,0.28100409192825115,0.2942022814455885,0.2126120331112457,0.20389456894811225,0.2063416111447607,0.21694754694124768,0.24409097516656567,0.2644096305269533,0.2847195033313143
0.0,0.0,0.0,0.32185874439461887,1.0,0.205013,0.673993,0.5821770000000001,0.5260969999999999,0.55857,0.516722,0.49396199999999996,0.468831,0.20553553811659195,0.6720857623318386,0.5829216367713004,0.5281090246636772,0.5613785313901346,0.5158517937219732,0.4918731502242153,0.4709008408071749,0.2061436705027256,0.6696342216838279,0.584153220270543,0.5294645467393497,0.5648210175651118,0.5163474056127599,0.4905352311730265,0.47107938623056744,2024-08-30 11:09:33.309000+00:00,0.18683,0.41998900000000006,0.38043,0.386542,0.38891899999999996,0.404192,0.418889,0.418469,0.18727292600896867,0.4189567264573992,0.380842769058296,0.38784786995515697,0.39062096412556063,0.40363301569506727,0.4173890695067265,0.42004108744394625,0.18778370684433673,0.41778726024631535,0.3814853825964062,0.3887247930547143,0.3926889359983848,0.4039671916010498,0.41645431051887744,0.4201573591762567
0.0,0.0,0.0,0.3051513452914798,1.0,0.203596,0.6623439999999999,0.56756,0.5104460000000001,0.5533380000000001,0.513754,0.48864499999999994,0.46531400000000006,0.20413183856502243,0.6603918721973094,0.5681738789237668,0.5123395179372198,0.5562701793721975,0.5127521300448431,0.4865594170403588,0.4671082399103139,0.2047548152634767,0.6579786997779123,0.569354593175853,0.5136811831213406,0.559689359983848,0.5132949121744398,0.4853014940440139,0.4672568342418735,2024-08-30 11:09:29.599000+00:00,0.18683,0.41998900000000006,0.38043,0.38652499999999995,0.38891899999999996,0.40425800000000006,0.41887199999999997,0.41863500000000003,0.18727292600896867,0.41897012331838573,0.3808430493273543,0.3878335762331839,0.39062096412556063,0.4035844170403588,0.4173919282511211,0.42004007847533636,0.1877885927720573,0.41779220674338774,0.38148901675752067,0.38871924086412274,0.39268215223097114,0.4039476075105996,0.41646299212598414,0.420155885322027
1.0,1.0,1.0,0.137,0.0,0.0063170000000000006,0.006085,0.024002000000000002,0.0069169999999999995,0.014228,0.0,8.5e-05,0.0,0.006500448430493274,0.006004091928251122,0.02453738789237669,0.006786210762331838,0.014331782511210766,0.0005397421524663678,0.000492713004484305,0.0,0.006589057137088633,0.0061959014738542295,0.024622673127397535,0.006857439935392691,0.014943731072077531,0.0008267716535433069,0.0010727236018574602,0.0002681607106803957,2024-09-09 11:09:30.554000+00:00,0.0107,0.077851,0.06396800000000001,0.034917000000000004,0.038096,0.029232,0.028168000000000006,0.022119,0.010823934977578477,0.07777819506726459,0.06429613228699553,0.03484002242152466,0.038151457399103146,0.029287275784753364,0.028411434977578476,0.022354708520179373,0.01090607712497476,0.07788808802745811,0.06435709670906518,0.034886573793660405,0.038590833838077925,0.029394245911568737,0.02868029477084595,0.02267607510599636
1.0,1.0,1.0,0.11,0.0,0.007483,0.012985000000000002,0.028585000000000003,0.010317000000000002,0.018196,0.004549,0.004385,0.001655,0.00757718609865471,0.01296137892376682,0.029084921524663684,0.010199607623318388,0.018360313901345297,0.004690919282511211,0.004724663677130044,0.0022712443946188345,0.007606783767413689,0.01315798505955986,0.029170825762164343,0.010271794871794871,0.019033939026852412,0.0048397536846355735,0.00511518271754492,0.0027417928528164744,2024-09-09 11:09:28.699000+00:00,0.010783000000000001,0.077851,0.06396800000000001,0.034917000000000004,0.037930000000000005,0.029315,0.028085000000000006,0.021970000000000003,0.010848430493273543,0.07778867713004485,0.06429613228699553,0.03484002242152466,0.03808032511210762,0.029318497757847534,0.028367208520179373,0.02231121076233184,0.01087916414294367,0.07789450837876036,0.06435816676761556,0.034886573793660405,0.038551806985665245,0.029418877448011298,0.028663335352311733,0.022655037351100336
1.0,1.0,1.0,0.132,0.0,0.006483000000000001,0.006851,0.024602000000000002,0.007583,0.014262000000000002,0.00043200000000000004,0.000851,0.0,0.006618665919282512,0.006741760089686099,0.02508766816143498,0.0073512331838565025,0.014425,0.0007862107623318386,0.0011269618834080718,0.0,0.006711245709670905,0.006922693317181505,0.02518641227538865,0.007417403593781546,0.015004704219664848,0.0010201897839693115,0.0015362406622249141,0.0003855643044619422,2024-09-09 11:09:37.125000+00:00,0.010683,0.077834,0.063951,0.035,0.038013,0.029232,0.028234000000000002,0.022185,0.01079887892376682,0.07777438340807176,0.06428234304932737,0.034854316143497766,0.03809271300448431,0.029277466367713004,0.028394394618834088,0.02232752242152467,0.010875388653341408,0.07788612961841308,0.06433896628306075,0.03488326266908944,0.038520956995760136,0.02935764183323238,0.02863145568342418,0.022631798909751668
1.0,1.0,1.0,0.121,0.0,0.006883,0.011551,0.027485000000000002,0.0093,0.016562,0.002715,0.0028340000000000006,0.0008020000000000001,0.007018665919282511,0.011496973094170406,0.02793273542600897,0.009115190582959643,0.01673430493273543,0.0027698991031390135,0.0030212443946188343,0.0009635650224215247,0.007119664849586108,0.011689319604280234,0.028026872602463147,0.009177064405410863,0.017339713305067637,0.002885867151221482,0.0033266303250555217,0.00136656571774682,2024-09-09 11:09:35.348000+00:00,0.010683,0.077834,0.063951,0.035,0.038013,0.029232,0.028234000000000002,0.022185,0.01079887892376682,0.07777438340807176,0.06428234304932737,0.034854316143497766,0.03809271300448431,0.029277466367713004,0.028394394618834088,0.02232752242152467,0.010875388653341408,0.07788612961841308,0.06433896628306075,0.03488326266908944,0.03852113870381586,0.02935764183323238,0.02863145568342418,0.022631798909751668
1.0,1.0,1.0,0.115,0.0,0.0073620000000000005,0.009698,0.021228,0.005366,0.009481,0.0,0.0,0.0,0.006331558295964126,0.009258127802690584,0.021305381165919287,0.005146356502242154,0.009541087443946189,0.0,4.5515695067264575e-05,0.0,0.006097516656571773,0.009107954774883905,0.021358247526751455,0.005210720775287703,0.009880577427821523,8.483747223904704e-05,0.0002657581263880476,1.271956390066626e-06,2024-09-14 11:09:34.146000+00:00,0.010662,0.075332,0.059713,0.031483000000000004,0.03271500000000001,0.02593,0.023751,0.0189,0.00977303811659193,0.07506008968609867,0.059742320627802686,0.031327522421524666,0.032792432735426015,0.025423150224215246,0.024060089686098657,0.019117713004484307,0.009573389864728447,0.0749367655966081,0.059765374520492645,0.03137680193821925,0.03305134262063396,0.025378154653745204,0.024304058146577833,0.019098828992529782
1.0,1.0,1.0,0.10433464125560538,0.0,0.007679,0.014398000000000001,0.024145,0.007248999999999999,0.011664,0.002045,0.000936,0.0,0.006711378923766816,0.013924775784753362,0.024249047085201796,0.006974047085201793,0.011818105381165919,0.0012331838565022423,0.0013973654708520182,0.00011681614349775785,0.006467595396729253,0.013742055320008075,0.024291318392893193,0.0070342014940440135,0.012215021199273163,0.0012031294165152431,0.0016355340197859879,0.00015574399353926913,2024-09-14 11:09:30.430000+00:00,0.010596000000000001,0.075332,0.059713,0.031483000000000004,0.032698000000000005,0.026013,0.023702,0.0189,0.009725504484304934,0.07506008968609867,0.059742320627802686,0.03132286995515695,0.03279428251121077,0.02544495515695068,0.02406294843049328,0.01910639013452915,0.009524510397738741,0.07493949121744396,0.059765374520492645,0.03136832222895214,0.03306553603876437,0.02538843125378559,0.02425636987684232,0.01906180092873006
1.0,1.0,1.0,0.22996860986547088,0.0,0.011164,0.028598,0.044202,0.020133999999999996,0.024528,0.004845,0.005168000000000001,0.0032259999999999997,0.011354708520179373,0.029053979820627806,0.04399501121076233,0.019932174887892378,0.02482270179372197,0.005709921524663677,0.005426065022421525,0.0032803251121076237,0.011693216232586309,0.02890625883303048,0.04438239450837876,0.01968011306279022,0.024798405007066426,0.006401857460125177,0.00581875630930749,0.003505754088431254,2024-09-19 11:09:35.362000+00:00,0.018798,0.10564899999999999,0.087368,0.05513400000000001,0.055513,0.047796000000000005,0.047934000000000004,0.041028,0.018908912556053814,0.10586541479820628,0.08723576233183856,0.05502286995515697,0.05569517937219731,0.04836065022421525,0.04807023542600898,0.041074719730941706,0.019143367655966078,0.10575822733696748,0.08744706238643243,0.05482774076317384,0.05565689481122551,0.04882836664647688,0.048366283060771245,0.04121251766606096
0.0,0.0,0.013930950938824953,0.197,0.5931284819039178,0.013747,0.038415000000000005,0.05038499999999999,0.025734,0.032579000000000004,0.016362,0.0165,0.013509,0.013782847533632287,0.03883441704035875,0.050219843049327355,0.025572982062780275,0.033032062780269066,0.017280156950672646,0.016620739910313903,0.013310369955156953,0.014129779931354735,0.03871637391479911,0.050589501312335944,0.02533428225317989,0.03299955582475267,0.017874056127599434,0.01703062790228144,0.01347092671108419,2024-09-19 11:09:31.640000+00:00,0.018781000000000003,0.10564899999999999,0.087368,0.05513400000000001,0.05543,0.047747,0.048,0.041128,0.01883363228699552,0.10586541479820628,0.08723576233183856,0.05502286995515697,0.0556920403587444,0.048400728699551566,0.04806782511210762,0.041066311659192826,0.019089723399959613,0.10575822733696748,0.08744264082374316,0.05482774076317384,0.05565255400767209,0.048820432061376935,0.048367575206945276,0.04122592368261659
0.0,0.0,0.0,0.181,1.0,0.6068870000000001,0.7973759999999999,0.760258,0.7483599999999999,0.7975950000000002,0.7813789999999999,0.7700750000000002,0.755664,0.6062323991031392,0.8000841928251123,0.7600079596412557,0.7479832959641257,0.7955354260089688,0.7808932174887893,0.7721275784753364,0.7591466367713005,0.6052791237633757,0.8050325863113262,0.7639150413890572,0.7499624873813849,0.7967963052695336,0.781569715324046,0.7717224712295577,0.7589904502321825,2024-09-24 11:09:32.890000+00:00,0.538474,0.539469,0.52734,0.578438,0.5939450000000001,0.628889,0.656126,0.677664,0.5378563340807175,0.5407381165919283,0.5271902466367715,0.5781741591928251,0.5924739910313902,0.6286016255605382,0.6576626681614349,0.6805376121076234,0.5370252372299614,0.5435274581061982,0.5296638602866949,0.5795901675752069,0.5933547950736926,0.6291014738542298,0.657307288512013,0.6803841510195839
0.0,0.0,0.0,0.126,1.0,0.60217,0.7428100000000001,0.714177,0.7099620000000001,0.765614,0.7559640000000001,0.7472260000000001,0.7343640000000001,0.6013389013452914,0.7447470852017939,0.7141085201793722,0.7094264573991031,0.7635780269058297,0.7554449551569506,0.7493127242152468,0.7376556614349775,0.6004370886331515,0.7490757924490206,0.717870321017565,0.7113087825560267,0.7647627296587923,0.7560213002220877,0.7488770644054108,0.7374941045830808,2024-09-24 11:09:29.180000+00:00,0.538474,0.539469,0.52734,0.578438,0.594028,0.629055,0.6560259999999999,0.677581,0.5378212443946189,0.5407381165919283,0.5271902466367715,0.5781741591928251,0.5925021300448431,0.6286395739910314,0.6576580717488789,0.6805135650224217,0.5370208358570563,0.5435225116091257,0.5296638602866949,0.5795901675752069,0.593377589339794,0.6290970926711084,0.6572902887139107,0.6803813648293962
1.0,1.0,1.0,0.099,0.0,0.005385,0.004819,0.017815,0.0037170000000000003,0.0011340000000000002,0.0,0.0,0.0,0.005551121076233184,0.0054282511210762335,0.01773761210762332,0.003804428251121077,0.0012500560538116594,0.0,0.0,0.0,0.005739612356147789,0.0056155663234403385,0.017843529174237833,0.0039189380173632144,0.0017254795073692712,0.0,0.0,0.0,2024-09-29 11:09:36.674000+00:00,0.008168,0.074668,0.056649,0.0291,0.024117,0.020918999999999997,0.019168,0.015349000000000003,0.008361154708520181,0.07504815022421525,0.05661995515695068,0.02917662556053811,0.024210482062780272,0.0213195067264574,0.019479540358744392,0.015415414798206281,0.008536664647688267,0.07515711689884916,0.05667655966081163,0.029260246315364433,0.02455760145366444,0.021179265091863513,0.020020694528568538,0.016093296991722187
1.0,1.0,1.0,0.115,0.0,0.004602,0.0060019999999999995,0.017915,0.0028,0.0,0.0,0.0,0.0,0.004839686098654709,0.006608071748878924,0.017810369955156953,0.002861154708520179,8.626681614349776e-05,0.0,0.0,0.0,0.005053301029678982,0.006793902685241268,0.01791106400161518,0.002973087017968907,0.0003564708257621644,0.0,0.0,0.0,2024-09-29 11:09:32.949000+00:00,0.008185,0.074668,0.056732,0.0291,0.024134,0.021019,0.019351000000000004,0.015432000000000003,0.008370795964125561,0.07505280269058297,0.05663424887892377,0.02917662556053811,0.024236378923766816,0.02133536995515695,0.019538733183856502,0.015406334080717489,0.008551403189985866,0.07516226529376134,0.056681708055723805,0.029260246315364433,0.02456260852008883,0.021175994346860485,0.020051504138905708,0.01612457096709065
1.0,1.0,1.0,0.11,0.0,0.004047,0.005745,0.010183000000000001,0.0011340000000000002,5.1e-05,0.0,0.0,0.0,0.004039854260089687,0.004910145739910316,0.010583352017937222,0.0009794843049327356,6.429372197309417e-05,0.0,0.0,0.0,0.0042302644861699976,0.004677124974762769,0.01092374318594791,0.0010132337901411327,2.6832222895215018e-05,0.0,0.0,0.0,2024-10-04 11:09:35.514000+00:00,0.007464,0.07463000000000002,0.052583,0.028234000000000002,0.024653,0.020681,0.0199,0.014216999999999999,0.007410986547085202,0.07411272421524663,0.05284859865470853,0.028117264573991038,0.02470313901345292,0.020925392376681617,0.019728026905829598,0.01462634529147982,0.007565576418332324,0.07397187563093076,0.053070704623460516,0.0281341409246921,0.02456167979002625,0.0212104583080961,0.01993422168382798,0.015054936402180499
1.0,1.0,1.0,0.094,0.0,0.004581000000000001,0.011245,0.013983000000000002,0.0036,0.002021,0.0,0.0,0.0,0.00462914798206278,0.010464517937219732,0.0143777466367713,0.0033853139013452923,0.002113340807174888,0.0,0.0,0.0,0.0047982434887946694,0.010257621643448412,0.014712174439733492,0.0034247930547143144,0.0018808398950131227,0.0,2.7256208358570565e-05,0.0,2024-10-04 11:09:31.795000+00:00,0.007381,0.07463000000000002,0.052583,0.028217000000000002,0.024653,0.020764,0.019817,0.014251000000000002,0.007408464125560539,0.07411238789237667,0.052853251121076236,0.02810297085201794,0.02471933856502242,0.020945683856502244,0.019742432735426012,0.014751457399103142,0.007580920654149,0.07396575812638806,0.05307585301837269,0.028131637391479905,0.02455760145366444,0.021220613769432663,0.019918332323844132,0.015127700383605894
0.0,0.0,0.0,0.11,0.9985693687830658,0.032983000000000005,0.04194,0.045868000000000006,0.0313,0.030268000000000003,0.027147,0.02903,0.029863999999999998,0.03355790358744395,0.04234243273542602,0.04642662556053813,0.03046446188340808,0.03053357623318386,0.027380100896860993,0.02927455156950673,0.03067511210762332,0.03416317383403997,0.042030102967898234,0.04639115687462144,0.030416495053502926,0.030915505754088433,0.028160084797092668,0.030165859075307895,0.031481082172420745,2024-10-19 11:09:30.775000+00:00,0.034183000000000005,0.104904,0.08095100000000001,0.0556,0.050851,0.052498,0.054315,0.05166400000000001,0.03458621076233184,0.1051802130044843,0.08131563901345293,0.05496395739910315,0.05100767937219731,0.05272488789237669,0.05461933856502243,0.052276625560538116,0.03511738340399758,0.10498033515041388,0.08126727236018574,0.054946355743993536,0.051281607106803954,0.05330250353321217,0.05533971330506762,0.052930345245305856
1.0,1.0,1.0,0.132,0.24915424448645948,0.008028,0.021670000000000002,0.020198,0.008951,0.0072,0.0,0.0,0.0,0.00729170403587444,0.022576177130044846,0.019805941704035875,0.008771412556053812,0.006898206278026905,1.3957399103139014e-05,2.0067264573991035e-05,0.0,0.007099333737129011,0.023127236018574592,0.01976959418534222,0.008852957803351503,0.006657702402584292,0.0001653543307086614,0.00037050272562083586,1.6878659398344436e-05,2024-10-24 11:09:35.261000+00:00,0.012545,0.096502,0.067532,0.040834,0.036783,0.032345,0.031868,0.025436000000000004,0.011923822869955157,0.09698223094170404,0.0672255605381166,0.040673094170403594,0.03657696188340808,0.0323890134529148,0.03196614349775786,0.025772701793721976,0.011763072885120126,0.09728217242075508,0.06716390066626285,0.04071827175449222,0.036391015546133644,0.03280738946093277,0.03243858267716535,0.025687381385019175
0.0,0.0,0.06077124974762768,0.10433464125560538,0.5867383291349448,0.009460000000000001,0.030052999999999996,0.026115000000000003,0.013234000000000001,0.013332,0.004575,0.005182999999999999,0.0023870000000000002,0.008653811659192826,0.03084764573991032,0.025769955156950682,0.01308688340807175,0.01303772421524664,0.004435594170403588,0.005064349775784755,0.002793049327354261,0.008449384211588936,0.03136694932364224,0.02575814657783162,0.013177064405410863,0.012811427417726626,0.004974318594791036,0.005697011911972541,0.002694871794871795,2024-10-24 11:09:31.542000+00:00,0.012545,0.096502,0.067532,0.040834,0.0367,0.032428,0.031951,0.025453000000000003,0.011943609865470854,0.09698223094170404,0.06722780269058297,0.04068682735426009,0.03656378923766817,0.032388845291479826,0.03195459641255605,0.025814405829596418,0.011771068039571975,0.09728195033313143,0.06716640419947505,0.040728265697557026,0.03638956188168786,0.032775913587724616,0.03245410862103775,0.025706965475469412
0.0,0.0,0.0,0.132,0.8746262125300855,0.017151000000000003,0.023398000000000002,0.031479,0.015668,0.012417000000000001,0.007634000000000001,0.008613,0.008987,0.01766748878923767,0.023240302690582967,0.03057488789237669,0.015241479820627806,0.012600896860986551,0.007403531390134531,0.008775280269058298,0.010025840807174889,0.0179193418130426,0.022893741166969506,0.03053553401978598,0.015421966484958608,0.012555037351100343,0.00747417726630325,0.009056006460730869,0.010567030082778114,2024-11-03 11:09:32.061000+00:00,0.021034000000000004,0.09983199999999999,0.076364,0.047568000000000006,0.042617,0.041634,0.041147,0.036436,0.021386042600896864,0.09974198430493277,0.07577780269058297,0.04730095291479821,0.04269097533632287,0.0414722533632287,0.041261266816143505,0.037266816143497764,0.02159434686048859,0.09954835453260649,0.07576709065213003,0.0474318998586715,0.042662083585705626,0.0414932162325863,0.04150845951948313,0.037695114072279434
0.0,0.0,0.0,0.055,1.0,0.40619500000000003,0.558247,0.5190939999999999,0.505008,0.5242220000000001,0.5210770000000001,0.519467,0.513009,0.4058844730941704,0.5495759529147984,0.5136440582959642,0.5030806614349775,0.5270227578475337,0.5228419843049329,0.5238390134529148,0.5142095852017937,0.4053759135877245,0.5440232788209165,0.5101982031092266,0.5015435897435897,0.5263865536038763,0.5230700787401574,0.5240823945083787,0.5150215021199271,2024-11-13 11:09:30.130000+00:00,0.366027,0.444049,0.40719599999999995,0.431189,0.431367,0.455139,0.47441,0.48945400000000006,0.36572982062780274,0.438507399103139,0.4034747197309418,0.42965409192825116,0.4335512892376682,0.4565575672645741,0.47815526905829603,0.49052550448430493,0.36526670704623454,0.43491827175449194,0.4010642640823742,0.4284035735917625,0.43305564304461946,0.4567247930547143,0.4783562083585706,0.4912836058954168
0.0,0.0,0.0,0.077,1.0,0.41119500000000003,0.578432,0.5325770000000001,0.516657,0.5407730000000001,0.5321940000000001,0.52705,0.520643,0.41086524663677126,0.5695022982062781,0.5269142376681616,0.5146502802690583,0.543675,0.5339881726457401,0.5313468049327355,0.5219312219730943,0.41033983444377153,0.5637449424591156,0.5233164142943669,0.5130165354330708,0.5429647688269734,0.5341919038966282,0.5315366646476881,0.5227505754088431,2024-11-13 11:09:26.423000+00:00,0.366027,0.44406599999999996,0.407213,0.431272,0.43145,0.45520499999999997,0.474559,0.489437,0.36573475336322875,0.43852757847533635,0.4034885650224216,0.4296705717488789,0.4335517376681615,0.4565840807174889,0.4782076793721974,0.49056390134529154,0.3652844740561276,0.43493607914395294,0.40106856450635975,0.42840335150413894,0.4330389662830608,0.45673010296789823,0.4783626690894407,0.4913029073288915
1.0,1.0,1.0,0.115,0.0,0.016396,0.0182,0.034085000000000004,0.017185000000000002,0.01493,0.011224000000000001,0.012664000000000002,0.015481,0.016629204035874444,0.017319843049327353,0.033472421524663676,0.017880605381165923,0.015097869955156952,0.011360257847533634,0.012844730941704036,0.014695347533632292,0.016790349283262663,0.01720409852614577,0.033425600646073084,0.01813995558247527,0.015203169796083183,0.011373026448616999,0.013053200080759133,0.014570482535836865,2024-11-18 11:09:34.226000+00:00,0.019046999999999998,0.1015,0.078451,0.04775100000000001,0.042180999999999996,0.041060000000000006,0.040898000000000004,0.037898,0.01923553811659193,0.10100067264573995,0.07805128923766817,0.04820678251121078,0.042295964125560546,0.04114372197309417,0.04099562780269059,0.03726513452914799,0.01931566727236018,0.1009323440339188,0.07798772461134666,0.04837187563093075,0.042355461336563684,0.04112146174035936,0.0410970321017565,0.03713971330506763
1.0,1.0,1.0,0.10433464125560538,0.0,0.016696,0.0235,0.037085,0.019085,0.017696,0.014141,0.014732,0.016449000000000002,0.017012948430493273,0.022674831838565026,0.03653363228699552,0.01978060538116592,0.017889181614349776,0.01425627802690583,0.015084921524663682,0.016132399103139017,0.017197435897435893,0.02260688471633353,0.03651352715525943,0.02004005653139511,0.01804298405007066,0.014204461942257217,0.015394568948112256,0.01606028669493236,2024-11-18 11:09:30.508000+00:00,0.019013,0.1015,0.078451,0.04775100000000001,0.042164,0.041060000000000006,0.040715,0.037732,0.019206053811659192,0.10100067264573995,0.07805100896860989,0.04820644618834082,0.042280325112107636,0.04113688340807175,0.04086087443946188,0.03728957399103139,0.019308540278619012,0.10093028467595393,0.07798293963254593,0.048367030082778116,0.042332808398950116,0.04109656773672521,0.04103486775691499,0.03717530789420553
1.0,0.95347533632287,0.7173430244296385,0.132,0.029235369691937404,0.05161,0.051556,0.05793999999999999,0.032008,0.034398000000000005,0.035829,0.045004,0.049505,0.05528974215246638,0.05434467488789239,0.057906221973094175,0.03532051569506727,0.03646177130044843,0.03891776905829597,0.04552819506726458,0.0503140134529148,0.059103351504138896,0.05714627498485766,0.06177062386432463,0.03929240864122754,0.03949866747425804,0.042647365233192,0.04781009489198466,0.05208554411467795,2024-11-23 11:09:35.338000+00:00,0.05041,0.125446,0.09840400000000002,0.062906,0.060682999999999994,0.064727,0.071438,0.071386,0.053649887892376694,0.12697684977578477,0.0982672085201794,0.06529103139013454,0.06216709641255605,0.06710078475336324,0.07193301569506727,0.07206619955156951,0.056975247324853616,0.12847797294568944,0.1005334140924692,0.06806965475469412,0.0644205733898647,0.06997698364627497,0.0737431657581264,0.0735074904098526
0.0,0.0,0.013930950938824953,0.083,0.6507520631946274,0.05301000000000001,0.064003,0.06675500000000001,0.039740000000000004,0.043032,0.045312,0.053502,0.055720000000000006,0.05670448430493274,0.06643609865470854,0.06657421524663677,0.04277303811659193,0.04517757847533632,0.048280100896860995,0.053854035874439474,0.056456334080717506,0.060641389057137084,0.06895095901473854,0.07006810014132848,0.04643521098324248,0.04835235210983242,0.052042035130224096,0.05618308096103372,0.05826709065213,2024-11-23 11:09:31.620000+00:00,0.05039299999999999,0.125446,0.09840400000000002,0.062906,0.060583000000000005,0.064727,0.07148700000000001,0.071286,0.053635594170403596,0.12697684977578477,0.0982672085201794,0.06529568385650225,0.06215190582959641,0.06710790358744395,0.07191569506726458,0.07196928251121078,0.05697771047849787,0.1284769028871391,0.10052875025237228,0.06807744801130629,0.06442138098122349,0.06998251564708258,0.07374692105794467,0.07344784978800725
1.0,1.0,1.0,0.061,0.0,0.004294,0.016617,0.030915,0.009372,0.003317,0.0,0.000434,0.000338,0.0038779147982062794,0.016164349775784754,0.031023094170403588,0.009819114349775787,0.0038787556053811664,2.4663677130044846e-05,0.0003238789237668162,0.0007266255605381166,0.004220129214617402,0.015883383807793257,0.030755602665051486,0.0097811831213406,0.004016192206743388,0.0001161316373914799,0.00023028467595396729,0.0010704825358368664,2024-11-28 11:09:32.703000+00:00,0.006745000000000001,0.0966,0.071732,0.037104000000000005,0.0295,0.025083000000000005,0.024017,0.018138,0.006419058295964125,0.0962658071748879,0.07170151345291481,0.03743295964125562,0.02987612107623319,0.025086939461883413,0.023872309417040362,0.018426849775784754,0.006750090854027861,0.09607161316373913,0.07148415101958411,0.037395699576014546,0.029972905309913183,0.02512198667474258,0.023388047647890167,0.018709670906521293
1.0,1.0,1.0,0.07200000000000001,0.0,0.004011,0.018417000000000003,0.031515,0.008772,0.004032000000000001,0.0,0.0,0.0,0.0035922645739910317,0.01792298206278027,0.03153099775784754,0.009205325112107626,0.004367881165919283,2.9596412556053812e-05,1.5358744394618836e-05,1.765695067264574e-05,0.003940218049666868,0.017668948112255195,0.03126818090046437,0.00917623662426812,0.004449949525540076,7.730668281849384e-05,6.442560064607309e-05,0.00016153846153846153,2024-11-28 11:09:28.992000+00:00,0.006679,0.0966,0.071732,0.037121,0.029566000000000002,0.025083000000000005,0.023851,0.018304,0.006397365470852018,0.09626115470852019,0.07168811659192825,0.03744725336322871,0.0298728139013453,0.02509467488789238,0.023894843049327357,0.018398038116591933,0.006709590147385421,0.09606979608318189,0.07147575206945285,0.037400847970926715,0.029941853422168378,0.025114597213809806,0.023417585301837265,0.018714193418130416
0.0,0.0,0.01655562285483545,0.115,0.43704381097714917,0.007136000000000001,0.012243000000000002,0.023002,0.006549,0.0017829999999999999,0.0,0.0,0.000338,0.007197253363228701,0.011618497757847535,0.021973486547085207,0.00637365470852018,0.0018697309417040362,0.0,0.0,0.00045818385650224226,0.007163880476478903,0.01072378356551585,0.02135529981829194,0.0063006460730870165,0.001951140722794266,0.0,3.072885120129214e-05,0.00032580254391278,2024-12-08 11:09:35.701000+00:00,0.011036,0.104213,0.07366800000000001,0.042066,0.035816999999999995,0.032566,0.029715000000000002,0.025421000000000003,0.011132174887892378,0.10389254484304934,0.07305375560538117,0.04195229820627803,0.035872533632287006,0.03254618834080718,0.03015005605381166,0.025224495515695073,0.01109529578033515,0.10338885523924894,0.07266539471027657,0.04189095497678173,0.0358659196446598,0.03252994144962648,0.030501029678982425,0.024990046436503124
0.0,0.0,0.013930950938824953,0.077,0.6711287399785686,0.008653,0.024677000000000004,0.031519,0.013165999999999999,0.010266,0.006281,0.0054,0.006555000000000001,0.008798598654708521,0.0241277466367713,0.03059456278026906,0.013040582959641259,0.010089854260089686,0.006216816143497758,0.006205100896860988,0.0063045964125560535,0.008784494245911567,0.023316696951342617,0.03004435695538057,0.012987764990914594,0.010068685645063597,0.006240137290530991,0.006643650312941653,0.006027639814253987,2024-12-08 11:09:31.981000+00:00,0.011036,0.104213,0.07366800000000001,0.042066,0.0359,0.032532,0.029483,0.025421000000000003,0.011132174887892378,0.10389254484304934,0.07305375560538117,0.04195257847533633,0.03586339686098656,0.0325070067264574,0.030097421524663683,0.02523643497757848,0.01109529578033515,0.10338885523924894,0.07266539471027657,0.04189095497678173,0.03584346860488593,0.03247191601049869,0.03047750858065817,0.025002665051483946
0.0,0.0,0.0,0.099,1.0,0.07403599999999999,0.07963400000000001,0.08378699999999999,0.07230800000000001,0.079457,0.08287900000000001,0.083032,0.087113,0.07451143497757849,0.07919540358744395,0.08403923766816145,0.07290616591928253,0.08006048206278026,0.08175213004484305,0.08318794843049328,0.08750140134529147,0.07515834847567132,0.07865677367252168,0.08472596406218454,0.07290062588330307,0.0803415101958409,0.08167302644861699,0.08376337573187967,0.08745606703008278,2024-12-18 11:09:29.639000+00:00,0.06950200000000001,0.144817,0.11501900000000001,0.093389,0.091338,0.099081,0.10204899999999999,0.10354700000000001,0.06999775784753365,0.14454360986547088,0.11521350896860988,0.09380610986547085,0.0917397421524664,0.09834652466367715,0.10219461883408075,0.1039104820627803,0.07055301837270339,0.1442249141934181,0.11564900060569347,0.09380161518271754,0.09194956591964465,0.09831691903896625,0.10265152432868967,0.10391173026448616
0.0,0.0,0.0,0.083,1.0,0.493391,1.12997,1.042016,1.008092,1.031757,0.9996800000000001,0.9641500000000001,0.9305709999999999,0.48642707399103147,1.1251323991031392,1.0377693946188342,1.0006426008968614,1.0242724775784755,0.9869633968609867,0.958496917040359,0.9254195067264576,0.47952963860286685,1.1159194023823944,1.0285821926105387,0.9920311326468805,1.0164101958409046,0.9775476680799516,0.9520286694932365,0.9204282656975568,2024-12-23 11:09:35.965000+00:00,0.43934,0.756451,0.7099270000000001,0.7825030000000001,0.8015470000000001,0.8225440000000002,0.8304080000000001,0.839869,0.4331812780269059,0.7534669843049328,0.7071673766816144,0.7769960762331838,0.7960816704035876,0.8125006726457401,0.8256895179372197,0.8354631165919284,0.4270892388451443,0.7480358166767614,0.7013739147991115,0.7705265495659195,0.7902104381183122,0.805050575408843,0.8203238037552998,0.8310691701998786
0.0,0.0,0.0,0.061,1.0,0.495891,1.10137,1.0178159999999998,0.9884919999999999,1.027374,0.9918629999999999,0.954133,0.9179539999999999,0.48888755605381173,1.0968684977578478,1.013597533632287,0.9811623318385653,1.0199646300448433,0.9792147982062781,0.9485103139013453,0.912881950672646,0.48195190793458487,1.0877455279628507,1.0045669291338581,0.9727287704421562,1.0120886735311934,0.9698266303250552,0.9421089440742982,0.9078907328891581,2024-12-23 11:09:32.249000+00:00,0.43934,0.756451,0.7099270000000001,0.7825030000000001,0.8015470000000001,0.8226270000000002,0.830508,0.839869,0.4331812780269059,0.7534669843049328,0.7071673766816144,0.7769960762331838,0.7960922645739912,0.8125352017937223,0.8257655269058297,0.8354996076233183,0.4270892388451443,0.7480358166767614,0.7013833838077931,0.7705263678578639,0.7902090652130023,0.8050694326670704,0.8203633151625277,0.8310757924490206
1.0,1.0,1.0,0.066,0.0,0.005485,0.019947000000000003,0.029017000000000005,0.008768,0.003351,0.0,0.00048499999999999997,0.0004,0.0050525224215246635,0.019689630044843046,0.027920011210762336,0.008519674887892377,0.0033054932735426014,2.6905829596412563e-06,0.0006537556053811661,0.0009065582959641257,0.004939592166363818,0.019830264486169997,0.027465172622652936,0.008435130224106602,0.0033413890571370886,8.16272965879265e-05,0.0009096103371693923,0.0016239450837876035,2024-12-28 11:09:35.549000+00:00,0.008067999999999999,0.104715,0.0737,0.039251,0.03183400000000001,0.028017,0.025968,0.019949,0.007709921524663679,0.1045670403587444,0.07299013452914799,0.03904983183856502,0.03181698430493274,0.027903082959641258,0.026074887892376684,0.020181053811659196,0.007632485362406621,0.10464403391883705,0.07267094690086814,0.03896188168786594,0.031862507571168985,0.02792002826569756,0.026215828790631935,0.020847910357359174
1.0,1.0,1.0,0.066,0.0,0.004935999999999999,0.024163999999999998,0.0312,0.009585,0.004283,0.000166,0.0011489999999999998,0.000383,0.004800336322869955,0.023961883408071753,0.030144394618834083,0.009380885650224217,0.004220627802690583,0.00017926008968609868,0.0009207399103139013,0.0008870515695067264,0.004802846759539672,0.024104037956793854,0.029698122350090853,0.009312558045628909,0.004215283666464768,0.00028685645063597807,0.0011051080153442355,0.0015651726226529373,2024-12-28 11:09:31.828000+00:00,0.007802000000000001,0.104715,0.0737,0.039251,0.032,0.028066000000000004,0.026017000000000002,0.019965999999999998,0.0076587443946188345,0.1045770739910314,0.07299013452914799,0.03903632286995516,0.031923654708520176,0.02789041479820628,0.02604915919282511,0.020213452914798213,0.0076339794064203504,0.10464807187563094,0.07266692913385825,0.038961518271754494,0.0318987482333939,0.027920371492025035,0.026169210579446798,0.02083900666262871
1.0,0.6614349775784754,0.47910357359176253,0.066,0.44328248514668184,0.042574,0.0366,0.039284,0.023913,0.02558,0.028976000000000002,0.026473,0.032614000000000004,0.04549445067264574,0.038599887892376686,0.04116188340807175,0.028243385650224224,0.028887612107623327,0.03136339686098655,0.03430498878923767,0.03760308295964126,0.04773313143549364,0.03887742782152231,0.04139269129820311,0.029574520492630728,0.030828366646476875,0.034439652735715726,0.03728673531193216,0.03964472037149202,2025-01-12 11:09:34.007000+00:00,0.040595000000000006,0.107617,0.076607,0.048564,0.04645200000000001,0.048548,0.044492000000000004,0.04596700000000001,0.04331244394618834,0.1088446748878924,0.07779596412556054,0.05182040358744396,0.04905476457399103,0.050482791479820634,0.05122163677130045,0.05036989910313902,0.04524211588935997,0.10899721380981223,0.07792402584292346,0.05281641429436705,0.05046793862305673,0.052933232384413484,0.05373561477892186,0.05215311932162327
0.0,0.0,0.01655562285483545,0.061,0.6709323788311462,0.042241999999999995,0.042017,0.043435,0.025630000000000003,0.025348,0.029376000000000003,0.026490000000000003,0.033048,0.04516855381165919,0.044084473094170414,0.04539069506726458,0.030036939461883412,0.02876177130044843,0.03160779147982063,0.034427186098654715,0.03801491031390136,0.047359479103573576,0.044422188572582275,0.04566426408237432,0.03140799515445184,0.030654835453260643,0.034596931152836664,0.03739608318190995,0.04012547950736928,2025-01-12 11:09:30.299000+00:00,0.040529,0.107617,0.076607,0.048564,0.04636900000000001,0.048848,0.044492000000000004,0.045784,0.04326832959641256,0.1088446748878924,0.07779596412556054,0.05182040358744396,0.049018665919282514,0.05062897982062781,0.05124254484304934,0.050303587443946196,0.045232646880678365,0.10899721380981223,0.07792402584292346,0.052819745608721984,0.050447022006864524,0.05302394508378759,0.05372356147789219,0.052103533212194623
1.0,1.0,1.0,0.07200000000000001,0.0,0.0052770000000000004,0.009082999999999999,0.0199,0.0044020000000000005,0.0036490000000000003,8.3e-05,0.000968,0.001736,0.004939910313901346,0.009473094170403588,0.018786042600896863,0.00467572869955157,0.0031645179372197314,0.00032959641255605386,0.0013031950672645744,0.001546692825112108,0.00515303856248738,0.009645427013930948,0.019046557641833235,0.004932000807591356,0.003258711891782757,0.0005613769432667071,0.0015784171209368059,0.0014500908540278615,2025-01-17 11:09:33.067000+00:00,0.007928000000000001,0.093883,0.0651,0.034668,0.030349000000000004,0.027032,0.025451,0.020936,0.007650840807174889,0.09407746636771301,0.0643965807174888,0.034829820627802696,0.03001496636771301,0.027005213004484305,0.0257307735426009,0.020581726457399106,0.007856632344033918,0.09418160710680396,0.06455120129214618,0.0350192812436907,0.030083161720169584,0.027209489198465574,0.025944902079547742,0.02054365031294165
1.0,1.0,1.0,0.07200000000000001,0.0,0.005028,0.0136,0.022217,0.005385,0.0043,0.000664,0.001302,0.001719,0.004807903587443947,0.014027017937219732,0.021145403587443944,0.005631165919282511,0.003976121076233184,0.0005589686098654709,0.001652522421524664,0.0014491591928251122,0.005099232788209166,0.01422192610539067,0.02142693317181506,0.005881748435291741,0.0040815061578841115,0.0008782556026650514,0.0018800121138703811,0.0013749242883101145,2025-01-17 11:09:29.353000+00:00,0.007845,0.0938,0.0651,0.034668,0.030283000000000004,0.027115,0.025485,0.021001999999999996,0.007617769058295965,0.09406317264573992,0.0643965807174888,0.03484063901345292,0.030001401345291483,0.026960818385650225,0.025776289237668164,0.02052460762331839,0.007865031294165152,0.09417645871189177,0.06455120129214618,0.035029275186755506,0.030082899252977986,0.027168463557439935,0.02596725217040177,0.020464324651726228
1.0,1.0,0.9981829194427619,0.094,0.13104581947117136,0.007934000000000002,0.004359,0.018115000000000003,0.002151,0.000166,0.0,0.0,0.0,0.007704652466367715,0.004078139013452916,0.01809276905829597,0.002453307174887892,8.37443946188341e-05,0.0,0.0,6.978699551569508e-05,0.007472824550777303,0.00409495255400767,0.01795653139511407,0.002477185544114677,0.00012788209166161922,0.0,0.0,8.489804159095496e-05,2025-01-27 11:10:02.490000+00:00,0.010834000000000002,0.091972,0.06354900000000001,0.033334,0.028498000000000002,0.024962,0.022264000000000003,0.019284999999999997,0.010641928251121075,0.09180285874439464,0.06353346412556055,0.033536154708520186,0.028101961883408074,0.02457225336322871,0.022442993273542603,0.019727578475336325,0.010422168382798306,0.0918159903089037,0.06345099939430648,0.03354013729053098,0.028075247324853624,0.024469473046638403,0.02257310720775288,0.01991800928730062
1.0,1.0,1.0,0.055,0.020819891945265727,0.009051,0.016242000000000003,0.026115000000000003,0.008150999999999999,0.005064,0.001079,0.000249,0.003268,0.00885846412556054,0.01607931614349776,0.026081446188340813,0.008409977578475336,0.004516928251121077,0.0006097533632286996,0.000668273542600897,0.003637331838565023,0.008616818090046434,0.016123924894003633,0.02595590551181102,0.0084178275792449,0.004492105794467999,0.0005467393498889562,0.0008250555219059155,0.0038737532808398936,2025-01-27 11:09:58.759000+00:00,0.010834000000000002,0.091972,0.06354900000000001,0.033334,0.028498000000000002,0.025062000000000004,0.022115,0.019302,0.010641928251121075,0.09180285874439464,0.06353346412556055,0.033536154708520186,0.028101961883408074,0.024606109865470852,0.022407511210762333,0.019711210762331843,0.010422168382798306,0.09182041187159298,0.06345073692711488,0.03354013729053098,0.028075247324853624,0.02449553805774278,0.022564062184534623,0.019899676963456486
0.0,0.0,0.0,0.099,1.0,0.174038,0.7880719999999999,0.6886150000000001,0.640607,0.6463230000000001,0.612588,0.599048,0.572605,0.17857623318385654,0.7925015695067267,0.6945520739910315,0.6462225336322871,0.6496395739910316,0.6174971973094171,0.6011905269058296,0.5750436098654709,0.1853058348475671,0.8003854229759743,0.7019376741368866,0.653172319806178,0.6569105996365838,0.6242864324651727,0.6066708661417323,0.579348051685847,2025-02-01 11:09:37.063000+00:00,0.159191,0.5600040000000001,0.492249,0.513077,0.519563,0.520607,0.5297350000000001,0.527756,0.16323234304932735,0.5627043721973095,0.49597769058295965,0.5172288116591929,0.5220658071748878,0.5245197869955157,0.531491143497758,0.5299106502242152,0.16920702604482132,0.5674095901473853,0.5006567534827377,0.5224325459317585,0.5275777104784978,0.5299569957601453,0.5360646678780536,0.5336888350494648
0.0,0.0,0.0,0.10433464125560538,1.0,0.17590400000000003,0.8028720000000001,0.697349,0.647841,0.6589060000000001,0.6208880000000001,0.604616,0.576805,0.18047085201793722,0.8069126681614351,0.7032445067264577,0.6532263452914799,0.6623062219730942,0.6258758968609868,0.6068770739910314,0.5793510089686101,0.18729503331314348,0.814705067635776,0.7106195840904501,0.6601921663638199,0.6697824752675146,0.6328004037956794,0.61244994952554,0.5836508378760347,2025-02-01 11:09:33.350000+00:00,0.159191,0.5600869999999999,0.492332,0.513077,0.519563,0.520607,0.529852,0.527773,0.16322191704035877,0.5627147421524664,0.4960128923766818,0.517208239910314,0.522097701793722,0.5244952914798207,0.5315764013452915,0.529984360986547,0.16920670300827778,0.5674150413890571,0.5006786190187764,0.5224180092873006,0.5276263072885119,0.5299404805168584,0.5361352715525942,0.5337634564910155
1.0,1.0,1.0,0.10461547085201794,0.0,0.008249000000000001,0.0,0.009613,0.0,0.0,0.0,0.0,0.0,0.007662556053811658,5.605381165919283e-07,0.008780885650224213,0.0,0.0,0.0,0.0,0.0,0.007899818291944275,9.569957601453665e-06,0.008678013325257418,1.45366444579043e-06,0.0,0.0,0.0,6.07712497476277e-06,2025-02-06 11:10:01.363000+00:00,0.011566,0.085868,0.057781000000000006,0.030902000000000006,0.027451000000000003,0.026314999999999998,0.023449,0.021547,0.011185089686098654,0.08611294843049329,0.057306278026905834,0.030924327354260095,0.02736434977578476,0.02614977578475337,0.02336334080717489,0.021121524663677133,0.01142140117100747,0.08609771855441145,0.057235332121946286,0.031059499293357558,0.027528083989501302,0.026048031496062992,0.023605087825560263,0.020952877044215616
1.0,1.0,1.0,0.11,0.0,0.007617000000000001,0.001919,0.011729999999999999,3.4e-05,0.0,0.0,0.0,0.0,0.007564349775784753,0.0023920964125560542,0.01098155829596413,6.989910313901346e-05,0.0,0.0,0.0,0.0,0.007911831213406016,0.002391500100948919,0.01090109024833434,0.00013244498283868363,1.5889359983848174e-05,0.0,0.0,1.998788612961841e-06,2025-02-06 11:09:57.632000+00:00,0.011317,0.085868,0.057781000000000006,0.030902000000000006,0.027634000000000002,0.026198000000000003,0.023283,0.021464,0.011205100896860986,0.08611294843049329,0.057306278026905834,0.030924327354260095,0.02743643497757848,0.0260664798206278,0.02335285874439462,0.021106053811659194,0.011463133454472037,0.08610155461336562,0.05723555420956996,0.031059499293357558,0.02757756915001009,0.02599390268524126,0.02364189380173632,0.020933050676357756
0.0,0.0,0.0,0.14300000000000002,0.9600264807033094,0.007685000000000001,0.020966,0.019617,0.012374000000000001,0.009089000000000002,0.005064,0.005570000000000001,0.005449,0.007856614349775786,0.021535594170403592,0.018854035874439463,0.012718721973094173,0.00946681614349776,0.005794282511210763,0.006029035874439462,0.00523677130044843,0.007914879870785383,0.02271104381183121,0.01857702402584292,0.012073773470623862,0.009690954976781746,0.0067886129618413065,0.006621724207550978,0.00543403997577226,2025-02-11 11:09:40.186000+00:00,0.011485000000000002,0.099383,0.067217,0.043672,0.038404,0.035798,0.034153,0.028566,0.011665022421524666,0.09969473094170404,0.06675874439461885,0.0439060538116592,0.03865706278026906,0.03632359865470853,0.03449809417040359,0.02836625560538117,0.011706783767413687,0.10035820714718352,0.06657773066828186,0.04343137492428831,0.03880195840904501,0.037072804360993326,0.034962507571168984,0.028525721784776897
0.0,0.0,0.013930950938824953,0.132,0.9313297015871591,0.0077020000000000005,0.026866,0.0234,0.014491,0.010189,0.006347,0.00657,0.006249000000000001,0.007926625560538119,0.027422813901345294,0.022619226457399107,0.014882567264573994,0.010584529147982065,0.00702505605381166,0.00698060538116592,0.0060459641255605386,0.00798853220270543,0.028593902685241264,0.02233101150817686,0.014245225116091255,0.010792812436906923,0.008016797900262468,0.007564647688269735,0.006244942459115686,2025-02-11 11:09:38.362000+00:00,0.011485000000000002,0.099383,0.067217,0.043672,0.038404,0.035798,0.034153,0.028566,0.011665022421524666,0.09969473094170404,0.06675874439461885,0.0439060538116592,0.03865706278026906,0.03632359865470853,0.03449809417040359,0.02836625560538117,0.011706783767413687,0.10035820714718352,0.06657773066828186,0.04343137492428831,0.03880195840904501,0.037072804360993326,0.034962507571168984,0.028525721784776897
1.0,0.95347533632287,0.7195639006662627,0.088,0.0,0.210403,0.147247,0.153005,0.154235,0.15480000000000002,0.16163500000000003,0.16655300000000003,0.16626700000000003,0.21708279147982062,0.15708116591928253,0.16128206278026905,0.16239501121076236,0.16738223094170407,0.17013822869955159,0.1703812219730942,0.17748419282511216,0.22994740561275998,0.16703327276398136,0.17098598828992528,0.1724908540278619,0.17855118110236218,0.18073474661821118,0.18076793862305673,0.189026266908944,2025-02-16 11:09:57.876000+00:00,0.19291899999999998,0.18245799999999998,0.15368400000000002,0.15214,0.150184,0.161953,0.16983700000000002,0.17061300000000001,0.19912886771300448,0.18863374439461886,0.15924383408071752,0.1585536995515695,0.1599354260089686,0.16901883408071747,0.17324736547085207,0.1808512331838565,0.2106122955784373,0.19482301635372495,0.1655971532404603,0.1663222491419342,0.1682573389864728,0.1775057742782152,0.18208528164748636,0.19124916212396523
1.0,0.7146860986547084,0.616596002422774,0.094,0.0,0.210592,0.15133200000000002,0.154975,0.15469,0.15677,0.16268799999999997,0.16697399999999998,0.166154,0.21815156950672646,0.16141345291479822,0.16367371076233184,0.16339243273542603,0.1698327914798207,0.17176395739910316,0.17143570627802693,0.17794579596412557,0.23145075711689883,0.17157692307692304,0.17359876842317787,0.1737048859277206,0.1810550979204522,0.18257439935392683,0.18215735917625675,0.1899390874217646,2025-02-16 11:09:54.150000+00:00,0.192736,0.182541,0.153784,0.152057,0.150101,0.16193600000000002,0.169754,0.170596,0.19901042600896857,0.18866457399103145,0.1593261210762332,0.15851821748878922,0.15988738789237672,0.16901468609865475,0.17320218609865476,0.18076760089686097,0.21055687462144146,0.19485491621239645,0.16564528568544312,0.16629499293357558,0.16822642842721583,0.17751265899454874,0.18207450030284672,0.19120787401574796
1.0,1.0,1.0,0.137,0.0,0.019515,0.0,0.008998,0.0028659999999999996,0.004451,0.0020340000000000002,0.002634,0.006402000000000001,0.019331165919282512,0.0,0.008624383408071751,0.002664742152466368,0.004999607623318386,0.0022590246636771303,0.0033204035874439468,0.006942264573991033,0.019312073490813642,0.0,0.008728831011508176,0.0027629921259842522,0.0053403795679386225,0.0025037956793862305,0.0037485564304461944,0.007540985261457699,2025-02-26 11:09:57.774000+00:00,0.022132000000000002,0.079017,0.055032000000000005,0.033166,0.033017000000000005,0.03261699999999999,0.031417,0.029651,0.02204254484304933,0.07925218609865471,0.05481446188340807,0.03297320627802691,0.03339142376681615,0.0328432735426009,0.03188284753363229,0.029944394618834084,0.0220521704017767,0.07919327680193822,0.05487932566121542,0.03304007672117908,0.03362309711286089,0.03305784373107208,0.032201756511205326,0.030440399757722596
0.0,0.0,0.0,0.088,0.4016651425301413,0.020766,0.006334,0.016715,0.008366,0.010883,0.0089,0.009451000000000001,0.011385,0.020793946188340805,0.006747365470852019,0.016441255605381167,0.008198598654708521,0.011352354260089688,0.009177466367713005,0.010032847533632285,0.012009753363228699,0.020700141328487784,0.006637997173430244,0.016549263072885116,0.008296628306077124,0.01171134665859075,0.00947153240460327,0.010354048051685846,0.012579285281647484,2025-02-26 11:09:54.852000+00:00,0.022149000000000002,0.079017,0.055032000000000005,0.033166,0.033,0.0327,0.031351,0.029384999999999998,0.02210465246636771,0.07926177130044844,0.05481446188340807,0.03297320627802691,0.03333643497757849,0.0328695067264574,0.031888565022421524,0.02995403587443947,0.022042741772663032,0.0792005855037351,0.0548831617201696,0.03304007672117908,0.03358788612961841,0.03306654552796284,0.032176963456491015,0.030421380981223496
0.0,0.0,0.0,0.115,1.0,0.681742,1.2017120000000001,1.12512,1.104134,1.121408,1.09445,1.084093,1.059293,0.682400504484305,1.2074451793721974,1.132023430493274,1.107544282511211,1.125095739910314,1.102030100896861,1.0789118273542602,1.062141311659193,0.686878215223097,1.212167696345649,1.1370633959216636,1.1129914799111646,1.1314225519886936,1.108336967494448,1.0835277811427415,1.0678095093882496,2025-03-28 11:09:56.220000+00:00,0.6262970000000001,0.8402200000000002,0.8137920000000001,0.897957,0.922103,0.9402689999999999,0.964105,0.972933,0.6268178251121077,0.8440800448430494,0.8186684977578476,0.900403475336323,0.9250243273542604,0.9465506726457401,0.95965134529148,0.9755383968609868,0.6308839895013122,0.8471363416111448,0.822074883908742,0.9046391076115485,0.9300504744599232,0.9517955784373106,0.9636461538461536,0.980613002220876
0.0,0.0,0.0,0.115,1.0,0.6935080000000001,1.214882,1.135822,1.1186660000000002,1.1521400000000002,1.110667,1.094025,1.0649440000000001,0.6939073430493272,1.2210179372197312,1.143297421524664,1.1217495515695068,1.1558683856502245,1.1185400784753363,1.0890317264573992,1.0680966928251123,0.6984620230163536,1.2258974762770036,1.148391399152029,1.1272673531193214,1.1623614980819705,1.1249476075105995,1.0937712295578437,1.0737829396325458,2025-03-28 11:09:52.492000+00:00,0.6264310000000001,0.8402200000000002,0.8137920000000001,0.897974,0.922103,0.9401029999999999,0.9640219999999999,0.972867,0.6268650224215248,0.8440803251121077,0.8186608183856502,0.9004070067264575,0.9249398542600901,0.946532903587444,0.9596888452914798,0.9755609304932739,0.630920896426408,0.8471377952755906,0.8220653543307086,0.9046340803553401,0.9299644659802141,0.9517733292953763,0.9637041792852813,0.9806041994750655
1.0,1.0,1.0,0.17500000000000002,0.0,0.006585,8.3e-05,0.013779000000000001,0.002181,0.000517,0.0,0.0,0.0,0.007180493273542601,0.00035896860986547093,0.012847813901345295,0.0011250000000000001,0.0003538116591928252,0.0,0.0,0.0,0.0072215021199273175,0.00036042802342014943,0.012680678376741372,0.0010428512988341174,0.0004904300423985463,0.0,0.0,0.0,2025-03-30 11:09:44.315000+00:00,0.011568000000000002,0.07483000000000001,0.057047,0.032015,0.029282999999999997,0.026632000000000003,0.025398,0.021464,0.012076905829596413,0.07459215246636773,0.05641440582959641,0.031213565022421532,0.029130325112107624,0.026551233183856507,0.02552825112107623,0.021074047085201796,0.012111346658590757,0.07439162123965272,0.05629614375126186,0.03091566727236019,0.029083626085200893,0.026417807389460934,0.02545332121946295,0.021058752271350692
1.0,1.0,1.0,0.08699719730941706,0.0,0.009285,0.014262000000000002,0.024279000000000002,0.010698000000000001,0.009982999999999999,0.005332000000000001,0.005498000000000001,0.005247,0.009868665919282515,0.013912219730941705,0.02337567264573991,0.009736434977578475,0.0097890134529148,0.0052734304932735435,0.005674047085201795,0.004861827354260091,0.009925378558449422,0.013604280234201491,0.023239147991116493,0.009393620028265695,0.00973924894003634,0.005136341611144761,0.005594286291136684,0.004843286896830203,2025-03-30 11:09:42.242000+00:00,0.011568000000000002,0.07483000000000001,0.057047,0.032015,0.029282999999999997,0.026632000000000003,0.025398,0.021447,0.012076905829596413,0.07459215246636773,0.05641440582959641,0.031213565022421532,0.029130325112107624,0.026551233183856507,0.02552029147982063,0.021071132286995514,0.012111346658590757,0.07439162123965272,0.05629614375126186,0.03091566727236019,0.029083626085200893,0.02642376337573188,0.025446759539672924,0.021053179890975163
1.0,1.0,1.0,0.17,0.0,0.011298,0.0037359999999999997,0.019738000000000002,0.0035470000000000002,0.0025150000000000003,0.0,0.0,0.000798,0.011362275784753363,0.003817544843049327,0.020823822869955162,0.0033624439461883413,0.00260005605381166,0.0,0.0,0.0007308295964125561,0.011553886533414093,0.004502725620835856,0.021033817888148596,0.003667474258025439,0.0027493842115889353,3.836058954169191e-06,8.310115081768625e-05,0.000996103371693923,2025-04-07 11:09:57.587000+00:00,0.015549,0.077885,0.060052999999999995,0.032281,0.030549000000000003,0.029868000000000002,0.029202,0.026532,0.01569007847533633,0.07793290358744395,0.060722141255605384,0.032138228699551574,0.03063996636771301,0.030075448430493274,0.029364293721973096,0.02648553811659193,0.015865576418332323,0.07832113870381587,0.06082971936200282,0.03235758126388047,0.030752190591560664,0.03017409650716737,0.02936194225721785,0.0267010498687664
1.0,1.0,1.0,0.115,0.0,0.012915000000000001,0.013953,0.026803999999999998,0.009164,0.009215000000000001,0.005651,0.006221,0.007615000000000001,0.0131085201793722,0.014066704035874438,0.027775616591928256,0.008992152466367717,0.00925011210762332,0.005854876681614351,0.006609753363228702,0.007489573991031391,0.013314677972945688,0.014682495457298609,0.027975085806581867,0.009280294770845951,0.009375166565717746,0.006063234403391884,0.0066740965071673715,0.007767312739753684,2025-04-07 11:09:53.854000+00:00,0.015449000000000001,0.077885,0.060052999999999995,0.032281,0.030732000000000002,0.029951000000000002,0.029053,0.026698000000000003,0.015676681614349777,0.07793323991031391,0.060722141255605384,0.032138228699551574,0.030741479820627807,0.030118665919282517,0.029350448430493274,0.02650016816143498,0.015860973147587325,0.07831942257217847,0.06082971936200282,0.032354411467797294,0.030833959216636377,0.030253502927518678,0.029358207147183527,0.02670866141732283
1.0,1.0,1.0,0.15396860986547087,0.006732382197337342,0.0154,0.018904000000000004,0.030253,0.013153000000000001,0.012664000000000002,0.009132000000000001,0.011332,0.011849,0.015620627802690584,0.01877230941704036,0.030697701793721978,0.01328346412556054,0.012021300448430495,0.009224495515695067,0.01132494394618834,0.011838060538116592,0.015869069250959017,0.018944982838683625,0.030810640016151834,0.013339652735715727,0.012238481728245503,0.009479790026246717,0.011569674944478093,0.011901453664445788,2025-04-09 11:09:47.667000+00:00,0.018883,0.085036,0.066702,0.038819,0.036715000000000005,0.03731500000000001,0.038382999999999994,0.034548999999999996,0.01902853139013453,0.08496502242152468,0.06702853139013452,0.03893464125560538,0.03626889013452915,0.037380493273542606,0.038395347533632294,0.034595067264573995,0.01919755703613971,0.08508697758933977,0.06711217443973348,0.038969674944478096,0.03643256612154249,0.03759069250959015,0.03858102160306883,0.03465515848980416
0.0,0.0,0.0,0.137,0.40971033925595945,0.015366000000000001,0.022587,0.031936,0.013953,0.013615,0.009481,0.0109,0.011215000000000001,0.015526065022421525,0.022449551569506728,0.032371973094170406,0.014090358744394621,0.01304108744394619,0.009470683856502241,0.010920571748878925,0.011312780269058296,0.015789804159095495,0.022619018776499085,0.03251411265899454,0.014146921057944678,0.013266585907530786,0.009740803553401975,0.011182132041187159,0.011411104381183122,2025-04-09 11:09:43.940000+00:00,0.018783,0.085036,0.066785,0.038819,0.03673200000000001,0.037498,0.038382999999999994,0.03453199999999999,0.018935145739910314,0.08496502242152468,0.06704282511210762,0.03893464125560538,0.036262948430493276,0.03744013452914799,0.038353979820627805,0.03452892376681614,0.019158792650918632,0.08508279830405813,0.06711714112658992,0.038969674944478096,0.03642099737532808,0.037622794266101336,0.038567030082778106,0.03459551786795881
1.0,0.95347533632287,0.7740763173834039,0.20800000000000002,0.10300544761926132,0.013885000000000002,0.0,0.011045,0.0,0.0,0.0,0.0,0.0,0.0159377802690583,0.0001530829596412556,0.011314573991031389,0.0008447869955156951,0.0004679932735426009,0.00026143497757847537,0.0003872197309417041,0.0011622757847533634,0.019773107207752876,0.0025760549162123967,0.01329067231980618,0.0034061578841106392,0.0032946295174641625,0.0033120533010296787,0.004301433474661821,0.00563725015142338,2025-04-17 11:09:54.967000+00:00,0.019168,0.078083,0.05763000000000001,0.032332,0.031064,0.029081000000000003,0.027783,0.025968,0.02099523542600897,0.07806076233183856,0.05776255605381167,0.033030437219730945,0.03151014573991032,0.03035336322869956,0.030118329596412557,0.029014517937219736,0.02435766202301635,0.07925943872400562,0.05895715727841712,0.03479630526953361,0.03351152836664648,0.03378029477084595,0.03424181304260045,0.03308568544316576
1.0,0.8951793721973094,0.882899252977993,0.099,0.004291893650802556,0.017053,0.0154,0.023479,0.009932,0.010412999999999999,0.004730000000000001,0.004534,0.006753,0.01934523542600897,0.015421244394618836,0.0236743273542601,0.010812724215246637,0.01090078475336323,0.00624798206278027,0.007382343049327355,0.010367600896860988,0.023070926711084187,0.017257076519281243,0.025386109428629115,0.013045447203714916,0.013437169392287505,0.010371189178275793,0.012268503937007874,0.014770280637997167,2025-04-17 11:09:51.239000+00:00,0.019185,0.078083,0.05763000000000001,0.032332,0.031129999999999998,0.029081000000000003,0.027617000000000003,0.025802000000000002,0.02105022421524664,0.07807146860986547,0.05775745515695068,0.033030437219730945,0.03149428251121077,0.030379035874439464,0.030072589686098654,0.029064125560538123,0.024364183323238434,0.07926125580456288,0.05895210983242479,0.03479925297799313,0.033516192206743387,0.0337995962043206,0.03425449222693317,0.03309364021804967
0.0,0.0,0.01655562285483545,0.33204652466367723,0.9182520491688315,0.039997000000000005,0.051629,0.034262,0.020245000000000003,0.015668,0.0,0.0,0.009213,0.05243604260089687,0.041688396860986555,0.037167713004484314,0.030384921524663686,0.02694658071748879,0.0193347533632287,0.022191423766816147,0.029296020179372197,0.061845184736523305,0.0430896628306077,0.04095338178881486,0.03811724207550979,0.03702558045628912,0.03302774076317383,0.035468342418736115,0.03932259236826166,2025-04-19 11:09:44.955000+00:00,0.046588000000000004,0.11742500000000002,0.083397,0.058276,0.058863,0.06093200000000001,0.06052,0.06391300000000001,0.05719276905829597,0.11276070627802694,0.08484002242152468,0.06450560538116594,0.06557550448430494,0.07266973094170404,0.07638985426008969,0.0783097533632287,0.06518794669897032,0.11338285887341007,0.08675865132243085,0.06927361195235211,0.07179689077326872,0.08165939834443771,0.08604877851806986,0.08544910155461334
0.0,0.0,0.0,0.159,1.0,0.583211,0.6424200000000001,0.598101,0.5833800000000001,0.608619,0.611429,0.606603,0.607732,0.5910034753363228,0.6472394058295964,0.6054142937219731,0.593057230941704,0.6187384529147983,0.6229111547085202,0.6187806053811657,0.6197582959641256,0.5959353926912982,0.6552865536038763,0.6133797092671106,0.6015031092267312,0.626931455683424,0.6309555219059154,0.6256429032909347,0.6268902887139108,2025-04-27 11:09:56.661000+00:00,0.531788,0.4808200000000001,0.451807,0.482328,0.498269,0.531313,0.5483889999999999,0.567641,0.5386960201793722,0.48382045964125575,0.4568389573991032,0.4897782511210763,0.5059470291479821,0.5404511771300449,0.5585226457399104,0.5782116591928251,0.5431171815061578,0.48874005653139513,0.4621000201897839,0.4962538057742782,0.5121831617201696,0.5468997173430244,0.5642519281243689,0.5844521098324248
0.0,0.0,0.0,0.10433464125560538,1.0,0.585628,0.6151010000000001,0.57618,0.5664760000000001,0.602153,0.603144,0.5969350000000001,0.5986640000000001,0.5931657511210764,0.6198565582959643,0.5832597533632288,0.5756479820627803,0.6121359304932735,0.6142179932735427,0.6086161434977578,0.610161042600897,0.5980802947708458,0.6273923682616596,0.5906402988088026,0.5837243488794668,0.6201832424793055,0.622061094286291,0.6152585301837268,0.6171244094488189,2025-04-27 11:09:52.923000+00:00,0.531822,0.4808200000000001,0.45182400000000006,0.482328,0.498254,0.531247,0.548323,0.567758,0.5387023542600898,0.483821076233184,0.45686474215246636,0.4897750560538117,0.5059420403587445,0.5404149663677131,0.558478475336323,0.5782105941704035,0.5431270139309509,0.48875776297193607,0.4621044417524732,0.4962293357561072,0.5122009892994146,0.546889582071472,0.5642304461942257,0.584483565515849
1.0,0.95347533632287,0.8001211387038158,0.121,0.0,0.05204900000000001,0.061016000000000015,0.072206,0.058316000000000014,0.058874,0.054778,0.053478,0.055928,0.04527270179372199,0.05758183856502243,0.06424506726457399,0.050412668161434984,0.049052186098654714,0.0448289798206278,0.044876008968609875,0.04549192825112108,0.03771693922875024,0.048396850393700785,0.05435715727841711,0.04061978598828991,0.039054936402180496,0.03423541288108217,0.0354841510195841,0.03581249747627701,2025-04-29 11:09:48.804000+00:00,0.051662000000000007,0.10841500000000001,0.09419399999999999,0.07198900000000001,0.07071499999999999,0.07347,0.073421,0.07287500000000001,0.04547522421524664,0.1061515134529148,0.08864456278026908,0.06578895739910315,0.0631179932735426,0.06524798206278029,0.06597135650224216,0.0634798206278027,0.03857502523722996,0.10020785382596405,0.08173442358166767,0.058067171411265904,0.05536246719160104,0.05655913587724611,0.05789154048051685,0.0548248536240662
1.0,0.7146860986547084,0.6971532404603271,0.126,0.0,0.052247,0.063433,0.073306,0.058550000000000005,0.059959000000000005,0.054529,0.052543999999999993,0.054845000000000005,0.04539573991031391,0.05996502242152466,0.06529775784753364,0.050661434977578475,0.04988850896860987,0.044429260089686104,0.04399209641255606,0.04450325112107624,0.037734039975772245,0.050726206339592156,0.055348960226125586,0.04080642035130223,0.039664465980213996,0.03376965475469412,0.034602685241267916,0.03475362406622249,2025-04-29 11:09:45.079000+00:00,0.051728,0.10841500000000001,0.09419399999999999,0.07198900000000001,0.070898,0.07347,0.07347,0.07272600000000001,0.04555980941704036,0.10616491031390135,0.08862113228699554,0.06581485426008969,0.06313290358744396,0.06524181614349776,0.06605241031390136,0.06354708520179374,0.0386303250555219,0.10021772663032504,0.08172745810619826,0.058085281647486366,0.05532685241267917,0.05657290530991318,0.057948536240662214,0.05487205733898646
1.0,1.0,0.9127801332525741,0.137,0.0,0.016093000000000003,0.031859,0.052195000000000005,0.016544,0.015072,0.005991000000000001,0.005614000000000001,0.004935,0.018256502242152473,0.03356070627802691,0.05421776905829597,0.01896804932735426,0.01660751121076233,0.008237331838565023,0.007861210762331839,0.008944562780269059,0.022173430244296383,0.03811310316979607,0.05895626892792247,0.024203634161114474,0.02118966283060771,0.013130890369473045,0.013563840096910959,0.01483139511407228,2025-05-07 11:09:54.529000+00:00,0.019490999999999998,0.091789,0.079691,0.039508,0.038704,0.036306,0.034878,0.030182,0.021362051569506733,0.09289417040358747,0.08103536995515695,0.041384697309417046,0.039893946188340815,0.03810016816143498,0.03675403587443946,0.03351451793721973,0.024875752069452854,0.09571879668887544,0.0842023016353725,0.045424752675146375,0.04340781344639613,0.04206707046234604,0.04157601453664446,0.03867454068241469
1.0,1.0,0.9127801332525741,0.121,0.0,0.017190999999999998,0.036659000000000004,0.055178000000000005,0.018827,0.018023,0.009508,0.008865,0.008235000000000001,0.01904983183856502,0.0383383408071749,0.057135706278026915,0.021217096412556053,0.019709529147982064,0.011803026905829597,0.011239910313901346,0.011987275784753363,0.022940318998586715,0.04277583282858873,0.06178463557439935,0.02638532202705431,0.024200262467191598,0.01667764990914597,0.016947627700383605,0.01782537855844942,2025-05-07 11:09:50.797000+00:00,0.019657,0.091872,0.079691,0.039508,0.038738,0.036323,0.034712,0.030265,0.021357623318385654,0.09291373318385651,0.08103536995515695,0.041384697309417046,0.03999260089686099,0.038109865470852024,0.03664265695067265,0.03349153587443947,0.024857581263880477,0.09573850191802949,0.0841889561881688,0.04541213406016556,0.043494124772864934,0.042053280839895006,0.04150250353321219,0.038672077528770436
0.0,0.0,0.0,0.22996860986547088,1.0,0.63071,0.8863960000000002,0.816726,0.7766700000000001,0.8354640000000001,0.817342,0.7953489999999999,0.7754449999999999,0.6297353139013452,0.8874123318385652,0.8169973094170405,0.7781387892376682,0.8370657511210763,0.8153366031390137,0.7927719170403588,0.7739699551569507,0.6290913789622451,0.8834927114879871,0.8155412477286491,0.7776495861094286,0.8363363819907126,0.8133871391076115,0.7910714516454672,0.7718323238441348,2025-05-09 11:09:43.090000+00:00,0.562625,0.581032,0.555631,0.591009,0.617154,0.6614570000000001,0.686549,0.6989960000000001,0.561742769058296,0.5818482623318387,0.5557804932735427,0.5919903026905831,0.6182423766816144,0.6600233183856503,0.6844660874439463,0.6977336322869956,0.5611948717948717,0.5796335352311731,0.5548865939834443,0.5916115687462143,0.6177472844740561,0.6585894811225519,0.6831428629113668,0.6959747425802544
0.0,0.0,0.0,0.289,1.0,0.639214,1.4014499999999999,1.2890160000000002,1.232096,1.272246,1.2139770000000003,1.1896480000000003,1.1416570000000001,0.6357966928251121,1.405779260089686,1.2900215246636773,1.235268609865471,1.2673727578475336,1.200312051569507,1.165957623318386,1.1168737668161437,0.6308624470018169,1.4158366242681202,1.2980285887341003,1.2334630728851201,1.2572282858873407,1.1850455481526345,1.1460216636381988,1.097729416515243,2025-05-12 11:09:35.491000+00:00,0.565609,0.796708,0.7817850000000001,0.8580470000000001,0.8896200000000001,0.924717,0.9569020000000001,0.9717519999999998,0.5626726457399105,0.7989474215246638,0.7823490470852018,0.8599083520179375,0.8863576233183857,0.914894730941704,0.9390576233183857,0.9519271300448431,0.5583841106400161,0.8040674136886734,0.7867718554411466,0.8586020795477488,0.8796057944679991,0.9040354330708662,0.924086937209772,0.9366147183525132
0.0,0.0,0.0,0.186,1.0,0.628133,1.212556,1.13913,1.1114060000000001,1.172573,1.132438,1.11372,1.077395,0.6247383968609866,1.2162637892376682,1.1398044843049329,1.1137812780269059,1.1681493273542605,1.1198839125560538,1.0919457959641259,1.0543931614349777,0.6199272562083585,1.2249432667070466,1.1466147385422976,1.1120127195639005,1.158878275792449,1.1060052291540479,1.0736610337169392,1.036720553200081,2025-05-12 11:09:31.771000+00:00,0.565809,0.796708,0.781885,0.8581300000000002,0.88952,0.9246000000000001,0.956668,0.9718690000000001,0.5627345291479822,0.7989424887892378,0.7823851457399105,0.8598992152466369,0.886300504484305,0.914816143497758,0.9389024103139014,0.951960033632287,0.5584272562083586,0.8040649909145972,0.7867856652533817,0.8585937815465374,0.8795488794669897,0.9039831213406017,0.9239608721986672,0.9366358368665454
1.0,1.0,0.966484958610943,0.11,0.0,0.011337999999999999,0.011524999999999999,0.022551,0.009368,0.009198000000000001,0.003519,0.00363,0.005745,0.011748038116591931,0.012469955156950674,0.022846468609865476,0.008921132286995518,0.008231502242152468,0.003467264573991032,0.004396804932735427,0.005457567264573991,0.012444619422572176,0.013048576620230162,0.02348306077124974,0.00954720371492025,0.009239006662628708,0.0044395921663638194,0.005098061780738945,0.006197233999596205,2025-05-17 11:09:51.504000+00:00,0.014238,0.075472,0.057517000000000006,0.031768,0.031532000000000004,0.030768000000000004,0.029547,0.027162000000000002,0.014600392376681615,0.07608632286995515,0.057711883408071755,0.03145224215246638,0.030796132286995525,0.03067539237668162,0.03014730941704036,0.026895123318385655,0.015227720573389864,0.0764445992327882,0.0581448616999798,0.03194304461942258,0.03158390874217645,0.03147464163133454,0.030702402584292344,0.02755067635776297
1.0,1.0,0.966484958610943,0.132,0.0,0.010738000000000001,0.010925,0.021251,0.007551,0.006466000000000001,0.0,0.0,0.00166,0.010974215246636774,0.011917600896860987,0.021573038116591926,0.007098262331838565,0.00558755605381166,4.652466367713005e-06,0.00043660313901345296,0.0011798766816143497,0.011603048657379366,0.01251798909751666,0.022227841712093677,0.007755743993539269,0.0066464163133454456,0.0008016151827175449,0.0010261861498081972,0.0019443973349485162,2025-05-17 11:09:47.780000+00:00,0.014321,0.07545500000000001,0.057434,0.031750999999999995,0.031449,0.030868000000000003,0.029464,0.027328,0.014621748878923767,0.0760648542600897,0.057697589686098665,0.03143794843049327,0.030742600896860997,0.030753699551569508,0.030102298206278025,0.02697656950672646,0.015201413284877853,0.0764272360185746,0.05813781546537452,0.031941066020593586,0.03153686654552795,0.03147494447809408,0.030637472239047035,0.027610680395719768
0.0,0.0,0.0,0.181,1.0,0.724653,1.138608,1.069382,1.045638,1.0716180000000002,1.043474,1.0249480000000002,0.9981160000000001,0.7252718609865471,1.136264686098655,1.0706423766816147,1.0456891255605383,1.073527802690583,1.0440643497757849,1.0264200672645742,1.0018679932735426,0.7234156067030082,1.137430123157682,1.0709709267110843,1.04529049061175,1.0706480314960627,1.0425220876236625,1.0254270543105188,1.0013981627296589,2025-05-22 11:09:35.661000+00:00,0.6595230000000002,0.7613,0.744349,0.814054,0.838613,0.871669,0.89183,0.9075940000000001,0.6600678251121077,0.7599581838565024,0.744820908071749,0.8140586883408073,0.840052298206278,0.8719869394618837,0.8930250000000003,0.9108573430493275,0.6583743589743589,0.7607272158287908,0.7450160104986877,0.8137694124772863,0.8378920856046838,0.8707369876842317,0.8921756511205328,0.9103918029477083
0.0,0.0,0.0,0.132,1.0,0.72207,1.0731140000000001,1.0156839999999998,1.000876,1.044837,1.020593,1.000884,0.9744200000000001,0.7226156950672648,1.0706458520179376,1.0164868834080718,1.0007536995515696,1.0468692825112107,1.0211605941704036,1.0021945067264573,0.978217656950673,0.720750656167979,1.0715659600242275,1.016815828790632,1.0004899252977995,1.044142075509792,1.0197078538259636,1.001305148394912,0.9777125580456286,2025-05-22 11:09:31.945000+00:00,0.6595230000000002,0.7613,0.7442489999999999,0.814054,0.8385470000000002,0.8715200000000001,0.891879,0.9075110000000001,0.6600653026905831,0.7599577914798208,0.744798374439462,0.8140215246636773,0.840053307174888,0.87195067264574,0.8929221973094174,0.9108697869955158,0.658384776902887,0.7607052089642641,0.745009125782354,0.8137738946093277,0.8379350292751867,0.8707161316373914,0.8921273167777102,0.9103909751665654
0.0,0.0,0.0,0.257,1.0,0.080468,0.073649,0.08051299999999999,0.06488300000000001,0.071891,0.082736,0.088385,0.098298,0.08154674887892377,0.07469624439461886,0.08106535874439462,0.06603099775784756,0.07415313901345291,0.08414198430493276,0.08903912556053813,0.09877864349775786,0.08297268322228953,0.07676593983444374,0.08303945083787603,0.06800567332929537,0.0758758530183727,0.08576369876842317,0.09094405410862104,0.10029834443771449,2025-05-27 11:09:54.396000+00:00,0.08115100000000001,0.121866,0.104781,0.0838,0.092755,0.11601900000000001,0.12405100000000001,0.130681,0.0820983744394619,0.122407399103139,0.10508542600896863,0.0846186659192825,0.09430650224215249,0.11711300448430494,0.12449047085201796,0.1309762331838565,0.08335513830002018,0.12350514839491215,0.10622897233999594,0.08597668079951543,0.09551976579850592,0.11831257823541287,0.12596783767413688,0.13219333737129005
1.0,1.0,1.0,0.126,0.0,0.006314999999999999,0.013248999999999999,0.029636000000000003,0.005549000000000001,0.0033680000000000003,0.0,0.0,0.0,0.00660566143497758,0.012697813901345294,0.030226008968609868,0.005330941704035875,0.003568049327354261,0.0,0.0,0.0,0.006535190793458509,0.012808621037754896,0.030134686048859275,0.0052821724207550965,0.0036676559660811627,0.0,0.0,5.451241671714112e-07,2025-05-29 11:09:51.669000+00:00,0.010232000000000002,0.076366,0.064185,0.030366000000000004,0.028134000000000003,0.025785000000000002,0.027215000000000003,0.021317,0.01050980941704036,0.07598357623318384,0.06461653587443947,0.030238565022421532,0.02826412556053812,0.025999103139013453,0.026783912556053818,0.02178127802690583,0.01045832828588734,0.07604427619624471,0.0645428831011508,0.030214940440137297,0.028330143347466183,0.026177528770442153,0.02655909549767817,0.02226979608318191
1.0,1.0,1.0,0.132,0.0,0.006398,0.015449000000000001,0.030753,0.005966,0.004117,0.0,0.0,0.0,0.006653643497757847,0.014910426008968612,0.031330269058295966,0.005803251121076234,0.004244843049327355,0.0,0.0,0.0,0.006563194023823944,0.015021885725822732,0.031244538663436294,0.005765960024227741,0.0043850595598627085,0.0,0.0,1.271956390066626e-06,2025-05-29 11:09:47.940000+00:00,0.010315000000000001,0.076366,0.064202,0.030366000000000004,0.028217000000000002,0.025768,0.027115,0.021251,0.010570908071748878,0.07597892376681614,0.06463082959641256,0.030238565022421532,0.028324215246636777,0.025965639013452918,0.026776569506726466,0.021822197309417046,0.010504320613769436,0.07603470623864325,0.06454803149606297,0.030214940440137297,0.028386392085604686,0.026148516050878257,0.026579567938623053,0.022277225923682614
1.0,0.95347533632287,0.7195639006662627,0.3105779147982063,0.0,0.025328000000000003,0.045313,0.08450200000000001,0.031632,0.03132,0.015220000000000001,0.010792000000000001,0.01089,0.026678755605381164,0.04642998878923768,0.08444360986547088,0.03225016816143498,0.031039181614349775,0.014890470852017938,0.01182034753363229,0.011887948430493275,0.028330870179689074,0.04848978396931152,0.08646287098728044,0.03400169594185342,0.03282210781344639,0.016268100141328488,0.013793781546537452,0.013945810619826363,2025-06-06 11:09:55.045000+00:00,0.032979,0.110698,0.108251,0.06204900000000001,0.06409200000000001,0.067324,0.065711,0.06160900000000001,0.03409730941704036,0.11122236547085204,0.1082489349775785,0.062474103139013464,0.06402976457399104,0.0671621076233184,0.0664932735426009,0.062382230941704045,0.03548687664041995,0.11221990712699373,0.10934861699979812,0.06361259842519686,0.06514516454673935,0.06812513628104178,0.0679244094488189,0.06398707853825963
1.0,0.7146860986547084,0.616596002422774,0.33204652466367723,0.0,0.023993999999999998,0.043696,0.082885,0.027949,0.027588000000000005,0.010471,0.005909000000000001,0.006439000000000001,0.02537718609865471,0.04482668161434977,0.08286154708520178,0.028567152466367714,0.027570067264573995,0.010229484304932736,0.0069772982062780275,0.0072025784753363235,0.02706606097314758,0.04695574399353926,0.0849607914395316,0.030350252372299616,0.029405431051887743,0.011685746012517666,0.009013991520290733,0.009259862709469008,2025-06-06 11:09:51.313000+00:00,0.032945,0.110698,0.108251,0.06204900000000001,0.06409200000000001,0.067258,0.065711,0.061792,0.034077466367713014,0.11123312780269061,0.1082489349775785,0.06248424887892377,0.06402976457399104,0.06712881165919284,0.06646311659192825,0.06245498878923768,0.03545806581869574,0.11223129416515241,0.10935152432868969,0.06360995356349687,0.0651450030284676,0.06808245507773066,0.06789788007268324,0.06398853220270544
0.0,0.0,0.0,0.21457791479820632,0.24995090971314438,0.022923,0.034365,0.068284,0.024097000000000004,0.026122000000000003,0.015545999999999999,0.016001,0.014976,0.02511625560538117,0.03922174887892377,0.0737929932735426,0.02888553811659193,0.030436715246636777,0.019782735426008967,0.01995538116591928,0.018940134529147983,0.02569535634968706,0.03971487987078537,0.07448923884514434,0.030048657379366038,0.031087886129618405,0.020331738340399755,0.02063042600444175,0.020321603068847158,2025-06-08 11:09:50.564000+00:00,0.027868,0.095677,0.094281,0.0503,0.051871999999999995,0.05441699999999999,0.055923,0.05048500000000001,0.02978110986547085,0.09839063901345292,0.09765454035874442,0.053684473094170404,0.05490285874439462,0.05748766816143498,0.05894641255605383,0.053726345291479835,0.0302965071673733,0.09865576418332324,0.09806579850595598,0.054508318190995345,0.05537787199676962,0.05786872602463152,0.05945451241671715,0.054830587522713505
1.0,0.7146860986547084,0.616596002422774,0.2021513452914799,0.0,0.023423,0.037797,0.06993300000000001,0.025863,0.028805000000000004,0.019627,0.019716,0.017876,0.025731221973094173,0.042517488789237674,0.07524742152466368,0.030474215246636776,0.03308402466367713,0.02351334080717489,0.023427410313901345,0.021835594170403587,0.026323985463355543,0.04298497880072683,0.07591742378356549,0.03158958207147183,0.033772501514233784,0.02401800928730062,0.024123904704219663,0.023157238037553003,2025-06-08 11:09:46.844000+00:00,0.027851000000000004,0.095677,0.094281,0.050317,0.05195500000000001,0.054483,0.056006,0.050502000000000005,0.029752858744394622,0.09839377802690581,0.09765235426008971,0.05370470852017938,0.05490818385650225,0.057463340807174905,0.058959697309417046,0.05373077354260091,0.030270664243892582,0.09866549565919645,0.09807003836058953,0.05452545931758529,0.05538475671310317,0.057848112255198876,0.059491802947708464,0.05483359580052493
1.0,0.95347533632287,0.8229355945891378,0.20704652466367718,0.0,0.016666,0.020250999999999998,0.051034,0.013017000000000003,0.013615,0.003285,0.004664,0.007411000000000002,0.016722085201793725,0.020714181614349778,0.05109887892376682,0.013149215246636774,0.013713565022421525,0.003776233183856503,0.004308744394618835,0.006647141255605383,0.016667312739753685,0.020574782959822326,0.05115364425600645,0.013199939430648093,0.013469271148798706,0.004295437108822936,0.004393983444377143,0.0067420956995760135,2025-06-16 11:09:53.562000+00:00,0.021732,0.08833400000000001,0.082617,0.0412,0.042098,0.042268,0.04319799999999999,0.041062,0.02173991031390135,0.08862399103139017,0.08267191704035876,0.04130308295964127,0.042119618834080726,0.042682623318385654,0.04289299327354261,0.04048593049327354,0.02168124369069251,0.08855422975974155,0.0826970926711084,0.041358086008479705,0.041972925499697146,0.04306723198061781,0.04295382596406219,0.040561760549162114
1.0,0.8486547085201794,0.7714516454673934,0.224,0.0,0.015883,0.020051,0.050551000000000006,0.011417000000000002,0.011963999999999999,3.4e-05,0.00113,0.003677,0.016099383408071752,0.02050835201793722,0.050679596412556066,0.011572365470852018,0.011852522421524665,0.0002729260089686099,0.0005806614349775785,0.0027660313901345297,0.016001312335958005,0.020356167979002623,0.05072206743387846,0.01164478094084393,0.011518352513628103,0.0006854633555420955,0.0006005451241671713,0.002809913183928932,2025-06-16 11:09:49.837000+00:00,0.021583,0.088417,0.082617,0.0412,0.042098,0.042268,0.04336399999999999,0.041145,0.021746132286995516,0.08863828475336326,0.08267191704035876,0.04130308295964127,0.04209108744394619,0.04267096412556054,0.042953139013452914,0.040464181614349774,0.02169432667070462,0.08855848980415906,0.08269685039370078,0.041357823541288107,0.041952796285079745,0.043058550373511,0.042942418736119516,0.04049291338582677
1.0,0.95347533632287,0.781142741772663,0.25099663677130046,0.0,0.016180999999999997,0.021847000000000002,0.05234900000000001,0.015609000000000001,0.011917000000000002,0.0011960000000000002,0.00067,0.002845,0.018285538116591928,0.024641591928251123,0.05501283632286996,0.017449215246636774,0.016107791479820627,0.004433744394618835,0.004012219730941704,0.005233183856502244,0.02188334342822532,0.029125923682616593,0.059121724207550984,0.021900060569351905,0.020991823137492427,0.009230244296386027,0.0090521704017767,0.009831152836664647,2025-06-18 11:09:47.317000+00:00,0.022815000000000002,0.09093199999999999,0.08626600000000001,0.046645,0.044016999999999994,0.046830000000000004,0.04731900000000001,0.044096,0.024675280269058297,0.09245252242152467,0.0878213004484305,0.04794708520179373,0.04686423766816143,0.0488810538116592,0.04977959641255607,0.04614445067264574,0.027777871996769624,0.09483947102765997,0.09022374318594792,0.050996910963052686,0.05010401776700989,0.052379588128407005,0.05362822531798911,0.04976468806783767
1.0,0.8486547085201794,0.7296587926509186,0.17761547085201795,0.0,0.018898,0.032098,0.05864900000000001,0.022843,0.021283,0.014996,0.014736,0.015447,0.02100706278026906,0.03463789237668161,0.06105930493273543,0.02453850896860987,0.025142320627802698,0.017849831838565023,0.017742040358744396,0.01789304932735426,0.02447849788007268,0.038591278013325264,0.06476272965879265,0.028605733898647272,0.029652634766807986,0.0224401978598829,0.022528931960428027,0.022092610539067234,2025-06-18 11:09:43.608000+00:00,0.022798,0.09093199999999999,0.08626600000000001,0.046645,0.044083000000000004,0.046630000000000005,0.047136000000000004,0.044047,0.024675672645739916,0.09245252242152467,0.08782158071748881,0.04794708520179373,0.046878811659192825,0.04882830717488789,0.049689181614349785,0.04615582959641257,0.027762770038360585,0.09484603270744998,0.09022681203311124,0.051000242277407626,0.05012319806178073,0.05236515243286895,0.05359921259842519,0.04974902079547748
1.0,0.95347533632287,0.7195639006662627,0.278,0.0,0.026621,0.031085,0.05297,0.022615,0.024462,0.014923,0.018636,0.019079000000000002,0.02777836322869956,0.031380437219730946,0.05315678251121077,0.0228807735426009,0.024133800448430495,0.015671356502242155,0.019086098654708523,0.019606726457399106,0.02934748637189582,0.03266658590753079,0.0541788814859681,0.024139269129820312,0.02541197254189379,0.016887240056531395,0.02047185544114678,0.021569210579446798,2025-06-21 11:09:35.609000+00:00,0.032470000000000006,0.09685099999999999,0.089202,0.054232,0.054247,0.058621,0.06378500000000001,0.060364,0.03340560538116592,0.09700952914798207,0.08930448430493275,0.054402634529147995,0.054051345291479834,0.05924915919282512,0.06413604260089688,0.060898878923766823,0.03475344235816677,0.09766654552796286,0.08989469008681607,0.05525313951140723,0.05486408237431859,0.06009757722592368,0.06517183525136279,0.06244665859075308
1.0,0.7146860986547084,0.616596002422774,0.23500000000000001,0.0,0.028021,0.036785000000000005,0.05638700000000001,0.025932000000000004,0.028879000000000002,0.021606,0.025187000000000005,0.024832,0.029075448430493277,0.037082062780269064,0.056621300448430494,0.026211883408071755,0.028667713004484306,0.022469562780269063,0.02572343049327355,0.025585089686098662,0.03064589137896224,0.03829337775085807,0.05759079345850998,0.027396365838885522,0.029968402988088023,0.023671209368059755,0.027030668281849385,0.027479406420351297,2025-06-21 11:09:31.899000+00:00,0.03257,0.09685099999999999,0.089202,0.054232,0.054147,0.058521,0.06370200000000001,0.060215,0.033448542600896865,0.09700952914798207,0.08930168161434981,0.054402634529147995,0.053988172645739914,0.05921485426008969,0.06413346412556054,0.06080964125560539,0.034802503533212195,0.09766654552796286,0.0898895416919039,0.05525313951140723,0.05482358166767615,0.060080274581061986,0.06516466787805368,0.062362749848576614
1.0,1.0,1.0,0.159,0.0,0.013161,0.011857,0.025508000000000003,0.009248000000000001,0.009025,0.0027250000000000004,0.002055,0.003059,0.013837724215246639,0.012684473094170406,0.02602858744394619,0.009810313901345291,0.00859232062780269,0.0024267376681614355,0.0018266255605381167,0.0033852578475336323,0.013533999596204322,0.012531738340399758,0.025801554613365637,0.009446799919240863,0.007858166767615585,0.0017952554007672115,0.0015365233192004843,0.003328992529779931,2025-06-26 11:09:55.030000+00:00,0.017376,0.07972100000000001,0.063255,0.035661,0.035106,0.03574,0.034421,0.031357,0.017931726457399103,0.08023267937219733,0.06360420403587444,0.03609013452914799,0.03478755605381166,0.035373262331838566,0.03420818385650225,0.03163251121076233,0.017653361599030887,0.08012697355138299,0.06345972138098124,0.03580775287704421,0.03426660609731476,0.03478520088835048,0.0339013729053099,0.03159281243690692
1.0,1.0,1.0,0.15396860986547087,0.0,0.013578000000000002,0.014974,0.027308,0.010347999999999998,0.01034,0.004191,0.0030720000000000005,0.00394,0.014226737668161436,0.015811883408071752,0.027912556053811658,0.010914966367713004,0.009691591928251123,0.0035217488789237674,0.002774159192825112,0.004222477578475337,0.013854956591964467,0.015632868968302037,0.02769325661215425,0.010555885322027054,0.008960771249747625,0.002713991520290732,0.0023731273975368464,0.004225540076721178,2025-06-26 11:09:51.300000+00:00,0.017393,0.07972100000000001,0.063172,0.035661,0.035321,0.035906,0.034421,0.031406,0.0179390134529148,0.08023267937219733,0.06358452914798206,0.03609013452914799,0.03481748878923766,0.0353877802690583,0.034179764573991044,0.03161070627802691,0.017650797496466787,0.08012547950736926,0.06345457298606905,0.03580775287704421,0.034266262870987274,0.03473834039975772,0.0338628911770644,0.03158257621643448
1.0,1.0,1.0,0.16404652466367717,0.0,0.006353,0.016538,0.03214700000000001,0.009798000000000001,0.007313,0.0,0.0,0.0,0.007589686098654709,0.01689652466367713,0.031927914798206274,0.009294899103139015,0.006924775784753365,0.0,1.048206278026906e-05,0.0,0.007814738542297597,0.017053179890975163,0.032034100545124164,0.009236018574601252,0.006836866545527961,0.0,0.0001014738542297597,0.0001375328083989501,2025-06-28 11:09:51.020000+00:00,0.011419,0.08213600000000001,0.069398,0.037115,0.034064000000000004,0.0314,0.032249,0.026266,0.012516704035874442,0.08233536995515696,0.06927954035874441,0.03674854260089686,0.033820011210762335,0.03174063901345291,0.03234035874439462,0.027453251121076234,0.012742297597415707,0.08243951140722795,0.0693432667070462,0.036700625883303035,0.03374867756915001,0.032044478094084394,0.03245760145366444,0.027846416313345435
1.0,1.0,1.0,0.15396860986547087,0.0,0.00657,0.019955000000000004,0.034381,0.011398,0.009213,0.0,0.000166,0.0,0.00789030269058296,0.020322029147982066,0.03418295964125561,0.010908408071748879,0.0088429932735426,4.764573991031391e-05,0.00051945067264574,0.000336322869955157,0.008217666060973149,0.020506723198061776,0.034272864930345245,0.010843710882293557,0.008718655360387642,0.00031869573995558245,0.0007357964869775894,0.0005816071068039571,2025-06-28 11:09:47.299000+00:00,0.011436,0.08213600000000001,0.069398,0.037115,0.033981000000000004,0.0313,0.032149,0.026283,0.012500336322869956,0.08233536995515696,0.06927954035874441,0.036762331838565025,0.03378088565022421,0.03175622197309417,0.032285426008968617,0.02750745515695067,0.012732182515647082,0.08243951140722795,0.06934344841510193,0.03670470421966484,0.033700726832222895,0.03210640016151827,0.03245281647486371,0.027899717343024422
0.8300000000000001,0.5689461883408072,0.34342822531798906,0.3051513452914798,0.12307355688582439,0.065262,0.078625,0.08517000000000002,0.055453999999999996,0.059436,0.054236,0.055407,0.050822,0.06805852017937221,0.08258974215246637,0.09223441704035874,0.05872617713004484,0.06107180493273543,0.05344708520179373,0.05503464125560539,0.05324417040358744,0.07393636180092875,0.08078687664041995,0.09439012719563901,0.06467886129618412,0.06664381183121339,0.058447324853624055,0.05785707651928124,0.05522735715727842,2025-07-01 11:09:37.522000+00:00,0.067024,0.12455400000000001,0.110389,0.079775,0.08021400000000001,0.090551,0.09635,0.09119300000000001,0.06933946188340809,0.12655000000000002,0.11434652466367715,0.08193985426008968,0.08127023542600899,0.08995061659192827,0.09602477578475338,0.09313705156950675,0.0743129416515243,0.12564728447405607,0.11554605289723398,0.08586474863718957,0.08477619624470017,0.09341061982636785,0.0980772259236826,0.09471035735917624
1.0,0.7113228699551569,0.5681405208964263,0.273,0.044388839954444204,0.065943,0.08080200000000001,0.08610200000000001,0.056505,0.061336,0.057653,0.05932200000000001,0.05433700000000001,0.0684482062780269,0.08440952914798205,0.09294859865470853,0.05966278026905831,0.06278660313901346,0.05679002242152467,0.05863110986547085,0.05670067264573992,0.0743041994750656,0.08269541691903895,0.09497948717948715,0.06539000605693518,0.06820294770845951,0.06175227135069654,0.061381344639612354,0.058694710276600025,2025-07-01 11:09:33.807000+00:00,0.06715600000000001,0.12463700000000001,0.110423,0.07979199999999999,0.08029700000000001,0.09048500000000001,0.096516,0.09112700000000001,0.06931149103139014,0.12653850896860988,0.1143590807174888,0.08198155829596411,0.08130179372197309,0.08987909192825112,0.09597578475336323,0.09313329596412556,0.07431362810417926,0.12564221683827978,0.11553284877851805,0.08588402988088026,0.08478570563294972,0.09334653745204925,0.09801106400161516,0.09471901877649909
1.0,0.95347533632287,0.7195639006662627,0.257,0.043362151669350264,0.093061,0.061149,0.083429,0.063443,0.073338,0.072141,0.0855,0.11311800000000001,0.09491535874439463,0.06430319506726458,0.0861803811659193,0.0654215807174888,0.0741942264573991,0.0754980941704036,0.09169484304932737,0.11926720852017937,0.09768328285887341,0.060327760952957804,0.08318923884514434,0.06383577629719361,0.07423779527559055,0.07768437310720774,0.09437720573389863,0.12086430446194223,2025-07-06 11:09:57.200000+00:00,0.090852,0.119683,0.10985700000000001,0.085962,0.091014,0.102412,0.116165,0.138877,0.09245773542600896,0.12138004484304935,0.11145353139013454,0.08733581838565023,0.09158649103139015,0.10478049327354261,0.12083464125560538,0.14384843049327353,0.09484310518877445,0.11927211790833835,0.10967288512012922,0.08623779527559053,0.09160187764990915,0.10636089238845138,0.12287853825964061,0.14509174237835656
1.0,0.7146860986547084,0.616596002422774,0.2947158071748878,0.09687336950118657,0.092059,0.055366,0.07838,0.05710900000000001,0.06887000000000001,0.06657099999999999,0.080147,0.108184,0.09397881165919285,0.058807567264573986,0.08120033632286996,0.059112892376681624,0.06976121076233185,0.07014304932735427,0.08649372197309418,0.1147536995515695,0.09681019584090447,0.054637108822935584,0.07796069049061174,0.057544579043004244,0.06981859479103573,0.07249202503533211,0.08933971330506763,0.11648114274177265,2025-07-06 11:09:53.462000+00:00,0.090835,0.119683,0.109974,0.085945,0.091014,0.102312,0.116165,0.13879400000000003,0.0924828475336323,0.12138032511210765,0.11153469730941705,0.08729271300448431,0.09159674887892377,0.10476098654708521,0.12083946188340808,0.14384417040358746,0.09484677972945688,0.11928958207147182,0.10969335756107407,0.08623838077932564,0.09162406622249142,0.10637260246315361,0.12289438724005651,0.14509608318190995
1.0,0.95347533632287,0.7195639006662627,0.121,0.0,0.05392399999999999,0.059458000000000004,0.079443,0.058043000000000004,0.06098800000000001,0.052235000000000004,0.053073,0.05418200000000001,0.05384310538116593,0.05762640134529148,0.07867752242152466,0.05810610986547086,0.06021894618834081,0.051436603139013444,0.05244994394618835,0.05288469730941704,0.05319152029073289,0.056794871794871804,0.0781966484958611,0.057871512214819294,0.05990211992731677,0.05092877044215627,0.051748677569150005,0.05206589945487583,2025-07-08 11:09:53.802000+00:00,0.053575,0.106394,0.098928,0.07211100000000001,0.07370700000000001,0.07187099999999999,0.073324,0.071484,0.053525952914798204,0.1051432735426009,0.09834058295964125,0.07216978699551571,0.07310801569506727,0.07122371076233185,0.07280582959641256,0.07040123318385651,0.05292069452856854,0.10460173632142133,0.09800914597213808,0.07197807389460932,0.07285885322027055,0.07079388249545727,0.07220678376741366,0.06967165354330707
1.0,0.7146860986547084,0.616596002422774,0.148,0.0,0.053441,0.060824,0.07989199999999999,0.057426000000000005,0.06075400000000001,0.04951799999999999,0.049639,0.050582,0.053404372197309424,0.05884932735426009,0.0790454596412556,0.057445964125560536,0.0599593609865471,0.04869949551569507,0.049009360986547096,0.04932600896860987,0.05274365031294165,0.05796591964465981,0.07855873208156672,0.05719000605693518,0.05962980012113869,0.048183080961033714,0.048319866747425805,0.048508580658186945,2025-07-08 11:09:51.862000+00:00,0.053575,0.106394,0.098928,0.07211100000000001,0.07370700000000001,0.07187099999999999,0.073324,0.071484,0.053525952914798204,0.1051432735426009,0.09834058295964125,0.07216978699551571,0.07310801569506727,0.07122371076233185,0.07281922645739912,0.07040123318385651,0.05292069452856854,0.10460173632142133,0.09800914597213808,0.07197807389460932,0.07285885322027055,0.07079388249545727,0.07222085604684027,0.06966533414092468
0.0,0.0,0.01655562285483545,0.22996860986547088,0.6106831684834748,0.025676,0.059622999999999995,0.069108,0.033307,0.032175999999999996,0.022915,0.025963,0.024694999999999998,0.027016199551569507,0.06011177130044843,0.07033374439461884,0.035963789237668166,0.03387544843049328,0.026039181614349774,0.027291591928251122,0.02442696188340807,0.02875667272360186,0.060482697355138296,0.07061271956390068,0.036599576014536644,0.0355738744195437,0.027365859075307895,0.029185422975974148,0.02624758732081567,2025-07-11 11:09:38.155000+00:00,0.03157,0.114422,0.10020899999999999,0.062991,0.059562000000000004,0.061413999999999996,0.065853,0.061987,0.03280297085201794,0.11466457399103142,0.10098542600896862,0.06490610986547085,0.060698430493273545,0.06374052690582961,0.06704411434977581,0.06176597533632289,0.034301716131637384,0.1148739147991116,0.10115049464970723,0.06534881889763779,0.0618553805774278,0.06470809610337168,0.06856040783363616,0.06328514031899858
0.0,0.0,0.013930950938824953,0.267615470852018,0.6977833631615266,0.023378,0.05264200000000001,0.062927,0.025077,0.025463,0.017334000000000002,0.019565000000000003,0.018812000000000002,0.025015078475336325,0.05314007847533633,0.06425336322869957,0.027863789237668163,0.02753010089686099,0.020641704035874443,0.021227802690582963,0.018215190582959645,0.02674770845951948,0.053563557439935384,0.06456450635978193,0.02851302241066021,0.029389178275792443,0.02198073894609328,0.023197637795275585,0.020091883706844334,2025-07-11 11:09:34.439000+00:00,0.031404,0.114422,0.100192,0.062991,0.059479000000000004,0.06156300000000001,0.065753,0.06207,0.032731278026905834,0.11466457399103142,0.10097085201793722,0.06491889013452914,0.0606969730941704,0.06382656950672647,0.06701261210762333,0.061746188340807175,0.0342097314758732,0.11486886735311927,0.101144054108621,0.0653588128407026,0.061847183525136254,0.0647479507369271,0.0685236018574601,0.06327581263880475
1.0,1.0,1.0,0.159,0.0,0.015060000000000002,0.023297,0.032942000000000006,0.009193,0.001813,0.0,0.0,0.0,0.011857735426008974,0.018602634529147986,0.028486715246636773,0.004681838565022422,0.0006870515695067264,0.0,0.0,0.0,0.010706157884110643,0.017598223299010698,0.02750696547546941,0.0039052493438320205,0.000369674944478094,5.81465778316172e-06,2.543912780133252e-06,0.00011494044013729051,2025-07-16 11:09:57.855000+00:00,0.018876999999999998,0.086588,0.06845000000000001,0.035665,0.02963,0.028854,0.028345,0.02643,0.01603811659192825,0.08372780269058297,0.06546300448430495,0.03219966367713005,0.028188508968609863,0.026882343049327358,0.02639893497757848,0.024689517937219733,0.015055239248940033,0.0830998586715122,0.06479921259842521,0.03160654149000606,0.027372178477690284,0.026487623662426803,0.025549000605693515,0.02402398546335554
1.0,1.0,1.0,0.115,0.0,0.016726,0.029765000000000003,0.037627,0.013261,0.007462000000000001,0.002739,0.003111,0.00493,0.013467544843049331,0.025357343049327356,0.03345308295964126,0.009016255605381168,0.005458015695067266,0.0006734304932735427,0.0010434417040358745,0.003023262331838566,0.0123155259438724,0.02441314354936402,0.03252792247122955,0.008289016757520692,0.004329759741570764,0.0003919644659802139,0.0007622652937613566,0.002300444175247324,2025-07-16 11:09:54.116000+00:00,0.018977,0.086588,0.06845000000000001,0.035665,0.02963,0.028887999999999997,0.028279000000000002,0.026413,0.01608968609865471,0.08372780269058297,0.06546300448430495,0.03219966367713005,0.02817449551569507,0.026854147982062784,0.026411939461883412,0.024668609865470856,0.015102543912780129,0.08309967696345649,0.06479921259842521,0.03160654149000606,0.027346153846153846,0.026449202503533206,0.02559428629113668,0.024017141126589946
1.0,1.0,0.9454875832828589,0.18166143497757853,0.0,0.018796000000000004,0.035265,0.042067,0.021037,0.015394,0.012825,0.011417000000000002,0.011915,0.0200765134529148,0.03736743273542602,0.04451748878923767,0.02381670403587444,0.01990515695067265,0.014286659192825114,0.014549439461883409,0.015366704035874444,0.018335372501514232,0.034617706440541074,0.0416580254391278,0.021292388451443572,0.017617120936805977,0.011506682818493841,0.012224207550979202,0.011978396931152832,2025-07-18 11:09:53.937000+00:00,0.022938999999999998,0.094719,0.076693,0.046707000000000005,0.041125999999999996,0.044941,0.043916000000000004,0.040618,0.024063004484304935,0.09591860986547088,0.07827410313901345,0.04875913677130046,0.044419674887892384,0.04602146860986548,0.04655975336322871,0.04358772421524664,0.02249454875832829,0.09426272965879265,0.07639917221885725,0.04687926509186351,0.042725257419745595,0.04386957399555825,0.044643993539269115,0.040673854229759734
1.0,0.8660313901345292,0.8940036341611145,0.197,0.0,0.018196,0.035686,0.041537000000000004,0.019707,0.013583000000000001,0.009725000000000001,0.007453,0.008634000000000001,0.01940554932735426,0.037877970852017946,0.04398565022421525,0.0225517937219731,0.018405325112107625,0.011585257847533633,0.01123402466367713,0.01239596412556054,0.017655340197859873,0.03502251160912578,0.04103020391681809,0.01994510397738744,0.016037209771855437,0.008879810216030687,0.008991419341813042,0.009074722390470422,2025-07-18 11:09:50.211000+00:00,0.023005,0.094736,0.07671,0.046707000000000005,0.04114299999999999,0.044773,0.04371599999999999,0.040552000000000005,0.024069338565022427,0.09595633408071749,0.0782811659192825,0.04877987668161436,0.04442057174887893,0.04587001121076233,0.046504372197309435,0.043590975336322876,0.022503028467595398,0.09427694326670703,0.0764055925701595,0.04688935998384816,0.04273444377145164,0.043801473854229764,0.044605632949727435,0.04065164546739349
1.0,1.0,1.0,0.14300000000000002,0.0,0.009617,0.019149,0.025334000000000002,0.007588999999999999,0.005901999999999999,0.0,0.000468,0.0,0.009736659192825113,0.018748318385650227,0.02508940582959641,0.007521804932735428,0.006294730941704036,0.0,0.00031345291479820635,0.0002601457399103139,0.010632303654350897,0.019483303048657377,0.02587147183525136,0.008305148394912174,0.00647912376337573,0.0004810821724207551,0.0011905511811023623,0.0012558853220270543,2025-07-21 11:09:37.206000+00:00,0.0135,0.07996600000000001,0.063017,0.034004,0.031551,0.030215000000000002,0.030268000000000003,0.025217,0.013651233183856503,0.07974153587443948,0.06285437219730942,0.0339295403587444,0.03176104260089686,0.02992236547085202,0.029858520179372194,0.025289293721973097,0.014457419745608723,0.08021092267312738,0.06340654149000605,0.03453446396123561,0.03188124369069251,0.030217484352917417,0.030658893599838487,0.026336260852008887
1.0,1.0,1.0,0.126,0.0,0.01,0.023349000000000005,0.028634,0.009672,0.008034,0.002583,0.002853,0.001702,0.01026810538116592,0.02297942825112108,0.028409024663677136,0.009611883408071748,0.00862017937219731,0.0020984304932735428,0.0024940022421524664,0.0019940022421524664,0.011222128003230365,0.023716838279830406,0.029191883706844335,0.01039933373712901,0.008889945487583283,0.0023593175853018375,0.003500020189783969,0.0031712093680597605,2025-07-21 11:09:33.494000+00:00,0.0134,0.07996600000000001,0.063017,0.034004,0.031334,0.030366000000000004,0.030119,0.025068000000000003,0.013626849775784754,0.07974153587443948,0.06285437219730942,0.0339295403587444,0.031646692825112115,0.030021300448430495,0.029760930493273545,0.025314461883408072,0.014474096507167371,0.08021092267312738,0.06340654149000605,0.034541469816272964,0.03185661215424995,0.030256289117706444,0.030611447607510608,0.02637322834645669
1.0,1.0,0.9061175045427013,0.16404652466367717,0.0,0.0216,0.020436,0.034579,0.016301999999999997,0.012991,0.008915,0.007383,0.011463999999999998,0.021527186098654713,0.02005285874439462,0.03397303811659193,0.016535089686098656,0.01421121076233184,0.008390134529147985,0.008733295964125561,0.01111816143497758,0.021267171411265898,0.019680072683222284,0.03379228750252372,0.016194286291136683,0.014575933777508581,0.008073470623864324,0.008748031496062991,0.011035897435897436,2025-07-26 11:09:56.940000+00:00,0.024983000000000005,0.085868,0.070164,0.041968000000000005,0.03885500000000001,0.040232000000000004,0.038366,0.038098,0.024892769058295964,0.08561799327354262,0.06980711883408072,0.04212847533632287,0.03975639013452915,0.03985426008968611,0.03938234304932736,0.03779848654708521,0.02467886129618413,0.08538077932566121,0.06967530789420552,0.04187532808398949,0.04010977185544113,0.03963628104179284,0.039431940238239455,0.037737270341207343
1.0,1.0,0.9061175045427013,0.137,0.0,0.022732000000000002,0.026036000000000004,0.038396000000000007,0.019102,0.016808000000000003,0.013415,0.011531999999999999,0.015464000000000002,0.02255420403587444,0.02564669282511211,0.03782124439461884,0.019368497757847533,0.0179667600896861,0.012836715246636772,0.012810089686098656,0.01499030269058296,0.022307126993741166,0.02529771855441147,0.037643751261861494,0.019045972138098118,0.018195639006662625,0.012399737532808399,0.012849868766404194,0.014848495861094288,2025-07-26 11:09:53.205000+00:00,0.025032000000000002,0.085868,0.070164,0.041968000000000005,0.038872000000000004,0.040332,0.038432,0.038164000000000003,0.02488940582959642,0.08560728699551572,0.06979641255605382,0.04212847533632287,0.0397844730941704,0.0398667600896861,0.03941799327354261,0.03783441704035875,0.024660428023420146,0.08538069856652533,0.06967034120734907,0.04188358570563294,0.04011740359378154,0.03964324651726226,0.03943876438522108,0.03774920250353321
0.0,0.0,0.0,0.137,1.0,0.38148300000000007,0.42460200000000003,0.410143,0.402882,0.435996,0.44472800000000007,0.444196,0.444969,0.37921003363228706,0.4303785313901346,0.41118346412556056,0.4011243834080718,0.43437130044843053,0.44110913677130054,0.4432647982062781,0.4441012331838566,0.37515683424187346,0.42611100343226327,0.4078305673329295,0.39736767615586505,0.4302806379971735,0.436872945689481,0.4392728851201292,0.439925641025641,2025-07-28 11:09:52.913000+00:00,0.35210600000000003,0.35294100000000006,0.337516,0.3534,0.3635460000000001,0.39643100000000003,0.41650600000000004,0.429811,0.3500555493273543,0.356642769058296,0.33829887892376687,0.3520622197309417,0.3623161434977579,0.39354826233183865,0.41568609865470857,0.4290274663677131,0.34639892994144966,0.3539064607308701,0.3359723601857459,0.34914772864930343,0.3592271148798708,0.3901205935796487,0.4122311326468806,0.42527653947102756
0.0,0.0,0.0,0.126,1.0,0.382949,0.426702,0.40832799999999997,0.400916,0.43657899999999994,0.445745,0.44519600000000004,0.4455030000000001,0.38050868834080726,0.4323511771300449,0.4093445627802691,0.3991355381165919,0.4348481502242153,0.4422229260089687,0.44410078475336334,0.44454635650224217,0.37632996163941035,0.4281321017565112,0.40603727034120723,0.39542905309913173,0.43070254391278,0.4379857662023016,0.4400130627902281,0.44033785584494245,2025-07-28 11:09:49.192000+00:00,0.352272,0.35294100000000006,0.337516,0.3534,0.3635460000000001,0.39643100000000003,0.41660600000000003,0.429811,0.3501375560538117,0.35663761210762335,0.3382854820627803,0.3520955156950673,0.36227079596412565,0.39356317264574003,0.41572937219730943,0.42890397982062783,0.34643937007874015,0.3538862305673328,0.33596121542499485,0.3491712699374116,0.35916912982031085,0.3901274177266303,0.41224130829800115,0.4251485766202302
1.0,1.0,1.0,0.20800000000000002,0.0,0.004279,0.007832,0.022666000000000002,0.00035099999999999997,0.00164,0.0,0.0,0.0,0.004861603139013453,0.007966479820627804,0.022738901345291482,0.0008751121076233184,0.001477578475336323,0.0,0.0,0.0,0.007631516252776092,0.009634686048859276,0.024522289521502115,0.0028204926307288506,0.0037629113668483745,5.02725620835857e-05,9.26509186351706e-05,7.680193821926104e-05,2025-07-31 11:09:34.451000+00:00,0.010996000000000002,0.07806600000000001,0.065766,0.03373400000000001,0.03392100000000001,0.02967,0.029932,0.024547000000000003,0.011397645739910315,0.0781928811659193,0.06580358744394621,0.034086266816143504,0.03371036995515695,0.029747141255605385,0.02968766816143498,0.02416535874439462,0.013817343024429633,0.07916343630123154,0.06692935594589136,0.03552061376943267,0.03542035130224107,0.031537108822935596,0.03172965879265091,0.026494669897032103
1.0,1.0,1.0,0.148,0.0,0.006762000000000001,0.017449000000000003,0.029766,0.006851,0.009389000000000002,0.0,0.0,0.0,0.00723335201793722,0.017621580717488792,0.029862836322869957,0.0073371636771300455,0.009011491031390137,3.9966367713004485e-05,5.543721973094171e-05,3.3632286995515704e-07,0.00982814455885322,0.01914288310115082,0.03151134665859075,0.009194629517464163,0.01124603270745003,0.0018615990308903695,0.002286553603876438,0.0016868968302039167,2025-07-31 11:09:30.750000+00:00,0.011096,0.07806600000000001,0.065766,0.03373400000000001,0.034021,0.029753,0.029949000000000003,0.024647000000000002,0.011489966367713001,0.0781928811659193,0.06580358744394621,0.034086266816143504,0.03373436098654709,0.029734473094170405,0.029777354260089695,0.024226961883408074,0.013857419745608718,0.07916343630123154,0.06692935594589136,0.03551744397334949,0.035380637997173434,0.03152012921461741,0.03177787199676963,0.026492408641227542
1.0,0.95347533632287,0.7195639006662627,0.3918615470852018,0.0,0.022986,0.015208000000000001,0.042383,0.0149,0.011822,0.0,0.0,0.0,0.02147757847533632,0.015437500000000002,0.042603811659192824,0.01512258968609866,0.01111193946188341,7.707399103139014e-05,0.0,3.946188340807176e-05,0.020087300625883295,0.014221461740359377,0.041254734504340806,0.013621017565112047,0.010158388855239247,6.783767413688672e-05,1.3628104179285282e-05,0.00017746820109024834,2025-08-05 11:09:54.041000+00:00,0.033705,0.10265300000000001,0.090183,0.059383000000000005,0.05886,0.060860000000000004,0.060645,0.056908999999999994,0.032502073991031395,0.1027266816143498,0.09030229820627803,0.059525112107623325,0.05846390134529148,0.060549327354260093,0.060150784753363246,0.056953699551569516,0.031311225519886944,0.10222612558045628,0.08965152432868967,0.05865154451847364,0.05786888754290328,0.05996299212598424,0.05946186149808196,0.056542317787199675
1.0,0.7146860986547084,0.616596002422774,0.267615470852018,0.0,0.028520000000000004,0.035023,0.055883,0.0292,0.029622000000000006,0.020624000000000003,0.019260000000000003,0.018441000000000003,0.027008352017937224,0.035244338565022425,0.056038789237668175,0.02939187219730942,0.029144618834080722,0.02028183856502242,0.018687387892376683,0.01844428251121076,0.025516878659398338,0.03425007066424389,0.05490518877448011,0.028095013123359585,0.02819307490409853,0.019444377145164542,0.017792630728851205,0.017974035937815457,2025-08-05 11:09:50.312000+00:00,0.033805,0.10265300000000001,0.090183,0.059383000000000005,0.05886,0.060860000000000004,0.060628,0.056926,0.032514405829596416,0.1027266816143498,0.09030229820627803,0.05952791479820629,0.058492993273542605,0.06055515695067265,0.06014041479820628,0.05689461883408072,0.031311366848374725,0.102225661215425,0.08965152432868967,0.058657762971936186,0.05788637189582071,0.05995897435897436,0.05946573793660406,0.05652515647082577
1.0,0.95347533632287,0.7195639006662627,0.3,0.0,0.025697,0.018472,0.045348,0.01825,0.016943,0.005946000000000001,0.008774,0.007039000000000001,0.024396580717488795,0.016862892376681614,0.04395964125560539,0.01700089686098655,0.018089517937219732,0.006763004484304934,0.007834136771300449,0.008744843049327355,0.023575893397940643,0.016417242075509788,0.04337205733898646,0.01603220270543105,0.016976983646274986,0.006110498687664041,0.007063153644256007,0.008361376943266706,2025-08-07 11:09:49.839000+00:00,0.03245,0.09478600000000002,0.086556,0.05413900000000001,0.052261999999999996,0.053468999999999996,0.056997000000000006,0.051441,0.0313017937219731,0.09405633408071751,0.0857692264573991,0.0533597533632287,0.052972757847533636,0.05392359865470852,0.05620672645739911,0.05279041479820627,0.030569533615990296,0.09384074298405007,0.08543171815061579,0.05272311730264486,0.052259297395517865,0.05329733494851604,0.05555885322027052,0.052477871996769634
1.0,0.7146860986547084,0.616596002422774,0.273,0.0,0.026497000000000003,0.02414,0.048782,0.021084000000000002,0.021226000000000002,0.010748,0.013142,0.010973,0.02526687219730942,0.02267673766816144,0.04739181614349776,0.01990016816143498,0.022445235426008972,0.011570403587443948,0.012366535874439463,0.012608912556053812,0.024466727236018573,0.022260751059963658,0.04681405208964263,0.018991964465980216,0.021439329699172213,0.010769937411669693,0.011565213002220872,0.012276256814052089,2025-08-07 11:09:46.123000+00:00,0.032267,0.09478600000000002,0.086556,0.054122,0.052162,0.053403,0.056848,0.051541000000000003,0.031267040358744405,0.0940514013452915,0.0857692264573991,0.05333167040358744,0.052922645739910325,0.05391272421524664,0.05621945067264575,0.05280790358744395,0.03055822733696749,0.09383559458913789,0.08543250555219059,0.05271633353523116,0.05222588330304865,0.053307833636180066,0.055586089238845136,0.052505087825560265
1.0,0.95347533632287,0.7195639006662627,0.32185874439461887,0.0,0.020923999999999998,0.014284000000000003,0.037296,0.007832,0.007994000000000001,0.0,0.0,0.0,0.021402578475336324,0.014790695067264575,0.038909641255605386,0.009660482062780272,0.00928273542600897,0.0009751681614349777,0.0016907511210762336,0.001834529147982063,0.022752937613567528,0.01636396123561478,0.040242640823743174,0.011247809408439332,0.010831475873208153,0.0025894811225519883,0.0032610337169392285,0.004043650312941651,2025-08-10 11:09:36.530000+00:00,0.028975,0.092609,0.083464,0.049349000000000004,0.048413000000000005,0.049662000000000005,0.052813,0.048434,0.02941317264573991,0.09287752242152467,0.0843353139013453,0.05053682735426009,0.049244338565022416,0.05056507847533633,0.05361726457399104,0.05004400224215247,0.030549222693317172,0.09362810417928527,0.08505354330708659,0.051556531395114076,0.05017238037552998,0.051702705431051876,0.05445842923480717,0.051525237229961635
1.0,0.7146860986547084,0.616596002422774,0.28400000000000003,0.0,0.022106999999999998,0.021018000000000002,0.041579,0.011732,0.012928,0.002745,0.004993999999999999,0.004053,0.022581670403587443,0.02150711883408072,0.04311025784753364,0.013454596412556055,0.014461547085201795,0.004227746636771301,0.006109080717488791,0.006262331838565023,0.023969573995558244,0.02301009489198465,0.04438503937007872,0.014991762568140518,0.01597233999596204,0.005930526953361598,0.007295881284070261,0.00814253987482334,2025-08-10 11:09:32.818000+00:00,0.029058,0.092609,0.083464,0.049349000000000004,0.048229999999999995,0.049596,0.052795999999999996,0.048385,0.029398878923766816,0.09287752242152467,0.0843353139013453,0.05053682735426009,0.04918890134529148,0.0505563340807175,0.053637219730941724,0.050082567264573996,0.03051724207550979,0.09362810417928527,0.08505354330708659,0.051559034928326274,0.05013971330506763,0.051698929941449624,0.054465980214011694,0.051527296587926506
1.0,0.95347533632287,0.7195639006662627,0.4459686098654708,0.0,0.01973,0.014303,0.03556,0.012845,0.01016,0.0,0.0,0.0,0.021270515695067268,0.014907959641255604,0.03640655829596413,0.014287387892376683,0.010901289237668164,0.001405213004484305,0.00102847533632287,0.0015126681614349776,0.022213668483747225,0.015872117908338382,0.037084595194831406,0.015212235009085402,0.011303250555219057,0.002628003230365435,0.001899374116696951,0.0024226731273975367,2025-08-15 11:09:53.904000+00:00,0.03293,0.10902799999999999,0.09222999999999999,0.063847,0.063196,0.066943,0.068173,0.062977,0.034085650224215246,0.10927746636771302,0.09259349775784755,0.06469097533632288,0.0636420403587444,0.06743374439461884,0.06794618834080718,0.06412163677130046,0.03481625277609529,0.10964546739349885,0.09289279224712295,0.06521956390066626,0.06385784373107206,0.06812525741974558,0.06819886937209771,0.06470928730062588
1.0,0.7146860986547084,0.616596002422774,0.47800000000000004,0.0,0.017913000000000002,0.009352,0.030660000000000003,0.007445000000000001,0.0026260000000000003,0.0,0.0,0.0,0.019564237668161438,0.010026065022421525,0.03162595291479821,0.008978026905829597,0.003759136771300449,5.9192825112107625e-05,0.0,0.00032371076233183855,0.020574762770038363,0.011084776902887136,0.03239886937209772,0.009969654754694126,0.004832444982838683,0.0007363819907126993,0.0004045023218251565,0.0007392287502523721,2025-08-15 11:09:50.174000+00:00,0.032747,0.10902799999999999,0.092147,0.063847,0.063179,0.06696,0.068273,0.062994,0.034019562780269054,0.10927746636771302,0.09258413677130047,0.06469097533632288,0.06362959641255607,0.06742684977578475,0.06799719730941706,0.06413856502242153,0.03478298001211388,0.10964863718958204,0.09289612356147789,0.06521639410458308,0.06385422975974156,0.06810928730062586,0.0682176256814052,0.06473317181506155
1.0,0.95347533632287,0.7195639006662627,0.289,0.0,0.048907,0.048241000000000006,0.06719199999999999,0.051142999999999994,0.05639,0.053175,0.05662,0.056233,0.05007062780269059,0.04979159192825112,0.06760846412556056,0.05194854260089687,0.05683643497757848,0.05395252242152467,0.05681591928251122,0.05660039237668161,0.05065047445992327,0.05052323844134868,0.06823789622451039,0.052237088633151615,0.057041893801736285,0.05510224106602058,0.05734264082374319,0.05717579244902079,2025-08-17 11:09:47.871000+00:00,0.053075000000000004,0.116662,0.103662,0.080362,0.081177,0.08889400000000001,0.09459000000000001,0.092237,0.054020571748878934,0.11743340807174889,0.10388934977578475,0.08087371076233185,0.08152645739910316,0.08940936098654707,0.09480106502242151,0.09256664798206278,0.054484696143751246,0.11779567938623059,0.10422333939026851,0.08105166565717745,0.08163997577225922,0.09016464768826972,0.09515338178881484,0.09295356349687058
1.0,0.7146860986547084,0.616596002422774,0.42920067264573997,0.0,0.041773,0.021737,0.045639,0.028975,0.031087999999999998,0.020039,0.022901,0.025482,0.04288716367713005,0.02383015695067265,0.04618167040358745,0.03000207399103139,0.03163239910313902,0.02083839686098655,0.02324730941704036,0.026041087443946193,0.043461356753482734,0.024854774883908737,0.04702868968302038,0.03034988895618816,0.031928689683020386,0.02225536038764385,0.023857359176256813,0.026683464566929126,2025-08-17 11:09:44.161000+00:00,0.053175,0.116662,0.103662,0.080362,0.081177,0.08896000000000001,0.09469000000000001,0.092254,0.054045683856502255,0.11743340807174889,0.10388934977578475,0.08087371076233185,0.08150571748878926,0.0894142937219731,0.09485179372197311,0.09254854260089686,0.05447621643448413,0.11779725418938018,0.104223662426812,0.08105166565717745,0.08163523117302643,0.09018461538461538,0.0951891984655764,0.0929273571572784
1.0,0.95347533632287,0.8013325257419744,0.3,0.11176315479429766,0.011385,0.016417000000000005,0.026683000000000002,0.0037359999999999997,0.0015469999999999998,0.0,0.0,0.0,0.011742096412556058,0.015543721973094173,0.02557017937219731,0.0029094170403587446,0.001021244394618834,0.0,0.0,0.0,0.012459176256814052,0.015987845750050474,0.02586402180496669,0.002948011306279022,0.0011537653947102764,0.0,0.0,0.0,2025-08-20 11:09:36.831000+00:00,0.022768000000000004,0.098334,0.08121699999999998,0.051002,0.04871500000000001,0.045219,0.046645,0.040119,0.023061210762331842,0.09795605381165919,0.08064742152466368,0.05043721973094171,0.04824220852017937,0.045276457399103145,0.0466960201793722,0.04065857623318386,0.023681284070260444,0.09817456087219867,0.08080627902281445,0.05031461740359376,0.04808330304865737,0.04500852008883505,0.04682087623662426,0.04081621239652734
1.0,0.95347533632287,0.8013325257419744,0.2021513452914799,0.11176315479429766,0.015968,0.034234,0.040717,0.017736000000000002,0.017298,0.004119,0.00516,0.001804,0.016440582959641258,0.0335420403587444,0.03985364349775785,0.01704736547085202,0.01663329596412556,0.004194002242152467,0.004973150224215247,0.0025153026905829603,0.017272743791641433,0.03391512214819302,0.040117221885725814,0.016894447809408436,0.016386795881284073,0.003912800323036543,0.005127034120734909,0.00285043408035534,2025-08-20 11:09:33.117000+00:00,0.022634,0.098334,0.08121699999999998,0.051002,0.048549,0.045285,0.046745,0.039987,0.02291889013452915,0.09796945067264576,0.08066121076233185,0.05046171524663678,0.04814030269058297,0.04529742152466368,0.04669316143497758,0.04061412556053812,0.02363416111447607,0.09817817484352917,0.08081142741772662,0.05032598425196849,0.048050131233595805,0.04500201897839693,0.04682188572582273,0.040749020795477486
0.0,0.0,0.0,0.3861513452914798,1.0,0.449227,0.47485799999999995,0.460742,0.454478,0.49274500000000004,0.4995490000000001,0.513806,0.514618,0.4493875,0.5039058295964126,0.4824014573991032,0.4650837443946189,0.4931929932735426,0.49408239910313895,0.5001585201793722,0.5015373878923768,0.4528797698364626,0.5181686654552796,0.493051948314153,0.4712314354936402,0.4978888754290329,0.4954224712295577,0.5000240056531396,0.49972681203311115,2025-08-27 11:09:49.094000+00:00,0.39327500000000004,0.32559699999999997,0.320236,0.34657800000000005,0.35152100000000003,0.3900680000000001,0.4280440000000001,0.449463,0.3933895179372198,0.3390822869955157,0.33165067264573994,0.35327701793721983,0.3517792600896862,0.3865516255605382,0.41848290358744394,0.43960241031390146,0.39631229557843733,0.3457395517867958,0.3372632949727437,0.35713757318796685,0.354569049061175,0.3874567332929537,0.4183931556632344,0.4382580052493437
0.0,0.0,0.0,0.3861513452914798,1.0,0.45747400000000005,0.5075860000000001,0.482536,0.46938900000000006,0.514669,0.516475,0.526281,0.529176,0.45777102017937227,0.5395917600896861,0.506716311659193,0.4813265695067264,0.5150211322869955,0.5104232623318388,0.5116805493273543,0.5149025224215247,0.46146612154249944,0.5556548152634766,0.5184684837472238,0.4879906723198061,0.520047345043408,0.5118391681809005,0.5114980617807391,0.5129313749242882,2025-08-27 11:09:45.377000+00:00,0.39297499999999996,0.325514,0.320053,0.346295,0.351621,0.390268,0.428127,0.449663,0.3933037556053813,0.33893301569506734,0.3316613789237669,0.3532392376681615,0.35180028026905835,0.3866140695067265,0.41849204035874443,0.43966238789237677,0.3963199071269938,0.34565659196446596,0.33728423177871997,0.357144679991924,0.3545619624470018,0.3874741570765192,0.4183858873410054,0.43826852412679174
1.0,1.0,1.0,0.181,0.0,0.003385,0.0019019999999999998,0.009168,6.8e-05,0.0,0.0,0.0,0.0,0.004216367713004484,0.003066816143497758,0.009678475336322871,0.0002293161434977579,9.30493273542601e-06,0.0,0.0,0.0,0.004776579850595598,0.003410640016151826,0.010025237229961638,0.0004952554007672117,8.53422168382798e-05,0.0,0.0,0.0,2025-08-30 11:09:35.408000+00:00,0.008968,0.07375100000000001,0.055651,0.030938000000000004,0.028782999999999996,0.024853000000000004,0.024791000000000004,0.021001999999999996,0.00973346412556054,0.07443536995515695,0.056033520179372194,0.031103139013452918,0.028795627802690585,0.025240358744394623,0.02480072869955157,0.02095762331838565,0.010210801534423582,0.07463337371290127,0.05624869775893396,0.03139870785382596,0.028700545124167167,0.025483868362608512,0.025248677569150012,0.020939814253987474
1.0,1.0,1.0,0.132,0.0,0.0052190000000000005,0.011802000000000002,0.016851,0.004923,0.004334,0.0,0.0,0.0,0.006043441704035875,0.012892040358744396,0.01737808295964126,0.0051986547085201805,0.004622029147982063,0.0,0.0,1.3957399103139014e-05,0.006614657783161719,0.013215788411064003,0.017731576822128003,0.005583444377145163,0.004608984453866342,0.00012751867555017157,0.00013137492428831008,0.00014375126186149805,2025-08-30 11:09:31.695000+00:00,0.009002000000000001,0.07375100000000001,0.055634,0.030938000000000004,0.0286,0.024836,0.024791000000000004,0.020902,0.009746468609865472,0.07443536995515695,0.0560088004484305,0.031107791479820634,0.028744730941704037,0.025225560538116597,0.02479445067264574,0.02093514573991032,0.010218816878659396,0.07463781546537451,0.056244235816676744,0.031403856248738135,0.028681627296587915,0.025446274984857655,0.025243004239854636,0.020942963860286688
1.0,1.0,1.0,0.23500000000000001,0.0,0.009786999999999999,0.0,0.006351,0.0,0.0,0.0,0.0,0.0,0.010379652466367713,0.0,0.0065008968609865485,0.00015470852017937222,0.0,0.0,0.0,0.0,0.0106905915606703,0.0,0.006617746820109025,0.0003349081364829396,1.6353725015142334e-06,0.0,0.0,0.0,2025-09-04 11:09:51.836000+00:00,0.016653,0.080664,0.05901699999999999,0.036351,0.034368,0.032917,0.032151,0.029053,0.01715162556053812,0.0804496076233184,0.05908643497757848,0.036481446188340816,0.03466474215246637,0.033271188340807174,0.03236384529147983,0.029521244394618833,0.017431354734504342,0.08081201292146173,0.05914383202099737,0.03664029880880275,0.035065879265091866,0.03375416919038965,0.03278326266908944,0.02980460327074499
1.0,1.0,1.0,0.213,0.0,0.013692000000000001,0.0,0.009378999999999998,0.0038170000000000005,0.001611,0.0,0.0,0.0,0.013141255605381166,0.0004947309417040359,0.009688621076233184,0.0042698991031390136,0.0016573991031390138,0.0,0.0,6.894618834080718e-05,0.013063335352311727,0.00028590753078942057,0.009156632344033919,0.004098445386634362,0.0016683424187361197,0.0,0.0,2.5741974560872198e-05,2025-09-06 11:09:47.703000+00:00,0.019143,0.078517,0.059264000000000004,0.0378,0.035295999999999994,0.035129999999999995,0.035248999999999996,0.033228,0.018669506726457397,0.07889899103139014,0.0594960201793722,0.0381203475336323,0.03520106502242153,0.034679876681614354,0.03528127802690583,0.032137668161434985,0.018606864526549558,0.0786825560266505,0.0591681607106804,0.03800084797092671,0.03520171613163739,0.03420831819099535,0.03463579648697758,0.03166923076923077
1.0,1.0,1.0,0.17,0.0,0.015258,0.008517,0.016496,0.009117,0.008477,0.003113,0.0027830000000000003,0.005394,0.014667600896860988,0.009134473094170406,0.01680156950672646,0.009531726457399104,0.008198934977578476,0.002328699551569507,0.003059136771300449,0.0042896860986547086,0.01459705229154048,0.00878057742782152,0.01628899656773672,0.009349141934181305,0.008185422975974155,0.0016847163335352313,0.0023834039975772258,0.0037257419745608724,2025-09-06 11:09:43.985000+00:00,0.019126,0.078517,0.059264000000000004,0.0378,0.035279,0.035264000000000004,0.035066,0.033211000000000004,0.018658856502242156,0.07889899103139014,0.0594960201793722,0.0381203475336323,0.035144394618834084,0.03474955156950673,0.03519293721973095,0.03218200672645741,0.018587139107611547,0.0786825560266505,0.0591681607106804,0.03800084797092671,0.035157904300423974,0.03422523722996164,0.0345743993539269,0.03166852412679184
1.0,1.0,1.0,0.14300000000000002,0.0,0.008251000000000001,0.0,0.009883000000000001,0.000451,0.0,0.0,0.0,0.0,0.008445571748878925,0.0,0.010037107623318386,0.0006010650224215247,0.0,0.0,0.0,0.0,0.008880173632142135,0.0,0.010231637391479911,0.0006527155259438723,1.271956390066626e-06,0.0,0.0,0.0,2025-09-14 11:09:47.994000+00:00,0.012334000000000001,0.07361700000000002,0.053783000000000004,0.029517,0.026382999999999997,0.023617000000000003,0.022751000000000004,0.021062,0.012465246636771303,0.07361210762331839,0.05384865470852018,0.029543161434977584,0.026608071748878925,0.023809304932735424,0.022640078475336327,0.020844450672645745,0.012822713506965473,0.07371494044013728,0.05395836866545528,0.029598667474258013,0.026671290127195636,0.02386741368867353,0.022614799111649497,0.02053357561074096
1.0,1.0,1.0,0.126,0.0,0.009034,0.003317,0.013583,0.0028340000000000006,0.00041699999999999994,0.0,0.0,0.0,0.009116760089686102,0.0033266255605381165,0.013767208520179375,0.002932959641255606,0.0008603139013452915,0.0,0.0,0.0,0.009520048455481525,0.003480779325661215,0.013957076519281245,0.0029910761154855635,0.0010512618614980818,0.0,0.0,0.0,2025-09-14 11:09:44.272000+00:00,0.012268000000000003,0.07361700000000002,0.053783000000000004,0.029517,0.0263,0.023551,0.022817,0.020796000000000002,0.01239809417040359,0.07361210762331839,0.05384865470852018,0.029543161434977584,0.02655717488789238,0.023807791479820626,0.022656390134529154,0.02078559417040359,0.01278380779325661,0.07371160912578234,0.05395836866545528,0.029598667474258013,0.026657601453664442,0.023860185746012515,0.022628467595396728,0.02047292549969715
0.0,0.0,0.0,0.257,0.1998788171204479,0.019162000000000002,0.005736000000000001,0.020479,0.010147,0.006468,0.0,0.000664,0.003153,0.01917438340807175,0.005983239910313903,0.020560650224215247,0.009598934977578478,0.00704243273542601,0.0,0.0004983183856502243,0.0030278587443946193,0.019476277003836053,0.0059230769230769215,0.020696688875429026,0.009688693720977184,0.007028507974964667,3.109226731273975e-06,0.0005371290127195638,0.002582172420755097,2025-09-16 11:09:48.304000+00:00,0.025513,0.089568,0.071664,0.047397999999999996,0.043934,0.043533999999999996,0.045913,0.04288499999999999,0.02550667040358745,0.08966468609865472,0.07165795964125561,0.047008744394618836,0.04421760089686099,0.04375980941704038,0.04548217488789238,0.04277113228699552,0.025691782757924487,0.08962364223702804,0.07170111043811829,0.047062951746416296,0.04418976377952756,0.044168241469816266,0.04542703412073492,0.04242269331718151
0.0,0.0,0.0,0.21828531390134528,0.20741908518146573,0.019479,0.011918999999999999,0.023979,0.011947,0.009802000000000002,0.0012,0.003979,0.005917,0.01965196188340807,0.012195795964125563,0.02408598654708521,0.011437387892376681,0.010305493273542602,0.00145280269058296,0.003413340807174888,0.005607567264573991,0.0199107207752877,0.012155764183323235,0.02422444982838683,0.011536260852008881,0.010266343630123157,0.001988956188168786,0.003333010296789824,0.005194306480920653,2025-09-16 11:09:44.587000+00:00,0.025347,0.089568,0.071664,0.047397999999999996,0.043868000000000004,0.043617,0.04603,0.04285099999999999,0.025490190582959642,0.08966748878923768,0.07165795964125561,0.047008744394618836,0.04419159192825113,0.04375695067264575,0.045587556053811665,0.04268447309417041,0.02571576822128003,0.08963151625277609,0.07169971734302441,0.047063214213607894,0.04419020795477488,0.044134605289723385,0.04550030284675955,0.04236741368867353
1.0,0.95347533632287,0.732283464566929,0.192,0.0,0.018766,0.021417,0.034926,0.014515,0.012348999999999999,0.007494000000000001,0.010345,0.008903999999999999,0.01915560538116592,0.021290414798206283,0.034020067264573996,0.014403307174887893,0.012835818385650228,0.006738733183856502,0.009538677130044844,0.00885554932735426,0.019532828588734102,0.021194003634161115,0.03400569351907935,0.014337795275590553,0.013020896426408241,0.006783202099737531,0.009224974762770038,0.009197112860892387,2025-09-19 11:09:32.325000+00:00,0.023083,0.091417,0.076679,0.046149,0.041366,0.042395999999999996,0.044896000000000005,0.040004,0.023397757847533635,0.09138340807174887,0.07610919282511211,0.0460582399103139,0.041634136771300456,0.04191289237668162,0.04434904708520179,0.04010078475336323,0.023692953765394712,0.09133589743589744,0.07610100948919848,0.046005027256208364,0.0417268322228952,0.04194054108621037,0.044085766202301625,0.04036789824348878
1.0,0.8486547085201794,0.6807995154451847,0.219,0.0,0.017868000000000002,0.020933999999999998,0.033726000000000006,0.012232000000000002,0.009866,0.004011,0.006394,0.005087,0.018414461883408072,0.02084607623318386,0.03276726457399103,0.012131726457399105,0.010315470852017937,0.003138396860986547,0.0055642376681614356,0.005111378923766816,0.01871221481930143,0.02077417726630325,0.03277266303250554,0.012085281647486368,0.010365576418332323,0.003000181708055723,0.005161982636785785,0.005461397133050676,2025-09-19 11:09:28.618000+00:00,0.023117,0.091417,0.076679,0.046149,0.041366,0.042496,0.044979000000000005,0.04017,0.023485089686098654,0.09138340807174887,0.07610919282511211,0.0460582399103139,0.04159674887892378,0.041941479820627806,0.04437819506726458,0.040167432735426015,0.0237524328689683,0.09133589743589744,0.07610100948919848,0.046011185140318996,0.041719220674338774,0.041943307086614166,0.04408172824550777,0.04041623258631132
0.0,0.0,0.0,0.17500000000000002,0.502690147719686,0.019881000000000003,0.008062,0.010492000000000001,0.009215000000000001,0.008611,0.006945,0.006902,0.012511000000000001,0.020247589686098653,0.007785650224215248,0.009779372197309419,0.009141087443946188,0.008453251121076234,0.00696597533632287,0.007429372197309419,0.01164456278026906,0.020451019584090444,0.0077952957803351505,0.009755723803755301,0.008902866949323641,0.00851437512618615,0.006886917019987886,0.007455017161316372,0.0108094084393297,2025-09-24 11:09:49.305000+00:00,0.023715000000000003,0.087181,0.058545,0.04103199999999999,0.038396000000000007,0.038930000000000006,0.037350999999999995,0.03786200000000001,0.02404730941704036,0.08703834080717489,0.05813626681614349,0.04095358744394619,0.038313060538116596,0.03892393497757848,0.037701345291479824,0.03716205156950673,0.024229154048051683,0.08702925499697153,0.058106319402382395,0.04077686250757116,0.038355501716131626,0.03885778316172016,0.03768505955986271,0.03649194427619624
0.0,0.0,0.013930950938824953,0.148,0.7378073753246972,0.020466000000000005,0.013579,0.013909000000000001,0.011332,0.011079,0.010596000000000001,0.010934000000000001,0.016311,0.021066591928251124,0.013313957399103142,0.013210818385650224,0.011288340807174889,0.011040022421524664,0.010609641255605382,0.0112112668161435,0.01547298206278027,0.02128645265495659,0.013317100747022007,0.013159418534221683,0.011055299818291946,0.01113064809206541,0.010635796486977588,0.011200080759135875,0.014611730264486169,2025-09-24 11:09:45.579000+00:00,0.023632,0.087181,0.058628000000000006,0.04103199999999999,0.038347,0.038930000000000006,0.0375,0.037961999999999996,0.024038845291479826,0.08703834080717489,0.05815521300448431,0.04095358744394619,0.03831967488789238,0.03887617713004485,0.03763806053811659,0.03724871076233185,0.0242036139713305,0.08702943670502725,0.05811661619220674,0.04077686250757116,0.038366727236018576,0.03885669291338582,0.03761922067433879,0.03650476478901676
1.0,1.0,1.0,0.14300000000000002,0.0,0.00533,0.001549,0.012132,0.0013189999999999999,0.0010129999999999998,0.0,0.0,0.0,0.005051233183856503,0.0011883408071748879,0.012707455156950674,0.0017673766816143498,0.0007168721973094171,0.0,0.0,0.0,0.00497944679991924,0.001357682212800323,0.01276099333737129,0.001870038360589541,0.0007667070462346051,0.0,0.0,0.0,2025-09-26 11:09:50.086000+00:00,0.00973,0.07646599999999999,0.056649,0.031102,0.029764000000000002,0.0262,0.024819,0.020568,0.009439854260089687,0.07626020179372198,0.05695790358744394,0.03149433856502242,0.029621076233183864,0.026014293721973097,0.025100840807174896,0.02055465246636771,0.009360407833636179,0.07636192206743389,0.056973955178679564,0.031567131031697955,0.029666626287098728,0.026202503533212195,0.025248334342822528,0.02070807591358772
1.0,1.0,1.0,0.121,0.0,0.006079000000000001,0.008066,0.016615,0.004336,0.004281000000000001,0.0,0.0,0.0,0.0058071188340807186,0.007762612107623319,0.01709803811659193,0.004813508968609866,0.004223038116591929,0.0,0.0,0.0,0.005699777912376336,0.007941813042600445,0.017165455279628507,0.004920795477488391,0.0042185544114677976,0.0,1.45366444579043e-05,7.2885120129214614e-06,2025-09-26 11:09:46.367000+00:00,0.009696000000000001,0.07646599999999999,0.056649,0.031102,0.029797999999999998,0.0261,0.024836,0.020536000000000002,0.009453587443946188,0.07626020179372198,0.05695790358744394,0.03149433856502242,0.029706558295964133,0.02599063901345292,0.02506519058295964,0.0205640134529148,0.00935362406622249,0.07636192206743389,0.056973955178679564,0.031567131031697955,0.029732768019382183,0.02621332525741974,0.025275691500100946,0.020673591762568142
1.0,1.0,1.0,0.126,0.0,0.009802000000000002,0.0007700000000000001,0.009451000000000001,0.00018299999999999998,0.0,0.0,0.0,0.0,0.009780493273542603,0.0010352017937219733,0.009960145739910314,0.0004151345291479821,0.0,0.0,0.0,0.0,0.010019402382394509,0.0010845951948314154,0.009963254593175852,0.0006341207349081364,0.0,0.0,0.0,1.1508176862507569e-05,2025-10-04 11:09:49.642000+00:00,0.013085000000000001,0.07828500000000001,0.054534,0.029483,0.025119000000000006,0.024711000000000004,0.022966,0.02083,0.01309865470852018,0.07842668161434979,0.05487158071748879,0.029653531390134533,0.02524551569506726,0.02439686098654709,0.023003643497757853,0.02090857623318386,0.01328172824550777,0.07846091257823543,0.054865697557036124,0.029819846557641822,0.025627619624470018,0.02435594589137896,0.023279608318190995,0.021053825964062182
1.0,1.0,1.0,0.115,0.0,0.010385,0.006153,0.012751,0.002083,0.0,0.0,0.0,0.0,0.010423991031390134,0.0064031390134529145,0.013251625560538119,0.002349719730941704,2.8082959641255607e-05,0.0,0.0,0.0,0.010567918433272764,0.00644455885322027,0.013254572986069043,0.002564163133454472,0.00021863517060367448,0.0,5.28972339995962e-06,9.364021804966686e-05,2025-10-04 11:09:45.911000+00:00,0.013085000000000001,0.07828500000000001,0.054534,0.029483,0.025119000000000006,0.024811000000000003,0.023215000000000003,0.020746999999999998,0.013141704035874438,0.07842668161434979,0.05487158071748879,0.029653531390134533,0.025278531390134532,0.024402858744394622,0.023104988789237668,0.020905773542600904,0.013333535231173027,0.0784575812638805,0.054865697557036124,0.029819846557641822,0.025623359580052497,0.024407349081364826,0.023354633555420952,0.021053947102766
1.0,1.0,1.0,0.11,0.0,0.004136,0.001328,0.008917,0.0,0.0,0.0,0.0,0.0,0.004634248878923767,0.000678755605381166,0.008366591928251121,2.6793721973094175e-05,0.0,0.0,0.0,0.0,0.004825055521905915,0.000580759135877246,0.007901837270341206,3.8199071269937405e-05,0.0,0.0,0.0,0.0,2025-10-06 11:09:50.130000+00:00,0.0075190000000000005,0.07507899999999999,0.053,0.027913,0.023483,0.020648999999999997,0.019802,0.016049,0.007971524663677131,0.07456311659192827,0.052628363228699564,0.02749540358744395,0.023488228699551566,0.020674663677130046,0.01995285874439462,0.01616591928251121,0.008135675348273775,0.07453791641429437,0.05231221481930143,0.02732642842721583,0.023520553200080754,0.020848940036341607,0.020051605087825556,0.01590292751867555
1.0,1.0,1.0,0.10433464125560538,0.0,0.004719,0.005643,0.0116,0.001096,0.0,0.0,0.0,0.0,0.004897477578475337,0.004815639013452914,0.011062780269058298,0.0006686659192825113,0.0,0.0,0.0,0.0,0.0050530385624873815,0.004772763981425397,0.010595114072279425,0.0005589743589743588,3.2646880678376734e-05,0.0,0.0,0.0,2025-10-06 11:09:46.408000+00:00,0.007719,0.07507899999999999,0.053,0.027913,0.023466,0.020483,0.019719,0.015948999999999998,0.008010257847533633,0.07456311659192827,0.05264215246636772,0.02749540358744395,0.02350162556053812,0.02064971973094171,0.019947197309417044,0.016121524663677132,0.008154371088229355,0.07453791641429437,0.05232123965273571,0.02732642842721583,0.023508035534019783,0.020825600646073087,0.02005564304461942,0.0158399353926913
0.0,0.0,0.01655562285483545,0.22996860986547088,0.7034105126148011,0.00566,0.010552999999999998,0.002617,0.0,0.0,0.0,0.0,0.0,0.005243441704035874,0.01119164798206278,0.0022832399103139014,0.0,0.0,0.0,0.0,0.0,0.005417504542701393,0.010963618009287296,0.002455441146779729,0.0,0.0,0.0,0.0,0.0,2025-10-09 11:09:32.748000+00:00,0.013745000000000002,0.09768500000000002,0.065,0.040515,0.0358,0.035081,0.034766,0.028034000000000003,0.013451065022421526,0.09801687219730944,0.0647857062780269,0.040561042600896866,0.035898262331838564,0.03475672645739911,0.03427998878923767,0.027833127802690583,0.013584776902887136,0.09787797294568945,0.0648622854835453,0.04070056531395113,0.036001231576822126,0.034530829800121135,0.03417415707651927,0.02772063395921664
0.0,0.0,0.013930950938824953,0.181,0.6930763059418883,0.00786,0.022753,0.011717000000000002,0.0017980000000000001,0.0006680000000000001,0.0,0.0,0.0,0.007301793721973095,0.023281446188340806,0.011373150224215247,0.0019070627802690585,0.0009416479820627804,0.0,0.0,0.0,0.0074270946900868145,0.023052957803351502,0.011520371492025033,0.002111366848374723,0.0011845346254795073,0.0,2.422774076317383e-06,2.4227740763173833e-07,2025-10-09 11:09:29.039000+00:00,0.013828000000000002,0.09768500000000002,0.065,0.040515,0.035816999999999995,0.035098000000000004,0.034932000000000005,0.028134000000000003,0.013478251121076234,0.09800280269058297,0.0647857062780269,0.040561042600896866,0.03589136771300449,0.03479489910313902,0.03433004484304933,0.02791121076233184,0.013595114072279422,0.09786803957197657,0.06486600040379566,0.04070056531395113,0.0360119725418938,0.034542842721582874,0.034197415707651925,0.027753785584494248
1.0,0.95347533632287,0.7195639006662627,0.14300000000000002,0.011978029992762686,0.073603,0.041833,0.049204000000000005,0.039014,0.043595,0.049559,0.05256700000000001,0.060345,0.07219523542600899,0.04086760089686099,0.045687836322869955,0.03808934977578476,0.04265723094170403,0.04815190582959642,0.052756726457399115,0.06129400224215248,0.06970250353321218,0.04014607308701796,0.04338225317989097,0.03545293761356753,0.0399610539067232,0.04582477286493034,0.051187865939834445,0.060849364021804964,2025-10-14 11:09:41.975000+00:00,0.07043500000000001,0.11259300000000001,0.086653,0.06457800000000001,0.06495900000000002,0.07479100000000001,0.07814800000000001,0.08289200000000001,0.06924786995515696,0.11211350896860989,0.08447976457399103,0.06404602017937222,0.06418750000000001,0.07349400224215247,0.07806154708520179,0.08346547085201794,0.06708326266908943,0.11168883504946495,0.08300963052695336,0.06210860084797093,0.062320936805976175,0.07167185544114678,0.07667015949929334,0.08292249141934181
1.0,0.7146860986547084,0.616596002422774,0.16404652466367717,0.011978029992762686,0.073688,0.038318000000000005,0.045454999999999995,0.035299000000000004,0.041997,0.047344000000000004,0.050218,0.05787900000000001,0.07227505605381168,0.037663677130044856,0.04208705156950672,0.034624047085201795,0.0406082399103139,0.04556698430493275,0.050046300448430496,0.05854719730941705,0.06962451039773873,0.03699977791237634,0.039802099737532806,0.031985463355542094,0.037380496668685634,0.04268193014334745,0.04803755299818291,0.05775863113264688,2025-10-14 11:09:40.103000+00:00,0.070452,0.11251000000000001,0.086653,0.06457800000000001,0.06495900000000002,0.07470800000000001,0.07814800000000001,0.08297500000000001,0.06928290358744395,0.11209893497757849,0.08445521300448432,0.06406479820627804,0.06420594170403587,0.07348436098654709,0.07805454035874441,0.08350599775784753,0.06709297395517867,0.11167488390874217,0.08299921259842519,0.06211972541893803,0.0623245911568746,0.07166694932364222,0.07669357964869773,0.08296410256410257
1.0,0.95347533632287,0.6840298808802745,0.148,0.24551314778139952,0.07412,0.043046,0.049621000000000005,0.038569,0.044063000000000005,0.051259,0.055116,0.06234700000000001,0.07266631165919284,0.041327073991031395,0.046637107623318394,0.03882230941704036,0.04354635650224216,0.04956451793721974,0.054455661434977584,0.06314119955156951,0.0706900060569352,0.04052600444175247,0.044195194831415305,0.03652029073288915,0.041237028063799704,0.047486028669493224,0.053110478497880066,0.06264548758328284,2025-10-14 11:09:48.514000+00:00,0.070769,0.113474,0.08683600000000001,0.06421400000000001,0.06481,0.075008,0.078914,0.08319399999999999,0.06962864349775785,0.11246003363228699,0.08486793721973097,0.06434803811659194,0.0644859865470852,0.07383071748878925,0.07845117713004485,0.0839920403587444,0.06788524126791842,0.11194653745204924,0.0832873611952352,0.062589460932768,0.06285029275186754,0.07223773470623863,0.07734865737936603,0.08354885927720569
0.0,0.0,0.013930950938824953,0.094,0.71292000246854,0.07512200000000001,0.044146,0.049438,0.038152,0.046431,0.053343999999999996,0.056684000000000005,0.063198,0.07387202914798206,0.04249792600896862,0.04661614349775786,0.038432791479820635,0.04606216367713005,0.05188396860986547,0.056177914798206274,0.06415252242152467,0.07194072279426607,0.04173864324651725,0.04424847567131031,0.03617328891580859,0.04385402786190187,0.04991405208964262,0.05492945689481121,0.06374861699979809,2025-10-14 11:09:46.692000+00:00,0.070769,0.113474,0.08683600000000001,0.06421400000000001,0.06481,0.075008,0.078914,0.08319399999999999,0.0696283071748879,0.11246003363228699,0.08486793721973097,0.06434803811659194,0.0644859865470852,0.07383071748878925,0.07845117713004485,0.0839920403587444,0.06788039571976578,0.11194653745204924,0.0832873611952352,0.062589460932768,0.06285029275186754,0.07224090450232182,0.07734504340803552,0.08354885927720569
0.0,0.0,0.0,0.181,0.8561738749908833,0.40387200000000006,0.38718900000000006,0.37547800000000003,0.365441,0.38442100000000007,0.3880370000000001,0.39372900000000005,0.393222,0.3855103139013453,0.3637076793721974,0.34897998878923775,0.33854489910313906,0.35762589686098656,0.36059725336322873,0.3658727017937221,0.36965566143497763,0.36677135069654754,0.34012582273369674,0.3252971532404603,0.31510613769432655,0.3342321421360791,0.3380137088633151,0.34075758126388034,0.34751352715525946,2025-10-16 11:09:48.187000+00:00,0.363642,0.30545700000000003,0.288257,0.30236,0.30626300000000006,0.331698,0.35449,0.365968,0.3474846973094171,0.29231418161434986,0.27200218609865473,0.2830941704035875,0.2875591928251121,0.3111161434977579,0.3321710201793722,0.3461859865470852,0.3310035735917626,0.2791362608520088,0.25752868968302034,0.26633547345043396,0.27120468402988085,0.2941562285483546,0.3120642237028063,0.3275436705027256
0.0,0.0,0.0,0.15396860986547087,0.8561738749908833,0.408021,0.372736,0.36471000000000003,0.358807,0.38437,0.3877030000000001,0.392878,0.39197299999999996,0.38926390134529154,0.35007724215246644,0.33883621076233195,0.33233032511210764,0.35764041479820635,0.360338004484305,0.36516676008968607,0.3686661434977579,0.37034910155461337,0.3274802342014941,0.31593048657379363,0.30941998788612957,0.33431423379769826,0.33786874621441554,0.3402442156268928,0.34679404401372904,2025-10-16 11:09:44.470000+00:00,0.363642,0.30545700000000003,0.28824000000000005,0.30246,0.306329,0.331864,0.35453900000000005,0.366134,0.34745302690582963,0.29228783632287003,0.2720041479820628,0.28312326233183854,0.28759220852017936,0.3111128923766816,0.33220829596412565,0.34623839686098656,0.3309753280839894,0.2791230971128608,0.25755711689884914,0.2663468201090248,0.27118534221683827,0.2941125984251968,0.31207062386432455,0.3275438724005654
0.0,0.0,0.0,0.14300000000000002,0.9560375442513871,0.050479,0.048896,0.0494,0.047269000000000005,0.050907,0.037961,0.032594,0.041510000000000005,0.05056676008968611,0.049290807174887895,0.04821205156950674,0.045397869955156954,0.046911210762331845,0.040266760089686104,0.03614097533632287,0.0451996076233184,0.052405532000807574,0.04429325661215425,0.04707341005451241,0.04532689279224712,0.045739915202907315,0.04266646476882697,0.041851221481930136,0.0487465778316172,2025-10-24 11:09:47.145000+00:00,0.051095999999999996,0.117995,0.087146,0.071973,0.071702,0.06520799999999999,0.060461999999999995,0.06459700000000002,0.0510798206278027,0.118214966367713,0.08643593049327354,0.07060779147982063,0.06878447309417042,0.06691586322869957,0.0633020739910314,0.06770812780269059,0.052687341005451235,0.11533515041389057,0.08572224914193417,0.07054609327680193,0.06792051282051281,0.06876816071068038,0.0679294770845952,0.07072477286493034
0.0,0.0,0.0,0.11,0.7643273508637085,0.052079,0.056281000000000005,0.054551,0.051203000000000005,0.055475,0.04381200000000001,0.039094000000000004,0.047077999999999995,0.05207970852017937,0.05668934977578476,0.05339562780269058,0.04936048206278027,0.051544114349775794,0.046229372197309423,0.0423341928251121,0.05072286995515696,0.05389339794064204,0.05193488794669898,0.05228849182313749,0.04928126388047647,0.05037326872602462,0.04853547345043408,0.0478510397738744,0.05414855643044619,2025-10-24 11:09:43.416000+00:00,0.051113000000000006,0.117995,0.087212,0.071973,0.071785,0.06504200000000002,0.060545,0.064614,0.05110196188340808,0.1182213004484305,0.08644164798206277,0.07060285874439463,0.06879568385650225,0.06687797085201795,0.06327208520179373,0.06773251121076233,0.0527107813446396,0.11533452453058754,0.08571603068847163,0.07055025237229963,0.06793379769836462,0.06874009691096304,0.06789089440742983,0.07071901877649908
0.0,0.0,0.0,0.14300000000000002,0.9914723158833727,0.445494,0.654152,0.618394,0.603818,0.630113,0.625407,0.617828,0.607888,0.4444292600896861,0.6527142376681616,0.6131955156950674,0.5993291479820628,0.6290769058295964,0.6216598094170405,0.6157394058295965,0.6064574551569507,0.44359432667070453,0.6570809206541489,0.6161608318190995,0.6000121946295174,0.6303901675752069,0.621622915404805,0.6143884514435696,0.6058767615586512,2025-10-26 11:09:50.801000+00:00,0.401898,0.469006,0.44548800000000005,0.4806230000000001,0.49626499999999996,0.5208740000000001,0.538674,0.549266,0.40093789237668165,0.46824624439461887,0.4421786995515696,0.477269899103139,0.4955084641255606,0.5179632286995516,0.5369495515695067,0.5480882847533632,0.4002173834039976,0.47081938219261055,0.44401296184130823,0.4778621239652735,0.49648263678578636,0.5179300827781144,0.5358482939632544,0.5475880072683221
0.0,0.0,0.0,0.099,1.0,0.442543,0.6205900000000001,0.5893170000000001,0.5794900000000001,0.611449,0.6052280000000001,0.5973130000000001,0.5911919999999999,0.44139075112107623,0.6194555493273542,0.5844334641255606,0.5754053811659193,0.6105385650224215,0.6017172085201794,0.5952459641255606,0.5899825672645741,0.44063973349485147,0.6235129618413083,0.5871669695134261,0.576219059156067,0.6117773066828184,0.6017634766807997,0.5940622854835452,0.5894442560064607,2025-10-26 11:09:47.080000+00:00,0.401964,0.469023,0.44548800000000005,0.4806230000000001,0.49626499999999996,0.520791,0.5386399999999999,0.5493659999999999,0.4009400224215247,0.46826053811659196,0.4421786995515696,0.477269899103139,0.4955827914798207,0.5178719730941704,0.5368689461883408,0.5481376121076234,0.40023763375731874,0.47082836664647687,0.444013143549364,0.4778621239652735,0.4965172420755098,0.5178680395719767,0.535838724005653,0.5476311124570966
1.0,1.0,1.0,0.077,0.0,0.008381000000000001,0.0,0.005,0.0,0.0,0.0,0.0,0.0,0.00864248878923767,0.0,0.005330829596412558,0.0,0.0,0.0,0.0,0.0,0.008645487583282858,0.0,0.005599051080153441,7.26832222895215e-07,0.0,0.0,0.0,7.108822935594589e-05,2025-11-03 11:09:47.200000+00:00,0.010597999999999998,0.078968,0.0518,0.027366,0.023783000000000002,0.021083,0.020098,0.016649,0.010816647982062779,0.07952982062780271,0.0520178811659193,0.027290022421524666,0.023425504484304933,0.02117096412556054,0.019832959641255605,0.01694041479820628,0.010820209973753278,0.07963268726024632,0.05219370078740158,0.0273832222895215,0.02325005047445992,0.021343832020997374,0.019989925297799308,0.01744292348071876
1.0,1.0,1.0,0.077,0.0,0.008563999999999999,8.5e-05,0.007017000000000001,0.0,0.0,0.0,0.0,0.0,0.008719562780269058,0.000823542600896861,0.007382118834080718,0.0,0.0,0.0,0.0,0.0,0.008662971936200279,0.0010243690692509592,0.007669190389662829,5.624873813850191e-05,0.0,0.0,0.0,5.2796285079749636e-05,2025-11-03 11:09:43.467000+00:00,0.010798000000000002,0.078968,0.0518,0.027366,0.023883,0.021217,0.020381000000000003,0.016797999999999997,0.01092914798206278,0.07952982062780271,0.0520178811659193,0.027290022421524666,0.0234557735426009,0.021223542600896865,0.019909529147982066,0.01697869955156951,0.01085513830002019,0.07963268726024632,0.05219370078740158,0.0273832222895215,0.023272239047042193,0.021358005249343837,0.01998554411467797,0.01744750656167979
0.17,0.42208520179372205,0.4488188976377952,0.055,0.6070364614599171,0.116607,0.097503,0.09337999999999999,0.08938800000000001,0.09875400000000001,0.110249,0.119205,0.12284300000000002,0.11607656950672647,0.09591289237668162,0.0909603139013453,0.08628402466367713,0.09604265695067264,0.10999702914798207,0.11814103139013456,0.121280100896861,0.11580686452654958,0.09722342014940438,0.09233967292549969,0.08742838683626082,0.09694231778719967,0.1098682212800323,0.1179224914193418,0.1213043206137694,2025-11-08 11:09:30.262000+00:00,0.10721100000000001,0.14482400000000004,0.114886,0.10140700000000001,0.10310899999999999,0.11615100000000002,0.12632600000000002,0.13013000000000002,0.10692561659192827,0.14362948430493278,0.11305706278026907,0.09881889013452916,0.10109652466367712,0.11604276905829598,0.1255241591928251,0.12883352017937222,0.10663775489602262,0.14436834241873608,0.11388588734100542,0.09962556026650513,0.10175065616797897,0.11585059559862707,0.1252363618009287,0.12876329497274377
1.0,0.6143497757847534,0.5651120533010296,0.094,0.4978764944485899,0.11632400000000001,0.09750100000000002,0.091378,0.086603,0.098403,0.10858100000000001,0.116505,0.11944300000000001,0.11582393497757851,0.09561390134529148,0.08864557174887894,0.08327258968609866,0.0955136210762332,0.10818486547085202,0.11539646860986548,0.117852634529148,0.11570278619018773,0.09695875227135069,0.09006668685645063,0.0844827579244902,0.09660080759135875,0.10815996365838887,0.11529248940036341,0.11805309913183928,2025-11-08 11:09:26.557000+00:00,0.10721100000000001,0.14482400000000004,0.114886,0.10140700000000001,0.10309199999999999,0.11615100000000002,0.126243,0.13019599999999998,0.10690997757847535,0.143642600896861,0.11303929372197309,0.0988030269058296,0.10109826233183856,0.11602180493273544,0.1255104260089686,0.12881810538116595,0.10662517666060972,0.14438641227538862,0.11388358570563292,0.09962362204724406,0.10175810619826363,0.11584772864930346,0.12523224308499897,0.12876904906117503
1.0,1.0,1.0,0.07200000000000001,0.0,0.004815000000000001,0.0053809999999999995,0.011611000000000002,0.0036679999999999994,0.0014939999999999999,0.0,0.000136,0.0,0.0053577914798206274,0.005476065022421524,0.010809417040358746,0.003019674887892377,0.0011842488789237668,0.0,0.00019445067264573993,0.0,0.005460528972339997,0.0055061982636785784,0.010790430042398547,0.003011185140318998,0.0010481728245507773,1.0902483343428223e-06,0.0002294568948112255,6.268927922471229e-05,2025-11-18 11:09:30.100000+00:00,0.007415000000000001,0.084632,0.058395999999999997,0.032851000000000005,0.027977,0.023864,0.02367,0.016468,0.00785005605381166,0.08471250000000001,0.05785515695067265,0.03239960762331839,0.027661603139013457,0.023989181614349778,0.023582399103139015,0.016864461883408073,0.007972319806178074,0.08471665657177468,0.05782967898243488,0.03239771855441146,0.027556167979002615,0.024119745608721984,0.023333636180092866,0.017333030486573794
1.0,1.0,1.0,0.07200000000000001,0.0,0.004781,0.008898,0.013711000000000003,0.004385,0.002092,0.0,0.00017,0.0,0.005273878923766816,0.009063396860986549,0.012930605381165921,0.0038602017937219737,0.0017953475336322873,0.0,0.0003079035874439462,0.0,0.005436765596608116,0.009118897637795276,0.012915626892792248,0.0038693519079345848,0.0016588330304865729,2.1542499495255397e-05,0.00039299414496264884,7.989097516656568e-05,2025-11-18 11:09:26.393000+00:00,0.007481,0.084632,0.058395999999999997,0.032851000000000005,0.027977,0.023947,0.023653,0.016384999999999997,0.007865526905829597,0.08471250000000001,0.05785515695067265,0.03241300448430494,0.02769545964125561,0.024008744394618833,0.02358565022421525,0.016861603139013453,0.007981162931556632,0.08471665657177468,0.05782967898243488,0.032402866949323636,0.0275517060367454,0.024107773066828177,0.023338663436301227,0.017337492428831012
0.0,0.0,0.0,0.055,0.999927065859529,0.33040600000000003,0.353469,0.34842900000000004,0.354551,0.385468,0.405024,0.412297,0.41616600000000004,0.32898396860986556,0.3556769618834082,0.3491830717488789,0.35290325112107623,0.3822658071748879,0.4004730941704036,0.4058266255605382,0.41234489910313904,0.32644896022612563,0.35661001413284865,0.34828225317989087,0.35017817484352914,0.37909523521098315,0.3958238845144356,0.40120904502321825,0.40933220270543114,2025-11-25 11:09:49.580000+00:00,0.302442,0.31293600000000005,0.28713,0.309365,0.32909900000000003,0.36189800000000005,0.383637,0.39781900000000003,0.30116423766816147,0.3143208520179373,0.28765330717488796,0.3080288677130045,0.32660543721973095,0.3581344170403588,0.3779609304932736,0.3943451793721974,0.2988777306682817,0.3149287906319402,0.28704239854633556,0.30591354734504334,0.3241261659600242,0.3542801938219261,0.37392929537653946,0.3915925095901474
0.0,0.0,0.0,0.055,0.999927065859529,0.33397200000000005,0.35436900000000005,0.35101200000000005,0.35438300000000006,0.393,0.409007,0.412663,0.41490000000000005,0.332472029147982,0.3565280829596413,0.3518220291479821,0.35264248878923776,0.3898167040358745,0.4044211322869956,0.40613279147982057,0.4112322309417041,0.3299017565112053,0.3574375731879668,0.35085465374520486,0.3499158893599837,0.38657318796688867,0.39967619624470013,0.4014792650918635,0.4082233797698364,2025-11-25 11:09:47.548000+00:00,0.30242500000000005,0.31295300000000004,0.287047,0.309348,0.32909900000000003,0.361815,0.383637,0.397736,0.301117769058296,0.31436676008968617,0.28761205156950675,0.3080091367713005,0.32660577354260095,0.3580911434977579,0.3779690022421525,0.3943718609865472,0.29882077528770445,0.3149613365636988,0.28701968503937,0.3058982838683626,0.3241306480920653,0.35426735311932156,0.37394837472239045,0.3916075509792045
0.0,0.0,0.0,0.099,1.0,0.07116600000000001,0.064452,0.07299599999999999,0.062332,0.064808,0.067008,0.069176,0.073898,0.07092718609865471,0.06443032511210763,0.07230336322869955,0.062073710762331834,0.06529019058295965,0.0667328475336323,0.06920397982062781,0.07320874439461886,0.07083145568342415,0.0639930143347466,0.07187504542701394,0.06199115687462144,0.06565891378962246,0.06642422774076316,0.0690630930749041,0.07244698162729658,2025-11-28 11:09:27.147000+00:00,0.067166,0.129458,0.104881,0.083049,0.080406,0.08452300000000001,0.086691,0.088915,0.06696653587443946,0.12940745515695068,0.10448032511210761,0.08285168161434979,0.08078178251121078,0.08438755605381167,0.08670745515695069,0.08834938340807175,0.06688443367655966,0.12913983444377145,0.10420520896426405,0.08281875630930748,0.08105838885523922,0.0841619624470018,0.08658988491823134,0.08769384211588936
0.0,0.0,0.0,0.055,1.0,0.07184900000000001,0.068386,0.07393000000000001,0.06263200000000002,0.066108,0.06927400000000002,0.071042,0.07609800000000001,0.07158906950672646,0.06829372197309418,0.0733252802690583,0.06238565022421526,0.0665454596412556,0.06893946188340808,0.07096530269058296,0.07546866591928252,0.07149608318190993,0.0678799919240864,0.0729004441752473,0.062364809206541465,0.06689446799919242,0.06866363819907127,0.07087829598223298,0.07470981223500904,2025-11-28 11:09:23.447000+00:00,0.067166,0.129458,0.104881,0.083049,0.08048899999999999,0.08460600000000001,0.086691,0.08889799999999999,0.06696653587443946,0.12940280269058296,0.10448368834080718,0.08285168161434979,0.08079607623318387,0.0843780269058296,0.08666261210762334,0.08835213004484303,0.06688304058146578,0.12913468604885928,0.10420177670098926,0.08281875630930748,0.08106353725015138,0.08416313345447203,0.08657936604078335,0.0876902685241268
1.0,1.0,1.0,0.094,0.02124627615109709,0.011402,0.001596,0.015204,0.004268,0.0012829999999999999,0.0,0.0,0.0014939999999999999,0.01181670403587444,0.001847309417040359,0.01641535874439462,0.004272645739910316,0.0016343609865470854,0.0,0.0003248318385650224,0.001207006726457399,0.012171936200282658,0.0017951140722794264,0.01663803755299818,0.004569755703613971,0.002263597819503331,0.00026486977589339786,0.0007665051483949121,0.0018244700181708048,2025-12-03 11:09:42.031000+00:00,0.014484999999999998,0.09668099999999999,0.065819,0.038351,0.0332,0.030249,0.028177,0.025494000000000006,0.014868778026905834,0.09683867713004485,0.06651956278026906,0.03831995515695067,0.033452130044843056,0.030294843049327357,0.02837718609865471,0.024992600896860992,0.01515804562891177,0.09680139309509388,0.06662497476277002,0.03852600444175247,0.033892772057338996,0.03062192610539067,0.02875031294165152,0.025521481930143343
1.0,1.0,1.0,0.07200000000000001,0.02124627615109709,0.012268000000000003,0.010279,0.02077,0.007868,0.005666,0.0018830000000000001,0.0023090000000000003,0.004843,0.012690807174887898,0.010483688340807177,0.021846468609865475,0.00788688340807175,0.005858464125560538,0.0020128923766816144,0.002599215246636771,0.004242320627802691,0.013024449828386834,0.010444821320411869,0.022040742984050066,0.008179911164950534,0.006436260852008884,0.002469715324046032,0.0030800726832222887,0.0048558853220270525,2025-12-03 11:09:38.297000+00:00,0.014402,0.09668099999999999,0.065819,0.038351,0.0333,0.030283000000000004,0.028177,0.025528000000000002,0.014852410313901348,0.09683867713004485,0.06651956278026906,0.038333744394618834,0.033467208520179384,0.03036653587443946,0.028332062780269066,0.02504938340807175,0.01512600444175247,0.09680139309509388,0.0666293963254593,0.038531152836664646,0.033898021401171013,0.030688471633353524,0.02870468402988088,0.025556289117706434
0.0,0.0,0.0,0.077,0.8828397188108371,0.0196,0.021547,0.028296,0.017263999999999998,0.014268,0.01274,0.011963,0.014766,0.01935168161434978,0.02134495515695067,0.02786760089686099,0.016190582959641257,0.014968721973094175,0.013756109865470854,0.013502354260089684,0.014993609865470854,0.019695013123359573,0.021207672117908336,0.027928366646476882,0.015969008681607107,0.015491257823541287,0.0138134867756915,0.014012093680597616,0.014588754290329088,2025-12-05 11:09:46.797000+00:00,0.0214,0.10401500000000001,0.073964,0.048098,0.04123400000000001,0.039789,0.037661,0.035383000000000005,0.0211865470852018,0.1038813340807175,0.07369114349775785,0.047312443946188346,0.041674831838565025,0.04060179372197309,0.03895112107623319,0.03557881165919283,0.02149999999999999,0.10380042398546334,0.07372957803351503,0.04714645669291338,0.042034221683827984,0.04064306480920654,0.03934633555420956,0.03527268322228951
1.0,1.0,1.0,0.077,0.0,0.003347,0.005564,0.011963999999999999,0.000285,0.0,0.0,0.0,0.0,0.0032995515695067265,0.0056508968609865476,0.011698598654708521,0.0003445067264573992,0.0,0.0,0.0,0.0,0.0035067231980617803,0.0060166161922067425,0.011831455683424188,0.0005131637391479913,0.0,0.0,0.0,1.8170805572380375e-07,2025-12-08 11:09:31.630000+00:00,0.006464,0.091532,0.062615,0.033368,0.027053,0.023621000000000003,0.023715000000000003,0.01693,0.006336434977578476,0.09158817264573994,0.06238850896860988,0.03333503363228701,0.0276463004484305,0.02430285874439462,0.023706165919282512,0.016949719730941705,0.006482010902483342,0.09178376741368867,0.0624466384009691,0.033467454068241476,0.02771889763779528,0.024682071471835248,0.023349687058348473,0.01717022006864526
1.0,1.0,1.0,0.07200000000000001,0.0,0.0034299999999999995,0.010464,0.014964000000000003,0.001785,0.0,0.0,0.0,0.0,0.0033440022421524665,0.01050566143497758,0.014651457399103139,0.0017775224215246638,1.860986547085202e-05,0.0,0.0,0.0,0.003568826973551382,0.010879870785382594,0.014783181909953565,0.0019516454673934986,9.099535634968706e-05,0.0,1.271956390066626e-06,2.3622047244094483e-06,2025-12-08 11:09:27.921000+00:00,0.006364000000000001,0.091532,0.062615,0.033368,0.026953,0.023472,0.023749,0.016763999999999998,0.006233744394618835,0.09158817264573994,0.06238850896860988,0.03333503363228701,0.027612163677130052,0.02418615470852018,0.02368161434977579,0.016944786995515698,0.006409852614577023,0.09178376741368867,0.06244936402180495,0.033467454068241476,0.027710337169392293,0.024634625479507368,0.023312497476277002,0.01717795275590551
1.0,1.0,1.0,0.077,0.0,0.008813,0.006364000000000001,0.013838,0.0030850000000000005,0.001485,0.0,0.0,0.002117,0.008218609865470853,0.006096917040358744,0.014743721973094173,0.003408015695067265,0.0018642937219730943,9.31053811659193e-05,0.00018094170403587447,0.002498430493273543,0.00798766404199475,0.006117827579244901,0.014619261053906723,0.0035121744397334943,0.0020671310316979605,0.00020809610337169392,0.0002910761154855643,0.002689380173632142,2025-12-13 11:09:42.804000+00:00,0.011146999999999999,0.098915,0.064253,0.035751000000000005,0.030668,0.0289,0.025402,0.023117,0.010696636771300451,0.09874332959641258,0.06482471973094171,0.03597017937219731,0.0310030269058296,0.028977858744394618,0.02590908071748879,0.023428867713004484,0.010489763779527556,0.09875582475267515,0.06473218251564708,0.03604667878053705,0.031150494649707237,0.028956289117706438,0.026058086008479708,0.02350613769432667
1.0,1.0,1.0,0.099,0.0,0.008079,0.005547000000000001,0.011838000000000001,0.000285,0.0,0.0,0.0,0.0,0.007393497757847534,0.00518755605381166,0.012757455156950674,0.0006392937219730942,0.0,0.0,0.0,0.0001350896860986547,0.007095699576014536,0.005219462951746415,0.012629800121138702,0.0007227740763173832,2.483343428225318e-05,0.0,0.0,0.00024322632747829592,2025-12-13 11:09:39.069000+00:00,0.011313,0.098915,0.064253,0.035751000000000005,0.030567999999999998,0.029017000000000005,0.025568,0.023166,0.010682567264573992,0.09873867713004485,0.06482471973094171,0.03597017937219731,0.030976849775784753,0.02907455156950673,0.025946412556053813,0.023452746636771306,0.010461074096507162,0.09875067635776298,0.06473218251564708,0.03604667878053705,0.031120028265697545,0.029045810619826373,0.026045124167171408,0.02353852210781344
1.0,1.0,1.0,0.088,0.0,0.006264,0.0,0.005932,0.0,0.0,0.0,0.0,0.0,0.006286434977578475,0.0,0.005860930493273543,0.0,0.0,0.0,0.0,0.0,0.0063196244700181705,0.0,0.005762588330304865,0.0,0.0,0.0,0.0,0.0,2025-12-23 11:09:42.166000+00:00,0.009681,0.093587,0.059766,0.032232000000000004,0.0275,0.026292000000000003,0.022932,0.018449,0.009672757847533632,0.09380706278026905,0.05968783632286996,0.03221922645739911,0.027580549327354265,0.025643441704035874,0.022892152466367718,0.0188588004484305,0.0097101958409045,0.09375303856248739,0.05963159701191195,0.032233595800524935,0.027627276398142546,0.025573410054512417,0.022762527760952955,0.019175671310316972
1.0,1.0,1.0,0.07200000000000001,0.0,0.007081,0.003706,0.013149,0.0005149999999999999,0.0,0.0,0.0,0.0,0.007076849775784754,0.0040595291479820625,0.013148374439461886,0.0005715807174887892,2.3262331838565027e-05,0.0,0.0,4.6524663677130055e-05,0.007128366646476882,0.003945023218251563,0.013076559660811627,0.0006190995356349687,3.2667070462346045e-05,0.0,0.0,0.0001630325055521906,2025-12-23 11:09:38.430000+00:00,0.009698,0.093587,0.059766,0.032232000000000004,0.0275,0.026143,0.022915,0.018383,0.009676905829596414,0.09380706278026905,0.05968783632286996,0.03221922645739911,0.02758021300448431,0.025644114349775784,0.02286474215246637,0.018895683856502244,0.00970018170805572,0.09375303856248739,0.05962842721582879,0.032233595800524935,0.02762818493842116,0.025593478699777912,0.022746375933777506,0.019175408843125376
0.0,0.0,0.0,0.121,1.0,0.531719,0.988776,0.92078,0.886908,0.8902220000000001,0.855335,0.828329,0.807135,0.5258262892376683,0.9930562780269061,0.9109702914798208,0.8705272421524666,0.8809155269058297,0.847646244394619,0.824380437219731,0.8006158071748881,0.5183342822531798,0.9901581263880473,0.9037874419543709,0.8586929941449625,0.8673700181708054,0.8356176458711889,0.8133779931354733,0.7902455279628506,2025-12-25 11:09:53.984000+00:00,0.470927,0.636884,0.587646,0.655073,0.6715709999999999,0.684938,0.697573,0.707275,0.465779932735426,0.6393851457399105,0.5821213004484305,0.6437113789237668,0.6649675448430494,0.6790653587443948,0.6942903026905829,0.7017071188340809,0.4592357964869775,0.6377974358974358,0.5780602665051483,0.6355041590954976,0.6553475469412476,0.6699706642438926,0.6854661215424995,0.6930146375933778
0.0,0.0,0.0,0.05,1.0,0.43017800000000006,0.6569889999999999,0.603772,0.5732510000000001,0.609883,0.594134,0.5778519999999999,0.556265,0.42334994394618847,0.6394684417040359,0.5977161995515695,0.5752645179372198,0.6055298766816144,0.586200840807175,0.567020739910314,0.5440563901345292,0.4129590753078941,0.6226661013527156,0.5796522309711286,0.554918372703412,0.5861492630728851,0.5689576620230163,0.5554895215021197,0.5376864526549565,2025-12-28 11:09:30.146000+00:00,0.38151,0.493712,0.44459699999999996,0.47223500000000007,0.48052400000000006,0.500377,0.5137160000000001,0.52082,0.3754941704035875,0.4828764573991032,0.44077034753363237,0.4736821748878925,0.47722696188340813,0.49405823991031395,0.5045807735426009,0.5098157511210762,0.36636577831617195,0.47247229961639414,0.42908952150211993,0.45799616394104575,0.46292378356551567,0.48035095901473845,0.4948388047647889,0.5040806178073894
1.0,0.95347533632287,0.7195639006662627,0.055,0.2867994816065708,0.165495,0.12473700000000001,0.124597,0.12527800000000003,0.13827600000000004,0.152188,0.156695,0.163934,0.16350369955156951,0.12471384529147983,0.12305711883408071,0.12372892376681616,0.13719529147982062,0.15207634529147984,0.15581754484304933,0.1605173206278027,0.16312836664647684,0.12458699777912374,0.12333492832626688,0.1235760952957803,0.13679184332727637,0.1518850999394306,0.1557099737532808,0.1601020189783969,2026-01-07 11:09:32.057000+00:00,0.151014,0.16787500000000002,0.136154,0.12981600000000001,0.136365,0.152207,0.159448,0.167587,0.14895588565022425,0.16772769058295964,0.1349905269058296,0.12839680493273545,0.13531485426008968,0.15186395739910313,0.1584121076233184,0.1641865470852018,0.14834082374318588,0.16757456087219866,0.13505586513224305,0.12816957399555823,0.13480864122753888,0.15147724611346655,0.1580594387240056,0.16353692711487983
0.0,0.0,0.0,0.07200000000000001,0.45091251830366397,0.165378,0.132186,0.12986299999999998,0.12752700000000003,0.139576,0.152737,0.156444,0.163766,0.16333822869955159,0.1321545403587444,0.12824248878923766,0.1258321748878924,0.13842920403587444,0.1524307735426009,0.15554843049327355,0.1601445067264574,0.16302440944881885,0.1320850595598627,0.12856194225721781,0.12568471633353523,0.13807462144155053,0.15227823541288107,0.15553064809206538,0.15977070462346052,2026-01-07 11:09:28.350000+00:00,0.151014,0.167792,0.136154,0.12989900000000001,0.136365,0.15228999999999998,0.15934800000000002,0.16766999999999999,0.14896636771300453,0.16771339686098655,0.1349804932735426,0.12839730941704036,0.13531485426008968,0.15188991031390137,0.1583588565022422,0.1642085201793722,0.1483379164142943,0.16756919038966284,0.1350507773066828,0.12816188168786594,0.13480872198667476,0.15148625075711683,0.1580089238845144,0.16353369674944476
1.0,1.0,1.0,0.088,0.0,0.0049380000000000005,0.0,0.009389000000000002,0.0,0.0,0.0,0.0,0.0,0.0057832959641255606,0.0,0.00946188340807175,0.0,0.0,0.0,0.0,0.0,0.0061598021401171,0.0,0.009174298405007069,0.0,0.0,0.0,0.0,0.0,2026-01-22 11:09:34.142000+00:00,0.008204,0.088053,0.058769999999999996,0.030819000000000006,0.026615000000000003,0.022566,0.021283,0.017717,0.00895835201793722,0.08876300448430494,0.0587941143497758,0.030985818385650232,0.02623615470852018,0.022905044843049324,0.02127443946188341,0.01769047085201794,0.009259519483141528,0.0888175651120533,0.058605168584696124,0.030895013123359582,0.026077629719362002,0.023351907934585102,0.021131233595800523,0.017784070260448207
1.0,1.0,1.0,0.07200000000000001,0.0,0.005538,0.004972000000000001,0.016089000000000003,0.002053,0.000581,0.0,0.0,0.0,0.006524831838565025,0.0063090807174887905,0.016158071748878927,0.002289742152466368,0.00018122197309417042,0.0,4.93273542600897e-06,2.791479820627803e-05,0.006918291944276196,0.006406440541086209,0.01586975570361397,0.002181445588532202,0.0001741570765192812,0.0,5.1483949121744395e-06,0.00011316373914799108,2026-01-22 11:09:30.423000+00:00,0.008104000000000002,0.08797,0.058769999999999996,0.030819000000000006,0.026515,0.022615,0.021266,0.017651000000000003,0.008924495515695068,0.08874871076233184,0.05878071748878924,0.030985818385650232,0.02619316143497758,0.02286603139013453,0.021300280269058294,0.01768834080717489,0.00924102564102564,0.08881714112658994,0.058595840904502296,0.030904482132041184,0.02605418938017363,0.023311043811831213,0.021183686654552794,0.017770280637997172
0.0,0.0,0.0,0.07200000000000001,1.0,0.6113980000000001,1.11907,1.0425339999999998,0.9924980000000001,1.0390030000000001,1.0171830000000002,0.9973260000000002,0.961152,0.6130978139013454,1.1258080717488792,1.0404703475336325,0.9930272421524664,1.0440044282511214,1.0168575112107623,0.9951811098654709,0.9688814461883409,0.6134163739147992,1.1284845346254793,1.037291843327276,0.9950210175651121,1.0460039975772262,1.0156865737936602,0.9920851806985664,0.9694215828790633,2026-02-06 11:09:25.402000+00:00,0.551115,0.7884049999999999,0.7462830000000001,0.8024319999999999,0.8316560000000001,0.862183,0.884111,0.889667,0.5526537556053811,0.7923889573991032,0.7447421524663679,0.8029294843049328,0.8355297645739911,0.8619023542600898,0.8823330717488791,0.8966841928251122,0.5529401776700988,0.7940460327074498,0.7425974762770037,0.8045257217847767,0.8370785584494247,0.8609452453058749,0.8796556632344031,0.8972064405410862
0.0,0.0,0.0,0.07200000000000001,1.0,0.588885,1.074252,0.98791,0.9410440000000001,0.995838,0.9545359999999999,0.9312570000000001,0.919343,0.589595571748879,1.071885706278027,0.9822447309417042,0.9414688901345291,0.9944322309417041,0.9576526345291481,0.9344798766816144,0.917739630044843,0.5905196850393699,1.0709422168382798,0.9798760952957802,0.9408779325661214,0.995298849182314,0.9600334948516048,0.9360167171411266,0.9185684433676561,2026-02-06 11:09:52.939000+00:00,0.533785,0.7615780000000001,0.7103670000000001,0.762133,0.7990780000000001,0.813542,0.834623,0.849994,0.5344245515695067,0.7599495515695068,0.7065286995515697,0.7625918721973095,0.7980168721973095,0.8161808856502243,0.8374589125560538,0.8485745515695068,0.5352554613365637,0.7593449222693318,0.7049477084595195,0.7621298001211386,0.7986849788007265,0.8181454673934989,0.8387941651524329,0.8493172622652939
1.0,1.0,1.0,0.10400000000000001,0.0,0.008283,0.015579000000000003,0.036783,0.011551,0.008915,0.0,0.0002,0.000249,0.008413172645739911,0.014614069506726458,0.03665442825112108,0.012204652466367713,0.009300952914798207,0.0002632847533632287,0.00046373318385650226,0.0005940582959641256,0.008468402988088026,0.014730486573793658,0.03682761962447001,0.012235170603674538,0.009364789016757519,0.00045301837270341204,0.0004679991924086411,0.0007050676357762973,2026-02-21 11:09:36.504000+00:00,0.011266,0.090464,0.072583,0.037834,0.033632,0.026983,0.0251,0.020615,0.011328755605381165,0.08988996636771301,0.07250644618834083,0.038323038116591934,0.03389983183856503,0.02717752242152467,0.025310930493273546,0.020838228699551573,0.01133817888148597,0.08995861094286287,0.07262444982838683,0.03834395315970119,0.033927135069654744,0.027323945083787597,0.025313284877851804,0.02093864324651726
1.0,1.0,1.0,0.088,0.0,0.008817,0.022479000000000002,0.041483,0.014251000000000002,0.011783,0.002715,0.0023850000000000004,0.0021490000000000003,0.008960650224215248,0.021584304932735433,0.04140779147982064,0.01492303811659193,0.012211434977578477,0.0027766816143497764,0.002818105381165919,0.00258542600896861,0.008935857056329497,0.021708338380779322,0.04160991318392893,0.014930506763577624,0.012194023823945082,0.002973369674944478,0.0028769230769230764,0.002696224510397739,2026-02-21 11:09:32.771000+00:00,0.0112,0.090464,0.072583,0.037834,0.03366600000000001,0.027049,0.024868,0.020549000000000005,0.011311883408071748,0.08989276905829598,0.07250364349775787,0.038323038116591934,0.033936995515695074,0.02717909192825112,0.025235762331838565,0.02085106502242153,0.011315364425600646,0.08996402180496665,0.07261930143347466,0.03834395315970119,0.0339247324853624,0.027303634161114473,0.025276418332323844,0.020931294165152433
1.0,1.0,1.0,0.15396860986547087,0.0,0.009581000000000001,0.021314999999999997,0.036268,0.013335999999999999,0.010447000000000001,0.0024660000000000003,0.004017,0.0043679999999999995,0.009630044843049327,0.021188508968609864,0.03689915919282512,0.013310930493273544,0.010534977578475338,0.0028971973094170404,0.00393267937219731,0.0041959080717488785,0.009824772864930347,0.021056692913385824,0.03732980012113869,0.013330304865737934,0.011040318998586714,0.0028545527962850798,0.0039413284877851795,0.004111164950535029,2026-02-26 11:09:32.553000+00:00,0.013964,0.093349,0.075234,0.043085000000000005,0.038832,0.035166,0.035082999999999996,0.030334000000000003,0.013907903587443949,0.09323918161434978,0.07564192825112108,0.04304938340807175,0.03891709641255605,0.035548598654708524,0.034930885650224223,0.030093890134529153,0.014054936402180494,0.09315697557036139,0.07589380173632142,0.043063355542095685,0.039281344639612345,0.03550708661417323,0.034931415303856246,0.030015081768625062
1.0,1.0,1.0,0.137,0.0,0.010147,0.027332000000000002,0.039951,0.015736,0.013032,0.0051,0.006666,0.0067659999999999994,0.010155269058295965,0.02723385650224216,0.04053581838565022,0.015715863228699556,0.013162612107623319,0.005735650224215247,0.0064854260089686104,0.006285369955156952,0.01026840298808803,0.027125580456289117,0.04095800524934382,0.01574883908742176,0.013656470825762166,0.005665091863517059,0.006491883706844337,0.006230284675953965,2026-02-26 11:09:28.837000+00:00,0.013881000000000001,0.093349,0.075234,0.043085000000000005,0.038932,0.035266,0.035082999999999996,0.030483,0.013905773542600898,0.09323918161434978,0.07564192825112108,0.04304938340807175,0.03895313901345291,0.03561025784753363,0.03493514573991032,0.03007544843049328,0.01405941853422168,0.09315697557036139,0.07589380173632142,0.043063355542095685,0.0392946698970321,0.03554431657581264,0.03493605895416919,0.029998425196850385
0.0,0.0,0.0,0.07200000000000001,1.0,0.347495,0.40826200000000007,0.37603,0.36746,0.3977570000000001,0.40425099999999997,0.408513,0.41365999999999997,0.34583963004484314,0.39926894618834086,0.37683082959641256,0.36774618834080725,0.39659047085201804,0.4037792600896862,0.40748531390134535,0.41009080717488794,0.34577441954371085,0.39972370280637987,0.37666373914799106,0.36769678982434884,0.3965215021199273,0.40409018776499095,0.4074554815263477,0.40982016959418527,2026-03-08 11:09:29.041000+00:00,0.314788,0.33676600000000007,0.299947,0.315367,0.329296,0.35912000000000005,0.38108899999999996,0.3993,0.3132982062780269,0.3310315582959642,0.3005093049327355,0.3155774103139014,0.3283489349775785,0.35877886771300455,0.38011014573991037,0.3959735986547086,0.31322792247122955,0.33130763173834027,0.3003852210781345,0.3155706642438926,0.3282774480113063,0.3590286694932363,0.3800336765596608,0.3957360387643852
1.0,1.0,1.0,0.148,0.0,0.008511000000000001,0.029297999999999998,0.07284900000000001,0.031934,0.023851,0.0,0.0005149999999999999,0.0,0.008525392376681614,0.0301630605381166,0.07329237668161435,0.03248800448430493,0.023718441704035875,0.00023183856502242156,0.0006160874439461885,0.00027684977578475335,0.008874843529174234,0.030470563294972743,0.07362576216434481,0.03282547950736927,0.0238351302241066,0.0006632344033918835,0.0008778114274177266,0.0006257419745608723,2026-03-13 11:09:36.570000+00:00,0.012845,0.096749,0.095566,0.054317,0.047234000000000005,0.031349,0.030498,0.02403,0.012808856502242153,0.09723946188340805,0.0958115470852018,0.05468346412556054,0.04714960762331839,0.03168514573991032,0.030451345291479817,0.02453430493273543,0.013087300625883303,0.09741318392893193,0.09598802745810618,0.054930203916818084,0.04726277003836058,0.03209204522511609,0.030552513628104187,0.025021885725822736
1.0,1.0,1.0,0.099,0.0,0.010594000000000001,0.03921500000000001,0.077532,0.036734,0.030650999999999998,0.008298,0.009381,0.005712999999999999,0.010524551569506725,0.04000005605381166,0.07791945067264576,0.0372465807174888,0.03067556053811659,0.00886877802690583,0.00918060538116592,0.006398374439461883,0.010760508782556025,0.04029323642237028,0.07824015748031493,0.03758546335554209,0.030866525338178876,0.00940377548960226,0.009404118715929737,0.0070216838279830406,2026-03-13 11:09:32.840000+00:00,0.012945,0.096749,0.095566,0.054317,0.047134,0.031298,0.030515,0.023913,0.012874327354260091,0.09723946188340805,0.09581715246636772,0.054696860986547094,0.04712348654708521,0.03162757847533632,0.030421748878923776,0.024473430493273548,0.013055057540884311,0.09741318392893193,0.09599317585301834,0.05493535231173025,0.04726351706036745,0.032038804764789014,0.030568302039168185,0.024999131839289312
0.0,0.0,0.0,0.148,1.0,0.436925,0.620626,0.5808300000000001,0.564798,0.585377,0.586959,0.580778,0.577737,0.43742040358744405,0.6196831278026906,0.580203307174888,0.5631797085201794,0.5876022421524665,0.587135538116592,0.5825117152466368,0.5771508408071748,0.43675126186149793,0.6136522107813447,0.5765213406016554,0.5606745406824145,0.5856105188774481,0.5842650918635172,0.5812392489400362,0.5760614173228348,2026-03-15 11:09:55.483000+00:00,0.39857400000000004,0.45448199999999994,0.424086,0.45525599999999994,0.469078,0.4991,0.517204,0.5311800000000001,0.3989887331838566,0.4539079596412557,0.42366743273542606,0.4540548766816144,0.4707418161434978,0.4992107623318386,0.5186770739910314,0.5306524103139012,0.3983851403189986,0.4502692105794468,0.42123987482333936,0.4522250555219059,0.46926927114879863,0.49695303856248724,0.5175922471229557,0.5297021603068847
0.0,0.0,0.0,0.10433464125560538,1.0,0.434125,0.597424,0.560062,0.548945,0.565141,0.5670569999999999,0.562527,0.5649179999999999,0.43460308295964123,0.5966346412556055,0.5594406950672647,0.5474866031390135,0.5673218049327354,0.5670954596412556,0.5644695067264573,0.5641709641255607,0.43390801534423584,0.5908964465980213,0.5558246517262265,0.545196123561478,0.565503311124571,0.5643780133252574,0.5632916010498688,0.5631262870987279,2026-03-15 11:09:51.763000+00:00,0.39857400000000004,0.45456499999999994,0.424186,0.45525599999999994,0.46897800000000006,0.49891699999999994,0.517204,0.531346,0.3989840246636772,0.4539420964125561,0.4237249439461884,0.45404904708520183,0.4706578475336323,0.4990492713004485,0.5186799887892377,0.5306739349775785,0.39837302644861694,0.45028071875630926,0.4212731072077528,0.4522358974358973,0.46923185947910345,0.4968305875227135,0.5176094690086814,0.5297347264284271
1.0,1.0,1.0,0.186,0.0,0.0019320000000000001,0.023609,0.06288300000000001,0.015636,0.016187,0.0,0.0,0.0,0.0022749999999999997,0.021598430493273545,0.06228520179372199,0.014992096412556053,0.017118329596412556,0.0,0.0,0.0,0.002610781344639612,0.02122766000403795,0.06250339188370685,0.014526509186351703,0.01724562891177064,0.0,0.0,0.0,2026-03-18 11:09:30.394000+00:00,0.007932,0.09027900000000001,0.0901,0.044085,0.043719,0.02933,0.026881000000000002,0.0192,0.008229932735426009,0.08912752242152469,0.0897599215246637,0.043659697309417045,0.044326849775784764,0.02891743273542601,0.026681838565022428,0.019480773542600898,0.008529053099131836,0.0889120936805976,0.08987771047849787,0.04333939026852413,0.04439202503533212,0.028902543912780125,0.027242862911366846,0.019938481728245503
1.0,1.0,1.0,0.11,0.0,0.0043,0.03576000000000001,0.0689,0.023219000000000004,0.025170000000000005,0.00476,0.0030830000000000002,0.0,0.004933015695067264,0.03403867713004484,0.06838172645739912,0.02269086322869955,0.025902578475336325,0.003944562780269059,0.0030592488789237668,5.016816143497758e-05,0.005290308903694729,0.033738239450837884,0.06858172824550775,0.02228588734100545,0.026016717141126588,0.003951019584090449,0.003792529779931354,0.0004655158489804159,2026-03-18 11:09:26.681000+00:00,0.007766,0.09027900000000001,0.0901,0.044085,0.043636,0.029379000000000002,0.026749000000000002,0.018834,0.008176569506726458,0.08912752242152469,0.0897599215246637,0.043659697309417045,0.04428520179372199,0.028904035874439463,0.026695627802690587,0.01937668161434978,0.008478215223097113,0.08890858065818695,0.08987878053704824,0.04333939026852413,0.04437817484352917,0.028907813446396115,0.027284453866343622,0.019913587724611347
1.0,1.0,1.0,0.246,0.0,0.007653,0.02117,0.054017,0.017521,0.021085,0.00051,0.0,0.0,0.007536210762331838,0.020993778026905833,0.052893609865470856,0.017120683856502245,0.020924103139013456,0.0011204596412556056,2.9596412556053812e-05,0.0,0.007002786190187764,0.0204572986069049,0.05208263678578638,0.01631005451241672,0.020318776499091456,0.000828003230365435,5.923682616596002e-05,0.0,2026-03-25 11:09:55.669000+00:00,0.015036000000000002,0.096485,0.0884,0.049753,0.052034000000000004,0.043044,0.0426,0.036134000000000006,0.01488548206278027,0.096397701793722,0.08771877802690582,0.04948307174887893,0.05190829596412556,0.04388520179372198,0.04239461883408072,0.03524831838565023,0.014438986472844736,0.0961195437108823,0.08723591762568138,0.048928265697557025,0.05148857258227338,0.043709812235009075,0.04186236624268119,0.03477169392287502
1.0,1.0,1.0,0.14300000000000002,0.0,0.011701999999999999,0.037436000000000004,0.06321700000000001,0.027804000000000002,0.032768000000000005,0.016548,0.016932,0.014202000000000001,0.011313621076233184,0.03732785874439462,0.06225448430493274,0.02747797085201794,0.03267746636771301,0.01771967488789238,0.01653968609865471,0.013233183856502245,0.010731576822128002,0.036897637795275585,0.06157785180698566,0.026758227336967495,0.032117706440541086,0.017471391076115488,0.01587054310518877,0.012687785180698566,2026-03-25 11:09:51.942000+00:00,0.015202,0.096485,0.0884,0.049753,0.052034000000000004,0.043144,0.042849000000000005,0.036068,0.01491681614349776,0.096397701793722,0.08771877802690582,0.04948307174887893,0.051894002242152466,0.043922533632287,0.04247236547085202,0.035275728699551576,0.014417040177670091,0.09611976579850597,0.08723591762568138,0.04892699374116696,0.051467676155865144,0.043684736523319195,0.04188568544316575,0.0348007874015748
1.0,1.0,1.0,0.115,0.1989867764793007,0.011783,0.037685,0.053015000000000014,0.022480999999999998,0.020328000000000002,0.007,0.007006999999999999,0.004445,0.012344394618834083,0.03860420403587444,0.05306093049327354,0.022425448430493277,0.02147432735426009,0.007569002242152468,0.007446300448430494,0.0054269058295964125,0.012947890167575207,0.03932701393095093,0.05340506763577631,0.022775025237229955,0.022293458509993938,0.007813082980012116,0.008387966888754289,0.006327639814253987,2026-03-28 11:09:32.620000+00:00,0.014883,0.096351,0.082832,0.04581500000000001,0.042296,0.033966,0.032592,0.026196,0.015402746636771302,0.09696289237668164,0.08284719730941707,0.045814686098654724,0.04313441704035876,0.03440313901345291,0.03300011210762332,0.027068553811659197,0.015951423379769836,0.09742301635372501,0.08307563093074903,0.04607855844942458,0.04375083787603473,0.03461292146174035,0.03381385019180294,0.027885503735110027
1.0,1.0,1.0,0.10433464125560538,0.1989867764793007,0.012449000000000002,0.042985,0.056014999999999995,0.024598,0.023045000000000003,0.0091,0.008591999999999999,0.005779,0.012938845291479824,0.04389125560538117,0.056031838565022425,0.024540358744394617,0.024150336322869958,0.009787331838565025,0.009220347533632288,0.006700728699551572,0.013548273773470622,0.04461667676155865,0.056370179689077315,0.024883646274984857,0.02497248132444983,0.01008582677165354,0.010227841712093679,0.007627397536846356,2026-03-28 11:09:28.901000+00:00,0.014966,0.096351,0.082832,0.04581500000000001,0.042379,0.033983,0.032526,0.026279,0.015460145739910317,0.09696289237668164,0.08284719730941707,0.045814686098654724,0.04313357623318387,0.03441832959641256,0.033005381165919286,0.027082230941704036,0.0159875630930749,0.09742301635372501,0.08307563093074903,0.04607855844942458,0.043750474459923284,0.0346415101958409,0.03382699374116696,0.027888330304865736
0.0,0.0,0.0,0.126,0.9067172343373935,0.208793,0.27893500000000004,0.274855,0.27189800000000003,0.29224999999999995,0.31499900000000003,0.31988000000000005,0.3258230000000001,0.20672903587443953,0.2626442825112108,0.2622843609865471,0.26397174887892383,0.28475274663677136,0.3093544282511211,0.31832230941704037,0.33075201793721976,0.206231556632344,0.26151849384211584,0.25785108015344227,0.25800845951948304,0.2798771451645467,0.3036981829194428,0.3140296789824349,0.3274407026044821,2026-04-02 11:09:34.794000+00:00,0.195101,0.252852,0.232019,0.241927,0.25977300000000003,0.291459,0.304313,0.315846,0.193252298206278,0.24264624439461888,0.22363525784753369,0.2358786995515695,0.25389047085201794,0.2868062780269059,0.3029427130044843,0.3202044843049328,0.19283727034120735,0.24193640218049667,0.22067486371895823,0.2312501110438118,0.25004558853220266,0.2821771451645466,0.29927456087219867,0.31728423177871995
0.0,0.0,0.0,0.132,0.9627250439007423,0.21249099999999999,0.284427,0.278202,0.276662,0.300444,0.318344,0.32079300000000005,0.32588900000000004,0.21027785874439464,0.26789613228699555,0.26559854260089694,0.2686261210762332,0.2927108183856503,0.3123915919282511,0.3192516255605381,0.3307855941704036,0.20978942055320005,0.26671687865939836,0.2610818291944276,0.2625584090450232,0.2876995962043206,0.30659196446598025,0.3149169190389663,0.3274691298203109,2026-04-02 11:09:31.065000+00:00,0.195101,0.252835,0.232053,0.242044,0.259905,0.29152500000000003,0.304379,0.315863,0.1932056614349776,0.24264691704035876,0.2236820627802691,0.23594708520179375,0.25395224215246637,0.2868360426008969,0.30298693946188343,0.32013217488789236,0.1927931152836665,0.24193712901271955,0.22068980415909556,0.2313043206137694,0.2501184534625479,0.28218766404199475,0.29932434887946696,0.3171933171815061
1.0,1.0,1.0,0.21616647982062784,0.0,0.0031209999999999996,0.005164,0.019813,0.0009150000000000001,0.0,0.0,0.0,0.0,0.003814125560538117,0.00521468609865471,0.0197972533632287,0.0011939461883408071,0.0,0.0,0.0,0.0,0.003598627094690085,0.005487300625883303,0.02014801130627902,0.0012054916212396528,0.0,0.0,0.0,0.0,2026-04-04 11:09:54.626000+00:00,0.01007,0.08163200000000001,0.06438100000000001,0.034832,0.029217,0.028694,0.026132,0.020502,0.010611603139013454,0.08166776905829598,0.06438441704035876,0.03500818385650225,0.029400840807174887,0.027168329596412556,0.025411827354260095,0.020814013452914802,0.010424570967090648,0.08181823137492428,0.06458568544316576,0.03500680395719765,0.02963714920250353,0.02695376539471027,0.025440944881889756,0.021162608520088836
1.0,1.0,1.0,0.126,0.0,0.006121000000000001,0.019581,0.030847000000000003,0.010315000000000001,0.0048660000000000005,0.000664,0.0,0.0,0.006861042600896862,0.019625448430493277,0.030855549327354265,0.010537948430493275,0.005010930493273543,0.00011434977578475339,0.0,0.0,0.006562245103977386,0.019852856854431656,0.031181203311124568,0.010546093276801937,0.0053551786795881275,8.471633353523118e-05,6.174035937815464e-05,7.930547143145568e-05,2026-04-04 11:09:50.898000+00:00,0.009970000000000001,0.08163200000000001,0.06438100000000001,0.034832,0.029183,0.028594,0.026115000000000003,0.020451000000000004,0.010597085201793723,0.08167354260089688,0.06438441704035876,0.03500818385650225,0.029327970852017934,0.02709551569506726,0.025412387892376685,0.02080829596412556,0.010378114274177265,0.08181823137492428,0.06458885523924893,0.03500680395719765,0.029614536644457897,0.026916575812638795,0.025463113264688066,0.021213345447203713
0.0,0.0,0.0,0.186,1.0,0.152841,0.18688500000000002,0.183013,0.16907900000000003,0.18666200000000002,0.20997699999999997,0.220396,0.22571500000000003,0.15318660313901347,0.18706849775784753,0.1825354260089687,0.16918811659192826,0.18774366591928257,0.21074658071748884,0.2201965246636772,0.22465084080717487,0.15368112255198868,0.18653640218049664,0.1820915202907329,0.16925917625681403,0.1884366040783363,0.21111897839693114,0.22003904704219665,0.22378507974964673,2026-04-07 11:09:33.195000+00:00,0.143792,0.19105100000000003,0.172864,0.16354700000000003,0.17224699999999998,0.205462,0.222447,0.232532,0.14408643497757848,0.1911669282511211,0.17253778026905833,0.1636349775784754,0.17300403587443947,0.20600364349775785,0.2222893497757848,0.2316868834080718,0.14451185140318995,0.19087888148596807,0.17227514637593372,0.16370258429234807,0.173476983646275,0.20626499091459718,0.22216089238845144,0.23097215828790627
0.0,0.0,0.0,0.17500000000000002,1.0,0.153341,0.190951,0.18413,0.170679,0.187396,0.20922799999999997,0.219079,0.22464900000000002,0.15374103139013454,0.1910681614349776,0.1836849215246637,0.1707806614349776,0.18842230941704038,0.21008587443946192,0.21876328475336326,0.2237812219730942,0.15421639410458304,0.1905965071673733,0.18325253381788814,0.1708626690894407,0.18907769028871388,0.21046464768826972,0.2185518877448011,0.22287316777710478,2026-04-07 11:09:29.474000+00:00,0.14372600000000002,0.19105100000000003,0.172864,0.16354700000000003,0.17224699999999998,0.205379,0.22243,0.232532,0.14412309417040362,0.1911669282511211,0.17253778026905833,0.1636349775784754,0.17300403587443947,0.20597561659192826,0.22225431614349778,0.2317573430493274,0.14455091863517058,0.19087888148596807,0.17227514637593372,0.16370258429234807,0.17348122350090855,0.20625364425600645,0.22211881687865936,0.23100183727034115
1.0,0.7965246636771302,0.5641025641025641,0.17,0.48891120548913564,0.19380000000000003,0.142345,0.15124600000000002,0.146878,0.160862,0.19352100000000003,0.20299699999999998,0.20990300000000003,0.18787286995515698,0.13362029147982066,0.1382078475336323,0.13281547085201795,0.1515281950672646,0.18258385650224218,0.19311659192825115,0.19860795964125563,0.18490010094891982,0.13616416313345447,0.14040852008883503,0.1340316979608318,0.15183515041389056,0.1802764990914597,0.19010583484756713,0.1949798505955986,2026-04-14 11:09:53.826000+00:00,0.17882699999999999,0.16057,0.14622200000000002,0.14005900000000002,0.14715600000000004,0.183849,0.19913999999999998,0.20784,0.17348323991031395,0.15528772421524667,0.1377496076233184,0.12955857623318387,0.14031603139013454,0.17530874439461888,0.1909048206278027,0.19821793721973097,0.17070068645265493,0.1567522309711286,0.13912079547748835,0.13036077124974763,0.1404592570159499,0.17337278417120935,0.18823941045830808,0.1949539874823339
1.0,0.6625560538116592,0.5126186149808196,0.11,0.4781001217439115,0.19276800000000002,0.14227,0.150737,0.145218,0.160017,0.191995,0.200937,0.20746,0.18698733183856506,0.13423475336322874,0.13853402466367715,0.13194316143497758,0.15131866591928253,0.18189473094170405,0.19156524663677132,0.196997701793722,0.18405834847567132,0.13658705834847565,0.14062996163941044,0.1330746012517666,0.15156676761558652,0.17966737330910557,0.18862596406218451,0.19357593377750854,2026-04-14 11:09:50.097000+00:00,0.17876100000000003,0.16057,0.14622200000000002,0.14005900000000002,0.14725600000000003,0.183849,0.19920600000000002,0.20775700000000002,0.1734650224215247,0.15527769058295965,0.1377496076233184,0.12955857623318387,0.14038060538116592,0.17537102017937223,0.19089338565022423,0.19818223094170404,0.17069751665657176,0.15674708257621642,0.1391234403391883,0.13036077124974763,0.14051045830809608,0.1734278820916616,0.188228265697557,0.19495828790631936
0.0,0.0,0.0,0.257,0.9971387375661316,0.04439200000000001,0.029739,0.031249,0.019696,0.020662,0.020444999999999998,0.027454000000000003,0.034007,0.04464652466367714,0.029530044843049337,0.031281670403587446,0.01962735426008969,0.021379091928251125,0.020932959641255612,0.026937107623318385,0.03335280269058297,0.04528619018776498,0.029956390066626284,0.03222081566727236,0.019926731273975363,0.02187393498889562,0.021817484352917423,0.027544296386028667,0.03305063597819503,2026-04-17 11:09:30.254000+00:00,0.049043,0.09841100000000001,0.077266,0.054264,0.05493000000000001,0.064696,0.071241,0.072926,0.04924119955156951,0.09833598654708522,0.07730168161434978,0.054189966367713005,0.05540723094170404,0.06494658071748881,0.07096154708520179,0.07247023542600897,0.04979107611548557,0.09854673934988893,0.07784189380173633,0.054404522511609106,0.05572501514233797,0.06560145366444578,0.07143977387441953,0.07224239854633555
0.0,0.0,0.0,0.192,0.9914162126983949,0.046992000000000006,0.038790000000000005,0.037949,0.025713000000000003,0.028479,0.029045,0.034190000000000005,0.039958,0.04727684977578476,0.03860515695067265,0.037953699551569506,0.025602186098654715,0.029187163677130045,0.0293892937219731,0.03378323991031391,0.03937875560538117,0.047853987482333916,0.03897625681405209,0.03882283464566929,0.02590044417524732,0.029654310518877448,0.03028015344235817,0.034410458308096095,0.03911516252776094,2026-04-17 11:09:27.828000+00:00,0.049043,0.09841100000000001,0.077266,0.054264,0.05493000000000001,0.064696,0.071209,0.073009,0.049280885650224225,0.09833598654708522,0.07730168161434978,0.05420067264573992,0.05540723094170404,0.06496014573991032,0.07094103139013454,0.07246446188340809,0.04980119119725418,0.0985456491015546,0.07784155057540884,0.05440967090652128,0.05572539874823339,0.06562119927316777,0.07142396527357156,0.07223448415101959
0.0,0.0,0.0,0.224,0.9028573352109202,0.077656,0.034028,0.055788000000000004,0.046412,0.05403500000000001,0.073271,0.098383,0.10678,0.08342281390134532,0.03675246636771301,0.05046900224215247,0.04857511210762332,0.059052522421524666,0.07987399103139015,0.09669002242152466,0.11054024663677131,0.08995231173026447,0.03841231576822128,0.04945606703008276,0.0536517666060973,0.0667103977387442,0.08626406218453461,0.09856634363012315,0.11052360185746013,2026-04-22 11:09:34.784000+00:00,0.07712,0.101264,0.08802600000000001,0.06962499999999999,0.07564599999999999,0.10021600000000001,0.122369,0.128617,0.0822038677130045,0.10274674887892378,0.08484002242152468,0.0711498878923767,0.07919377802690583,0.10516098654708522,0.12107511210762334,0.13180123318385653,0.08793103169796082,0.10365126186149806,0.08423603876438522,0.07472531798909751,0.08459767817484351,0.1099244700181708,0.12253575610740963,0.13178548354532602
0.0,0.0,0.0,0.197,1.0,0.07879000000000001,0.037645000000000005,0.05588800000000001,0.046095000000000004,0.055384,0.07288800000000001,0.096747,0.10439700000000002,0.08447146860986549,0.040235650224215255,0.05070874439461883,0.04818536995515695,0.06045745515695069,0.07955823991031391,0.09492399103139015,0.10818396860986548,0.09092037149202502,0.04190300827781142,0.049731798909751664,0.05313101150817687,0.06815562285483544,0.08589993943064808,0.09675239248940036,0.10820613769432666,2026-04-22 11:09:31.050000+00:00,0.077337,0.101247,0.08802600000000001,0.06962499999999999,0.075629,0.10005000000000001,0.122435,0.128551,0.08228329596412556,0.10269489910313902,0.08482729820627803,0.07116367713004486,0.07918021300448431,0.10512886771300449,0.12111849775784755,0.13181412556053815,0.08793248536240661,0.10363660407833636,0.08421984655764184,0.07473458509993942,0.08460579446799917,0.1099050676357763,0.12257470220068646,0.13181566727236016
0.0,0.0,0.0,0.33204652466367723,1.0,0.08169,0.08985599999999999,0.082998,0.074043,0.08417500000000001,0.07982000000000002,0.08237100000000001,0.08938800000000001,0.08133789237668161,0.0873419282511211,0.08271109865470853,0.07439058295964125,0.08389966367713005,0.07946692825112109,0.08195330717488791,0.08799551569506728,0.08165356349687057,0.08652243084998991,0.08298534221683827,0.07458994548758327,0.08376169997981023,0.08001072077528769,0.08227934585099937,0.0881039975772259,2026-04-24 11:09:47.902000+00:00,0.08179199999999999,0.13224500000000003,0.109949,0.093079,0.09894499999999999,0.118341,0.129092,0.132741,0.08157494394618835,0.13107853139013456,0.10977477578475336,0.09327017937219732,0.0987871076233184,0.1181428811659193,0.12887017937219733,0.13176659192825113,0.08184938421158892,0.13069154048051684,0.10992063395921661,0.09340165556228548,0.09870718756309305,0.11853432263274785,0.12908342418736113,0.13185850999394305
1.0,0.95347533632287,0.732283464566929,0.262,0.0,0.0224,0.020846,0.023259,0.017078000000000003,0.020515000000000002,0.0025689999999999997,0.007996000000000001,0.009779000000000001,0.02122146860986547,0.020397533632286996,0.023538116591928254,0.016534024663677132,0.019267881165919282,0.005002017937219732,0.006432399103139015,0.007239293721973094,0.020211225519886935,0.019093276801938217,0.02230076721179083,0.014847001817080556,0.017452008883504944,0.0038809610337169386,0.0051759539672925495,0.00591788814859681,2026-04-27 11:09:30.733000+00:00,0.028417,0.09192299999999999,0.070938,0.049774,0.051332,0.049963,0.05533,0.052313000000000005,0.02746737668161436,0.09169826233183857,0.0710603139013453,0.04942612107623319,0.05045997757847534,0.05155908071748879,0.054181334080717486,0.050331053811659206,0.026601029678982435,0.09102578235412882,0.07034336765596608,0.048283827983040574,0.04928249545729862,0.05025338178881487,0.05303290934786998,0.04915548152634766
1.0,0.7146860986547084,0.6293155663234403,0.224,0.0,0.023883,0.028512000000000003,0.029308000000000004,0.021444,0.025764000000000006,0.010335,0.01553,0.016911,0.022659248878923767,0.02813284753363229,0.029593441704035873,0.020903755605381172,0.02433307174887893,0.012517937219730942,0.01400089686098655,0.014150840807174889,0.021634564910155463,0.026929921259842515,0.028430022208762364,0.01930997375328084,0.022569493236422367,0.010709327680193819,0.012463799717343023,0.012712436906925095,2026-04-27 11:09:27.020000+00:00,0.0285,0.09192299999999999,0.070938,0.049774,0.051332,0.050046,0.05543,0.052479000000000005,0.02749691704035875,0.09168206278026907,0.07107079596412556,0.04942612107623319,0.05047158071748879,0.051551681614349774,0.05425241031390135,0.05032595291479822,0.026598223299010695,0.09101433474661821,0.07034851605087825,0.048286472844740545,0.04930740965071674,0.050238158691702,0.05302020997375328,0.04914251968503936
0.0,0.0033632286995515697,0.062386432465172614,0.32185874439461887,0.7471878278529873,0.017707999999999998,0.051141000000000006,0.047298,0.025154000000000003,0.013622000000000002,0.0,0.0,0.0,0.018872533632287,0.05162516816143498,0.04884988789237669,0.024691816143497764,0.013937107623318387,0.0,0.0,0.0,0.021693801736321416,0.05415721784776902,0.05175527962850798,0.026771613163739143,0.0147173026448617,0.0020098324247930545,0.0016959216636381988,0.001028709872804361,2026-05-04 11:09:47.913000+00:00,0.026240000000000003,0.113879,0.087649,0.057975,0.053413999999999996,0.049749,0.052006000000000004,0.044053,0.02721547085201794,0.11408985426008969,0.08846373318385653,0.05765599775784755,0.0535883408071749,0.0510785874439462,0.05197713004484306,0.045815078475336335,0.029625257419745598,0.11529656773672518,0.08999882899252978,0.058980375529981824,0.054057742782152224,0.05278193014334744,0.052586432465172604,0.04737343024429638
0.0,0.0,0.0,0.132,0.8134793512227693,0.023257,0.06476000000000001,0.059915,0.037056,0.032868999999999995,0.0178,0.019391000000000002,0.014738000000000001,0.024382847533632287,0.06515353139013454,0.061170067264573996,0.0366817264573991,0.03318862107623319,0.019607343049327354,0.019360201793721974,0.016873598654708524,0.02706349687058349,0.06710403795679387,0.06349872804360993,0.038422370280637996,0.03388923884514436,0.021798929941449625,0.020117443973349476,0.01874542701393095,2026-05-04 11:09:44.200000+00:00,0.026240000000000003,0.113879,0.087649,0.057975,0.053314,0.049683,0.052106000000000006,0.043987000000000005,0.027231670403587448,0.11408985426008969,0.08846373318385653,0.05765599775784755,0.05350840807174889,0.05106048206278028,0.05199568385650225,0.045795403587443946,0.02963470623864323,0.11529656773672518,0.08999989905108013,0.058980375529981824,0.05398701796890773,0.052779143953159684,0.05261362810417928,0.04737896224510397
0.0,0.0,0.0,0.148,1.0,0.507213,0.8987189999999999,0.82528,0.7971119999999999,0.848268,0.8243190000000001,0.812345,0.791948,0.5088720291479821,0.9013159192825113,0.8281438901345293,0.8004870515695068,0.8457286995515696,0.8243497757847535,0.8141485986547087,0.7922691704035876,0.5109778719967695,0.9070973551382997,0.8325731072077526,0.8032093276801936,0.8473454068241467,0.8249662830607712,0.8134469412477284,0.7917164748637189,2026-05-07 11:09:27.829000+00:00,0.45944300000000005,0.635043,0.601576,0.6443340000000001,0.663909,0.692945,0.717907,0.7334970000000001,0.46090728699551575,0.6366044282511212,0.6035305493273543,0.6468166479820628,0.6620300448430493,0.6929714686098657,0.7194848654708521,0.7338351457399104,0.4628053502927518,0.6402635776297193,0.6064939026852413,0.6489270341207347,0.6632667474258025,0.6934631132646879,0.7189053704825357,0.7333294770845953
0.0,0.0,0.0,0.16404652466367717,1.0,0.307911,0.75652,0.6760950000000001,0.6294580000000001,0.671456,0.660222,0.637937,0.619646,0.30751715246636774,0.7558016255605382,0.6766911434977579,0.6299029708520181,0.6715073430493275,0.658855437219731,0.636423542600897,0.6209557174887893,0.30700018170805565,0.7537324449828385,0.6758902079547748,0.6312643448415102,0.6716167979002623,0.658078275792449,0.6367628507974966,0.6209266303250555,2026-05-12 11:09:30.858000+00:00,0.27972800000000003,0.533009,0.48640800000000006,0.50556,0.525992,0.556724,0.565956,0.573361,0.2794123878923767,0.5325421524663677,0.4868449551569508,0.5058795964125561,0.5259879484304932,0.5556450112107624,0.5647863228699552,0.5745494955156951,0.2789720169594185,0.5312337775085807,0.4863014334746618,0.5068532000807591,0.5260682616596001,0.5550299818291944,0.5650761760549161,0.5745162325863112
0.0,0.0,0.01655562285483545,0.22996860986547088,0.5911760910666899,0.035768,0.049585000000000004,0.052064000000000006,0.039332,0.036598000000000006,0.019253,0.019179,0.022829999999999996,0.03605734304932737,0.05062780269058296,0.05254041479820628,0.039881165919282514,0.03656395739910314,0.019903755605381167,0.02025521300448431,0.022350504484304937,0.0366107207752877,0.051751806985665255,0.05345360387643852,0.04025160508782555,0.036472037149202496,0.0205982838683626,0.02055245305875227,0.02207096709065213,2026-05-14 11:09:49.021000+00:00,0.039251,0.10625100000000001,0.084515,0.061449000000000004,0.06053200000000001,0.058719,0.059613000000000006,0.057881,0.0395487668161435,0.10684170403587445,0.08480336322869957,0.06184147982062782,0.0605002802690583,0.059181726457399116,0.06035874439461884,0.05743912556053812,0.04002604482132041,0.107448031496063,0.08532901271956389,0.062082858873410036,0.060432344033918825,0.05963967292549969,0.060571431455683424,0.05718604885927721
0.0,0.0,0.013930950938824953,0.115,0.6086185712762914,0.039185000000000005,0.060285,0.061780999999999996,0.047049,0.049164000000000006,0.040321,0.04059600000000001,0.041732,0.039671300448430494,0.06117399103139014,0.06213346412556055,0.04753391255605381,0.049051793721973096,0.041023710762331835,0.04148536995515695,0.04132371076233184,0.040269977791237636,0.06209979810216028,0.06290185746012518,0.04786434484151018,0.048962830607712476,0.041594407429840496,0.041745043408035525,0.0410181506157884,2026-05-14 11:09:45.305000+00:00,0.039168,0.10625100000000001,0.084515,0.061449000000000004,0.06053200000000001,0.058553,0.05963,0.05799800000000001,0.03953178251121077,0.10684450672645741,0.08481025784753364,0.06184147982062782,0.060524103139013456,0.05916603139013455,0.060388677130044845,0.05751502242152467,0.040032909347869974,0.10745457298606904,0.08532277407631737,0.062087906319402364,0.06047219866747425,0.059645366444579045,0.06057155259438722,0.057233494851605074
1.0,0.95347533632287,0.8229355945891378,0.2299658071748879,0.0,0.022609,0.022443,0.02989,0.011609000000000001,0.005229000000000001,0.0,0.0,0.0029050000000000005,0.02190319506726458,0.024021524663677137,0.03070756726457399,0.01400218609865471,0.009838901345291483,0.004116255605381166,0.004015470852017937,0.005332286995515695,0.02083918837068443,0.02180777306682818,0.028576357762971932,0.012205543101691458,0.008126569755703613,0.004151968503937007,0.004152634766807995,0.005533656369876841,2026-05-22 11:09:32.923000+00:00,0.027898,0.091695,0.071157,0.042321000000000004,0.038457000000000005,0.042247,0.042281000000000006,0.040547,0.027285201793721982,0.09258273542600896,0.07157505605381168,0.043997645739910315,0.0413990470852018,0.043043049327354276,0.042918497757847535,0.040483464125560545,0.026339713305067628,0.0913832020997375,0.07029200484554815,0.04265180698566525,0.04006852412679184,0.04188461538461539,0.04163087017968906,0.03967417726630325
1.0,0.8486547085201794,0.7714516454673934,0.20857791479820628,0.0,0.023160000000000004,0.026711,0.03284100000000001,0.013543000000000001,0.006972,0.002407,0.0022410000000000004,0.005312,0.022517937219730944,0.028290751121076235,0.03361457399103139,0.015872533632286998,0.011517152466367715,0.005579988789237668,0.005446412556053813,0.006568778026905831,0.02142123965273571,0.02613010296789824,0.03155182717544922,0.014017767009892995,0.009589319604280234,0.00527680193821926,0.005222350090854027,0.006568847163335352,2026-05-22 11:09:29.198000+00:00,0.027815000000000003,0.091695,0.071157,0.042321000000000004,0.038374,0.04213,0.04211500000000001,0.040564,0.0272365470852018,0.09258273542600896,0.0715645739910314,0.043997645739910315,0.04139523542600897,0.04299058295964126,0.042891255605381165,0.04050605381165919,0.026300646073087013,0.0913830203916818,0.07029533615990309,0.04265073692711488,0.0400786190187765,0.04185463355542095,0.04161687865939833,0.039715848980415906
1.0,0.95347533632287,0.7851806985665253,0.197,0.0,0.011262000000000001,0.019032,0.02277,0.008472,0.006272,0.000731,0.0007139999999999999,0.001394,0.015894114349775786,0.02088693946188341,0.025481165919282515,0.011505997757847533,0.008982623318385652,0.002579035874439462,0.0033183856502242157,0.0036849215246636782,0.023203109226731272,0.02933684635574399,0.03404033918837067,0.020537795275590544,0.01832335958005249,0.010241530385624873,0.010816535433070866,0.012089743589743589,2026-05-24 11:09:50.795000+00:00,0.017075000000000003,0.08595200000000001,0.064873,0.038028,0.036111000000000004,0.036658,0.036294,0.033714999999999995,0.02106177130044843,0.08704114349775786,0.06659086322869956,0.040217993273542606,0.03809523542600897,0.03939019058295965,0.03994389013452915,0.036148542600896866,0.027550514839491218,0.09195118110236221,0.07200333131435493,0.04680625883303048,0.04475370482535837,0.04632128003230365,0.04730187764990914,0.044162547950736916
1.0,0.95347533632287,0.7851806985665253,0.23500000000000001,0.0,0.009796000000000001,0.015734,0.018689,0.004274,0.001972,0.0,0.0,0.00011899999999999999,0.01444237668161435,0.01769674887892377,0.02158968609865471,0.007448262331838566,0.00497785874439462,0.0006951793721973095,0.0013204596412556054,0.0012759529147982063,0.021899959620432057,0.026746537452049267,0.030669109630526943,0.016908721986674737,0.014548374722390468,0.006577730668281848,0.006604098526145769,0.007693074904098526,2026-05-24 11:09:47.077000+00:00,0.017075000000000003,0.08595200000000001,0.064873,0.038028,0.035945000000000005,0.036641,0.036211,0.033632,0.021079204035874443,0.08704114349775786,0.06659086322869956,0.040217993273542606,0.038051233183856496,0.03936093049327354,0.03991984304932736,0.036139686098654714,0.027536341611144762,0.09195136281041792,0.07200333131435493,0.04680625883303048,0.04473056733292953,0.04631409246921056,0.04730660205935795,0.0441827579244902
1.0,0.95347533632287,0.7195639006662627,0.20833464125560539,0.0,0.014177000000000002,0.012985000000000002,0.015734,0.003315,0.001551,0.0,0.0,0.0,0.0139792600896861,0.013048374439461885,0.015630997757847535,0.0031761210762331835,0.0015232623318385651,0.0,0.0,7.836322869955159e-05,0.014007187563093078,0.013170926711084188,0.01571659600242277,0.0032219664849586103,0.0014800121138703814,0.0,3.0325055521905912e-05,0.0003896628306077124,2026-05-27 11:09:29.198000+00:00,0.019828000000000002,0.08093399999999999,0.0612,0.035232,0.033833999999999996,0.037932,0.03929800000000001,0.0357,0.01968609865470852,0.08092640134529148,0.061095347533632285,0.03514798206278027,0.03378772421524664,0.0377908071748879,0.03939798206278027,0.036058688340807186,0.01969412477286492,0.08098584696143749,0.06114496264889965,0.03518653341409247,0.03373567534827377,0.037658550373511006,0.039542721582879053,0.03645784373107208
1.0,0.7146860986547084,0.616596002422774,0.16404652466367717,0.0,0.01586,0.020385,0.021834,0.008032000000000001,0.007151,0.004015,0.005864,0.006366,0.015612443946188341,0.02043004484304933,0.02172797085201794,0.007948150224215246,0.007157903587443948,0.0038296524663677133,0.005815246636771302,0.0066631726457399105,0.015589158086008475,0.020548132444982836,0.02182566121542499,0.008002382394508376,0.007142802342014938,0.0036838481728245502,0.005963456491015545,0.0071106198263678555,2026-05-27 11:09:25.495000+00:00,0.019994,0.08093399999999999,0.061117000000000005,0.035232,0.033751,0.037932,0.039481,0.035766,0.019779484304932735,0.08091261210762332,0.061081053811659194,0.03514798206278027,0.03378508968609866,0.037798766816143504,0.03946160313901346,0.036042376681614356,0.01974972743791641,0.08098094084393294,0.06113981425398748,0.03518653341409247,0.033743206137694326,0.03766535433070867,0.03955778316172017,0.03642263274782959
1.0,0.95347533632287,0.8501918029477085,0.17,0.0,0.018198000000000002,0.011084000000000002,0.020567,0.003569,0.006059,0.0,0.0,0.0036520000000000003,0.020304316143497758,0.018870459641255607,0.028445011210762334,0.011220739910313903,0.010441255605381167,0.005962163677130046,0.006455044843049327,0.008032455156950672,0.020648596810014134,0.01865966081162931,0.0283318392893196,0.011599212598425194,0.010828790631940238,0.007818736119523521,0.007901332525741973,0.00906969513426206,2026-06-01 11:09:32.310000+00:00,0.022136,0.079807,0.060656,0.031987999999999996,0.033053,0.031265,0.033222999999999996,0.032243,0.02403716367713005,0.0845127802690583,0.06581289237668163,0.03764758968609866,0.03571608744394619,0.035692825112107626,0.0364307735426009,0.034432679372197315,0.02431368867353119,0.08437694326670706,0.06572016959418533,0.037890833838077925,0.035579224712295576,0.03643030486573793,0.03671613163739147,0.03505011104381183
1.0,0.8486547085201794,0.798707853825964,0.181,0.0,0.017815,0.011283999999999999,0.019933000000000003,0.002573,0.004648,0.0,0.0,0.001162,0.019926233183856504,0.019390134529147982,0.02802281390134529,0.01058604260089686,0.009614069506726459,0.005146692825112108,0.005659192825112108,0.006777354260089686,0.0202142741772663,0.019190066626287094,0.02790347264284271,0.011153078942055318,0.010336684837472236,0.007139713305067633,0.0072154855643044614,0.008219321623258629,2026-06-01 11:09:28.590000+00:00,0.022153000000000003,0.079807,0.060656,0.031987999999999996,0.033053,0.031365000000000004,0.03324,0.03216,0.024080941704035876,0.08450723094170404,0.0658020739910314,0.037658071748878925,0.0357660874439462,0.03571244394618834,0.03649411434977579,0.034395627802690586,0.02433147587320815,0.08437458106198265,0.0657082778114274,0.037896466787805366,0.035606400161518274,0.036430385624873815,0.03675576418332324,0.03505259438724005
1.0,0.95347533632287,0.882899252977993,0.148,0.0,0.025231000000000003,0.030465,0.039650000000000005,0.026186,0.025297,0.015506999999999998,0.018729000000000003,0.018729000000000003,0.02649826233183857,0.029644114349775787,0.03875627802690584,0.024969562780269065,0.024391647982062784,0.016294899103139013,0.01816261210762332,0.018848430493273543,0.02571021603068847,0.028360205935796485,0.03751972541893802,0.02350086816071068,0.02271140722794266,0.01498154653745205,0.016341247728649297,0.017459095497678174,2026-06-03 11:09:50.720000+00:00,0.028146000000000004,0.08897599999999999,0.07267799999999999,0.048264999999999995,0.046509999999999996,0.045351999999999996,0.04832700000000001,0.04446100000000001,0.029253923766816146,0.0884603139013453,0.07208901345291481,0.04737628923766816,0.0458320067264574,0.046025392376681615,0.04792668161434978,0.044636771300448436,0.028533313143549358,0.08765584494245912,0.0712609125782354,0.04625332121946295,0.044567736725217036,0.04497147183525137,0.04639275186755501,0.043431940238239444
1.0,0.8486547085201794,0.8314153038562486,0.137,0.0,0.025814000000000004,0.033948000000000006,0.042033,0.027686,0.02718,0.018075,0.021595000000000003,0.021411999999999997,0.026966199551569505,0.033153587443946184,0.041215807174887896,0.02659590807174888,0.026140975336322873,0.018950336322869955,0.020920795964125563,0.021373598654708528,0.026194851605087822,0.031892933575610745,0.04000959014738542,0.025168524126791842,0.02453579648697759,0.0176878255602665,0.01912198667474258,0.02002998182919443,2026-06-03 11:09:47.002000+00:00,0.028229000000000004,0.08897599999999999,0.07266099999999999,0.048264999999999995,0.04671,0.045303,0.048427000000000005,0.044644,0.029234585201793725,0.08848374439461884,0.07207471973094172,0.04737628923766816,0.045936266816143496,0.04598974215246637,0.04796283632286997,0.044644002242152474,0.02850333131435494,0.08766507167373308,0.07124750656167979,0.046255643044619425,0.04465227135069654,0.04496452654956591,0.04640149404401373,0.04341786795881285
1.0,1.0,0.8572582273369674,0.15396860986547087,0.0,0.015898000000000002,0.024013,0.030904000000000008,0.010716999999999999,0.009555000000000001,0.005516999999999999,0.00733,0.007804000000000001,0.016204147982062784,0.02308643497757848,0.03158486547085202,0.01079232062780269,0.009842040358744395,0.005234585201793722,0.007143553811659194,0.008334304932735428,0.01660193821926105,0.023157480314960628,0.03183858267716535,0.01118467595396729,0.010591903896628304,0.005592953765394709,0.007477084595194832,0.00894078336361801,2026-06-06 11:09:31.549000+00:00,0.019815,0.08388100000000001,0.067436,0.037017,0.035287,0.038117000000000005,0.03963,0.035953,0.020051457399103145,0.08331558295964127,0.06791900224215247,0.03709865470852019,0.0355170403587444,0.037995403587443945,0.03949927130044843,0.03640639013452916,0.02037183525136281,0.08335398748233391,0.06808318190995358,0.03738518069856652,0.03608411064001615,0.03827902281445588,0.039764566929133854,0.03697312739753684
1.0,0.95347533632287,0.7195639006662627,0.20800000000000002,0.0,0.081029,0.076991,0.092312,0.07297200000000001,0.07071000000000001,0.064278,0.066836,0.068976,0.0794623878923767,0.07541782511210762,0.09220257847533635,0.07099697309417041,0.06953419282511213,0.06303615470852018,0.06345986547085201,0.06790711883408074,0.07855213002220873,0.07489071269937411,0.09164383202099737,0.07004401372905308,0.0688622854835453,0.06201548556430447,0.0625127599434686,0.06743492832626691,2026-06-11 11:09:34.044000+00:00,0.079248,0.12145200000000002,0.10932,0.08646300000000001,0.08535,0.090416,0.09434200000000001,0.094197,0.07784697309417041,0.12055947309417044,0.1092295403587444,0.08503116591928253,0.08457017937219731,0.08944770179372201,0.09156945067264576,0.09337987668161436,0.07700369473046638,0.12025289723399955,0.1088634766807995,0.08431324449828387,0.08411845346254794,0.08861467797294569,0.09075661215424995,0.09293640218049667
0.0,0.0,0.0,0.159,0.1998788171204479,0.08279700000000001,0.080959,0.09508,0.075457,0.075776,0.071478,0.074172,0.075144,0.08126894618834082,0.07940403587443948,0.09497612107623318,0.07360392376681614,0.07454843049327356,0.07020459641255605,0.07069691704035876,0.0742754484304933,0.08028453462547948,0.07893095093882493,0.09443254593175851,0.07268392893196042,0.0739594589137896,0.06921116495053502,0.06979006662628709,0.07375065616797899,2026-06-11 11:09:30.318000+00:00,0.079299,0.12153499999999999,0.10932,0.08646300000000001,0.085316,0.090399,0.09447599999999999,0.094214,0.07791244394618835,0.12055751121076234,0.1092295403587444,0.08501776905829599,0.08450655829596414,0.08939613228699553,0.09159568385650226,0.09342219730941705,0.07700724813244497,0.12025259438724004,0.10886478901675752,0.0843080153442358,0.08408455481526349,0.08857546941247728,0.09079830405814657,0.09294829396325459
1.0,1.0,1.0,0.23500000000000001,0.0,0.011025,0.014729000000000003,0.034596999999999996,0.008383,0.00166,0.0,0.0,0.0,0.008072869955156952,0.0059791479820627816,0.02698565022421525,0.0026264013452914803,0.0011164798206278028,0.0,0.0,0.0,0.007392873006258832,0.004166505148394911,0.025517847769028865,0.0015545931758530183,0.0004570967090652129,0.0,0.0,0.0,2026-06-13 11:09:49.871000+00:00,0.018295000000000002,0.08540400000000001,0.074885,0.040695999999999996,0.036438000000000005,0.033704000000000005,0.036111000000000004,0.029131,0.015730829596412556,0.08063565022421525,0.07030717488789238,0.03538178251121076,0.032773374439461884,0.030818497757847542,0.03038133408071749,0.0269030269058296,0.015145850999394306,0.07967924490207955,0.06943208156672723,0.034153078942055305,0.03102560064607308,0.02988489804159095,0.02966244700181708,0.02617488390874217
1.0,1.0,1.0,0.20800000000000002,0.0,0.01201,0.020364999999999998,0.038499,0.011122,0.005478,0.0,0.0,0.0,0.0091472533632287,0.011886603139013454,0.031157006726457402,0.00436468609865471,0.002700448430493274,0.0,0.0,0.0,0.008480314960629922,0.01020843932969917,0.029764405410862095,0.002955360387643852,0.001481788814859681,0.0,0.0,0.0,2026-06-13 11:09:46.159000+00:00,0.018312000000000002,0.08540400000000001,0.074885,0.040695999999999996,0.036504,0.033738000000000004,0.036111000000000004,0.028965,0.015726905829596412,0.08063565022421525,0.07030717488789238,0.03538178251121076,0.032777690582959644,0.030834360986547096,0.030360201793721977,0.02683419282511211,0.01512608520088835,0.07967924490207955,0.06943208156672723,0.034153078942055305,0.03103866343630123,0.029894871794871797,0.029622430849989903,0.02615045427013931
1.0,0.95347533632287,0.8229355945891378,0.2580465246636771,0.0,0.020430999999999998,0.031805,0.051771000000000005,0.016005000000000002,0.014805000000000002,0.002407,0.003569,0.002739,0.021357399103139017,0.0328127802690583,0.052876401345291486,0.0188362668161435,0.01628424887892377,0.004817881165919282,0.0052250000000000005,0.005330044843049328,0.02373581667676156,0.0351883504946497,0.05490797496466787,0.02136561679790026,0.018414637593377744,0.007572097718554409,0.007854007672117906,0.008051564708257622,2026-06-16 11:09:32.824000+00:00,0.026801,0.095677,0.08702600000000002,0.04879200000000001,0.046891999999999996,0.047354,0.049699,0.045141,0.02762713004484305,0.09622825112107623,0.08770498878923769,0.050768049327354264,0.04785095291479821,0.048424607623318384,0.05052343049327355,0.04708884529147983,0.029700383605895414,0.09748990510801533,0.08889553805774278,0.05248552392489401,0.04926430446194226,0.05008336361800929,0.052157863920856036,0.048902907328891576
1.0,0.7146860986547084,0.719967696345649,0.24618049327354263,0.0,0.020682,0.034439000000000004,0.053271000000000006,0.017039000000000002,0.016205,0.003154,0.004399,0.004373,0.021660089686098654,0.03551642376681615,0.05440022421524664,0.019878307174887897,0.01751530269058296,0.005581894618834082,0.006145571748878925,0.006712724215246638,0.024080799515445183,0.03783391883706845,0.05640290732889158,0.022377003836058954,0.0196020391681809,0.008392206743387847,0.008719765798505953,0.009179689077326874,2026-06-16 11:09:29.116000+00:00,0.026817999999999998,0.095677,0.08702600000000002,0.04879200000000001,0.047092,0.047105,0.04948399999999999,0.045307,0.027659809417040365,0.0962420403587444,0.08770779147982063,0.050749607623318385,0.04794164798206278,0.04836625560538117,0.050567152466367726,0.04714529147982064,0.02972903290934786,0.09748899656773671,0.08890290732889158,0.05248283868362609,0.04933607914395316,0.05008366646476881,0.05221168988491823,0.04892994144962648
0.0,0.0,0.0,0.424,0.23989160864662284,0.082803,0.055883,0.08564900000000002,0.058908,0.059572,0.050485999999999996,0.054875999999999994,0.063663,0.08301872197309418,0.05106165919282511,0.08236782511210763,0.056955437219730946,0.05916345291479821,0.05098105381165919,0.054376121076233186,0.06379030269058295,0.08520920654148997,0.053078457500504744,0.08424734504340801,0.05903672521704017,0.06170555219059156,0.053700787401574815,0.05700611750454269,0.0661834847567131,2026-06-21 11:09:34.164000+00:00,0.085705,0.12028599999999999,0.11315,0.088969,0.091384,0.10294100000000002,0.110067,0.115186,0.08578581838565023,0.11829484304932737,0.11155745515695069,0.08788391255605381,0.09114170403587446,0.10323172645739911,0.10969702914798209,0.11532606502242154,0.08755519886937212,0.11910405814657782,0.1124317585301837,0.0890836866545528,0.09258831011508174,0.10491364829396323,0.11142982031092266,0.11700549162123963
1.0,0.7146860986547084,0.616596002422774,0.20328531390134533,0.0,0.08880299999999999,0.070942,0.094974,0.07238,0.07907600000000001,0.081171,0.086012,0.09231600000000002,0.08886065022421527,0.06740644618834081,0.0924938340807175,0.07090246636771301,0.07858553811659194,0.08150739910313902,0.08554618834080718,0.09237247757847535,0.09091992731677771,0.06885317989097516,0.09393054714314554,0.07259174237835654,0.08064013729053099,0.08379006662628707,0.08778726024631536,0.09442239047042196,2026-06-21 11:09:30.440000+00:00,0.085788,0.12028599999999999,0.113167,0.088969,0.09145,0.10294100000000002,0.11005,0.115269,0.08577264573991032,0.11829484304932737,0.11157174887892378,0.0878792600896861,0.09114635650224216,0.10323172645739911,0.10968766816143498,0.11531569506726459,0.08753525136281042,0.11910072683222288,0.11243690692509588,0.08907853825964061,0.09258560468402986,0.10491453664445788,0.11144185342216835,0.11699804159095495
1.0,0.95347533632287,0.7195639006662627,0.262,0.0,0.07692800000000001,0.07588,0.10718799999999999,0.077252,0.078944,0.071459,0.074473,0.07641900000000001,0.07104624439461883,0.07158279147982063,0.10193649103139014,0.07152757847533633,0.0702358744394619,0.0615478139013453,0.06475902466367714,0.06861698430493274,0.06443846153846153,0.06277076519281242,0.09202757924490207,0.061264082374318594,0.061114395315970106,0.05224177266303249,0.0553255804562891,0.05905673329295375,2026-06-23 11:09:51.033000+00:00,0.076528,0.12135699999999999,0.120229,0.091746,0.09167399999999999,0.09788900000000002,0.10420900000000001,0.104185,0.07138251121076233,0.11906322869955156,0.11709002242152468,0.08774332959641255,0.08584344170403589,0.09072376681614351,0.09674646860986548,0.09780336322869954,0.06563523117302644,0.11437609529578033,0.11126014536644456,0.0806863718958207,0.07968931960428022,0.08397401574803148,0.0894476478901676,0.090021704017767
1.0,0.7146860986547084,0.616596002422774,0.273,0.0,0.07691100000000001,0.07733100000000001,0.10785400000000002,0.077052,0.07922700000000002,0.07087399999999999,0.07373900000000001,0.075102,0.07092303811659194,0.07300241031390134,0.10236978699551572,0.071182567264574,0.07043643497757848,0.06060072869955158,0.063660033632287,0.06710857623318386,0.06424514435695536,0.06410165556228549,0.09239456894811222,0.06082935594589137,0.06114762770038358,0.05115271552594386,0.05396331516252776,0.057421502119927297,2026-06-23 11:09:47.316000+00:00,0.076645,0.12127399999999999,0.120146,0.09172900000000002,0.09164,0.09795499999999999,0.10429200000000001,0.104268,0.07143514573991032,0.11904344170403587,0.11705056053811659,0.08771575112107624,0.08579725336322871,0.09064871076233184,0.09676810538116594,0.09780386771300449,0.06565176660609731,0.11438174843529172,0.11123807793256611,0.0806649303452453,0.07966422370280635,0.0839084191399152,0.0894012719563901,0.09001411265899453
1.0,0.95347533632287,0.7195639006662627,0.23500000000000001,0.0,0.024403000000000005,0.035190000000000006,0.047316,0.02172,0.020145999999999997,0.009224000000000001,0.01136,0.012327000000000001,0.025633464125560543,0.0362987668161435,0.04781227578475336,0.02308985426008969,0.020560033632287,0.010919674887892378,0.012871860986547086,0.012799159192825111,0.028332505552190586,0.03911383000201897,0.05018905713708863,0.02612822531798909,0.023266141732283464,0.014042741772663033,0.01520145366444579,0.015568685645063597,2026-06-26 11:09:32.522000+00:00,0.029605000000000003,0.09641099999999998,0.083673,0.052007,0.04922,0.049043,0.051994000000000005,0.049114,0.030703082959641262,0.09699187219730945,0.08402713004484305,0.0529404147982063,0.04959517937219732,0.050324047085201794,0.05312752242152467,0.049447365470852024,0.03307377347062387,0.09855108015344237,0.08547767009892993,0.05511284070260447,0.05142753886533415,0.05258778518069856,0.05492463153644256,0.051714677972945676
1.0,0.7146860986547084,0.616596002422774,0.20800000000000002,0.0,0.024971,0.039907,0.050483999999999994,0.024837,0.023499000000000003,0.013874999999999998,0.01626,0.016795,0.026557230941704042,0.040937724215246635,0.05104949551569508,0.02616586322869955,0.024238060538116595,0.01574394618834081,0.017887107623318386,0.017318665919282508,0.02931633353523117,0.043643791641429425,0.05332937613567534,0.02910290732889158,0.0268859882899253,0.018823319200484554,0.02017653947102766,0.019975449222693318,2026-06-26 11:09:28.815000+00:00,0.029439,0.09641099999999998,0.083673,0.052007,0.049137,0.04886,0.05189400000000001,0.048948,0.030720123318385657,0.09697808295964128,0.0840405269058296,0.05295044843049328,0.049585650224215246,0.05020846412556054,0.05313794843049328,0.04942853139013455,0.033097557036139716,0.09854720371492026,0.0854828184938421,0.055118453462547956,0.051414455885322015,0.052506803957197645,0.054943690692509595,0.05168669493236422
1.0,0.95347533632287,0.7195639006662627,0.186,0.0,0.06156200000000001,0.067675,0.083718,0.062745,0.059781,0.04646600000000001,0.047815,0.048849000000000004,0.06134949551569509,0.06629069506726458,0.08332696188340809,0.06174192825112108,0.06010706278026906,0.04757460762331839,0.047928195067264576,0.04967533632286996,0.06178164748637189,0.06571162931556632,0.08320375529981827,0.06146676761558652,0.059810256410256384,0.048220109024833424,0.048025055521905904,0.05051754492226932,2026-07-01 11:09:32.778000+00:00,0.06141300000000001,0.11554500000000001,0.104307,0.07939600000000001,0.075598,0.072966,0.075215,0.074549,0.06129641255605382,0.1147163677130045,0.10409854260089686,0.07863503363228701,0.0757783071748879,0.07382186098654708,0.07530695067264576,0.07517012331838566,0.0616873006258833,0.11437322834645668,0.10401298203109224,0.07841625277609529,0.07555529981829195,0.07430321017565113,0.07539925297799313,0.07586904906117503
1.0,0.7146860986547084,0.616596002422774,0.159,0.0,0.06214700000000001,0.07059199999999999,0.085435,0.063945,0.061564,0.049183000000000004,0.05078100000000001,0.051366,0.062090975336322886,0.06929091928251122,0.08507656950672647,0.0629658071748879,0.06175297085201795,0.050360257847533625,0.05067802690582961,0.05218396860986548,0.06251875630930748,0.06875281647486371,0.08496341611144759,0.06269301433474661,0.061429194427619606,0.05094320613769432,0.050815081768625085,0.05310432061376942,2026-07-01 11:09:29.060000+00:00,0.061364,0.11554500000000001,0.104307,0.07939600000000001,0.075515,0.0729,0.075315,0.074349,0.061363116591928266,0.11471917040358748,0.10410134529147981,0.07863503363228701,0.07573665919282511,0.07381216367713006,0.07529893497757847,0.07505812780269057,0.06170325055521904,0.11437837674136885,0.10402230971128607,0.07841601049868767,0.07553482737734706,0.0742883504946497,0.0753961841308298,0.07581221481930144
1.0,0.95347533632287,0.7195639006662627,0.13703419282511214,0.0,0.028662,0.029649000000000002,0.047876,0.027297,0.027792,0.015744,0.018592,0.017247,0.030391031390134535,0.03201933856502243,0.05206502242152467,0.03075868834080718,0.029509360986547092,0.019667488789237672,0.021457286995515693,0.022397982062780274,0.0318892792247123,0.034013244498283864,0.054020088835049454,0.03194718352513628,0.03126323440339188,0.020942640823743183,0.02295513830002019,0.024516636381990708,2026-07-03 11:09:50.582000+00:00,0.030826,0.087854,0.077862,0.04917,0.048286,0.043002000000000005,0.045222,0.04036,0.03243918161434978,0.08935874439461884,0.08068004484304934,0.05187668161434978,0.04963688340807176,0.046150840807174895,0.04770874439461884,0.044904204035874445,0.03381813042600444,0.09062691298203109,0.0820181506157884,0.05280430042398546,0.05096252776095296,0.04720131233595801,0.04898055723803754,0.04679426610135272
1.0,0.8486547085201794,0.6680799515445184,0.14300000000000002,0.0,0.028379,0.031549,0.048841999999999997,0.027414000000000004,0.028175,0.015543999999999999,0.017494,0.016349,0.03018245515695068,0.03391597533632288,0.05297544843049328,0.03090392376681615,0.029868273542600896,0.019431446188340806,0.020824383408071752,0.021590358744394623,0.0318058550373511,0.03593462547950737,0.05492984050070663,0.03208152634766808,0.03169091459721381,0.020792186553603882,0.02237236018574601,0.02377320815667272,2026-07-03 11:09:46.871000+00:00,0.030725999999999996,0.087854,0.077862,0.04917,0.04818600000000001,0.043085000000000005,0.04503900000000001,0.040394,0.03236121076233183,0.08935874439461884,0.08069007847533635,0.05187668161434978,0.0495869394618834,0.046150000000000004,0.04770061659192825,0.04491519058295966,0.033787886129618416,0.09062691298203109,0.08202329901070057,0.052803028467595395,0.050937573187966885,0.04720224106602059,0.04898251564708258,0.04680165556228548
1.0,0.95347533632287,0.7740763173834039,0.1975184977578476,0.0,0.021396000000000002,0.035445000000000004,0.052083000000000004,0.023796,0.022944999999999997,0.010432,0.009016000000000001,0.009019000000000001,0.023154596412556055,0.03672135650224216,0.053074551569506745,0.02396412556053812,0.02263766816143498,0.011608520179372198,0.011731221973094173,0.010602522421524664,0.026115586513224306,0.03915053502927518,0.05533305067635776,0.026933252574197455,0.02570747022006864,0.0141961841308298,0.014563496870583484,0.013519341813042603,2026-07-06 11:09:32.577000+00:00,0.025996000000000002,0.093747,0.083983,0.05063,0.048796000000000006,0.045249,0.044129,0.040551000000000004,0.027506221973094172,0.09450863228699552,0.08459389013452917,0.050744786995515684,0.04857410313901346,0.046102186098654706,0.046353979820627805,0.041801177130044845,0.030102059357964877,0.09593680597617604,0.08603159701191194,0.05293656369876842,0.05083014334746618,0.04807884110640016,0.04861514233797699,0.04429860690490612
1.0,0.7146860986547084,0.6711084191399151,0.17,0.0,0.022247000000000003,0.039962,0.0551,0.026413,0.025862,0.014681000000000001,0.013233,0.013302,0.02402107623318386,0.04122141255605382,0.05604792600896861,0.02664960762331839,0.02559932735426009,0.015774775784753364,0.016017208520179373,0.014605717488789239,0.026969573995558247,0.04356139713305068,0.05819400363416112,0.029553361599030884,0.028678376741368864,0.01830490611750454,0.01868090046436503,0.017401675752069447,2026-07-06 11:09:28.870000+00:00,0.025864000000000005,0.093747,0.083983,0.050547,0.04863000000000001,0.045215,0.044246,0.040667999999999996,0.02748755605381166,0.09449523542600897,0.08459389013452917,0.05071670403587444,0.04847746636771302,0.04609562780269059,0.0464603139013453,0.041865022421524664,0.03011395114072279,0.09592949727437915,0.08601851403189983,0.05292182515647082,0.05078235412881081,0.048045689481122554,0.04866250757116898,0.04434665859075309
1.0,1.0,0.8744195437108822,0.218265134529148,0.0,0.019698,0.013704000000000001,0.040066000000000004,0.009786999999999999,0.008417000000000001,0.0010019999999999999,0.000996,0.00303,0.020177466367713007,0.015236883408071748,0.041644730941704046,0.011642713004484306,0.010300448430493275,0.001952858744394619,0.0024368834080717486,0.004016479820627803,0.023343145568342417,0.018681708055723802,0.04501405208964264,0.01550837876034726,0.014509691096305271,0.005798304058146578,0.0057513628104179275,0.007788188976377951,2026-07-11 11:09:34.944000+00:00,0.025132,0.086219,0.077283,0.041919,0.041317000000000006,0.040819,0.040094,0.037881,0.02556121076233184,0.08711278026905832,0.07830235426008969,0.043247085201793725,0.04264030269058296,0.04159271300448431,0.04126317264573991,0.03866451793721973,0.028406379971734296,0.08906186149808197,0.08039703210175651,0.04605818695739954,0.04570959014738541,0.04454641631334544,0.043952816474863717,0.041802665051483945
1.0,1.0,0.8744195437108822,0.24,0.0,0.018847,0.012221000000000001,0.038566,0.006986999999999999,0.005068,0.0,0.0,0.0,0.019179372197309422,0.013862275784753363,0.04017343049327354,0.00890969730941704,0.007077522421524664,1.008968609865471e-05,0.00032993273542600906,0.0005267376681614351,0.022390308903694728,0.017490329093478696,0.043669513426206334,0.012934706238643245,0.011425964062184534,0.003210963052695336,0.003198324247930547,0.0041607106803957196,2026-07-11 11:09:31.219000+00:00,0.025298,0.086219,0.077283,0.041919,0.0414,0.040736,0.040077,0.038081,0.02558279147982063,0.08711244394618836,0.07828363228699553,0.043246748878923776,0.04265891255605382,0.041595739910313914,0.04123693946188341,0.03872808295964126,0.02839660811629315,0.08905895416919038,0.08037696345649102,0.04605968100141328,0.04572079547748839,0.04455810619826366,0.04392261255804562,0.04186448616999798
1.0,0.95347533632287,0.7740763173834039,0.20800000000000002,0.0,0.025435000000000003,0.033846,0.059795,0.026527,0.029559000000000002,0.014527,0.014382,0.016357,0.028061547085201796,0.03511160313901346,0.06084557174887893,0.028721076233183863,0.031247701793721973,0.01686334080717489,0.016754932735426012,0.01779041479820628,0.03146862507571167,0.038990127195639004,0.06486715122148193,0.0328995356349687,0.034887421764587125,0.020404340803553397,0.02074155057540884,0.021113426206339592,2026-07-13 11:09:50.663000+00:00,0.030520000000000002,0.097471,0.091003,0.05493300000000001,0.056516,0.051916,0.052552,0.050161000000000004,0.03280896860986548,0.09814730941704036,0.09167029147982064,0.05652528026905831,0.05765711883408072,0.053690751121076234,0.05443060538116593,0.05140779147982063,0.035807874015748024,0.100412497476277,0.09419705229154048,0.05957355138300019,0.0601478901675752,0.05633169796083182,0.05761966484958609,0.0542359176256814
1.0,0.7146860986547084,0.6711084191399151,0.29388957399103144,0.0,0.021967,0.023259000000000005,0.051042000000000004,0.014808,0.019072000000000002,0.0,0.0,0.000664,0.02446608744394619,0.02469955156950673,0.05224192825112108,0.01728066143497758,0.020711491031390136,0.004795795964125561,0.0038706278026905835,0.004605493273542601,0.027918837068443357,0.02917341005451241,0.056758368665455285,0.021870623864324645,0.024634746618211183,0.009581041792852815,0.009064607308701796,0.00895687462144155,2026-07-13 11:09:46.949000+00:00,0.030603,0.097471,0.091003,0.05493300000000001,0.05659900000000001,0.051916,0.052652000000000004,0.050178,0.03284125560538116,0.09814265695067266,0.09167029147982064,0.056525616591928264,0.05768251121076234,0.053706838565022424,0.054490302690582956,0.051395571748878925,0.035826569755703606,0.10040292751867552,0.0941972339995962,0.05957839693115282,0.0601810417928528,0.05632505552190591,0.05765368463557439,0.05422123965273572
1.0,1.0,0.9061175045427013,0.219,0.0,0.015585999999999997,0.027014000000000003,0.049436999999999995,0.016452,0.017003,0.0,0.0029050000000000005,0.000249,0.016035033632286998,0.02596345291479821,0.048520011210762326,0.015588284753363232,0.016559585201793726,0.0017996076233183856,0.0025401345291479823,0.0019448991031390135,0.017629961639410455,0.027263153644256008,0.049921623258631115,0.017094326670704627,0.017332687260246317,0.004534080355340198,0.004925519886937209,0.004538481728245508,2026-07-16 11:09:34.453000+00:00,0.021254,0.09012200000000001,0.08339200000000001,0.046855999999999995,0.04599,0.038440999999999996,0.041554,0.034769,0.021659473094170406,0.08954955156950674,0.08286709641255606,0.04625297085201795,0.04573508968609865,0.03922550448430494,0.040892320627802695,0.03517757847533632,0.023069614375126186,0.09030615788411064,0.0837438724005653,0.047344074298405,0.04630397738744194,0.04083268726024632,0.04205108015344236,0.03707300625883302
1.0,0.8951793721973094,0.854633555420957,0.278,0.0,0.012969000000000001,0.020978,0.044269,0.009284,0.009501,0.0,0.0,0.0,0.013415526905829598,0.01977449551569507,0.04330100896860987,0.008303699551569508,0.00901547085201794,0.00012331838565022424,0.0,3.946188340807176e-05,0.014995780335150416,0.02125210983242479,0.044874560872198654,0.010053067047075604,0.010047405612759942,0.0017380981223500905,0.0016555622854835448,0.001660024227740763,2026-07-16 11:09:30.744000+00:00,0.021254,0.09012200000000001,0.08339200000000001,0.046855999999999995,0.04597300000000001,0.038475,0.041454000000000005,0.03493500000000001,0.021621412556053814,0.08954955156950674,0.08286709641255606,0.04625297085201795,0.04568985426008969,0.039312443946188345,0.04090566143497758,0.0352822869955157,0.023035614778921867,0.09030615788411064,0.08374659802140116,0.04734142943670502,0.046281485968100125,0.04085980214011709,0.04206062992125984,0.03711748435291742
1.0,0.95347533632287,0.7195639006662627,0.338,0.0,0.034579,0.021081000000000003,0.04560700000000001,0.019564,0.016066,0.008461999999999999,0.010624,0.01686,0.0347390134529148,0.021095627802690586,0.04503671524663678,0.019546356502242155,0.01672993273542601,0.009040022421524664,0.010012331838565022,0.016089461883408072,0.03794415505754088,0.024240783363618002,0.0487816474863719,0.022763113264688068,0.01959658792650919,0.011911911972541891,0.013295154451847365,0.018609327680193827,2026-07-21 11:09:37.956000+00:00,0.042496,0.101132,0.08952800000000001,0.060015,0.059866,0.06383,0.06606000000000001,0.06702799999999999,0.04262315022421524,0.10111709641255608,0.08924052690582962,0.060036434977578476,0.06026984304932736,0.06421984304932736,0.06563576233183857,0.06642135650224217,0.045326690894407426,0.10259852614577022,0.09122592368261657,0.06208988491823138,0.06207845750050476,0.06614106602059357,0.0679706440541086,0.06833529174237835
1.0,0.7146860986547084,0.616596002422774,0.18728531390134529,0.0,0.039662,0.038715,0.058375,0.03288100000000001,0.034748999999999995,0.031579,0.033275000000000006,0.036994,0.039786883408071745,0.03874349775784753,0.05789209641255606,0.03289338565022422,0.03529674887892377,0.032122757847533635,0.032742488789237675,0.03629517937219732,0.04289164142943669,0.041288512012921455,0.06104371088229353,0.035702644861699974,0.037875772259236815,0.03469008681607107,0.03568211185140319,0.038578901675752064,2026-07-21 11:09:36.114000+00:00,0.042496,0.101132,0.08952800000000001,0.060015,0.059866,0.06383,0.06606000000000001,0.06702799999999999,0.04262315022421524,0.10111709641255608,0.08924052690582962,0.060036434977578476,0.06026984304932736,0.06421984304932736,0.06563576233183857,0.06642135650224217,0.045326690894407426,0.10259852614577022,0.09122592368261657,0.06208988491823138,0.06207845750050476,0.06614106602059357,0.0679706440541086,0.06833529174237835
1.0,1.0,1.0,0.192,0.0,0.008185,0.014864,0.037687,0.0066170000000000005,0.004634,0.0,0.0,0.0,0.00839938340807175,0.014935482062780272,0.037864237668161445,0.0068146300448430515,0.004428923766816144,0.0,0.0,0.0,0.008848495861094282,0.01523779527559055,0.03761292146174036,0.007216414294367048,0.0041738138501918026,1.8372703412073489e-06,1.9261053906723195e-05,8.136482939632546e-06,2026-07-23 11:09:52.177000+00:00,0.013985,0.083315,0.075102,0.0378,0.0354,0.0308,0.031747,0.025017000000000005,0.014196300448430494,0.08333503363228702,0.07518710762331839,0.03797359865470852,0.035261434977578485,0.03089910313901345,0.031353195067264576,0.025901961883408077,0.014564163133454473,0.0835103169796083,0.07502927518675549,0.038275913587724614,0.035096163941045824,0.031093640218049664,0.031260973147587315,0.02682610539067232
1.0,1.0,1.0,0.219,0.0,0.006736000000000001,0.012881,0.035487,0.003117,3.4e-05,0.0,0.0,0.0,0.007080885650224216,0.012977073991031391,0.03567808295964126,0.003343834080717489,0.0001668161434977579,0.0,0.0,0.0,0.0074790631940238215,0.013288774480113064,0.035446719160104986,0.003759257015949928,0.00015527962850797494,0.0,3.6745406824146977e-06,0.0,2026-07-23 11:09:48.459000+00:00,0.013985,0.083315,0.075102,0.0378,0.0353,0.031,0.031864,0.025068000000000003,0.014207903587443949,0.08333503363228702,0.07518710762331839,0.03797359865470852,0.03525510089686099,0.031007511210762336,0.031423486547085204,0.025954260089686102,0.01456448616999798,0.0835100545124167,0.07502927518675549,0.038275913587724614,0.03510308903694731,0.031149162123965273,0.03130262467191602,0.0268686856450636
0.0,0.0,0.0,0.251,0.7828021296769019,0.22507900000000003,0.224229,0.218806,0.20309300000000002,0.227144,0.240398,0.25123,0.26249,0.22507197309417046,0.22668217488789238,0.22028211883408072,0.20673211883408074,0.22919366591928253,0.24379669282511213,0.25565050448430493,0.26512600896860994,0.2228103169796083,0.23382897233999597,0.22419858671512216,0.20891994750656173,0.22976434484151018,0.24326242681203308,0.2544381990712699,0.2620321623258632,2026-07-26 11:09:35.136000+00:00,0.20915000000000003,0.206876,0.19261300000000003,0.18868300000000002,0.20191499999999998,0.229937,0.249309,0.267068,0.2091723654708521,0.20821535874439467,0.1934971412556054,0.19122359865470856,0.203402802690583,0.23244176008968614,0.2526427130044844,0.2692699551569507,0.20717288512012919,0.21205953967292546,0.19581374924288308,0.1927406218453462,0.20381851403189985,0.2320448415101958,0.2517005249343832,0.2666886129618412
0.0,0.0,0.0,0.424,0.8848426025145447,0.225219,0.229653,0.21773199999999998,0.19333999999999998,0.225774,0.23976200000000003,0.24835599999999997,0.25774400000000003,0.22536810538116595,0.232805437219731,0.2195395179372198,0.1979506726457399,0.2286680493273543,0.24406003363228704,0.2532972533632287,0.26116367713004485,0.22290868160710686,0.24204928326266903,0.22443862305673326,0.2006121542499495,0.22953299010700576,0.243484171209368,0.25179473046638406,0.25766828184938423,2026-07-26 11:09:31.424000+00:00,0.20916700000000002,0.206976,0.19257900000000003,0.18860000000000002,0.201615,0.229737,0.24949200000000002,0.266636,0.2092485426008969,0.20824910313901351,0.19345767937219735,0.1912196748878924,0.20325594170403588,0.2323335201793722,0.2528194506726458,0.269042937219731,0.20721843327276396,0.2120743791641429,0.195776963456491,0.1927610337169392,0.20372356147789217,0.2319488794669897,0.25183896628306074,0.2665075509792046
1.0,0.95347533632287,0.7195639006662627,0.23500000000000001,0.0,0.016868,0.021564,0.049815,0.014216999999999999,0.011255,0.0009130000000000001,0.0007469999999999999,0.0014680000000000001,0.018222533632287,0.02119321748878924,0.049802858744394635,0.014763901345291484,0.013062948430493276,0.0008875560538116592,0.001962163677130045,0.003006221973094171,0.021091903896628305,0.023486109428629113,0.052689622451039766,0.017921138703815863,0.015692650918635167,0.004020088835049464,0.004532969917221886,0.0061716131637391475,2026-07-31 11:09:35.820000+00:00,0.023317,0.093415,0.085832,0.0478,0.04577,0.043545,0.042911000000000005,0.039717,0.024497533632287,0.0932207399103139,0.08580375560538119,0.048226849775784765,0.04705683856502243,0.04351704035874441,0.04377331838565023,0.04090846412556055,0.026994972743791635,0.09448231374924286,0.08756777710478497,0.05048586715122147,0.048856854431657555,0.04582980012113869,0.04581572784171209,0.04350054512416716
1.0,0.8195067264573992,0.6680799515445184,0.20800000000000002,0.0,0.017568000000000004,0.026181000000000003,0.052515000000000006,0.0163,0.015338000000000003,0.004594,0.00406,0.004234,0.019015078475336324,0.025873206278026906,0.052513060538116614,0.016822645739910314,0.017236827354260097,0.004795403587443947,0.005359865470852018,0.005677242152466368,0.02191982636785786,0.02811530385624873,0.05535110034322634,0.019934544720371487,0.019872905309913178,0.00801643448415102,0.007916495053502927,0.0087575005047446,2026-07-31 11:09:32.093000+00:00,0.023317,0.093415,0.085832,0.0478,0.04578700000000001,0.043445000000000004,0.042828,0.039734,0.024471020179372197,0.0932207399103139,0.08580375560538119,0.048226849775784765,0.047119843049327356,0.04352029147982064,0.043803139013452924,0.04094103139013453,0.0269758530183727,0.09448231374924286,0.08756777710478497,0.05048586715122147,0.048899777912376326,0.04587754896022611,0.04582077528770441,0.043514879870785374
1.0,0.95347533632287,0.8229355945891378,0.2441345291479821,0.0,0.028741000000000003,0.035807,0.06972400000000001,0.031883999999999996,0.032391,0.016351,0.015562999999999999,0.018338,0.026625672645739912,0.03637488789237669,0.07042864349775785,0.03109114349775785,0.030305381165919288,0.014352410313901349,0.0145167600896861,0.016086659192825113,0.02487294568948112,0.03383870381586917,0.06824869775893397,0.02823145568342418,0.028270139309509383,0.012072562083585703,0.013284635574399349,0.013729436705027253,2026-08-02 11:09:52.180000+00:00,0.03363,0.099293,0.098091,0.060215000000000005,0.059660000000000005,0.054432999999999995,0.054858000000000004,0.05318200000000001,0.031786939461883414,0.09961945067264576,0.09854534753363228,0.05968413677130046,0.05829086322869956,0.05273357623318386,0.05381418161434978,0.05121642376681615,0.030288976377952755,0.09823555420956995,0.0972168382798304,0.05767169392287502,0.05691068039571978,0.05088796688875428,0.05278382798304058,0.049168544316575816
1.0,0.7146860986547084,0.719967696345649,0.27728082959641265,0.0,0.027424,0.034337000000000006,0.069288,0.028548,0.030236000000000002,0.011951999999999999,0.010043,0.012533,0.025259136771300456,0.03492354260089686,0.07002331838565022,0.027718834080717486,0.027836659192825113,0.010715807174887893,0.009595011210762333,0.011026849775784754,0.023495760145366446,0.032190773268726026,0.0676738138501918,0.024676882697355136,0.025328810821724203,0.00876507167373309,0.008945346254795074,0.009291843327276398,2026-08-02 11:09:48.460000+00:00,0.033646999999999996,0.099293,0.098091,0.060215000000000005,0.05990900000000001,0.054515999999999995,0.054975,0.05318200000000001,0.03180857623318386,0.09963284753363229,0.09854534753363228,0.05968413677130046,0.05838038116591929,0.05278380044843051,0.05386552690582961,0.051272533632287,0.030302180496668683,0.09823123359580052,0.09720591560670298,0.05767169392287502,0.05691496062992126,0.050912457096709066,0.05282766000403795,0.04918940036341611
1.0,1.0,1.0,0.219,0.0,0.008404000000000002,0.018908,0.046725,0.007161,0.005666,0.0,0.0,0.0,0.010609529147982065,0.02290207399103139,0.05059383408071749,0.011179764573991035,0.010302298206278026,8.385650224215248e-05,0.00022780269058295967,0.0,0.010874056127599433,0.02249139915202907,0.0502100545124167,0.0108366444579043,0.010443791641429436,0.00016828184938421156,0.0004422168382798303,2.140117100747022e-06,2026-08-05 11:09:34.222000+00:00,0.015136,0.086538,0.08297199999999999,0.041191000000000005,0.038566,0.034527999999999996,0.032814,0.029853,0.01701956278026906,0.08884075112107626,0.0854438340807175,0.04411334080717489,0.041757679372197314,0.03552500000000001,0.03635246636771301,0.031139910313901346,0.01724467999192408,0.08860173632142136,0.08520409852614574,0.04386377952755905,0.04183208156672723,0.03525649101554612,0.03638623056733293,0.03092352109832425
1.0,1.0,1.0,0.23500000000000001,0.0,0.0076040000000000005,0.018608,0.046059,0.005178,0.004117,0.0,0.0,0.0,0.009851121076233186,0.022745179372197312,0.05008408071748881,0.00928895739910314,0.009215695067264575,0.0,3.452914798206278e-05,0.0,0.010096325459317584,0.022304805168584692,0.04967129012719564,0.008907712497476275,0.009193175853018373,0.0,3.603876438522108e-05,0.0,2026-08-05 11:09:30.508000+00:00,0.015253000000000003,0.086538,0.08297199999999999,0.041191000000000005,0.038583000000000006,0.034728,0.032914,0.029919,0.017158408071748878,0.08883469730941704,0.0854438340807175,0.044105773542600896,0.041876793721973095,0.03560033632286996,0.03637163677130046,0.03123480941704036,0.017341207349081362,0.0885979002624672,0.08519606299212595,0.04385863113264687,0.04189745608721986,0.0353035534019786,0.03637338986472844,0.030997355138300015
1.0,0.95347533632287,0.7195639006662627,0.37561547085201796,0.0,0.020364000000000004,0.005712999999999999,0.038385,0.0033829999999999997,8.3e-05,0.0,0.0,0.0,0.020631390134529148,0.004926177130044844,0.038328867713004484,0.003538733183856502,0.0002051569506726458,0.0,0.0,0.0,0.021021300222087622,0.004849303452453059,0.038305875227135064,0.0037707046234605273,0.00024258025439127798,0.0,0.0,0.0,2026-08-10 11:09:34.065000+00:00,0.031347,0.09669799999999999,0.087517,0.05276599999999999,0.052998,0.052181,0.053332000000000004,0.052598000000000006,0.03150039237668162,0.09632404708520179,0.08746849775784753,0.052840919282511216,0.05263822869955158,0.05218604260089687,0.05341933856502243,0.052623766816143495,0.03178738138501917,0.09629987886129618,0.08746137694326668,0.05298388855239248,0.05251239652735716,0.052624470018170805,0.053468907732687254,0.05259277205733899
1.0,0.7146860986547084,0.616596002422774,0.273,0.0,0.024798,0.023513,0.050367999999999996,0.016566,0.017847,0.006566,0.007583,0.010830000000000001,0.025159136771300453,0.022776793721973092,0.050329540358744394,0.016660930493273548,0.017201457399103143,0.006761939461883409,0.0076531390134529165,0.010705213004484303,0.025498465576418328,0.022718857258227334,0.05032545931758531,0.016878518069856654,0.016850979204522516,0.007389460932768019,0.007799273167777104,0.010661013527155259,2026-08-10 11:09:30.342000+00:00,0.031198000000000004,0.09669799999999999,0.087517,0.05276599999999999,0.05309799999999999,0.05214900000000001,0.05326600000000001,0.052581,0.03149831838565023,0.09632404708520179,0.08746849775784753,0.052840919282511216,0.05271687219730942,0.052277017937219734,0.0533615470852018,0.05259826233183857,0.03177577225923682,0.09629965677367251,0.08746032707450027,0.05298356551584898,0.05254056127599433,0.05271443569553804,0.053459135877246114,0.05258086008479709
1.0,1.0,0.9061175045427013,0.295,0.0,0.014526,0.031781,0.075549,0.017802000000000002,0.013619000000000001,0.0,0.0,0.0,0.01412382286995516,0.03150980941704036,0.07524069506726458,0.018598206278026906,0.013743721973094172,0.0,0.0,0.0,0.014259055118110233,0.03162614577024025,0.0750803351504139,0.01871257823541288,0.013526488996567738,8.176862507571168e-05,0.00010111043811831212,6.174035937815464e-05,2026-08-12 11:09:50.742000+00:00,0.023077,0.102232,0.10416600000000001,0.05525100000000001,0.05190200000000001,0.0463,0.048034,0.043129999999999995,0.022713508968609866,0.10208251121076234,0.10397864349775786,0.05573167040358744,0.052014573991031404,0.046694170403587455,0.04806524663677131,0.04338906950672646,0.022826408237431855,0.10212582273369673,0.10387278417120938,0.055797678174843525,0.051851201292146175,0.04682382394508379,0.04829452856854432,0.043609751665657184
1.0,1.0,0.9444780940843933,0.311,0.0,0.013675000000000001,0.031747,0.07524900000000001,0.015685,0.011621,0.0,0.0,0.0,0.013248766816143499,0.031398430493273545,0.07487079596412557,0.016397029147982065,0.011893609865470854,0.0,0.0,0.0,0.013358005249343831,0.0315196042802342,0.07468713910761152,0.016507450030284674,0.011667211790833836,0.0,0.0,0.0,2026-08-12 11:09:47.027000+00:00,0.022977000000000004,0.102232,0.10416600000000001,0.05525100000000001,0.05181900000000001,0.046317000000000004,0.047968000000000004,0.04323,0.0227,0.1020641816143498,0.10397864349775786,0.05573167040358744,0.05195891255605381,0.046728979820627806,0.048059473094170406,0.04341171524663678,0.022808701796890776,0.10211936200282655,0.10387278417120938,0.055797678174843525,0.05180773268726025,0.046841893801736326,0.04825198869372097,0.04362386432465173
1.0,0.95347533632287,0.854633555420957,0.392,0.0,0.014607000000000002,0.032475,0.076002,0.009701999999999999,0.0,0.0,0.0,0.0,0.01463553811659193,0.03220392376681615,0.07831328475336324,0.010878082959641256,0.001025,0.0,0.0,0.0,0.014395033313143546,0.03183916818090047,0.07853751261861495,0.010904562891177064,0.0011576014536644457,0.0,0.0,0.0,2026-08-20 11:09:31.323000+00:00,0.027592000000000005,0.112913,0.108634,0.059733999999999995,0.05413,0.051832,0.05171100000000001,0.049292,0.027664910313901354,0.1127779147982063,0.10970207399103139,0.060398710762331845,0.054871076233183866,0.05249775784753363,0.05225465246636772,0.049413396860986544,0.027435291742378354,0.11263238441348676,0.1097951948314153,0.06040530991318393,0.05518516050878255,0.05257258227336967,0.05231514233797698,0.04954155057540884
1.0,0.8951793721973094,0.854633555420957,0.30628363228699557,0.0,0.018524000000000002,0.045209000000000006,0.082085,0.020385,0.01203,0.0,0.0,0.0,0.018737500000000004,0.04496855381165919,0.08419136771300449,0.02145902466367713,0.01353721973094171,0.0008583520179372199,0.0007477578475336323,0.0009035313901345291,0.018496527357157275,0.044685685443165764,0.08441968503937008,0.021503270745003033,0.014021441550575407,0.001066505148394912,0.000940258429234807,0.0012299616394104579,2026-08-20 11:09:27.607000+00:00,0.027409,0.112913,0.108634,0.059733999999999995,0.053964,0.051881000000000004,0.05172800000000001,0.049325999999999995,0.027566087443946195,0.1127779147982063,0.10970207399103139,0.060398710762331845,0.05480392376681614,0.052469562780269055,0.05225784753363229,0.04940476457399104,0.02739602261255804,0.11263238441348676,0.1097951948314153,0.06040530991318393,0.055159277205733895,0.052546274984857665,0.05229030890369473,0.04956482939632545
1.0,1.0,0.9981829194427619,0.246,0.0,0.013428,0.020267999999999998,0.051932,0.012562,0.009919,0.0,0.0,0.0,0.013619394618834085,0.02131210762331839,0.05258396860986548,0.012824495515695068,0.011203363228699553,0.0,0.0,4.652466367713005e-06,0.013754754694124769,0.021693963254593173,0.05285673329295376,0.013073087017968908,0.011511407227942663,5.28972339995962e-06,4.9485160508782546e-05,0.0002815869170199879,2026-08-22 11:09:49.138000+00:00,0.020396,0.092834,0.088249,0.04783,0.04478499999999999,0.039253,0.039679000000000006,0.035998,0.020622365470852017,0.09338828475336325,0.08857679372197311,0.047984977578475335,0.045614013452914805,0.04002914798206278,0.0407207399103139,0.036529540358744395,0.020707914395315972,0.09358045628911771,0.08872099737532804,0.0481364425600646,0.04581051887744801,0.04018279830405814,0.04104815263476681,0.03723937007874015
1.0,1.0,0.9981829194427619,0.132,0.0,0.017011,0.034751000000000004,0.06173200000000001,0.023679000000000002,0.022885,0.01097,0.011528,0.011230000000000002,0.017176513452914804,0.035668329596412564,0.06231900224215247,0.02387892376681614,0.024160426008968613,0.011818553811659194,0.012572982062780274,0.01157219730941704,0.017363900666262866,0.03600825762164344,0.06257116898849181,0.024088633151625273,0.02451871592973955,0.012076418332323842,0.012922915404805165,0.012345709670906521,2026-08-22 11:09:45.426000+00:00,0.020379,0.092834,0.088249,0.04783,0.044767999999999995,0.039353,0.039713,0.036098000000000005,0.020604764573991036,0.09338828475336325,0.08857679372197311,0.047984977578475335,0.04557219730941704,0.04001446188340807,0.04074865470852018,0.036570067264574,0.020735675348273773,0.09358045628911771,0.08871972541893798,0.0481364425600646,0.04576206339592166,0.04018673531193216,0.041080940843932975,0.037232828588734106
0.0,0.0,0.0,0.126,1.0,0.14243,0.20174000000000003,0.195828,0.176119,0.189651,0.18094700000000002,0.17756600000000003,0.170027,0.1424533632286996,0.20463845291479826,0.1974839125560538,0.1775576793721973,0.19092937219730943,0.18134702914798206,0.1784780829596413,0.17117550448430494,0.1426869170199879,0.2069374318594791,0.19856491015546132,0.17814889965677363,0.19169866747425798,0.18126549565919647,0.17852386432465173,0.17256135675348275,2026-08-25 11:09:31.268000+00:00,0.133447,0.206521,0.18781300000000004,0.17350200000000002,0.17263400000000004,0.179581,0.185883,0.18375899999999998,0.13350369955156952,0.2083789237668162,0.1889731502242153,0.17461519058295963,0.17350582959641253,0.1799056614349776,0.1866671524663677,0.18472987668161434,0.13370950938824952,0.2098687058348476,0.1897293963254593,0.17505586513224305,0.17405394710276598,0.17985546133656366,0.1867020795477489,0.18595891378962243
0.0,0.0,0.0,0.126,1.0,0.14224699999999998,0.201257,0.193228,0.172036,0.186719,0.18206400000000003,0.17915100000000003,0.17164400000000002,0.1422871076233184,0.2041295964125561,0.19488290358744395,0.1734877802690583,0.18820341928251122,0.1824576793721973,0.18034977578475336,0.1727843609865471,0.14252388451443565,0.2063811831213406,0.1959176660609731,0.17404998990510795,0.18907028063799716,0.18241027660004036,0.1804008479709266,0.1741418938017363,2026-08-25 11:09:27.563000+00:00,0.133364,0.206521,0.18781300000000004,0.173485,0.172368,0.179598,0.185783,0.18375899999999998,0.1334522421524664,0.208365134529148,0.1889731502242153,0.17459019058295966,0.1734204596412556,0.17992606502242153,0.18663968609865472,0.18471945067264578,0.1336551584898042,0.20986216434484153,0.1897234807187563,0.17505061578841102,0.17401564708257622,0.1798584090450232,0.18665919644659798,0.18594992933575613
1.0,1.0,1.0,0.17500000000000002,0.0,0.018893999999999998,0.008314,0.019573,0.006260000000000001,0.0067350000000000005,0.0,0.0,0.0009130000000000001,0.018132343049327353,0.007182679372197311,0.019165134529147986,0.00660493273542601,0.0047903587443946195,0.00022163677130044847,0.00019501121076233186,0.0009442264573991035,0.01698110236220472,0.005825378558449425,0.01774641631334544,0.005350393700787401,0.00328384817282455,0.0002936604078336361,0.00021195235210983243,0.0008226327478295982,2026-08-30 11:09:32.294000+00:00,0.022910999999999997,0.081722,0.062459999999999995,0.037145000000000004,0.036256000000000004,0.033539,0.032458,0.030077000000000003,0.02217522421524664,0.08105672645739911,0.06223380044843049,0.03740627802690583,0.03488637892376682,0.03275246636771301,0.03124966367713005,0.02983441704035875,0.021163315162527757,0.0802467595396729,0.06132093680597617,0.036453220270543096,0.033596688875429034,0.03164615384615385,0.03046301231576821,0.028754976781748435
1.0,1.0,1.0,0.16404652466367717,0.0,0.019226,0.012931,0.02239,0.007960000000000002,0.008401,0.0014939999999999999,0.001245,0.002275,0.018426008968609867,0.011837724215246639,0.022054764573991036,0.008276401345291482,0.00643895739910314,0.0008591367713004485,0.0007203475336322871,0.0020797085201793722,0.017385463355542096,0.010490369473046638,0.02065836866545527,0.007029194427619624,0.004727135069654754,0.0006815667272360185,0.000627155259438724,0.0016882697355138296,2026-08-30 11:09:28.570000+00:00,0.022794000000000002,0.081722,0.062459999999999995,0.03712800000000001,0.03623900000000001,0.033739,0.03254100000000001,0.030160000000000003,0.022111378923766817,0.08105672645739911,0.06223380044843049,0.037391984304932735,0.03484893497757848,0.032786939461883415,0.03126866591928251,0.02989708520179372,0.021140662224914196,0.0802467595396729,0.06132093680597617,0.03644807187563092,0.033547284474056124,0.031656915001009485,0.030467413688673523,0.02879505350292752
1.0,1.0,1.0,0.213,0.0,0.0077,0.007081,0.021949,0.0032,0.000166,0.0,0.0,0.0,0.007494058295964125,0.006981614349775786,0.021129876681614354,0.0029849775784753364,7.881165919282512e-05,0.0,0.0,0.0,0.007389723399959618,0.007001494044013727,0.020903613971330504,0.0031226327478295983,0.00017476277003836057,0.0,0.0,0.0,2026-09-01 11:09:49.476000+00:00,0.0141,0.08353200000000001,0.067566,0.038783000000000005,0.03578100000000001,0.032734,0.03274900000000001,0.028094,0.014041255605381164,0.08347914798206278,0.06709428251121077,0.038609865470852024,0.03546008968609866,0.03242017937219732,0.032146076233183864,0.028145291479820637,0.01401617201695942,0.08349339794064202,0.0669591358772461,0.038705047445992326,0.03548328285887342,0.03240615788411064,0.032068402988088024,0.028202342014940436
1.0,1.0,1.0,0.23500000000000001,0.0,0.0065,0.006481,0.020366000000000002,0.0008,0.0,0.0,0.0,0.0,0.006352410313901346,0.006427186098654708,0.019600280269058294,0.00067292600896861,0.0,0.0,0.0,0.0,0.006322733696749444,0.006460549162123963,0.019363294972743795,0.0007913183928931961,0.0,0.0,0.0,0.0,2026-09-01 11:09:45.758000+00:00,0.014166000000000002,0.08353200000000001,0.067566,0.038783000000000005,0.035864,0.032751,0.032766,0.02826,0.013988396860986548,0.08346866591928251,0.06709400224215248,0.03861266816143498,0.035495683856502244,0.03245554932735426,0.03217640134529149,0.028143553811659196,0.013953179890975166,0.08348552392489399,0.0669591358772461,0.0387101958409045,0.035501049868766406,0.032433555420956994,0.03209458913789623,0.028159438724005652
1.0,0.95347533632287,0.7195639006662627,0.327,0.0,0.022948999999999997,0.002087,0.021055,0.0016489999999999999,0.0,0.0,0.0,0.0,0.023126289237668168,0.0029965246636771297,0.02134910313901345,0.0016948430493273544,0.00021328475336322873,0.0,0.0,6.659192825112108e-05,0.02347726630325055,0.0034906319402382385,0.021415041389057133,0.0019032505552190589,0.0004938017363214214,0.0,0.0,0.0002772663032505552,2026-09-04 11:09:31.733000+00:00,0.031249,0.089585,0.077019,0.048849000000000004,0.0469,0.047949,0.052047,0.04903,0.031395459641255605,0.08998912556053815,0.07718733183856502,0.04881821748878925,0.0471679932735426,0.04788251121076235,0.05164915919282512,0.04908974215246638,0.031669735513830004,0.09020575408843125,0.07722245103977388,0.04893585705632948,0.04732923480718755,0.0481657177468201,0.051457863920856044,0.04940430042398546
1.0,0.7146860986547084,0.616596002422774,0.192,0.0,0.027766,0.025736,0.039504000000000004,0.019366,0.019917,0.015932,0.020779,0.020681,0.028066535874439465,0.026427017937219736,0.039734304932735436,0.01939854260089686,0.02035050448430493,0.01586412556053812,0.020366143497757852,0.02073010089686099,0.02845974157076519,0.026838300020189786,0.03979071269937411,0.019573773470623865,0.020606036745406828,0.01625947910357359,0.020138077932566115,0.021038158691702,2026-09-04 11:09:28.019000+00:00,0.031232000000000003,0.089585,0.077019,0.048849000000000004,0.046983,0.048032,0.05211300000000001,0.04908100000000001,0.03135868834080718,0.08998912556053815,0.07718733183856502,0.04881821748878925,0.04719495515695067,0.047893161434977585,0.05167315022421525,0.049157062780269066,0.03166860488592771,0.09020575408843125,0.07722245103977388,0.04893585705632948,0.04735126186149807,0.04816755501716131,0.051469614375126184,0.04942198667474257
0.0,0.0,0.0,0.181,1.0,0.544866,0.59956,0.576012,0.566675,0.605633,0.609799,0.607469,0.609437,0.5472519618834081,0.6048187780269059,0.5797969170403589,0.5696729260089687,0.6087550448430494,0.6131849215246636,0.610565639013453,0.6145345852017937,0.5507421360791439,0.614465213002221,0.5866063597819502,0.5748837674136886,0.61314593175853,0.6170969109630525,0.6133216434484151,0.6180458106198262,2026-09-09 11:09:32.080000+00:00,0.49335300000000004,0.43352099999999993,0.42054400000000003,0.45912899999999995,0.48487900000000006,0.516877,0.536511,0.558777,0.4954788116591929,0.4365355941704036,0.4229318385650225,0.4615203475336323,0.4870794843049328,0.5195045964125561,0.5390716928251121,0.563018105381166,0.4985489804159096,0.44210329093478695,0.4272672117908339,0.46535182717544915,0.4903162931556632,0.5225502523722997,0.5413741368867352,0.5659891177064403
0.0,0.0,0.0,0.148,1.0,0.548366,0.581964,0.559565,0.5537280000000001,0.600518,0.606001,0.603603,0.604422,0.5507023542600897,0.5869372757847535,0.5632297645739911,0.5570812780269059,0.603736210762332,0.6095253923766817,0.6066335762331839,0.6094560538116592,0.5541662830607713,0.5961092671108419,0.5698675348273774,0.5621453462547952,0.6081288915808601,0.6134453664445789,0.6093905108015345,0.6128801938219262,2026-09-09 11:09:28.351000+00:00,0.49343600000000004,0.433604,0.42054400000000003,0.45912899999999995,0.48463,0.5168600000000001,0.536628,0.5586110000000001,0.4954524663677131,0.43656362107623325,0.4229315022421526,0.4615186659192826,0.4869624439461884,0.5194876681614351,0.5391303811659193,0.5629617152466369,0.4985162325863113,0.44211889763779516,0.42726174035937814,0.46535289723399953,0.49023418130426005,0.5225540682414698,0.5413990712699374,0.5659819705229153
1.0,1.0,1.0,0.15396860986547087,0.0,0.0035380000000000003,0.005599,0.019904,0.000887,0.0,0.0,0.0,0.0,0.004416591928251122,0.006037612107623318,0.01887438340807175,0.0007868273542600897,0.0,0.0,0.0,0.0,0.004830345245305874,0.005786533414092469,0.01859513426206339,0.0006596608116293155,0.0,0.0,0.0,0.0,2026-09-11 11:09:48.550000+00:00,0.008504000000000001,0.077876,0.06223600000000001,0.031919,0.027023000000000002,0.021061,0.021001999999999996,0.018515,0.009275560538116593,0.07809742152466369,0.061502746636771306,0.03172578475336323,0.02709114349775785,0.02208217488789238,0.021263901345291478,0.018244338565022427,0.009664223702806379,0.0779328285887341,0.06131784776902888,0.03160924692105793,0.026996749444780938,0.02238463557439935,0.021581243690692503,0.018325822733696758
1.0,1.0,1.0,0.15396860986547087,0.0,0.0038039999999999997,0.009498999999999999,0.022203999999999998,0.002153,0.0,0.0,0.0,0.0,0.00448890134529148,0.009992544843049329,0.021166367713004487,0.0019179932735426011,0.0,0.0,0.0,0.0,0.0048748637189582065,0.00974425600646073,0.020894044013729053,0.0017716737330910556,0.0,0.0,0.0,0.0,2026-09-11 11:09:44.828000+00:00,0.008687,0.077793,0.06223600000000001,0.031919,0.027057,0.020978,0.021070000000000002,0.018449,0.009297365470852019,0.0780831278026906,0.061502746636771306,0.03172298206278027,0.027132399103139013,0.022064293721973098,0.021350616591928252,0.01823122197309417,0.009673773470623865,0.07792768019382193,0.06131784776902888,0.03160409852614576,0.027029053099131842,0.02238407026044821,0.021626105390672317,0.018345043408035534
1.0,1.0,1.0,0.159,0.0,0.0072169999999999995,0.013012999999999999,0.018015000000000003,0.0024660000000000003,0.0,0.0,0.0,0.0,0.007438508968609867,0.012139349775784755,0.017948822869955156,0.0025170403587443948,0.0,0.0,0.0,0.0,0.007753462547950736,0.01212864930345245,0.017928366646476884,0.0026208358570563284,5.911568746214416e-05,0.0,0.0,0.0,2026-09-14 11:09:32.348000+00:00,0.0121,0.081581,0.061932,0.034149,0.029851000000000003,0.025553000000000003,0.0261,0.021749,0.012274887892376683,0.08107135650224218,0.06186625560538118,0.03416025784753363,0.029824551569506735,0.026091591928251123,0.02621311659192825,0.021667040358744397,0.012541671714112657,0.08105891378962245,0.061837048253583694,0.03423718958207146,0.029852150211992723,0.026225116091257817,0.026195396729255,0.021703876438522108
1.0,1.0,1.0,0.15396860986547087,0.0,0.0074340000000000005,0.017513,0.020915000000000003,0.0043490000000000004,0.000685,0.0,0.0,0.0,0.00782029147982063,0.016652354260089687,0.020867040358744395,0.004405269058295964,0.0008535874439461886,0.0,0.0,0.0,0.008155824752675143,0.01664859681001413,0.020867494447809398,0.004513224308499899,0.0009326065011104379,0.0,0.0,0.0,2026-09-14 11:09:28.636000+00:00,0.0121,0.081581,0.061932,0.034149,0.029934000000000002,0.025536000000000003,0.026083000000000002,0.021483000000000002,0.01231457399103139,0.08107135650224218,0.06186625560538118,0.03416025784753363,0.02991748878923767,0.026045291479820633,0.02618789237668161,0.02165397982062781,0.012579810216030687,0.08105891378962245,0.061837048253583694,0.03423718958207146,0.02992299616394104,0.026179689077326866,0.026207833636180088,0.021727296587926503
0.0,0.0,0.0,0.14300000000000002,0.8370763508244363,0.027538000000000003,0.009304,0.015638000000000003,0.010950999999999999,0.008215,0.006115000000000001,0.007415000000000001,0.012317,0.02797051569506727,0.009982623318385649,0.01645207399103139,0.011067769058295963,0.00831255605381166,0.005991816143497759,0.00797998878923767,0.01221894618834081,0.028555764183323236,0.00998475671310317,0.016904885927720572,0.011262204724409449,0.009005875227135071,0.006406622249141933,0.008207631738340401,0.012836987684231776,2026-09-19 11:09:34.203000+00:00,0.030621000000000002,0.084319,0.06095300000000001,0.04123400000000001,0.037932,0.038932,0.039015,0.039283000000000005,0.03099377802690584,0.08474489910313902,0.06144831838565024,0.041367488789237676,0.03797309417040359,0.03889108744394619,0.03940992152466368,0.039136883408071754,0.03151534423581667,0.0847342620633959,0.06175324046032707,0.04153230365435089,0.03847754896022613,0.039252977993135464,0.03957597415707651,0.039725701594992925
0.0,0.0,0.0,0.148,0.9499222970888057,0.026904000000000004,0.007787,0.012521000000000001,0.006734,0.004747,0.003164,0.004649,0.009566,0.027264573991031393,0.008508800448430495,0.013334248878923767,0.006871804932735426,0.004874439461883409,0.003004035874439462,0.005243778026905829,0.009421860986547086,0.027894770845951943,0.008524752675146376,0.013795578437310718,0.00708649303452453,0.005530466384009692,0.003492348071875629,0.005430365435089845,0.010080839895013122,2026-09-19 11:09:30.473000+00:00,0.03077,0.084319,0.06095300000000001,0.04123400000000001,0.037898,0.038932,0.03904900000000001,0.039366000000000005,0.030998374439461886,0.08474489910313902,0.06144831838565024,0.041367488789237676,0.03793593049327354,0.038857567264574,0.039457174887892375,0.03923368834080718,0.031506763577629715,0.0847342620633959,0.06175324046032707,0.04153230365435089,0.03840981223500909,0.03922911366848374,0.039607026044821324,0.03977197657985059
1.0,1.0,1.0,0.132,0.0,0.008096,0.0021980000000000003,0.009681,0.0021830000000000005,0.0,0.0,0.0,0.0,0.007555156950672647,0.0017402466367713006,0.009441367713004484,0.002101961883408072,0.0001405829596412556,0.0,0.0,0.0,0.007472138098122349,0.0017729860690490608,0.009213123359580052,0.0021018170805572377,0.00010010094891984656,0.0,0.0,0.0,2026-09-21 11:09:47.930000+00:00,0.012113,0.075715,0.05451500000000001,0.031883,0.028366,0.024717,0.0239,0.021051,0.011622645739910313,0.07536261210762332,0.054407903587443955,0.03181771300448431,0.028069674887892377,0.024487500000000002,0.02393761210762332,0.020669899103139017,0.011532000807591354,0.07537617605491623,0.05425455279628508,0.031815707651928114,0.02790854027861902,0.024335130224106594,0.0239379567938623,0.020544457904300418
1.0,1.0,1.0,0.115,0.0,0.008745,0.007097999999999999,0.012781000000000002,0.004083000000000001,0.0016489999999999999,0.0,0.0,0.0,0.007998598654708521,0.00665353139013453,0.012609753363228704,0.004046076233183857,0.0013793161434977577,0.0,0.0,0.0,0.007899555824752673,0.006691399152029071,0.012413406016555622,0.004047506561679789,0.0012192206743387843,0.0,0.0,0.0,2026-09-21 11:09:44.212000+00:00,0.012195999999999999,0.075715,0.05451500000000001,0.031883,0.028366,0.024717,0.023983,0.020868,0.011624103139013454,0.07536261210762332,0.054407903587443955,0.03181771300448431,0.02807460762331839,0.024487500000000002,0.023959417040358748,0.0206625,0.011529860690490609,0.07537617605491623,0.05425455279628508,0.031815707651928114,0.02791597011911972,0.0243257217847769,0.02393888552392489,0.020542761962447
