B1,B11,B2,B3,B4,B5,B6,B7,B8,B8A,agua,id,nubes300,t,NDCI,PCI,MCI,3BDA,B5-B4,Turbidez(B4),SABI,FAI,CI_cyano,B3/B4,B5/B3,NDVI,"Sombra 620 (B3,B4)",chl_sup,chl_0_3,pc_sup,pc_0_3,temp_sup,turb_sup,n_sonda,fuente,year
0.0002810538116591,0.0040668721973094,0.0082938901345291,0.01421216367713,0.0025864910313901,0.0014141816143497,0.0,0.0,0.0,0.0,1.0,20180129T110309_20180129T110306_T30TXM,0.0,2018-01-29 11:09:23.830000+00:00,-0.2930280782379828,0.5467568211862901,0.00020715246636765342,-0.0,-0.0011723094170404,0.0025864910313901,-0.11492423563166755,-0.002863768773578159,-0.00020715246636765342,5.494766270073523,0.09950501883294377,-1.0,-0.00522668161434975,21.5,23.9,,,8.1,0.5,1,che_aquadam_el_val,2018
0.0,0.0031677130044843,0.0,0.0062834080717488,0.0002258408071748,0.0,0.0,0.0,0.0,0.0,1.0,20180223T110041_20180223T110631_T30TWM,0.0,2018-02-23 11:09:31.052000+00:00,-1.0,0.0,-0.00010539237668157334,,-0.0002258408071748,0.0002258408071748,-0.035942406508693285,-0.0007768581393692778,0.00010539237668157334,27.82228840904498,0.0,-1.0,-0.0029158632286996004,12.2,13.1,,,7.8,5.2,1,che_aquadam_el_val,2018
0.0140327354260089,0.0082210201793722,0.0255875560538116,0.0445459641255605,0.0224209080717488,0.0171263452914798,0.0036537556053811,0.0038333520179372,0.0027714686098654,0.0022341367713004,1.0,20180315T105811_20180315T110609_T30TWM,0.0032371537732197,2018-03-15 11:06:09.689000+00:00,-0.13387940577415508,0.7638560060401678,0.004714585201793773,-0.05037925061788046,-0.005294562780269001,0.0224209080717488,-0.28017186948021977,-0.016989777920136673,-0.004714585201793773,1.986804637127526,0.3844645778281111,-0.7799756136634729,-0.008415246636771349,10.1,9.35,,,8.5,3.3,1,che_aquadam_el_val,2018
0.0256039237668161,0.0090529708520179,0.0324028026905829,0.0483961883408071,0.0253139573991031,0.0208855381165919,0.0080240470852017,0.0078329035874439,0.0062155269058295,0.005494394618834,1.0,20180315T105811_20180315T110609_T30TXM,0.0032371537732197,2018-03-15 11:06:09.689000+00:00,-0.09585427791103833,0.8250601748003218,0.004792866218236215,-0.06721040112268045,-0.004428419282511198,0.0253139573991031,-0.23636966562928932,-0.016052721901914785,-0.004792866218236215,1.9118381048757642,0.43155336882143386,-0.6057324093399702,-0.009326905829596398,10.1,9.35,,,8.5,3.3,1,che_aquadam_el_val,2018
0.0155834080717488,0.0132436098654708,0.0301001121076233,0.0353127802690583,0.0145130605381165,0.0110911995515695,0.00696182735426,0.0089423206278026,0.0074633408071748,0.007111995515695,1.0,20180330T105619_20180330T110002_T30TWM,0.0029229759373439,2018-03-30 11:00:02+00:00,-0.13364420508778566,0.7642219587274534,0.0006054633781764664,-0.14799535520328636,-0.003421860986547001,0.0145130605381165,-0.1077726343355333,-0.006811949604954093,-0.0006054633781764664,2.4331725328585434,0.3140845741134637,-0.32078590212187696,-0.0086889293721974,6.4,4.45,,,9.3,10.0,1,che_aquadam_el_val,2018
0.0220717488789237,0.0133081278026905,0.0338729260089686,0.0374383968609865,0.015685033632287,0.0124586883408071,0.0081957399103139,0.0098600336322869,0.0083,0.0077858744394618,1.0,20180330T105619_20180330T110002_T30TXM,0.0029229759373439,2018-03-30 11:00:02+00:00,-0.1146381880322846,0.7943042159094513,0.0007679446935724196,-0.13531353389204445,-0.0032263452914799012,0.015685033632287,-0.10356046326267865,-0.00693983539753718,-0.0007679446935724196,2.3868866168014513,0.3327783608648571,-0.307901741790588,-0.0092635089686098,6.4,4.45,,,9.3,10.0,1,che_aquadam_el_val,2018
0.0122349775784753,0.0235175448430493,0.0169989349775784,0.0210801008968609,0.0193438901345291,0.0251117713004484,0.0128003363228699,0.0146386771300448,0.0110556053811659,0.0127770179372197,0.7959641255605382,20180509T105619_20180509T110439_T30TWM,0.0057225248677367,2018-05-09 11:04:39+00:00,0.12974458099910668,1.2981758646169912,0.009257776532137541,0.15199052686466036,0.005767881165919302,0.0193438901345291,-0.21766004739964392,-0.009070016905117776,-0.009257776532137541,1.0897549950013747,1.1912547963272733,-0.27264547035275727,-0.0037520459641255527,63.1,44.4,,,18.4,23.6,1,che_aquadam_el_val,2018
0.0354924887892376,0.0116960201793721,0.0355789798206278,0.0603375560538116,0.0248278026905829,0.0311408071748878,0.0083030829596412,0.0087130605381165,0.0071298766816143,0.0068661434977578,1.0,20180723T105621_20180723T110518_T30TWM,0.0028612624338683,2018-07-23 11:05:18.017000+00:00,0.11279544908260533,1.2542715746125774,0.015126188340807142,0.06779650785639711,0.006313004484304902,0.0248278026905829,-0.18451381555455948,-0.015238322300519594,-0.015126188340807142,2.430241483943218,0.5161098528272359,-0.5537925893444436,-0.0209113789237668,38.3,28.599999999999998,,,23.4,0.6,1,che_aquadam_el_val,2018
0.047914798206278,0.0117820067264574,0.0435905269058296,0.0634602017937219,0.0257101457399103,0.0325085762331838,0.009534360986547,0.0096881165919282,0.0080059417040358,0.0074594730941704,1.0,20180723T105621_20180723T110518_T30TXM,0.0028612624338683,2018-07-23 11:05:18.017000+00:00,0.11677395626127642,1.2644259803910867,0.015425515695067263,0.07755285045971104,0.006798430493273503,0.0257101457399103,-0.1653814434609138,-0.015095441490497607,-0.015425515695067263,2.4682941293176546,0.5122671424659709,-0.525096634219739,-0.022274243273542552,38.3,28.599999999999998,,,23.4,0.6,1,che_aquadam_el_val,2018
0.0107634529147982,0.0077451233183856,0.0113885089686098,0.0127516255605381,0.004284529147982,0.0176364910313901,0.000105197244834,0.0001436026936026,0.0001,0.0001,1.0,20180802T105621_20180802T105938_T30TWM,0.0028612624338683,2018-08-02 10:59:38.888000+00:00,0.6090940008336122,4.1163195352975555,0.015580938898420367,0.01858806428967037,0.0133519618834081,0.004284529147982,-0.17334324060743775,-0.004832703929105214,-0.015580938898420367,2.976202313046248,1.3830778631054679,-0.954385067757606,-0.0109095291479821,500.0,258.15,,,26.4,0.5,1,che_aquadam_el_val,2018
0.018236995515695,0.0090503363228699,0.019754428251121,0.0189202914798206,0.0085929372197309,0.0225598094170403,0.0017514896373056,0.001766875,0.0009533632286995,0.0003717376605814,1.0,20180802T105621_20180802T105938_T30TXM,0.0028612624338683,2018-08-02 10:59:38.888000+00:00,0.4483351776380314,2.6253897637281693,0.01761564424126956,0.12619137312401882,0.013966872197309401,0.0085929372197309,-0.1975340492233582,-0.007725245569079658,-0.01761564424126956,2.2018421636290175,1.192360563847625,-0.8002654046246257,-0.012147113228699548,500.0,258.15,,,26.4,0.5,1,che_aquadam_el_val,2018
0.0089719730941704,0.0073508408071748,0.0031340246636771,0.0119721412556053,0.0076110986547085,0.0159106502242152,0.0027306614349775,0.0032386210762331,0.0014341367713004,0.0021788116591928,1.0,20180822T105621_20180822T110418_T30TWM,0.0028612624338683,2018-08-22 11:04:18.291000+00:00,0.352845853946829,2.090453815675126,0.0109024514200299,0.1871488681560155,0.008299551569506701,0.0076110986547085,-0.40890335220821733,-0.006128215175457343,-0.0109024514200299,1.5729846371389367,1.328972811506539,-0.6828967508846377,-0.00633029708520175,177.7,94.1,,,23.4,64.3,1,che_aquadam_el_val,2018
0.0253383408071748,0.006761995515695,0.0174830156950672,0.0162756165919282,0.006576961883408,0.0150451233183856,0.0010012152777777,0.001399625,0.0001989910313901,0.0004095732410611,1.0,20180822T105621_20180822T110418_T30TXM,0.0028612624338683,2018-08-22 11:04:18.291000+00:00,0.391644069290558,2.28754911235545,0.011441892957980426,0.08568316888463498,0.008468161434977601,0.006576961883408,-0.18892859159092298,-0.006412627945049433,-0.011441892957980426,2.474640552956136,0.9243965187682747,-0.9412655212064652,-0.0090834080717489,177.7,94.1,,,23.4,64.3,1,che_aquadam_el_val,2018
0.0013214125560538,0.0080081838565022,0.0053873878923766,0.0075759529147982,0.0034125560538116,0.0080484865470852,0.0020982256020278,0.0018985645933014,0.0012330030487804,0.0011330717488789,1.0,20180827T110029_20180827T110638_T30TWM,0.0028612624338683,2018-08-27 11:06:38.056000+00:00,0.4044946567872324,2.35849211563736,0.005336906734224961,0.354156389590477,0.004635930493273601,0.0034125560538116,-0.16813204539256474,-0.003040321387122455,-0.005336906734224961,2.2200229960578555,1.0623728311938152,-0.4691691477598711,-0.0043996636771301,34.4,73.35,,,22.8,0.9,1,che_aquadam_el_val,2018
0.0103331838565022,0.0091894058295964,0.017372029147982,0.015029428251121,0.007559529147982,0.0126247197309417,0.0036889573991031,0.0047126121076233,0.0035968023255813,0.0037408071748878,1.0,20180827T110029_20180827T110638_T30TXM,0.0028612624338683,2018-08-27 11:06:38.056000+00:00,0.25094768764215697,1.670040485829973,0.007129495515695115,0.19578658858011275,0.005065190582959701,0.007559529147982,-0.12230088213594997,-0.0042680053119729215,-0.007129495515695115,1.988143435511863,0.8400000000000041,-0.3551998102414768,-0.00626754484304935,34.4,73.35,,,22.8,0.9,1,che_aquadam_el_val,2018
0.0064214125560538,0.0051786434977578,0.0011355941704035,0.0023706838565022,0.0001,0.0201130044843049,0.0002765287769784,0.0012928333333333,0.000169562780269,0.000140074906367,1.0,20180901T105621_20180901T105939_T30TWM,0.0028612624338683,2018-09-01 10:59:39.499000+00:00,0.9901053799223517,201.13004484304898,0.019918855803249754,2.7515390144851986,0.0200130044843049,0.0001,0.01983949354135768,-0.0008816752081999213,-0.019918855803249754,23.706838565022,8.484051734329695,0.2580578082759884,-0.01114184417040355,258.4,138.6,,,23.4,39.0,1,che_aquadam_el_val,2018
0.0176400224215246,0.005611995515695,0.0064299887892376,0.0060648542600896,0.0002477017937219,0.0222406390134529,0.0011412455934195,0.0014957959641255,0.0004437219730941,0.0001,1.0,20180901T105621_20180901T105939_T30TXM,0.0028612624338683,2018-09-01 10:59:39.499000+00:00,0.9779706474705442,89.78796107719322,0.021516380526558947,4.55602328992243,0.021992937219731,0.0002477017937219,0.015688086564861245,-0.0008087205495053014,-0.021516380526558947,24.484498755381395,3.6671349482888194,0.28350222942851827,-0.013905044843049351,258.4,138.6,,,23.4,39.0,1,che_aquadam_el_val,2018
0.0033288116591928,0.0083233744394618,0.0087594170403587,0.0093613228699551,0.0059569506726457,0.0101578475336322,0.0015674740484429,0.0032714999999999,0.0015121076233183,0.0015365470852017,1.0,20181006T110029_20181006T110030_T30TWM,0.0014306312169341,2018-10-06 11:00:30+00:00,0.260685663401602,1.705209274314962,0.006541951060561327,0.10882199526524002,0.0042008968609865,0.0059569506726457,-0.24529037287255165,-0.004888077977080257,-0.006541951060561327,1.5714957844022892,1.0850867633498171,-0.5951008645533302,-0.0038026345291479486,125.9,116.55000000000001,,,19.0,8.1,1,che_aquadam_el_val,2018
0.0258969730941704,0.0073817264573991,0.0173090807174887,0.0109437780269058,0.0037033632286995,0.0080615470852017,0.0001149174528301,0.0008059282371294,0.0001913116591928,0.0001,1.0,20181006T110029_20181006T110030_T30TXM,0.0014306312169341,2018-10-06 11:00:30+00:00,0.37043919079881565,2.1768178240600644,0.006272021603632548,0.016775552552970016,0.004358183856502201,0.0037033632286995,-0.12430783027234393,-0.004201014840913927,-0.006272021603632548,2.955091723678667,0.7366329128187726,-0.9017573149494215,-0.00579929932735425,125.9,116.55000000000001,,,19.0,8.1,1,che_aquadam_el_val,2018
0.0022120218579234,0.0062085201793721,0.0043531390134529,0.0061232062780269,0.0032412556053811,0.0102600896860986,0.0019274103139013,0.0027863228699551,0.0017571748878923,0.0003193385650224,1.0,20181016T110029_20181016T110523_T30TWM,0.0,2018-10-16 11:05:23+00:00,0.5198618307426652,3.165467625899328,0.007719551569506727,0.4067941669391774,0.0070188340807175,0.0032412556053811,-0.14166015687701444,-0.002039854082141083,-0.007719551569506727,1.889146375207563,1.675607389369992,-0.2969093437401981,-0.004950392376681651,69.9,60.25,,,17.8,0.5,1,che_aquadam_el_val,2018
0.0049541479820627,0.0054179932735426,0.0058140134529147,0.0054010089686098,0.0021190582959641,0.0091424887892376,0.0002013452914798,9.557174887892375e-05,1.860986547085202e-05,0.0,1.0,20181016T110029_20181016T110523_T30TXM,0.0,2018-10-16 11:09:27.576000+00:00,0.6236647984629641,4.3144111734208215,0.008046210762331793,0.07299337184661416,0.007023430493273499,0.0021190582959641,-0.18728883024450754,-0.0027183441881984275,-0.008046210762331793,2.5487779070997774,1.6927371982481345,-0.9825886301657226,-0.005152690582959599,69.9,60.25,,,17.8,0.5,1,che_aquadam_el_val,2018
0.0072772421524663,0.0037694506726457,0.0189715246636771,0.0325326233183856,0.0085741031390134,0.0043654147982062,0.0001005952380952,0.000111965282083,0.000134529147982,0.0001747239263803,1.0,20181220T110441_20181220T110444_T30TWM,0.0014306312169341,2018-12-20 11:09:25+00:00,-0.32525851126966704,0.509139524849303,0.0003105158730158401,-0.01131123356011838,-0.0042086883408072,0.0085741031390134,-0.16386202513185236,-0.007539654957648243,-0.0003105158730158401,3.7942887776049132,0.1341857604129672,-0.9691044142068344,-0.0098749159192825,1.0,1.0,,,11.3,4.3,1,che_aquadam_el_val,2018
0.0,0.0036238228699551,0.012389798206278,0.027774495515695,0.0064828475336322,0.0009048206278026,0.0,0.0,0.0,0.0,1.0,20181230T110441_20181230T110443_T30TWM,0.0,2018-12-30 11:09:28.161000+00:00,-0.7550456766518139,0.13957148045029658,-0.0021205082212257605,-0.0,-0.0055780269058296,0.0064828475336322,-0.16140822937179092,-0.0059473476759910925,0.0021205082212257605,4.284304909471401,0.03257739199227931,-1.0,-0.007856810538116599,2.1,2.05,,,10.7,10.2,1,che_aquadam_el_val,2018
0.0083475336322869,0.0035679932735426,0.0167130605381165,0.0301063340807174,0.007372365470852,0.0016357623318385,0.0,0.0,0.0,0.0,1.0,20181230T110441_20181230T110443_T30TXM,0.0,2018-12-30 11:09:24.450000+00:00,-0.6368252387915857,0.22187754233099086,-0.0018046748878924332,-0.0,-0.0057366031390135,0.007372365470852,-0.1574639213273027,-0.006659800519609922,0.0018046748878924332,4.0836735780053655,0.05433283001021962,-1.0,-0.008498682735425951,2.1,2.05,,,10.7,10.2,1,che_aquadam_el_val,2018
0.0,0.002826961883408,0.0001477578475336,0.0126446188340807,0.0004281950672645,0.0,0.0,0.0,0.0,0.0,1.0,20190208T110221_20190208T110853_T30TWM,0.0,2019-02-08 11:09:31.375000+00:00,-1.0,0.0,-0.00019982436472343332,,-0.0004281950672645,0.0004281950672645,-0.033472675009634335,-0.0008774878994945523,0.00019982436472343332,29.53004319937671,0.0,-1.0,-0.00589411434977585,9.8,13.200000000000001,,,8.9,5.4,1,che_aquadam_el_val,2019
0.0061048206278026,0.0042303811659192,0.0102354260089686,0.0205521860986547,0.0056714125560538,0.0027904708520179,0.0,0.0,0.0,0.0,1.0,20190208T110221_20190208T110853_T30TXM,0.0,2019-02-08 11:09:27.665000+00:00,-0.3404610492845837,0.4920239577773769,0.00014381165919279343,-0.0,-0.0028809417040359,0.0056714125560538,-0.1842108617007522,-0.005401505089330177,-0.00014381165919279343,3.6238213840953626,0.1357748921999377,-1.0,-0.0059999159192825,9.8,13.200000000000001,,,8.9,5.4,1,che_aquadam_el_val,2019
0.0,0.0029472533632286,0.0074973094170403,0.0171251121076233,0.0024196748878923,0.0008965246636771,0.0,0.0,0.0,0.0,1.0,20190213T110149_20190213T110149_T30TWM,0.0,2019-02-13 11:09:34.488000+00:00,-0.45930596169774085,0.3705145134014402,-0.00023265695067264014,-0.0,-0.0015231502242152003,0.0024196748878923,-0.098271199096668,-0.0025184911737489405,0.00023265695067264014,7.077443417425564,0.052351462463011214,-1.0,-0.0065911434977579,12.5,15.55,,,8.6,6.2,1,che_aquadam_el_val,2019
0.0087409192825112,0.0039266255605381,0.016127130044843,0.022992432735426,0.0065791479820627,0.0054605941704035,2.959641255605381e-05,0.0002609865470852,5.667040358744395e-05,0.0,1.0,20190213T110149_20190213T110149_T30TXM,0.0,2019-02-13 11:09:30.779000+00:00,-0.09290513015098723,0.8299850049415503,0.0023745403587443446,-0.000921481028884721,-0.0011185538116591995,0.0065791479820627,-0.16673186290734932,-0.006025655918570649,-0.0023745403587443446,3.4947432096241426,0.23749527652156582,-0.9829198449101643,-0.007647365470852051,12.5,15.55,,,8.6,6.2,1,che_aquadam_el_val,2019
0.0133130044843049,0.0192703475336322,0.0217443385650224,0.0372032511210762,0.0202189461883408,0.0190230941704035,0.0169029708520179,0.0184635650224215,0.018029428251121,0.0194320067264574,1.0,20190218T110111_20190218T110840_T30TWM,0.0014306312169341,2019-02-18 11:09:30+00:00,-0.03047374721102713,0.9408548790427622,0.0005726681614349146,-0.05255339886476824,-0.0011958520179372982,0.0202189461883408,-0.037143468441698586,-0.0020118439034807305,-0.0005726681614349146,1.840019295492727,0.5113288112507628,-0.057244731816911414,-0.00789422645739905,5.0,5.95,,,8.6,14.4,1,che_aquadam_el_val,2019
0.0,0.0035398542600896,0.0,0.0035467488789237,1.048206278026906e-05,7.50560538116592e-05,0.0,0.0,0.0,0.0,1.0,20190223T110039_20190223T110728_T30TWM,0.0,2019-02-23 11:09:33.608000+00:00,0.7549148099606815,7.16042780748663,7.01644245142003e-05,0.0,6.457399103139014e-05,1.048206278026906e-05,-0.002955400322407364,-0.0006715390775143976,-7.01644245142003e-05,338.36363636362995,0.021161930650820643,-1.0,-0.0018004204035874105,44.3,44.699999999999996,,,9.4,4.6,1,che_aquadam_el_val,2019
0.0050202914798206,0.0119779147982062,0.0132194506726457,0.0206689461883408,0.0097812219730941,0.0114298766816143,0.0070798766816143,0.009259865470852,0.0067762331838565,0.0059256726457399,1.0,20190305T110029_20190305T110741_T30TWM,0.0,2019-03-05 11:09:32+00:00,0.07772604028477492,1.1685530410264966,0.0030893721973094266,0.10440486612582871,0.0016486547085202002,0.0097812219730941,-0.08867308776996316,-0.003416432842195105,-0.0030893721973094266,2.1131251540141234,0.5529975537921624,-0.1814885657700933,-0.00626818946188345,25.3,24.3,,,9.6,4.5,1,che_aquadam_el_val,2019
0.013482062780269,0.0117321188340807,0.0170252802690582,0.0226088565022421,0.0104844170403587,0.0121311098654708,0.0074836322869955,0.0091821748878923,0.0068139013452914,0.005817096412556,1.0,20190305T110029_20190305T110741_T30TXM,0.0,2019-03-05 11:09:28+00:00,0.07281248993087311,1.1570609809561487,0.00324711136023914,0.09689027971432064,0.0016466928251121001,0.0104844170403587,-0.0926099568219984,-0.0039042122215104686,-0.00324711136023914,2.1564247602142874,0.5365645035726495,-0.21218916274036168,-0.006885566143497749,25.3,24.3,,,9.6,4.5,1,che_aquadam_el_val,2019
0.0,0.0044150224215246,0.0058293161434977,0.0142786434977578,0.001117096412556,0.0006515695067264,0.0,0.0,0.0,0.0,1.0,20190315T105819_20190315T110702_T30TWM,0.0,2019-03-15 11:09:32.302000+00:00,-0.2632079358539785,0.5832706106678477,0.0001302578475336,-0.0,-0.0004655269058295999,0.001117096412556,-0.05555493607934508,-0.0017348031888390076,-0.0001302578475336,12.781925836720932,0.045632451488036456,-1.0,-0.0063480100896861,14.5,18.6,,,10.8,0.4,1,che_aquadam_el_val,2019
0.0066445067264574,0.0050026345291479,0.0121152466367713,0.018907399103139,0.0038606502242152,0.0040380605381165,2.5616591928251125e-05,0.0,0.0,0.0,1.0,20190315T105819_20190315T110702_T30TXM,0.0,2019-03-15 11:09:28.597000+00:00,0.022460667220194325,1.0459534802683048,0.002222761584454339,0.00029151904499806816,0.00017741031390129973,0.0038606502242152,-0.12444619509832829,-0.004074545697202595,-0.002222761584454339,4.8974649359700875,0.21357038670887857,-1.0,-0.007612079596412549,14.5,18.6,,,10.8,0.4,1,che_aquadam_el_val,2019
0.0061825112107623,0.0091085201793722,0.0101710762331838,0.0167147421524663,0.0092631726457399,0.0087292040358744,0.0022946748878923,0.0033872757847533,0.0032588565022421,0.0029257847533632,1.0,20190320T105741_20190320T110833_T30TWM,0.0028612624338683,2019-03-20 11:09:32.273000+00:00,-0.029677491712984342,0.9423557532298535,0.0031825635276532195,-0.015153134804881676,-0.0005339686098655011,0.0092631726457399,-0.22332651576276785,-0.005975349491067025,-0.0031825635276532195,1.8044295180176038,0.522245808894299,-0.47950025291751,-0.0034588004484304487,22.3,24.8,,,10.9,0.6,1,che_aquadam_el_val,2019
0.0138732062780269,0.0084805493273542,0.0132485986547085,0.0177500560538116,0.0092466367713004,0.0082671524663677,0.0012817264573991,0.0020426008968609,0.0021165919282511,0.0016722533632286,1.0,20190320T105741_20190320T110833_T30TXM,0.0,2019-03-20 11:09:28.567000+00:00,-0.055926464092993435,0.8940712900097026,0.0032684678624813265,-0.01642302240645308,-0.0009794843049326998,0.0092466367713004,-0.2300114282407739,-0.006986555448786361,-0.0032684678624813265,1.9196229388942814,0.46575359769595953,-0.6274664561957394,-0.003761967488789252,22.3,24.8,,,10.9,0.6,1,che_aquadam_el_val,2019
0.0280487668161434,0.021359360986547,0.0343709641255605,0.0386707399103139,0.0285053251121076,0.0307464686098654,0.0307163677130044,0.0336054932735426,0.0294507847533632,0.0318803251121076,0.95347533632287,20190325T105709_20190325T110453_T30TWM,0.0,2019-03-25 11:09:35+00:00,0.037824061635566876,1.0786219237613914,0.0010619207772795075,0.07854495263185515,0.0022411434977578013,0.0285053251121076,0.012944107119834415,0.002283910064773298,-0.0010619207772795075,1.3566145889663457,0.7950835355406527,0.016313373058513155,-0.006203279147982049,36.4,35.5,,,11.8,0.8,1,che_aquadam_el_val,2019
0.0117812780269058,0.0095403026905829,0.0199043161434977,0.0293118834080717,0.0093450672645739,0.0062508408071748,0.0010582959641255,0.0030951793721973,0.0012190582959641,0.0017408632286995,1.0,20190330T105631_20190330T110926_T30TWM,0.0,2019-03-30 11:09:36.564000+00:00,-0.1983998907382735,0.6688920079656393,0.0013253849028400464,-0.05605809881727534,-0.0030942264573990998,0.0093450672645739,-0.1651084204519948,-0.008162576873798786,-0.0013253849028400464,3.1366155617937346,0.2132527862557439,-0.7692079123864526,-0.00843629484304935,5.2,6.75,,,11.8,0.5,1,che_aquadam_el_val,2019
0.0248019058295964,0.010154596412556,0.0258845852017937,0.0331487107623318,0.0120891816143497,0.0090859865470852,0.0041207959641255,0.0062474775784753,0.0043376681614349,0.0045137331838565,1.0,20190330T105631_20190330T110926_T30TXM,0.0,2019-03-30 11:09:34.727000+00:00,-0.14182626765316764,0.75157995279848,0.0012466106128550744,-0.11266672282761528,-0.0030031950672644997,0.0120891816143497,-0.1313074820966356,-0.007389162573848679,-0.0012466106128550744,2.742014457205665,0.274097735270295,-0.471880704987123,-0.0090281670403588,5.2,6.75,,,11.8,0.5,1,che_aquadam_el_val,2019
0.0115884529147982,0.0066570067264573,0.0222424887892376,0.0222837443946188,0.0056809977578475,0.0033498878923766,0.0006497197309417,0.0020235426008968,0.0019034753363228,0.002397412823397,1.0,20190404T105619_20190404T110056_T30TWM,0.0014306312169341,2019-04-04 11:09:37+00:00,-0.25812638491475687,0.5896654135709173,0.00035223841554552675,-0.07958549230781405,-0.0023311098654709003,0.0056809977578475,-0.0848381313983302,-0.0039603304505659,-0.00035223841554552675,3.9225054021253465,0.15032877029344982,-0.49805996733355673,-0.0071358183856502,21.9,13.6,,,11.7,0.6,1,che_aquadam_el_val,2019
0.0192540358744394,0.0065676569506726,0.0255181614349775,0.0240896860986547,0.0064967488789237,0.0039481502242152,0.0012980966325036,0.002494562780269,0.0021250560538116,0.0025582677165354,1.0,20190404T105619_20190404T110056_T30TXM,0.0014306312169341,2019-04-04 11:09:33+00:00,-0.2440041430311754,0.6077116874600946,0.0002240158767155536,-0.1289789163429802,-0.0025485986547085,0.0064967488789237,-0.0881250254236139,-0.0043849740195031645,-0.0002240158767155536,3.7079601732498513,0.16389380119136074,-0.507050769440821,-0.00752216928251125,21.9,13.6,,,11.7,0.6,1,che_aquadam_el_val,2019
0.0229131165919282,0.0106354260089686,0.0234433856502242,0.0237065022421524,0.006677466367713,0.0034139013452914,0.0001230337078651,0.0001841105354058,0.0001104820627802,0.0002088823094004,1.0,20190409T105621_20190409T105755_T30TWM,0.0018065225562855,2019-04-09 11:09:36+00:00,-0.3234016552796858,0.5112569883988266,0.00023213239616394704,-0.017613826185511893,-0.0032635650224215997,0.006677466367713,-0.13927889542224295,-0.007308316428215595,-0.00023213239616394704,3.5502241324312,0.14400696106155894,-0.9674475833422994,-0.0068827354260089,4.1,3.05,,,11.1,0.8,1,che_aquadam_el_val,2019
0.0431303811659192,0.0134153587443946,0.0365436098654708,0.0343153587443946,0.0159409192825112,0.0136906950672645,0.0096034192825112,0.0092389013452914,0.0086335762331838,0.0088168161434977,1.0,20190409T105621_20190409T105755_T30TXM,0.0018065225562855,2019-04-09 11:09:32+00:00,-0.0759399804777674,0.8588397459790527,0.0011297757847533,-0.09901769769384013,-0.0022502242152466993,0.0159409192825112,-0.10312516810059845,-0.006834301551711908,-0.0011297757847533,2.1526587103443915,0.3989669806235341,-0.2973547532099048,-0.00806210762331835,4.1,3.05,,,11.1,0.8,1,che_aquadam_el_val,2019
0.001175956284153,0.0070191704035874,0.0002829596412556,0.0061627802690582,0.0001547085201793,0.0001163021868787,0.0001,0.0001,0.0001,0.0001,1.0,20190429T105621_20190429T110224_T30TWM,0.0,2019-04-29 11:09:38+00:00,-0.14171518799949304,0.7517503673612232,-9.228455871640005e-06,-0.21345224823475956,-3.840633330060001e-05,0.0001547085201793,-0.00848754695977744,-0.0013404331269128806,9.228455871640005e-06,39.83478260871362,0.018871707541257735,-0.21478873239414364,-0.0029848327077891495,14.5,10.2,,,13.8,0.6,1,che_aquadam_el_val,2019
0.0086301569506726,0.0080607062780269,0.0074145179372197,0.011682230941704,0.0036359865470852,0.002417264573991,0.0,4.652466367713005e-06,0.0002421524663677,0.0002897421524663,1.0,20190429T105621_20190429T110224_T30TXM,0.0,2019-04-29 11:09:34.435000+00:00,-0.2013334568015617,0.6648166990410918,0.0007204708520179065,-0.0,-0.0012187219730942001,0.0036359865470852,-0.17771789859284035,-0.004222591109687532,-0.0007204708520179065,3.2129466900995816,0.20691806094687695,-0.8751192437776492,-0.0034137612107622995,14.5,10.2,,,13.8,0.6,1,che_aquadam_el_val,2019
0.0423187219730941,0.0386980381165919,0.0385954035874439,0.0438491031390134,0.0380706838565022,0.0405664237668161,0.0281945067264574,0.0296551008968609,0.0267825672645739,0.0309324551569506,0.95347533632287,20190509T105621_20190509T105753_T30TWM,0.0003758913393513,2019-05-09 11:09:38+00:00,0.031737432692321474,1.0655554263149294,0.00776303437967113,0.045562382299619876,0.0024957399103139044,0.0380706838565022,-0.13691775280287802,-0.01140562104064351,-0.00776303437967113,1.1517813366392757,0.9251369096013133,-0.17405629473924505,-0.004137079596412553,24.6,23.75,,,15.3,0.5,1,che_aquadam_el_val,2019
0.0025872197309417,0.0068484304932735,0.0063750560538116,0.006217096412556,0.003182062780269,0.0066355941704035,0.0,6.463004484304933e-05,3.721973094170404e-05,2.3262331838565027e-05,1.0,20190514T105629_20190514T105747_T30TWM,0.0,2019-05-14 11:09:43.081000+00:00,0.3517673725499175,2.0853121476888496,0.0051506315396113,0.0,0.0034535313901345004,0.003182062780269,-0.24974626520182805,-0.003831559541604329,-0.0051506315396113,1.9537943912063322,1.0673140208992586,-0.9768770023680173,-0.00324428251121075,37.9,22.599999999999998,,,15.6,0.7,1,che_aquadam_el_val,2019
0.0085158071748878,0.0065821188340807,0.0081254484304932,0.0068929932735426,0.0032014013452914,0.0066609304932735,0.0,4.93273542600897e-06,9.30493273542601e-06,0.0,1.0,20190514T105629_20190514T105747_T30TXM,0.0,2019-05-14 11:09:39.365000+00:00,0.3507820670213331,2.080629628981181,0.00516694319880418,0.0,0.0034595291479821,0.0032014013452914,-0.21254511456392872,-0.003825310164424446,-0.00516694319880418,2.153117503895839,0.9663335257906275,-0.994203809424047,-0.0035755605381166495,37.9,22.599999999999998,,,15.6,0.7,1,che_aquadam_el_val,2019
0.0382955156950672,0.0295103139013453,0.0268776345291479,0.0371977017937219,0.0256366031390134,0.0258183295964125,0.0174889013452914,0.0190243834080717,0.0173556614349775,0.0199152466367713,0.95347533632287,20190608T105621_20190608T110747_T30TWM,0.0,2019-06-08 11:09:36+00:00,0.003531759692185655,1.0070885544552723,0.004527167414050834,0.004801667322668569,0.00018172645739910134,0.0256366031390134,-0.12923758468170946,-0.009006493878567907,-0.004527167414050834,1.4509606281307603,0.6940839985111669,-0.19261468978411606,-0.0058714125560538,20.6,18.55,,,18.4,55.5,1,che_aquadam_el_val,2019
0.0259117713004484,0.0454511210762331,0.0303108183856502,0.0555027466367713,0.0344635650224215,0.0396099215246636,0.0281485426008968,0.0292988789237668,0.0299459641255605,0.0333193385650224,0.95347533632287,20190628T105621_20190628T110225_T30TWM,0.0,2019-06-28 11:09:39.095000+00:00,0.06947636383999285,1.1493274563700522,0.008514368460388604,0.10611862142919676,0.0051463565022421,0.0344635650224215,-0.05264436800499582,-0.006575587586305071,-0.008514368460388604,1.610476066554984,0.7136569615893837,-0.0701387039560828,-0.013092769058295955,51.8,50.349999999999994,,,22.4,28.0,1,che_aquadam_el_val,2019
0.0230400224215246,0.0280557735426009,0.0404074551569506,0.0629756726457399,0.0305905269058296,0.0307469730941704,0.0174565022421524,0.0187155829596412,0.0136813901345291,0.0157512892376681,0.95347533632287,20190703T105629_20190703T110536_T30TWM,0.0,2019-07-03 11:09:43+00:00,0.002550579797689869,1.0051142037802228,0.007161259342301974,0.0029035739382492712,0.00015644618834080234,0.0305905269058296,-0.16355799181827857,-0.016434373442949728,-0.007161259342301974,2.0586658359826653,0.48823572345360783,-0.38193821053391414,-0.016270795964125555,37.6,34.900000000000006,,,23.7,41.6,1,che_aquadam_el_val,2019
0.0330368834080717,0.0247710762331838,0.031894394618834,0.0566878363228699,0.0260694506726457,0.0298638452914798,0.0189665358744394,0.020407230941704,0.0195088004484305,0.0205626121076233,0.95347533632287,20190708T105621_20190708T110757_T30TWM,0.0003758913393513,2019-07-08 11:09:39.604000+00:00,0.0678378513804684,1.1455494657896839,0.007582615844544126,0.09243850339638365,0.003794394618834098,0.0260694506726457,-0.07406282450182107,-0.006317462630792178,-0.007582615844544126,2.1744929356087903,0.5268122269015171,-0.14394256170091257,-0.01720639013452915,65.4,64.65,,,24.5,11.1,1,che_aquadam_el_val,2019
0.0181153587443946,0.0108427130044843,0.028572365470852,0.0527192264573991,0.0161935538116591,0.0178809417040358,0.0070733744394618,0.0081590807174887,0.0062627242152466,0.0059475896860986,1.0,20190802T105629_20190802T110731_T30TWM,0.0071531560846709,2019-08-02 11:09:42.370000+00:00,0.0495205539169165,1.1042012094443288,0.006551483557548592,0.04122009811587072,0.0016873878923766988,0.0161935538116591,-0.12216305968245236,-0.008928608619830553,-0.006551483557548592,3.25556867075355,0.33917306655637064,-0.4422295442064801,-0.01910653026905835,65.6,63.449999999999996,,,23.8,46.2,1,che_aquadam_el_val,2019
0.022827130044843,0.0094552130044843,0.0274872197309417,0.051289293721973,0.0127548206278026,0.0142431053811659,0.0016119394618834,0.0022802130044843,0.0008338004484304,0.0008992713004484,1.0,20190802T105629_20190802T110731_T30TXM,0.0,2019-08-02 11:09:38.657000+00:00,0.055125891998848486,1.1166840990393216,0.0074311547085202075,0.013205526378012169,0.0014882847533633,0.0127548206278026,-0.15132708540721954,-0.011302998434052264,-0.0074311547085202075,4.021169345978417,0.2777013358455347,-0.8772796086147774,-0.02001137892376685,65.6,63.449999999999996,,,23.8,46.2,1,che_aquadam_el_val,2019
0.0225884529147982,0.0074332399103139,0.0396834080717488,0.0882937780269058,0.0175427130044843,0.0139512331838565,0.0,0.0,0.0,0.0,1.0,20190817T105621_20190817T110523_T30TWM,0.0,2019-08-17 11:09:37.495000+00:00,-0.11403714857293375,0.7952722694768056,0.005764633781763827,-0.0,-0.0035914798206278,0.0175427130044843,-0.13707687705339164,-0.015649192647163496,-0.005764633781763827,5.033074302950518,0.1580092447692649,-1.0,-0.03357979260089684,22.2,23.45,,,23.4,263.7,1,che_aquadam_el_val,2019
0.0323837443946188,0.0080877242152466,0.0437357062780269,0.0901043721973094,0.0194619394618834,0.0168196748878923,0.0,0.0001640134529147,0.0001533071748878,0.0,1.0,20190817T105621_20190817T110523_T30TXM,0.0,2019-08-17 11:09:33.776000+00:00,-0.07282654372868154,0.8642342619980897,0.007737436472346714,-0.0,-0.0026422645739910995,0.0194619394618834,-0.14426644475222528,-0.017178223716990612,-0.007737436472346714,4.629773531758262,0.18666879839150086,-0.9843685702528555,-0.034000084080717446,22.2,23.45,,,23.4,263.7,1,che_aquadam_el_val,2019
0.0183876681614349,0.0071975336322869,0.0380131726457399,0.069227298206278,0.0146787556053811,0.0092908071748878,0.0,0.0,0.0,0.0,1.0,20190822T105629_20190822T110739_T30TWM,0.0,2019-08-22 11:09:39.746000+00:00,-0.22478292490710403,0.6329424254111755,0.002440721225709954,-0.0,-0.005387948430493299,0.0146787556053811,-0.1368770156337382,-0.013277510854865043,-0.002440721225709954,4.716155787817592,0.13420727683469302,-1.0,-0.024580297085201798,17.1,17.36666666666667,,,22.9,4.8,1,che_aquadam_el_val,2019
0.0304260089686098,0.0080558856502242,0.0427219730941704,0.0717413116591928,0.0173301569506726,0.0136336883408071,0.0,0.0005264013452914,2.3262331838565027e-05,0.0,1.0,20190822T105629_20190822T110739_T30TXM,0.0,2019-08-22 11:09:36.032000+00:00,-0.11938015369436866,0.78670310832228,0.0055462817638265525,-0.0,-0.0036964686098654997,0.0173301569506726,-0.1512004015621744,-0.015569808883194492,-0.0055462817638265525,4.139680434712304,0.19003957448637063,-0.9973189915532081,-0.02535734304932735,17.1,17.36666666666667,,,22.9,4.8,1,che_aquadam_el_val,2019
0.0,0.0096849775784753,5.044843049327355e-06,0.0128249439461883,0.0040232623318385,0.0101847533632287,0.0,0.0,0.0,0.0002242152466367,1.0,20190906T105621_20190906T110842_T30TWM,0.0,2019-09-06 11:09:33.925000+00:00,0.43366302259430733,2.531466388018153,0.008307230941704068,0.0,0.0061614910313902,0.0040232623318385,-0.31358268490564806,-0.00508371058438317,-0.008307230941704068,3.1876976663183973,0.7941362867520142,-1.0,-0.007481586322870001,63.6,82.39999999999999,,,22.5,11.9,1,che_aquadam_el_val,2019
0.014021860986547,0.0113258968609865,0.0094611547085201,0.0207969170403587,0.0101730381165919,0.0169382286995515,0.0045738228699551,0.0061272421524663,0.0060216367713004,0.0060562780269058,1.0,20190906T105621_20190906T110842_T30TXM,0.0,2019-09-06 11:09:30.208000+00:00,0.2495342850940211,1.665011819028358,0.009751438714499227,0.1795728656528817,0.0067651905829596,0.0101730381165919,-0.13719979844536287,-0.004367333618051124,-0.009751438714499227,2.0443172238231955,0.8144586366662427,-0.2563436051683403,-0.0086945347533632,63.6,82.39999999999999,,,22.5,11.9,1,che_aquadam_el_val,2019
0.0,0.0055391816143497,0.0005483744394618,0.0068861547085201,0.0011894058295964,0.0008202354260089,0.0,0.0,0.0,0.0,1.0,20190926T105811_20190926T110642_T30TWM,0.0,2019-09-26 11:09:35.544000+00:00,-0.1836996541336959,0.6896177953720218,0.0002651793721972467,-0.0,-0.00036917040358749994,0.0011894058295964,-0.1599840159237608,-0.002004125738486701,-0.0002651793721972467,5.789575380555157,0.11911370869928893,-1.0,-0.0026637892376681,9.3,24.200000000000003,,,20.5,31.2,1,che_aquadam_el_val,2019
0.0019146860986547,0.0052589125560538,0.0023235426008968,0.007372365470852,0.0008305493273542,0.0004357623318385,0.0,0.0,0.0,0.0,1.0,20190926T105811_20190926T110642_T30TXM,0.0,2019-09-26 11:09:31.830000+00:00,-0.31176132088003117,0.5246676115272594,4.817264573987333e-05,-0.0,-0.00039478699551570004,0.0008305493273542,-0.0856597774244778,-0.0016599887892376174,-4.817264573987333e-05,8.876493217251076,0.05910753252282003,-1.0,-0.0030735145739910503,9.3,24.200000000000003,,,20.5,31.2,1,che_aquadam_el_val,2019
0.0,0.0095482623318385,0.0036533632286995,0.008129428251121,0.003375,0.0069293721973094,0.0,0.0005083520179372,0.0006574551569506,0.0002931614349775,1.0,20191011T105959_20191011T105954_T30TWM,0.0,2019-10-11 11:09:35.642000+00:00,0.3449382581733112,2.053147317721304,0.0053543721973094,0.0,0.0035543721973094002,0.003375,-0.23063675935397265,-0.0038738066766318495,-0.0053543721973094,2.4087194818136295,0.8523812478883592,-0.6739181806808847,-0.004154400224215201,88.8,60.7,,,19.3,11.1,1,che_aquadam_el_val,2019
0.0033512331838565,0.0094193385650224,0.0058677690582959,0.0089759529147982,0.0032161995515695,0.0070995515695067,0.0,0.0001526345291479,0.0001573430493273,8.497757847533634e-05,1.0,20191011T105959_20191011T105954_T30TXM,0.0,2019-10-11 11:09:31.936000+00:00,0.3764487890758716,2.207435034944312,0.0055986584454409336,0.0,0.0038833520179372004,0.0032161995515695,-0.2060707218706143,-0.00422071428571433,-0.0055986584454409336,2.7908569635916867,0.79095240771618,-0.9067193938588635,-0.00482155269058295,88.8,60.7,,,19.3,11.1,1,che_aquadam_el_val,2019
0.0,0.0039892376681614,0.0167110986547085,0.0270561659192825,0.0063552130044843,0.0022904147982062,0.0,0.0,0.0,0.0,1.0,20191210T110339_20191210T110434_T30TWM,0.0014306312169341,2019-12-10 11:09:28.792000+00:00,-0.4701565113655649,0.36039937553470847,-0.00067535127055314,-0.0,-0.0040647982062781,0.0063552130044843,-0.14520471101730514,-0.005912062068474614,0.00067535127055314,4.257318503752967,0.08465407866876873,-1.0,-0.00831807735426005,0.9,1.4,,,11.0,5.6,1,che_aquadam_el_val,2019
0.0045476457399103,0.0041926008968609,0.020516928251121,0.0300922085201793,0.0080705717488789,0.0026395739910313,0.0001,0.0001497962510187,0.0002115932203389,0.0001456780923994,1.0,20191210T110339_20191210T110434_T30TXM,0.0083874261541827,2019-12-10 11:09:25.084000+00:00,-0.5070890620665949,0.3270615853700785,-0.0011800261584455204,-0.025494205387551937,-0.0054309977578476006,0.0080705717488789,-0.15528774110600346,-0.007132628432447739,0.0011800261584455204,3.7286340369081623,0.08771619368718812,-0.9489038865742654,-0.008295319506726401,0.9,1.4,,,11.0,5.6,1,che_aquadam_el_val,2019
0.000559529147982,0.0047616591928251,0.013107230941704,0.0288136771300448,0.005479596412556,0.0015827993254637,0.0001532967032967,0.0001357062780269,0.0001287029930928,0.0001,1.0,20191225T110451_20191225T110447_T30TWM,0.0075290474240222,2019-12-25 11:09:28.975000+00:00,-0.551767025191506,0.28885326697361474,-0.0010561039088206737,-0.06887572415487707,-0.0038967970870923004,0.005479596412556,-0.12764259329270725,-0.005216422638624714,0.0010561039088206737,5.258357543271045,0.054932222580271514,-0.9541026668572052,-0.00971864181519825,2.0,2.65,,,10.2,9.8,1,che_aquadam_el_val,2019
0.0084135650224215,0.005204764573991,0.0166863228699551,0.0253322869955157,0.0056213004484304,0.0028638452914798,0.0001876681614349,0.0002255526657997,0.0008333133971291,0.0003111627906976,1.0,20200114T110411_20200114T110434_T30TWM,0.0075290474240222,2020-01-14 11:09:28.694000+00:00,-0.32497440132121785,0.5094631247257836,0.00014048206278033338,-0.032144946437090864,-0.0027574551569505995,0.0056213004484304,-0.11394920171397374,-0.004709969220850745,-0.00014048206278033338,4.506481592278007,0.11305119399550288,-0.7417929508819852,-0.00847676569506735,2.8,3.6,,,8.8,41.1,1,che_aquadam_el_val,2020
0.0222902466367713,0.0052490470852017,0.0227855941704035,0.0286727017937219,0.007807062780269,0.004712331838565,0.0010411379986919,0.0010256726457399,0.0023222533632287,0.0015357750163505,1.0,20200114T110411_20200114T110434_T30TXM,0.0075290474240222,2020-01-14 11:09:24.987000+00:00,-0.24719493521262847,0.6035985582791268,0.0005137622751371202,-0.08758054777346323,-0.003094730941704,0.007807062780269,-0.10658746688510795,-0.0050056890170118214,-0.0005137622751371202,3.672661870503615,0.16434906875768504,-0.5414787473645156,-0.00888545403587445,2.8,3.6,,,8.8,41.1,1,che_aquadam_el_val,2020
3.6098654708520185e-05,0.0044992152466367,0.0041597533632286,0.0086832399103139,1.3957399103139014e-05,1.973094170403588e-05,0.0,0.0,0.0,0.0,1.0,20200314T105821_20200314T110812_T30TWM,0.0,2020-03-14 11:09:30.771000+00:00,0.1713810316139768,1.4136546184738958,1.3217488789237672e-05,0.0,5.773542600896865e-06,1.3957399103139014e-05,-0.001086771503018091,-0.0008540533134030758,-1.3217488789237672e-05,622.1244979919677,0.0022723018029940168,-1.0,-0.004337528026905829,12.8,9.25,,,11.4,36.1,1,che_aquadam_el_val,2020
0.0053864349775784,0.0044182174887892,0.0073209080717488,0.0101186659192825,3.4360986547085204e-05,4.93273542600897e-06,0.0,0.0,0.0,0.0,1.0,20200314T105821_20200314T110812_T30TXM,0.0,2020-03-14 11:09:27.061000+00:00,-0.7489300998573466,0.1435562805872757,-1.1102391629297459e-05,-0.0,-2.9428251121076235e-05,3.4360986547085204e-05,-0.0019702881827707566,-0.0008554642679194179,1.1102391629297459e-05,294.48123980424106,0.00048748871297440196,-1.0,-0.005027438340807169,12.8,9.25,,,11.4,36.1,1,che_aquadam_el_val,2020
0.0073821748878923,0.0161650784753363,0.0116886210762331,0.0131108183856502,0.0087325672645739,0.0111827914798206,0.0023357623318385,0.0042400130548302,0.0024423766816143,0.004072197309417,0.95347533632287,20200508T105619_20200508T110851_T30TWM,0.0,2020-05-08 11:09:32.482000+00:00,0.12303188944243122,1.2805846369127576,0.00586185351270558,0.058606031148487045,0.0024502242152466998,0.0087325672645739,-0.25364244996858143,-0.00768231173037224,-0.00586185351270558,1.5013704433560908,0.8529438171502834,-0.5628834125029503,-0.0034142376681615006,25.4,20.95,,,16.9,27.7,1,che_aquadam_el_val,2020
0.0219705156950672,0.017672197309417,0.0198951233183856,0.0198282511210762,0.0134965246636771,0.0169590807174887,0.0095844730941704,0.0120436659192825,0.0092317264573991,0.010967432735426,0.8195067264573992,20200508T105619_20200508T110851_T30TXM,0.0,2020-05-08 11:09:28.774000+00:00,0.11369191354025406,1.2565516783094761,0.005548983557548504,0.14499091660585886,0.003462556053811598,0.0134965246636771,-0.1073624350010226,-0.005046908320876902,-0.005548983557548504,1.4691375457890679,0.8552988669516218,-0.1876430431694411,-0.004897141255605348,25.4,20.95,,,16.9,27.7,1,che_aquadam_el_val,2020
0.0642927130044843,0.0626232062780269,0.068997365470852,0.0749964125560538,0.0643815582959641,0.0638446188340807,0.059877466367713,0.0630224215246636,0.0532286995515695,0.0623167040358744,0.95347533632287,20200528T105619_20200528T110858_T30TWM,0.0,2020-05-28 11:09:35.758000+00:00,-0.0041874403019818,0.991660042470313,0.0018652428998505149,-0.007821732443728167,-0.0005369394618834067,0.0643815582959641,-0.07745375458035866,-0.010823516620400014,-0.0018652428998505149,1.1648741431714478,0.8513023044450556,-0.09482896261355733,-0.005038957399103136,7.3,7.5,,,20.1,0.4,1,che_aquadam_el_val,2020
0.036314798206278,0.0203771860986547,0.0200193385650224,0.0369901345291479,0.02106182735426,0.0274771860986547,0.0124679372197309,0.0140579035874439,0.0101537556053811,0.0138854820627802,0.95347533632287,20200622T105631_20200622T110906_T30TWM,0.0,2020-06-22 11:09:40.309000+00:00,0.13216912104358944,1.304596492815573,0.010998766816143552,0.13821247693047867,0.006415358744394698,0.02106182735426,-0.19133788047576858,-0.010779837354971879,-0.010998766816143552,1.7562642550892533,0.7428247138977805,-0.3494431535359132,-0.011171832959641297,19.6,15.600000000000001,,,22.2,0.9,1,che_aquadam_el_val,2020
0.0446680493273542,0.0208832959641255,0.0243862107623318,0.0397227578475336,0.0230200672645739,0.0302094170403587,0.0161139573991031,0.0175455156950672,0.0131535313901345,0.0166716367713004,0.95347533632287,20200622T105631_20200622T110906_T30TXM,0.0,2020-06-22 11:09:36.587000+00:00,0.135063299403759,1.3123079395536197,0.010872608370702561,0.16658768445102498,0.007189349775784802,0.0230200672645739,-0.15390258318585848,-0.009466315218164937,-0.010872608370702561,1.7255708852190823,0.7605065377462057,-0.2727551651307758,-0.011946020179372251,19.6,15.600000000000001,,,22.2,0.9,1,che_aquadam_el_val,2020
0.0541965246636771,0.0530169843049327,0.0733276345291479,0.0927488789237668,0.0635480381165919,0.0643866591928251,0.0527253923766816,0.053714798206278,0.0483766255605381,0.051370067264574,0.95347533632287,20200627T105619_20200627T105814_T30TWM,0.0,2020-06-27 11:09:37.005000+00:00,0.006555071406507865,1.0131966477815504,0.006610698804185361,0.010806562121127055,0.000838621076233198,0.0635480381165919,-0.09135194520057852,-0.013198929461171599,-0.006610698804185361,1.4595081401820773,0.6942041773437122,-0.13555021795570368,-0.015019730941704057,5.9,6.5,,,22.1,0.6,1,che_aquadam_el_val,2020
0.0446262331838565,0.0154955717488789,0.0326878363228699,0.0489691704035874,0.01893682735426,0.0170038116591928,0.0116600896860986,0.0124752802690582,0.0095260089686098,0.0125001121076233,0.95347533632287,20200702T105621_20200702T110826_T30TWM,0.0,2020-07-02 11:09:39.412000+00:00,-0.05378356501518123,0.8979229382564788,0.0019479110612855483,-0.06999769926170676,-0.001933015695067198,0.01893682735426,-0.11524814296923089,-0.008766265748451836,-0.0019479110612855483,2.5859226304120773,0.3472350362289807,-0.33063529856610374,-0.014049663677130099,9.1,8.05,,,24.1,0.8,1,che_aquadam_el_val,2020
0.0483334080717488,0.0139816143497757,0.0303334080717488,0.0463385089686098,0.01565,0.0130088565022421,0.0065361547085201,0.0066694506726457,0.004294899103139,0.0083081062670299,0.8486547085201794,20200702T105621_20200702T110826_T30TXM,0.0,2020-07-02 11:09:35.696000+00:00,-0.09215802094376215,0.831236837203968,0.00221957399103138,-0.08479316694314483,-0.002641143497757901,0.01565,-0.14809986935482383,-0.011042609616342798,-0.00221957399103138,2.9609270906459932,0.28073532773906124,-0.5693235567721621,-0.014023682735425948,9.1,8.05,,,24.1,0.8,1,che_aquadam_el_val,2020
0.0242428251121076,0.0225909753363228,0.035831894618834,0.0536046524663677,0.0232314461883408,0.0221646860986547,0.0156819209039548,0.0144608744394618,0.0155276162790697,0.013619562780269,1.0,20200707T105619_20200707T110855_T30TWM,0.0,2020-07-07 11:09:36.551000+00:00,-0.023498920193068824,0.9540812017883984,0.0029596533953197652,-0.03248838979058237,-0.0010667600896861022,0.0232314461883408,-0.08613738075031059,-0.007583868702067729,-0.0029596533953197652,2.3074178005013883,0.4134843726962157,-0.19876202928666437,-0.014653223094170397,16.9,20.2,,,23.5,0.5,1,che_aquadam_el_val,2020
0.0331420403587444,0.0233906950672645,0.0401789798206278,0.0561715807174887,0.0256946748878923,0.0247483183856502,0.0177725896860986,0.0186917040358744,0.0189152466367713,0.0173185538116591,0.8951793721973094,20200707T105619_20200707T110855_T30TXM,0.0,2020-07-07 11:09:32.845000+00:00,-0.018760910898173527,0.9631691583422979,0.003278755605381209,-0.02644945108494938,-0.0009463565022420975,0.0256946748878923,-0.07036210493491672,-0.006347889173606586,-0.003278755605381209,2.1861175890556823,0.4405843323178006,-0.1519713108522919,-0.014765274663677153,16.9,20.2,,,23.5,0.5,1,che_aquadam_el_val,2020
0.0438762331838565,0.0391145179372197,0.0458179932735426,0.0609986547085201,0.0419704596412556,0.0454825672645739,0.0363932735426009,0.0389881726457399,0.0328315022421524,0.0374094730941704,0.95347533632287,20200717T105619_20200717T105953_T30TWM,0.0,2020-07-17 11:09:35.843000+00:00,0.04015993210961333,1.083680466054892,0.00648660687593414,0.06695765596503736,0.0035121076233183,0.0419704596412556,-0.08555742547395671,-0.008604034984696474,-0.00648660687593414,1.4533711384127994,0.7456323009402539,-0.12217537039132569,-0.011270151345291406,65.5,65.85,,,24.3,0.9,1,che_aquadam_el_val,2020
0.0144704035874439,0.0206066704035874,0.0188252242152466,0.037244562780269,0.0139780829596412,0.0165565582959641,0.0076887331838565,0.0103414798206278,0.0095161434977578,0.0100113789237668,0.95347533632287,20200727T105619_20200727T110643_T30TWM,0.0,2020-07-27 11:09:37.003000+00:00,0.08444426494938974,1.1844655911520707,0.005932795216741406,0.08566434440159969,0.0025784753363229003,0.0139780829596412,-0.07957832017874904,-0.005703484411701895,-0.005932795216741406,2.664497190909863,0.4445362506640901,-0.18991642350830443,-0.01292247757847535,84.6,81.56666666666666,,,25.3,68.1,1,che_aquadam_el_val,2020
0.0133653587443946,0.0092906390134529,0.0110338004484304,0.0345362107623318,0.0079605381165919,0.0096963004484304,0.000114293721973,0.0001905623787976,0.0001512331838565,0.0003302955665024,1.0,20200801T105631_20200801T110247_T30TWM,0.0028612624338683,2020-08-01 11:09:40.380000+00:00,0.09830538606594023,1.2180458539882755,0.00592042600896858,0.0025701835814231065,0.0017357623318384995,0.0079605381165919,-0.1713693880086448,-0.00805843494198873,-0.00592042600896858,4.338426656151429,0.28075750739296595,-0.9627126608344739,-0.0141557174887892,118.3,112.85,,,25.7,77.1,1,che_aquadam_el_val,2020
0.0212507847533632,0.0087438901345291,0.0130095852017937,0.0340478139013452,0.0075703475336322,0.0096744394618834,0.0,0.0,0.0,0.0,1.0,20200801T105631_20200801T110247_T30TXM,0.0,2020-08-01 11:09:36.660000+00:00,0.12201321644612693,1.2779386176002505,0.00614161061285504,0.0,0.0021040919282511996,0.0075703475336322,-0.16087475461701048,-0.007790153925546222,-0.00614161061285504,4.497523231276187,0.28414274966126885,-1.0,-0.014290779147982102,118.3,112.85,,,25.7,77.1,1,che_aquadam_el_val,2020
0.0233028026905829,0.0307829035874439,0.0317940022421524,0.048677466367713,0.0286956278026905,0.0322967488789237,0.0173580717488789,0.0180150224215246,0.0138973094170403,0.0175759529147982,0.95347533632287,20200806T105619_20200806T105752_T30TWM,0.0028612624338683,2020-08-06 11:09:37.759000+00:00,0.05904215038268441,1.125493719844511,0.009647817638266052,0.06744731493751886,0.003601121076233199,0.0286956278026905,-0.18389521952673793,-0.015189268453270678,-0.009647817638266052,1.6963373898775271,0.6634845913086722,-0.3474359682993407,-0.011791479820627851,98.3,95.8,,,24.3,64.2,1,che_aquadam_el_val,2020
0.0040001121076233,0.0072381726457399,0.0083223094170403,0.0221290919282511,0.0035813340807174,0.0045845852017937,0.0001155737704918,0.0001080956761729,0.0001,0.0001108072916666,1.0,20200816T105629_20200816T110528_T30TWM,0.0014306312169341,2020-08-16 11:09:38.045000+00:00,0.12285831960462272,1.280133352115347,0.0028516566198632867,0.007061940463405653,0.0010032511210763002,0.0035813340807174,-0.11432426512140491,-0.0041662657484517725,-0.0028516566198632867,6.179007997996735,0.20717457438643427,-0.9456718690521495,-0.009775504484305,71.7,71.6,,,24.1,59.3,1,che_aquadam_el_val,2020
0.0118424887892376,0.0074196748878923,0.0117781390134529,0.0240726457399103,0.0046684977578475,0.0055631165919282,0.0001379276637341,0.0001869674185463,0.0001,0.0001115226337448,1.0,20200816T105629_20200816T110528_T30TXM,0.0014306312169341,2020-08-16 11:09:34.336000+00:00,0.08743672342383704,1.1916288451840622,0.003310922884274513,0.00475109922352718,0.0008946188340807001,0.0046684977578475,-0.1274308997495215,-0.005083797601252716,-0.003310922884274513,5.156400835674698,0.23109701575947045,-0.9580580698248498,-0.010149383408071751,71.7,71.6,,,24.1,59.3,1,che_aquadam_el_val,2020
0.020227466367713,0.012527466367713,0.0170427690582959,0.0325961322869955,0.0136409192825112,0.0191571188340807,0.0068827914798206,0.0077890695067264,0.0052683295964125,0.0072563340807174,1.0,20200821T105631_20200821T105936_T30TWM,0.0028612624338683,2020-08-21 11:09:40.195000+00:00,0.16818687544542368,1.4043862028156513,0.009120534379671155,0.14528833565228194,0.005516199551569501,0.0136409192825112,-0.16866992337035075,-0.008164038187771418,-0.009120534379671155,2.3895847202018463,0.5877114089920292,-0.4427774862824303,-0.012235706278026899,102.2,72.35,,,24.0,71.7,1,che_aquadam_el_val,2020
0.0240817264573991,0.0112364910313901,0.0161620515695067,0.030931894618834,0.0111655829596412,0.0150983183856502,0.0020435190983093,0.0032793888166449,0.0011946748878923,0.0029497197309417,1.0,20200821T105631_20200821T105936_T30TXM,0.0028612624338683,2020-08-21 11:09:36.477000+00:00,0.14973919427678867,1.3522194443607785,0.00879783615205268,0.047672008429178736,0.003932735426009,0.0111655829596412,-0.21172377510843318,-0.009984189266139965,-0.00879783615205268,2.7702892657409426,0.4881148914963988,-0.8066909440516732,-0.011849523542600899,102.2,72.35,,,24.0,71.7,1,che_aquadam_el_val,2020
0.0016985428051001,0.0050286995515695,0.0050642376681614,0.019226961883408,0.0002977578475336,0.0005755481727574,0.0001006016847172,0.0001,0.0001,0.0001002802690582,1.0,20200826T105619_20200826T110907_T30TWM,0.0014306312169341,2020-08-26 11:09:37.922000+00:00,0.31809047317827455,1.9329403994715981,0.00038294027872588,0.16307127773150176,0.0002777903252238,0.0002977578475336,-0.00814113140496692,-0.0010838707381308004,-0.00038294027872588,64.57247740964532,0.029934431463874284,-0.49718151071021854,-0.0096034971805491,57.4,45.849999999999994,,,23.8,63.2,1,che_aquadam_el_val,2020
0.0087690582959641,0.0057571748878923,0.0109106502242152,0.0230689461883408,0.0030537556053811,0.0040915358744394,0.0001,0.0001388071262587,0.0001,0.0001,1.0,20200826T105619_20200826T110907_T30TXM,0.0014306312169341,2020-08-26 11:09:34.211000+00:00,0.14523973892306077,1.339837368527331,0.0026131165919282195,0.008305863102664202,0.0010377802690582998,0.0030537556053811,-0.08692733043437914,-0.003460110328137166,-0.0026131165919282195,7.55428697296222,0.1773611954804979,-0.936583545136234,-0.010526485426009001,57.4,45.849999999999994,,,23.8,63.2,1,che_aquadam_el_val,2020
0.0005808295964125,0.0049675448430493,0.0001980381165919,0.0121913116591928,0.0001413116591928,0.0001944178628389,0.0001,0.0001,0.0001,0.0001,1.0,20200831T105621_20200831T110453_T30TWM,0.0028612624338683,2020-08-31 11:09:39.439000+00:00,0.15818151267938133,1.3758090730053916,7.513908854892665e-05,0.1932996626533218,5.3106203646099986e-05,0.0001413116591928,-0.0033344493407995225,-0.0009452727952167156,-7.513908854892665e-05,86.27251090838485,0.015947247373690108,-0.1711962833913191,-0.00605155310182305,25.8,34.05,,,22.6,54.3,1,che_aquadam_el_val,2020
0.0063885650224215,0.005194394618834,0.0033281390134529,0.0149917040358744,0.0006190022421524,0.0008322869955156,0.0,0.0,0.0,0.0,1.0,20200831T105621_20200831T110453_T30TXM,0.0,2020-08-31 11:09:35.721000+00:00,0.14696226487968445,1.344562166078049,0.0005434192825111467,0.0,0.00021328475336319995,0.0006190022421524,-0.03378862146830071,-0.0014759804968324458,-0.0005434192825111467,24.219143348730235,0.05551650389602,-1.0,-0.0072929932735426,25.8,34.05,,,22.6,54.3,1,che_aquadam_el_val,2020
0.0031052823315118,0.0066114349775784,0.0078176569506726,0.0158225896860986,0.0021714686098654,0.0009502943100065,0.0001,0.0001423127463863,0.0001,0.0001,1.0,20200905T105619_20200905T105926_T30TWM,0.0042918936508025,2020-09-05 11:09:37.402000+00:00,-0.3911809868985856,0.43762746819785003,-0.00011639104126401974,-0.059178775025844725,-0.0012211742998589,0.0021714686098654,-0.08762466152291898,-0.0029030813581037086,0.00011639104126401974,7.286584578848401,0.060059341034508974,-0.9119512375687855,-0.0062149733881871495,19.0,30.1,,,22.1,54.4,1,che_aquadam_el_val,2020
0.0157143497757847,0.0081382286995515,0.0167334080717488,0.0225853699551569,0.0074938340807174,0.0071909192825112,0.0001638325703073,0.0002134074558534,0.0001324465008675,0.0001142324888226,1.0,20200905T105619_20200905T105926_T30TXM,0.0042918936508025,2020-09-05 11:09:33.692000+00:00,-0.02062784377194343,0.9595781285062557,0.0036064193406791867,-0.0009209419329122056,-0.0003029147982062004,0.0074938340807174,-0.1872232034986573,-0.007482083714806129,-0.0036064193406791867,3.013860423367521,0.3183883769355438,-0.9652657676437143,-0.007394310538116649,19.0,30.1,,,22.1,54.4,1,che_aquadam_el_val,2020
0.0146727578475336,0.0115006165919282,0.0135372757847533,0.0232304372197309,0.0135813901345291,0.0238855941704035,0.0111380605381165,0.010554428251121,0.0090434417040358,0.0098995515695067,1.0,20200910T105631_20200910T110450_T30TWM,0.0032371537732197,2020-09-10 11:09:38.232000+00:00,0.27502090779475497,1.758700245984184,0.011607313153961121,0.3537885308512286,0.0103042040358744,0.0135813901345291,-0.12342210215630903,-0.004148216243149006,-0.011607313153961121,1.7104609314381025,1.0282025234598744,-0.2005737970948448,-0.0099766255605381,71.2,82.35,,,22.1,7.3,1,che_aquadam_el_val,2020
0.0148452914798206,0.0095664798206278,0.009414293721973,0.0185670403587444,0.0086049887892376,0.0186184977578475,0.0034255605381165,0.0022803251121076,0.0015936659192825,0.0024554372197309,1.0,20200910T105631_20200910T110450_T30TXM,0.0032371537732197,2020-09-10 11:09:34.510000+00:00,0.36782610307062513,2.163686463035717,0.012775870702541155,0.214103118219371,0.010013508968609901,0.0086049887892376,-0.25057142914378655,-0.007191411666310724,-0.012775870702541155,2.157706513454904,1.0027714378871841,-0.687475267115156,-0.00998778026905835,71.2,82.35,,,22.1,7.3,1,che_aquadam_el_val,2020
0.0028301569506726,0.0058834080717488,0.0066820067264574,0.0196146860986547,0.0080333520179372,0.0086720852017937,0.0009093972780298,0.0013768691588785,0.0004249047981721,0.0007198762035763,1.0,20200930T105851_20200930T110452_T30TWM,0.0028612624338683,2020-09-30 11:09:40.181000+00:00,0.03823504739535272,1.079510169905453,0.004438175711807113,0.008337825379385136,0.0006387331838565002,0.0080333520179372,-0.2893309539098921,-0.0072057593060345735,-0.004438175711807113,2.4416564909465217,0.44212204866171606,-0.8995289910415486,-0.006110033632287001,2.6,7.55,,,18.9,8.5,1,che_aquadam_el_val,2020
0.01567466367713,0.0063554372197309,0.0136089686098654,0.0239951793721973,0.010947365470852,0.0114406950672645,0.0035950112107623,0.0042927130044843,0.0035828475336322,0.0039375,1.0,20200930T105851_20200930T110452_T30TXM,0.0028612624338683,2020-09-30 11:09:36.462000+00:00,0.022035387816313434,1.0450637733549701,0.004414585201793673,0.014160395802691796,0.0004933295964124999,0.010947365470852,-0.1958432335904193,-0.006504442487009816,-0.004414585201793673,2.191867937184144,0.4767913958801487,-0.506841705276242,-0.006770571748878899,2.6,7.55,,,18.9,8.5,1,che_aquadam_el_val,2020
0.0071161434977578,0.0051867152466367,0.0182965807174887,0.0318077354260089,0.0123632847533632,0.0070000560538116,0.0016085625,0.0011139013452914,0.0012093049327354,0.0009162179908076,1.0,20201030T110211_20201030T110451_T30TWM,0.0057225248677367,2020-10-30 11:09:39.674000+00:00,-0.27697847974479356,0.5661971064694086,0.00037262316890877313,-0.0996847827446815,-0.0053632286995516,0.0123632847533632,-0.2226151493353,-0.009809796960637756,-0.00037262316890877313,2.5727576498111637,0.22007401533174592,-0.8218018873768795,-0.007040610986547048,1.8,1.6,,,15.1,9.7,1,che_aquadam_el_val,2020
0.0141523542600896,0.004724495515695,0.0204726457399103,0.0323015695067264,0.0120017376681614,0.0065963004484304,0.0005572869955156,0.000465637065637,0.0004259369422962,0.0003103256552819,1.0,20201030T110211_20201030T110451_T30TXM,0.0057225248677367,2020-10-30 11:09:35.949000+00:00,-0.29064556088357874,0.5496121170794526,0.0006982698056800934,-0.03805092142962475,-0.005405437219731,0.0120017376681614,-0.21934576709035813,-0.010212761719530224,-0.0006982698056800934,2.691407727767376,0.20420990525109942,-0.9314534769138897,-0.007447197309417002,1.8,1.6,,,15.1,9.7,1,che_aquadam_el_val,2020
0.0050739910313901,0.0056680493273542,0.0277184417040358,0.0403910874439462,0.0138907511210762,0.0074841367713004,0.0012053560176433,0.0022269158878504,0.0015113228699551,0.0016535545023696,1.0,20201204T110429_20201204T110443_T30TWM,0.0059244963336568,2020-12-04 11:09:33.272000+00:00,-0.29972621994713394,0.5387856067729013,0.00035892970538841436,-0.07428078364786375,-0.006406614349775799,0.0138907511210762,-0.18175765426632506,-0.01083930315324936,-0.00035892970538841436,2.90776842028805,0.1852917869984736,-0.8037507324227697,-0.0100468609865471,3.6,3.25,,,12.2,0.6,1,che_aquadam_el_val,2020
0.015314798206278,0.0053117713004484,0.0314005044843049,0.0418113789237668,0.0143428251121076,0.0080593049327354,0.00128175,0.0021204152249134,0.0014589686098654,0.0012172006745362,1.0,20201204T110429_20201204T110443_T30TXM,0.0059244963336568,2020-12-04 11:09:29.568000+00:00,-0.28048762179285147,0.5619049852272187,0.0006823865470851889,-0.06967453023202891,-0.006283520179372198,0.0143428251121076,-0.17598039966311996,-0.01119232578831238,-0.0006823865470851889,2.9151424908940307,0.19275386605712394,-0.815341392814583,-0.010592516816143501,3.6,3.25,,,12.2,0.6,1,che_aquadam_el_val,2020
0.0190378923766816,0.011592264573991,0.0276355381165919,0.0418255605381166,0.0142586322869955,0.0099934977578475,0.0038433856502242,0.0051946188340807,0.0047908071748878,0.0065139013452914,1.0,20201229T110451_20201229T110449_T30TWM,0.0089596786409564,2020-12-29 11:09:34.414000+00:00,-0.17586638869499807,0.7008735169474852,0.0012896636771300264,-0.1150406454700294,-0.004265134529148,0.0142586322869955,-0.13630399310515245,-0.008968410207132255,-0.0012896636771300264,2.9333501065360488,0.23893278725434405,-0.4970133179536442,-0.01165089686098655,5.1,5.25,,,9.6,0.5,1,che_aquadam_el_val,2020
0.0362176008968609,0.0112153587443946,0.0355215807174887,0.0455831278026905,0.016027298206278,0.0116337443946188,0.0049256726457399,0.0060496076233183,0.0053008968609865,0.0068234304932735,1.0,20201229T110451_20201229T110449_T30TXM,0.0089596786409564,2020-12-29 11:09:30.697000+00:00,-0.15883543780510848,0.7258705893462308,0.0015273131539611205,-0.11606510282920086,-0.0043935538116592,0.016027298206278,-0.13225374384549726,-0.009825117446081593,-0.0015273131539611205,2.844093072707369,0.2552204062208327,-0.5029211947594607,-0.012581137892376647,5.1,5.25,,,9.6,0.5,1,che_aquadam_el_val,2020
0.0021001121076233,0.0156577914798206,0.008379596412556,0.0150987107623318,0.0106370515695067,0.010609360986547,0.0080805493273542,0.0100457399103139,0.0119529147982062,0.0123497757847533,1.0,20210227T110011_20210227T110446_T30TWM,0.0014306312169341,2021-02-27 11:09:34.368000+00:00,-0.001303306282255643,0.9973967802281715,0.0013357772795216333,-0.001982725048462243,-2.7690582959699964e-05,0.0106370515695067,0.05604591587024363,0.0003754706740692771,-0.0013357772795216333,1.4194451031539008,0.7026666815166226,0.05824989764394778,-0.002216984304932699,15.8,15.7,,,9.8,23.3,1,che_aquadam_el_val,2021
0.0110959641255605,0.0153140695067264,0.0119557735426009,0.0165289798206278,0.0109259529147982,0.0109741591928251,0.0079744394618834,0.0097112107623318,0.011487331838565,0.0117584080717488,1.0,20210227T110011_20210227T110446_T30TXM,0.0014306312169341,2021-02-27 11:09:30.645000+00:00,0.0022011886418663623,1.0044120891241999,0.0016223467862481274,0.003206071372134714,4.8206278026900404e-05,0.0109259529147982,0.019708049306528,-0.0002605222791657834,-0.0016223467862481274,1.512818144973041,0.6639344540265935,0.02504670466396334,-0.0028256165919282508,15.8,15.7,,,9.8,23.3,1,che_aquadam_el_val,2021
0.0077671524663677,0.0045276345291479,0.0092578475336322,0.0094838565022421,9.753363228699552e-05,0.0,0.0,0.0,0.0,0.0,1.0,20210324T105639_20210324T105857_T30TXM,0.0014306312169341,2021-03-24 11:09:29.779000+00:00,-1.0,0.0,-4.551569506726458e-05,,-9.753363228699552e-05,9.753363228699552e-05,-0.0052040962817629715,-0.0009272985621752285,4.551569506726458e-05,97.23678160919485,0.0,-1.0,-0.004644394618834054,7.0,8.0,,,10.2,1.6,1,che_aquadam_el_val,2021
0.0083987668161435,0.0264727017937219,0.0134985986547085,0.0239830717488789,0.0179306614349775,0.0211255044843049,0.0241181614349775,0.0254478699551569,0.0263819506726457,0.0277789798206278,0.95347533632287,20210329T105631_20210329T110445_T30TWM,0.0,2021-03-29 11:09:32.196000+00:00,0.08180124633662716,1.178177646201896,-0.00010515695067259872,0.2034184432563163,0.0031948430493274026,0.0179306614349775,0.2254779241871601,0.006851351519681154,0.00010515695067259872,1.3375452899966598,0.8808506560587854,0.1907197259584322,-0.0046236266816144025,9.7,10.899999999999999,,,11.4,15.2,1,che_aquadam_el_val,2021
0.0186330717488789,0.0090228699551569,0.0193887331838565,0.0241035313901345,0.0113208520179372,0.010484529147982,0.0070878923766816,0.006944394618834,0.0065413116591928,0.0072096412556053,1.0,20210418T105611_20210418T110258_T30TWM,0.0,2021-04-18 11:09:29.150000+00:00,-0.03835396701353399,0.9261254480996574,0.001421255605381119,-0.04994166794280795,-0.0008363228699552003,0.0113208520179372,-0.10989403300932354,-0.004349124670795073,-0.001421255605381119,2.129126973123924,0.43497896545869974,-0.2675790259868647,-0.00597317825112105,10.4,9.8,,,12.5,0.7,1,che_aquadam_el_val,2021
0.0253301569506726,0.0085923766816143,0.0210804372197309,0.0245548766816143,0.0109362107623318,0.0100432174887892,0.0059537556053811,0.0059028026905829,0.0052428251121076,0.0059202914798206,1.0,20210418T105611_20210418T110258_T30TXM,0.0,2021-04-18 11:09:25.444000+00:00,-0.042565186374651766,0.9183452758044508,0.0017643161434977733,-0.04840602848915389,-0.0008929932735425999,0.0109362107623318,-0.12475833216644917,-0.005254381806534256,-0.0017643161434977733,2.24528195507991,0.4090111149411374,-0.35189894468427185,-0.00636283632286995,10.4,9.8,,,12.5,0.7,1,che_aquadam_el_val,2021
0.0253002242152466,0.0087780829596412,0.0236380044843049,0.0436311098654708,0.0118709641255605,0.0082211322869955,6.289237668161435e-05,0.0001257847533632,0.0,0.0005626121076233,1.0,20210607T105621_20210607T110445_T30TWM,0.0,2021-06-07 11:09:35.288000+00:00,-0.18165510276389774,0.6925412460217784,0.002647806427503738,-0.0023520861961856296,-0.0036498318385650014,0.0118709641255605,-0.17646975495820666,-0.011291662573848631,-0.002647806427503738,3.675447874661209,0.18842363424501415,-1.0,-0.014055156950672647,17.3,20.3,,,20.3,14.6,1,che_aquadam_el_val,2021
0.0334893497757847,0.0094375,0.0274181053811659,0.0459339686098654,0.0137370515695067,0.0104607623318385,0.0006893497757847,0.0008117152466367,0.0002716367713004,0.0014682735426008,1.0,20210607T105621_20210607T110445_T30TXM,0.0,2021-06-07 11:09:31.578000+00:00,-0.13539608375474227,0.7614998224989663,0.003682485052316867,-0.015716831973569306,-0.003276289237668201,0.0137370515695067,-0.18357237996914313,-0.012660101964552663,-0.003682485052316867,3.3438011335583053,0.22773478208873518,-0.9612188143969016,-0.014460313901345249,17.3,20.3,,,20.3,14.6,1,che_aquadam_el_val,2021
0.0536210762331838,0.0604224775784753,0.0731332959641255,0.0897877802690583,0.0675729260089686,0.0684772421524663,0.0533575112107623,0.0557304932735426,0.048122365470852,0.0558038677130044,0.95347533632287,20210612T105619_20210612T105913_T30TWM,0.0028612624338683,2021-06-12 11:09:35.609000+00:00,0.00664693146446284,1.0133828176003163,0.00848587070254106,0.010427900097824645,0.0009043161434977021,0.0675729260089686,-0.11938639854230784,-0.01811127019716706,-0.00848587070254106,1.328753771253612,0.7626565880932484,-0.1681188602347671,-0.011559585201793704,23.5,25.05,,,22.6,47.1,1,che_aquadam_el_val,2021
0.0639318385650224,0.0551454035874439,0.0627233183856502,0.0875312780269058,0.0606360426008968,0.063234697309417,0.050104596412556,0.0511767376681614,0.0434380044843049,0.0493614910313901,0.95347533632287,20210627T105621_20210627T110446_T30TWM,0.0,2021-06-27 11:09:36.177000+00:00,0.020978761492840885,1.04285660140495,0.008215426008968626,0.03395782392223157,0.0025986547085201997,0.0606360426008968,-0.11445931457145593,-0.016169632714072152,-0.008215426008968626,1.443551958082621,0.7224240149901571,-0.16524809593031858,-0.014746945067264601,31.6,31.75,,,21.8,13.4,1,che_aquadam_el_val,2021
0.0500725336322869,0.0421308295964125,0.0563451793721973,0.0769289237668161,0.0454970852017937,0.047057062780269,0.0361556053811659,0.0369139573991031,0.0342711883408071,0.0351845852017937,0.95347533632287,20210702T105619_20210702T105913_T30TWM,0.0,2021-07-02 11:09:35.831000+00:00,0.016854755972445755,1.0342874180083474,0.006542100149476793,0.026344235738587022,0.0015599775784752995,0.0454970852017937,-0.08423164438238441,-0.010595391842835838,-0.006542100149476793,1.6908538959278918,0.6116953218129828,-0.1407313504784748,-0.016495908071748853,27.1,28.200000000000003,,,23.5,32.6,1,che_aquadam_el_val,2021
0.0175312780269058,0.0107780829596412,0.018714966367713,0.0349361547085201,0.0121887331838565,0.0097228139013452,0.0022720852017937,0.0022370515695067,0.0027251121076233,0.0038678251121076,1.0,20210717T105621_20210717T110307_T30TWM,0.0,2021-07-17 11:09:37.816000+00:00,-0.11253971583671041,0.7976886321724301,0.002822959641255527,-0.04727732831871502,-0.0024659192825112995,0.0121887331838565,-0.17639186071780869,-0.009199404050110334,-0.002822959641255527,2.8662662625835202,0.2783023484543374,-0.6345527187169975,-0.010140751121076153,18.9,21.1,,,22.6,90.3,1,che_aquadam_el_val,2021
0.0215260089686098,0.0100025224215246,0.0184562219730941,0.034034360986547,0.0103400224215246,0.0078175448430493,0.0005405829596412,4.92152466367713e-05,0.0006468049327354,0.0009723094170403,1.0,20210717T105621_20210717T110307_T30TXM,0.0,2021-07-17 11:09:34.100000+00:00,-0.13892156045577483,0.756047184847074,0.00270389013452918,-0.016869328859101456,-0.002522477578475301,0.0103400224215246,-0.18466583798930392,-0.009630003203074914,-0.00270389013452918,3.291517135949184,0.2296956551098284,-0.8822581056605736,-0.01058593049327355,18.9,21.1,,,22.6,90.3,1,che_aquadam_el_val,2021
0.0324061659192825,0.032627466367713,0.0420628363228699,0.0635434417040358,0.0329544843049327,0.0357087443946188,0.0183716367713004,0.018257399103139,0.0170941704035874,0.017826961883408,0.95347533632287,20210722T105619_20210722T105914_T30TWM,0.0,2021-07-22 11:09:36.593000+00:00,0.04011259216687671,1.0835777026337454,0.010531778774289988,0.04299952913489485,0.0027542600896860933,0.0329544843049327,-0.15018343793258687,-0.015799062922627963,-0.010531778774289988,1.9282183606958907,0.5619579839716307,-0.31689790652145744,-0.016671608744394592,47.3,39.36666666666667,,,24.0,223.4,1,che_aquadam_el_val,2021
0.0112985426008968,0.0089610986547085,0.0166585762331838,0.0303974775784753,0.0078400224215246,0.0038211883408071,0.0,5.3531390134529154e-05,0.0,0.0003865470852017,1.0,20210806T105621_20210806T110447_T30TWM,0.0,2021-08-06 11:09:37.406000+00:00,-0.34463265973197454,0.4873950781462201,0.0001625112107622867,-0.0,-0.0040188340807175,0.0078400224215246,-0.1666102825558669,-0.008050001779486029,-0.0001625112107622867,3.877218194557675,0.12570741539136504,-1.0,-0.009269310538116601,10.1,11.8,,,23.5,663.2,1,che_aquadam_el_val,2021
0.0190109865470852,0.0088367152466367,0.0195237107623318,0.0318556614349775,0.0084643497757847,0.0047145179372197,3.211883408071749e-05,8.565022421524665e-05,0.0,0.0004048766816143,1.0,20210806T105621_20210806T110447_T30TXM,0.0,2021-08-06 11:09:33.689000+00:00,-0.28453368834295306,0.5569852454239621,0.0007473579970104574,-0.0030181489575430275,-0.003749831838565,0.0084643497757847,-0.16474217986314693,-0.008534094419531582,-0.0007473579970104574,3.7635095759052883,0.14799623441637794,-1.0,-0.009820739910313899,10.1,11.8,,,23.5,663.2,1,che_aquadam_el_val,2021
0.0174091928251121,0.0653088565022421,0.0324321748878923,0.0459777466367713,0.040589630044843,0.0467367152466367,0.0449961883408071,0.0507188340807175,0.0501215246636771,0.0545817825112107,0.95347533632287,20210811T105619_20210811T110659_T30TWM,0.0,2021-08-11 11:09:35.131000+00:00,0.07039210425302735,1.1514447211024705,0.0037969207772795177,0.1458047523876455,0.006147085201793703,0.040589630044843,0.12156490445964636,0.0049019442664958585,-0.0037969207772795177,1.1327461370299647,1.0165073033235257,0.10507963049817524,-0.005767600896861007,27.8,26.4,,,23.7,0.4,1,che_aquadam_el_val,2021
0.0017332499999999,0.0091756165919282,0.0002858744394618,0.0069830156950672,0.0027989910313901,0.0124232623318385,0.0001005952380952,0.0002811654526534,0.0001,0.0001518497757847,1.0,20210816T105621_20210816T110306_T30TWM,0.0075290474240222,2021-08-16 11:09:36.992000+00:00,0.6322501058678422,4.438478792005479,0.011063415723539013,0.02784249285959483,0.0096242713004484,0.0027989910313901,-0.3713071708938391,-0.00389334312050676,-0.011063415723539013,2.4948331797973404,1.7790683673551368,-0.931010479910282,-0.00690414798206275,250.1,195.3,,,25.1,76.4,1,che_aquadam_el_val,2021
0.0135487668161434,0.0105239349775784,0.0067263452914798,0.0124810538116591,0.007026961883408,0.0173855381165919,0.0043048766816143,0.0041354820627802,0.0016082959641255,0.0021890695067264,1.0,20210816T105621_20210816T110306_T30TXM,0.0,2021-08-16 11:09:33.280000+00:00,0.42431443863528684,2.4741187450642754,0.01181035500747387,0.3650102383372028,0.010358576233183897,0.007026961883408,-0.28211346524251557,-0.006073654530571559,-0.01181035500747387,1.7761664313462768,1.3929543433545095,-0.6275048197698279,-0.0079063340807175,250.1,195.3,,,25.1,76.4,1,che_aquadam_el_val,2021
0.0032942825112107,0.0109484865470852,0.0076067825112107,0.0089446748878923,0.0034899103139013,0.0048006165919282,0.0001280308880308,0.0004316479400749,0.0001,0.0001005882352941,1.0,20210821T105619_20210821T110740_T30TWM,0.0057225248677367,2021-08-21 11:09:33.600000+00:00,0.15809686078037744,1.3755701895277899,0.0031037086384911663,0.010016335185773564,0.0013107062780268997,0.0034899103139013,-0.20481038208061456,-0.0047869134813865385,-0.0031037086384911663,2.5630099582396513,0.5367010709831853,-0.944288301792517,-0.0033827354260089495,17.6,94.64999999999999,,,24.3,0.6,1,che_aquadam_el_val,2021
0.0133061659192825,0.0106107623318385,0.0099915358744394,0.0094925448430493,0.0034712443946188,0.0052294843049327,0.0,7.023542600896861e-05,0.0,0.0,1.0,20210821T105619_20210821T110740_T30TXM,0.0,2021-08-21 11:09:29.891000+00:00,0.20207961551594328,1.5065157362701291,0.0036095702541105936,0.0,0.0017582399103139002,0.0034712443946188,-0.17815797650145476,-0.004808487436828204,-0.0036095702541105936,2.7346230238829783,0.5509043561444822,-1.0,-0.0038897701793722005,17.6,94.64999999999999,,,24.3,0.6,1,che_aquadam_el_val,2021
0.00937466367713,0.0123694506726457,0.0071671524663677,0.0137460762331838,0.0104366591928251,0.0372311659192825,0.0165400784753363,0.0153802130044843,0.0106418721973094,0.0092482623318385,1.0,20210905T105621_20210905T110445_T30TWM,0.0,2021-09-05 11:09:35.203000+00:00,0.5621088577765133,3.567345185026052,0.02353934977578476,1.1405522707956612,0.0267945067264574,0.0104366591928251,0.00981259314056563,-0.0001568019076090832,-0.02353934977578476,1.3170954401417867,2.708494066794448,0.009735640528559132,-0.01505196188340805,135.0,120.6,,,22.3,117.7,1,che_aquadam_el_val,2021
0.0188337443946188,0.0126497757847533,0.0112705717488789,0.0167341367713004,0.0117061098654708,0.0395230381165919,0.0182959080717488,0.0169192825112107,0.011784360986547,0.0102673206278026,1.0,20210905T105621_20210905T110445_T30TXM,0.0089596786409564,2021-09-05 11:09:31.489000+00:00,0.542990257438224,3.3762743192059004,0.024302369207772834,1.1000190918824433,0.0278169282511211,0.0117061098654708,0.0027942130167080232,-9.849900348782477e-05,-0.024302369207772834,1.4295215886073849,2.3618211477974307,0.003331185720761209,-0.01642247757847535,135.0,120.6,,,22.3,117.7,1,che_aquadam_el_val,2021
0.0,0.0045911434977578,0.0002590246636771,0.001732062780269,1.0033632286995516e-05,0.0196263452914798,0.0027891816143497,0.0022180493273542,0.0004963004484304,0.0,1.0,20210930T105749_20210930T105914_T30TWM,0.0,2021-09-30 11:09:33.906000+00:00,0.9989780567663774,1956.0558659217854,0.018134099402092693,277.8411260614496,0.019616311659192802,1.0033632286995516e-05,0.24422172799185612,-0.0003717823332622382,-0.018134099402092693,172.62569832401653,11.331197411003606,0.9603675412376768,-0.010669170403587403,86.1,54.699999999999996,,,20.1,6.3,1,che_aquadam_el_val,2021
0.0037411434977578,0.0050979260089686,0.0051292600896861,0.0058143497757847,0.0018026345291479,0.022214293721973,0.005914798206278,0.0051153026905829,0.0024387892376681,0.0004241610738255,1.0,20210930T105749_20210930T105914_T30TXM,0.0071531560846709,2021-09-30 11:09:30.190000+00:00,0.8498863376448844,12.323237662863159,0.018218505231689046,3.014935638098425,0.0204116591928251,0.0018026345291479,0.05813024370755309,1.8941383728386055e-05,-0.018218505231689046,3.22547342890027,3.820598102730236,0.1499861234091579,-0.01221168721973095,86.1,54.699999999999996,,,20.1,6.3,1,che_aquadam_el_val,2021
0.0003248878923766,0.0063205156950672,0.0040801569506726,0.0128875560538116,0.0049435538116591,0.0045424887892376,5.952914798206278e-05,5.582959641255606e-05,5.21061742642816e-05,0.0002282511210762,1.0,20211015T110021_20211015T110451_T30TWM,0.0,2021-10-15 11:09:39.955000+00:00,-0.042279487800696604,0.9188711122197941,0.0022037481315395862,-0.0010631910810061946,-0.00040106502242150035,0.0049435538116591,-0.2882797249164996,-0.005149354783810939,-0.0022037481315395862,2.6069415940040965,0.3524709239106759,-0.9791394232549434,-0.0037714686098654993,3.7,8.45,,,18.4,0.8,1,che_aquadam_el_val,2021
0.0075535874439461,0.0061836322869955,0.0076782511210762,0.0153357623318385,0.005637331838565,0.0053912556053811,0.0003257479601087,0.0002975134408602,0.0002427906976744,0.0004734502191609,1.0,20211015T110021_20211015T110451_T30TXM,0.0089596786409564,2021-10-15 11:09:36.230000+00:00,-0.022312579415506083,0.9563488117728866,0.0025867685019927925,-0.0026374719661057446,-0.0002460762331839006,0.005637331838565,-0.23440245013880392,-0.005496864082025202,-0.0025867685019927925,2.7203937555931184,0.35154793669358975,-0.9174198509714475,-0.0047261771300448,3.7,8.45,,,18.4,0.8,1,che_aquadam_el_val,2021
0.0,0.0053294843049327,0.0051404147982062,0.0183509529147982,0.0055997197309417,0.003264798206278,0.0,0.0,0.0,0.0,1.0,20211025T110131_20211025T110451_T30TWM,0.0,2021-10-25 11:09:39.639000+00:00,-0.2634008460696999,0.5830288591477348,0.0006515956651718733,-0.0,-0.0023349215246637,0.0055997197309417,-0.23837350806278496,-0.005549104206705094,-0.0006515956651718733,3.277119891090002,0.17790891957688304,-1.0,-0.0052081558295964,4.6,7.95,,,17.3,0.7,1,che_aquadam_el_val,2021
0.0067772421524663,0.0053269058295964,0.008602466367713,0.0201509529147982,0.0062286434977578,0.0038919843049327,0.0,0.0,0.0,0.0,1.0,20211025T110131_20211025T110451_T30TXM,0.0,2021-10-25 11:09:35.914000+00:00,-0.2308808542691309,0.6248526354628812,0.00098528400597906,-0.0,-0.0023366591928251,0.0062286434977578,-0.2166227062096323,-0.006059746601181538,-0.00098528400597906,3.2352073002817034,0.19314145198932772,-1.0,-0.00579282511210765,4.6,7.95,,,17.3,0.7,1,che_aquadam_el_val,2021
0.0,0.0061511210762331,0.008787331838565,0.0138975896860986,0.0035201233183856,0.0009741591928251,0.0,1.973094170403588e-05,6.519058295964126e-05,9.344170403587446e-05,1.0,20211109T110159_20211109T110323_T30TWM,0.0,2021-11-09 11:09:34.486000+00:00,-0.5664895607273809,0.2767400754789094,-0.0006685650224215133,-0.0,-0.0025459641255605,0.0035201233183856,-0.15230084581380066,-0.003947722791657713,0.0006685650224215133,3.9480405738945294,0.0700955500074611,-0.9636346580782335,-0.00391575112107625,2.3,2.5,,,14.9,31.3,1,che_aquadam_el_val,2021
0.001629932735426,0.0060464125560538,0.0114258968609865,0.0151946188340807,0.0036201233183856,0.0005818385650224,0.0,0.0,0.0,0.0,1.0,20211109T110159_20211109T110323_T30TXM,0.0,2021-11-09 11:09:30.766000+00:00,-0.7230633779331191,0.16072341018533917,-0.00110755231689088,-0.0,-0.0030382847533632,0.0036201233183856,-0.13598997704828125,-0.004074571143853612,0.00110755231689088,4.197265534273779,0.03829240939676406,-1.0,-0.004268105381165951,2.3,2.5,,,14.9,31.3,1,che_aquadam_el_val,2021
0.0209982062780269,0.0039262892376681,0.0263648542600896,0.0305031950672645,0.0100689461883408,0.0034928251121076,0.0001329799764428,0.00074721352536,0.0005834080717488,0.0010515748031496,1.0,20211214T110451_20211214T110447_T30TWM,0.0089596786409564,2021-12-14 11:09:34.228000+00:00,-0.4849013399905786,0.34689083115292335,-0.0012769390965542667,-0.02486538521118644,-0.0065761210762332,0.0100689461883408,-0.16679907661311957,-0.008335008719481875,0.0012769390965542667,3.029432722819123,0.1145068608191815,-0.8904640124606796,-0.006929063901345251,2.3,2.0999999999999996,,,10.2,0.7,1,che_aquadam_el_val,2021
0.0223577354260089,0.0026403587443946,0.0227309977578475,0.0263769058295964,0.0051016816143497,0.0001513412816691,0.0001,0.0001048171793383,0.0001,0.0001,1.0,20211214T110451_20211214T110447_T30TXM,0.0089596786409564,2021-12-14 11:09:30.514000+00:00,-0.9423793557862467,0.029664979728138356,-0.002282776805027427,-0.6411568671616313,-0.0049503403326806,0.0051016816143497,-0.10185084780586214,-0.004540671933945411,0.002282776805027427,5.170237545872138,0.0057376434767146345,-0.9615508954934368,-0.008162441941283051,2.3,2.0999999999999996,,,10.2,0.7,1,che_aquadam_el_val,2021
0.0110062780269058,0.0123744394618834,0.024369899103139,0.0288756726457399,0.01165,0.0088903026905829,0.0057302690582959,0.0067762892376681,0.0071253923766816,0.0066780269058295,1.0,20211229T110349_20211229T110440_T30TXM,0.0057225248677367,2021-12-29 11:09:26.511000+00:00,-0.13435524057210396,0.7631161107796481,0.0003974925261584208,-0.15268416251406355,-0.0027596973094170998,0.01165,-0.08497622383806344,-0.004660296284433069,-0.0003974925261584208,2.47859851036394,0.3078820985281709,-0.2409860487889355,-0.007232987668161401,2.5,2.6,,,9.5,5.2,1,che_aquadam_el_val,2021
0.0001,0.0046366031390134,0.0001,0.0001,0.0001,0.0001,0.0001,0.0001,0.0001,0.0001,1.0,20220103T110441_20220103T110448_T30TWM,0.0075290474240222,2022-01-03 11:09:36.205000+00:00,0.0,1.0,0.0,0.0,0.0,0.0001,0.0,-0.0008497129688945734,-0.0,1.0,1.0,0.0,0.0,3.4,2.95,,,9.4,10.6,1,che_aquadam_el_val,2022
0.0,0.0043871076233183,0.0018964125560538,0.012226961883408,0.0004715807174887,0.0,0.0,0.0,9.433856502242151e-05,0.0002509529147982,1.0,20220113T110421_20220113T110448_T30TWM,0.0,2022-01-13 11:09:35.518000+00:00,-1.0,0.0,-0.00022007100149472667,,-0.0004715807174887,0.0004715807174887,-0.02671048297156484,-0.0011106265570502353,0.00022007100149472667,25.927612029007488,0.0,-0.6666006339143691,-0.0056419002242153,1.8,2.25,,,8.9,44.3,1,che_aquadam_el_val,2022
0.0,0.0043658632286995,0.0074880605381165,0.0153787556053811,0.0015864910313901,0.0,0.0,0.0,0.0001153026905829,0.000267432735426,1.0,20220113T110421_20220113T110448_T30TXM,0.0,2022-01-13 11:09:31.803000+00:00,-1.0,0.0,-0.00074036248131538,,-0.0015864910313901,0.0015864910313901,-0.06433726197713566,-0.001991769165065151,0.00074036248131538,9.69356605306875,0.0,-0.8644927536232511,-0.006102886771300451,1.8,2.25,,,8.9,44.3,1,che_aquadam_el_val,2022
0.0007039237668161,0.0030517376681614,0.0184584080717488,0.0246538116591928,0.0054332959641255,0.0003590945194598,0.0001,0.0001468602825745,0.0002543337645536,0.0001440582959641,1.0,20220118T110259_20220118T110424_T30TWM,0.0,2022-01-18 11:09:29.932000+00:00,-0.8760116326834609,0.0660914704133179,-0.002229776930465434,-0.2600731782238274,-0.0050742014446657005,0.0054332959641255,-0.1201274773577702,-0.004732892550486561,0.002229776930465434,4.537542556484106,0.014565476706961964,-0.9105659908657006,-0.007073157125200799,2.5,2.25,,,8.5,71.6,1,che_aquadam_el_val,2022
0.0092550448430493,0.0032685538116591,0.0236126121076233,0.0278205717488789,0.0062889013452914,0.000827130044843,0.0,0.0,4.187219730941704e-05,0.0,1.0,20220118T110259_20220118T110424_T30TXM,0.0,2022-01-18 11:09:26.224000+00:00,-0.7675305238282886,0.1315221847870591,-0.0021076905829596534,-0.0,-0.0054617713004484,0.0062889013452914,-0.12145911801631996,-0.005681313260730219,0.0021076905829596534,4.4237570636576455,0.029730878729202655,-0.9867718543310222,-0.00803494955156955,2.5,2.25,,,8.5,71.6,1,che_aquadam_el_val,2022
0.0087915919282511,0.0048887331838565,0.0215037556053811,0.0321857623318385,0.0102387892376681,0.0064369394618834,0.0012535874439461,0.0024710762331838,0.0027611175115207,0.0028761771300448,1.0,20220123T110341_20220123T110341_T30TWM,0.0018065225562855,2022-01-23 11:09:34.566000+00:00,-0.22798702499201445,0.6286817037118172,0.000990257847533699,-0.07231386230842812,-0.0038018497757847007,0.0102387892376681,-0.13927619418917517,-0.0064755977351160215,-0.000990257847533699,3.143512536953916,0.1999933820276772,-0.5752096434548664,-0.009072561659192851,2.3,2.45,,,8.1,0.7,1,che_aquadam_el_val,2022
0.0176609865470852,0.0048881165919282,0.0257960762331838,0.0343951233183856,0.0110995515695067,0.007054428251121,0.0018699551569506,0.0025824551569506,0.0028122757847533,0.002954260089686,1.0,20220123T110341_20220123T110341_T30TXM,0.0018065225562855,2022-01-23 11:09:30.854000+00:00,-0.22282294892656956,0.6355597527472474,0.0008773281016442201,-0.09660413225442376,-0.0040451233183857,0.0110995515695067,-0.1376825158244802,-0.0071238641540323465,-0.0008773281016442201,3.098784946670979,0.205099664444294,-0.5957000165198081,-0.009625224215246602,2.3,2.45,,,8.1,0.7,1,che_aquadam_el_val,2022
0.0030118834080717,0.0041635089686098,0.0213721412556053,0.0299905269058296,0.0060015134529147,0.0022860986547085,0.0,1.048206278026906e-05,0.0,0.0,1.0,20220128T110219_20220128T110707_T30TWM,0.0010098573296006,2022-01-28 11:09:28.362000+00:00,-0.44830944667266065,0.38092035828033205,-0.0005146076233183599,-0.0,-0.0037154147982061997,0.0060015134529147,-0.1168458272855239,-0.005657252295536957,0.0005146076233183599,4.997160656411489,0.0762273587885555,-1.0,-0.01013679932735435,1.9,2.5666666666666664,,,7.9,0.4,1,che_aquadam_el_val,2022
0.0,0.0032090246636771,0.0043844170403587,0.0144452354260089,1.0599078341013824e-05,0.0,0.0,0.0,0.0,0.0,1.0,20220202T110251_20220202T110906_T30TWM,0.0,2022-02-02 11:09:34.492000+00:00,-1.0,0.0,-4.9462365591397845e-06,,-1.0599078341013824e-05,1.0599078341013824e-05,-0.0005628929349569922,-0.0006096692673404712,4.9462365591397845e-06,1362.8765597582312,0.0,-1.0,-0.007212018634663436,6.2,4.35,,,7.9,0.6,1,che_aquadam_el_val,2022
0.0066363228699551,0.0036510089686098,0.0128214125560538,0.0200456278026905,0.0032608744394618,1.4013452914798208e-06,0.0,0.0,2.096412556053812e-05,3.0100896860986545e-05,1.0,20220202T110251_20220202T110906_T30TXM,0.0,2022-02-02 11:09:30.776000+00:00,-0.9991408787092563,0.00042974524701757907,-0.0015203400597906935,-0.0,-0.00325947309417032,0.0032608744394618,-0.0985762721114401,-0.0033129831304718393,0.0015203400597906935,6.147316670677754,6.99077776597116e-05,-0.9872241579558649,-0.006762640134529191,6.2,4.35,,,7.9,0.6,1,che_aquadam_el_val,2022
0.0,0.0079753923766816,0.0070330156950672,0.0085621076233183,0.0006264013452914,0.0,0.0,3.828475336322871e-05,0.0004235986547085,0.0004613789237668,1.0,20220217T110009_20220217T110131_T30TWM,0.0,2022-02-17 11:09:28.033000+00:00,-1.0,0.0,-0.00029232062780265334,,-0.0006264013452914,0.0006264013452914,-0.01300423769934609,-0.001579280375827414,0.00029232062780265334,13.668724832216371,0.0,-0.19314541960278034,-0.0036546524663677504,2.8,3.05,,,8.3,0.5,1,che_aquadam_el_val,2022
0.0107863228699551,0.0093093049327354,0.0165184417040358,0.0154982062780269,0.0055235986547085,0.0045651345291479,0.0043183295964125,0.0051692825112107,0.005132230941704,0.0047341367713004,1.0,20220217T110009_20220217T110131_T30TXM,0.0,2022-02-17 11:09:24.323000+00:00,-0.09500341698938942,0.8264783186693745,-0.0003156539611360667,-0.16414057621411715,-0.0009584641255606001,0.0055235986547085,-0.012223881563859012,-0.0011004365079365225,0.0003156539611360667,2.8058168681056705,0.2945588958652765,-0.036728037874804415,-0.0045080717488789005,2.8,3.05,,,8.3,0.5,1,che_aquadam_el_val,2022
0.0,0.0054554372197309,0.0039166479820627,0.0087588004484304,0.0005454596412556,0.0,0.0,0.0,1.048206278026906e-05,0.0002584641255605,1.0,20220222T110051_20220222T110705_T30TWM,0.0028780933893617,2022-02-22 11:09:36.713000+00:00,-1.0,0.0,-0.0002545478325859467,,-0.0005454596412556,0.0005454596412556,-0.04220581081678697,-0.0014546241725389584,0.0002545478325859467,16.05765080670022,0.0,-0.9622907844323448,-0.0038339405829595995,3.1,2.95,,,8.4,0.9,1,che_aquadam_el_val,2022
0.0420042600896861,0.0179420403587443,0.0424305493273542,0.0353967488789237,0.0193170403587443,0.0177844730941704,0.0169892376681614,0.0168688340807174,0.0170769058295964,0.0156794843049327,1.0,20220227T105859_20220227T110043_T30TXM,0.003203491862233,2022-02-27 11:09:26.989000+00:00,-0.041307405600013364,0.9206624184599714,-0.00029107249626301947,-0.07578998948484478,-0.0015325672645738996,0.0193170403587443,-0.028783403520067218,-0.0019825948466082183,0.00029107249626301947,1.8324105671239932,0.502432388776807,-0.06155239438875574,-0.007273570627802754,4.1,3.8,,,8.3,0.6,1,che_aquadam_el_val,2022
0.0054732062780269,0.009064966367713,0.0092587443946188,0.0087456838565022,0.0070393497757847,0.0234644058295964,0.0153553251121076,0.0139298206278026,0.0115614910313901,0.0074555493273542,1.0,20220418T105619_20220418T105908_T30TWM,0.0,2022-04-18 11:09:30.192000+00:00,0.5384601249202964,3.3333200617923184,0.011989869207772818,1.526946320295566,0.0164250560538117,0.0070393497757847,0.2511682788551667,0.004142740052672799,-0.011989869207772818,1.2423993884473923,2.6829698185524045,0.24311488402508666,-0.009065695067264599,137.1,121.0,,,15.5,55.8,1,che_aquadam_el_val,2022
0.011439798206278,0.009054428251121,0.0116153587443946,0.0098138452914798,0.0072971412556053,0.0240354820627802,0.0152865470852017,0.0137255044843049,0.0112266255605381,0.0069811659192825,1.0,20220418T105619_20220418T105908_T30TXM,0.0,2022-04-18 11:09:26.482000+00:00,0.5342144715138837,3.293821679046893,0.012477324364723489,1.4588687262530737,0.0167383408071749,0.0072971412556053,0.18337052082543492,0.0036003416613282725,-0.012477324364723489,1.3448890391071016,2.449140102468027,0.21213203253607515,-0.0096275224215247,137.1,121.0,,,15.5,55.8,1,che_aquadam_el_val,2022
0.0256692825112107,0.0218907511210762,0.0197988789237668,0.0251669843049327,0.0202930493273542,0.0246671524663677,0.0119736547085201,0.0128067825112107,0.0102146860986547,0.0123474215246636,0.95347533632287,20220513T105621_20220513T105916_T30TWM,0.0,2022-05-13 11:09:38.204000+00:00,0.0972883342268336,1.2155468637784952,0.008811113602391686,0.10462836048494088,0.004374103139013499,0.0202930493273542,-0.22413365395522925,-0.010377615310698224,-0.008811113602391686,1.2401775553272143,0.9801393829110056,-0.3303543540012264,-0.004624019058296,27.5,18.55,,,17.9,17.4,1,che_aquadam_el_val,2022
0.0371190582959641,0.0231812219730941,0.026434697309417,0.0302863789237668,0.0239331278026905,0.0288304372197309,0.0180110426008968,0.0188725336322869,0.0159911995515695,0.0176372197309417,0.8486547085201794,20220513T105621_20220513T105916_T30TXM,0.0,2022-05-13 11:09:34.495000+00:00,0.09281612064990935,1.204624713385346,0.008055754857997042,0.12783380293162844,0.004897309417040401,0.0239331278026905,-0.14001723483650502,-0.0078010950957362775,-0.008055754857997042,1.265458454634671,0.9519275081481144,-0.19892453492453346,-0.005625280269058352,27.5,18.55,,,17.9,17.4,1,che_aquadam_el_val,2022
0.0141307174887892,0.0098480941704035,0.0202804932735426,0.0242902466367713,0.0065872757847533,0.0039600336322869,0.0005541479820627,0.0017031950672645,0.0009273542600896,0.0011778587443946,1.0,20220528T105619_20220528T105912_T30TWM,0.0,2022-05-28 11:09:34.620000+00:00,-0.24909121829893754,0.6011640868980571,0.000590426008968587,-0.05581117155612173,-0.0026272421524664,0.0065872757847533,-0.12698738087033562,-0.006270677984198182,-0.000590426008968587,3.6874494753950846,0.16302978275618177,-0.7531869820455047,-0.007537864349775801,7.0,6.35,,,19.1,0.4,1,che_aquadam_el_val,2022
0.0217536995515695,0.0102176569506726,0.0235336322869955,0.0264862107623318,0.0080360426008968,0.0058421524663677,0.0011400224215246,0.0024279147982062,0.001522197309417,0.0021599775784753,1.0,20220528T105619_20220528T105912_T30TXM,0.0,2022-05-28 11:09:30.904000+00:00,-0.15808180558752818,0.7269937152542886,0.0014839872944694067,-0.05327373559984245,-0.0021938901345290992,0.0080360426008968,-0.1302252245185204,-0.006922465122072728,-0.0014839872944694067,3.2959271220608035,0.22057335867297037,-0.6814900392331696,-0.008128139013452952,7.0,6.35,,,19.1,0.4,1,che_aquadam_el_val,2022
0.0825946188340807,0.0563258408071749,0.0747032511210762,0.0883504484304932,0.066905100896861,0.071047701793722,0.0590655829596412,0.0597850896860986,0.0537522421524663,0.0591836322869955,0.95347533632287,20220622T105631_20220622T105936_T30TWM,0.0,2022-06-22 11:09:46.703000+00:00,0.03002911732175908,1.0619175644506853,0.008323677130044891,0.051475233503528395,0.004142600896860998,0.066905100896861,-0.08066580997896836,-0.01117134653712016,-0.008323677130044891,1.3205338194869736,0.8041577949614646,-0.10901001474081462,-0.012793974215246598,32.5,33.9,,,23.9,0.9,1,che_aquadam_el_val,2022
0.0607440582959641,0.055314966367713,0.0662873878923766,0.0787313340807174,0.058820067264574,0.058239798206278,0.0477706838565022,0.0478158071748879,0.0437975896860986,0.0475115470852018,0.95347533632287,20220707T105629_20220707T105917_T30TWM,0.0,2022-07-07 11:09:39.495000+00:00,-0.004957028234758127,0.990134845380473,0.00531273542600896,-0.00809180658311646,-0.0005802690582960013,0.058820067264574,-0.1035899184193789,-0.014365966616841114,-0.00531273542600896,1.3385114594749115,0.7397283290864733,-0.1463927166617785,-0.0096654988789237,12.3,15.9,,,23.1,0.5,1,che_aquadam_el_val,2022
0.0260778026905829,0.0134426008968609,0.0307991591928251,0.044942096412556,0.014402298206278,0.0097335762331838,0.0010434417040358,0.0022880044843049,0.0007484865470852,0.0010896860986547,1.0,20220712T105631_20220712T105925_T30TWM,0.0,2022-07-12 11:09:47.320000+00:00,-0.1934349627482694,0.6758349322985763,0.0024560014947683055,-0.03475057291667352,-0.004668721973094201,0.014402298206278,-0.18026914856456056,-0.013474058829809916,-0.0024560014947683055,3.1204808960951533,0.21658037808989294,-0.9011950127640683,-0.012935538116591897,9.5,22.55,,,24.3,0.0,1,che_aquadam_el_val,2022
0.0417817264573991,0.0157396860986547,0.0391327914798206,0.0511020739910313,0.0208807174887892,0.0179099215246636,0.0089665358744394,0.0097208520179372,0.0060878923766816,0.007559529147982,1.0,20220712T105631_20220712T105925_T30TXM,0.0,2022-07-12 11:09:43.593000+00:00,-0.07658538347603176,0.8577253887123077,0.0033834342301942927,-0.07122925716766781,-0.0029707959641256006,0.0208807174887892,-0.16393691102566169,-0.013829901772368123,-0.0033834342301942927,2.4473332402714543,0.3504734764347704,-0.548520119720652,-0.013625280269058248,9.5,22.55,,,24.3,0.0,1,che_aquadam_el_val,2022
0.0278417040358744,0.0407799887892376,0.0308418721973094,0.0394126681614349,0.0311960762331838,0.0351930493273542,0.0266709080717488,0.0292266255605381,0.025007230941704,0.0290853139013452,0.95347533632287,20220717T105629_20220717T105841_T30TWM,0.0,2022-07-17 11:09:39.252000+00:00,0.06020523783711687,1.1281242251202976,0.006410396113602403,0.09709841844512902,0.003996973094170405,0.0311960762331838,-0.08809174837494323,-0.00798392732578829,-0.006410396113602403,1.2633854292069902,0.8929374987555506,-0.11011532243506544,-0.006106782511210756,6.8,19.849999999999998,,,26.2,10.6,1,che_aquadam_el_val,2022
0.00222466367713,0.0108086883408071,0.0070530269058295,0.0101942264573991,0.0044281950672645,0.0054771860986547,0.0013144058295964,0.0029043161434977,0.0019239349775784,0.0022992152466367,1.0,20220727T105629_20220727T105841_T30TWM,0.0,2022-07-27 11:09:39.561000+00:00,0.1059011272579187,1.2368890745452663,0.0027096786248131865,0.056848238300041,0.0010489910313902003,0.0044281950672645,-0.14519761708987355,-0.0036993366075877302,-0.0027096786248131865,2.302117748325966,0.5372831495889802,-0.39423942394240374,-0.0034075112107624,23.7,23.85,,,25.7,0.8,1,che_aquadam_el_val,2022
0.0160625560538116,0.0125511771300448,0.0155285874439461,0.0174575112107623,0.0086293721973094,0.0100104820627802,0.0031589686098654,0.0047852578475336,0.0037941143497757,0.0040918161434977,1.0,20220727T105629_20220727T105841_T30TXM,0.0,2022-07-27 11:09:35.844000+00:00,0.07409445622265086,1.1600475485228723,0.0042986584454409345,0.05050557792311223,0.001381109865470801,0.0086293721973094,-0.14658471431096384,-0.005569818136522234,-0.0042986584454409345,2.0230337516564036,0.5734197699732185,-0.38920296884518196,-0.005104624439461849,23.7,23.85,,,25.7,0.8,1,che_aquadam_el_val,2022
0.0034659192825112,0.0123207959641255,0.0073085762331838,0.0100548766816143,0.0036551008968609,0.007082230941704,0.0,0.0,0.0,0.0,1.0,20220806T105629_20220806T105840_T30TWM,0.0,2022-08-06 11:09:38.831000+00:00,0.3191789260469716,1.937629395617071,0.00537651718983558,0.0,0.0034271300448430997,0.0036551008968609,-0.21050541702715245,-0.005278199338031095,-0.00537651718983558,2.75091631266587,0.7043578122299711,-1.0,-0.00491345291479825,13.8,74.35000000000001,,,25.6,0.8,1,che_aquadam_el_val,2022
0.0219577354260089,0.0145885089686098,0.0186988789237668,0.0196201793721973,0.0114613789237668,0.0154552130044843,0.0050192825112107,0.0064341367713004,0.005027466367713,0.004237331838565,1.0,20220806T105629_20220806T105840_T30TXM,0.0,2022-08-06 11:09:35.117000+00:00,0.14837814874050434,1.3484601728362473,0.007429618834080754,0.11316699749547024,0.0039938340807175,0.0114613789237668,-0.16790372316460195,-0.007019628977151377,-0.007429618834080754,1.7118515584117078,0.7877202706100155,-0.3901978848317756,-0.006076317264573999,13.8,74.35000000000001,,,25.6,0.8,1,che_aquadam_el_val,2022
0.0050226457399103,0.0325424887892376,0.0055451233183856,0.0144408071748878,0.0129178251121076,0.019654596412556,0.0109523542600896,0.01239966367713,0.0115206278026905,0.0145932174887892,0.95347533632287,20220811T105631_20220811T110811_T30TWM,0.0,2022-08-11 11:09:46.593000+00:00,0.20682439269513214,1.521509715604848,0.007785022421524667,0.2906067891444473,0.0067367713004484,0.0129178251121076,-0.06990904475962982,-0.0050729279664033546,-0.007785022421524667,1.117897714945277,1.3610455547619835,-0.057172085086084255,-0.004129876681614299,37.5,92.75,,,25.7,0.5,1,che_aquadam_el_val,2022
0.0254298206278026,0.0131906950672645,0.0237219170403587,0.0214982623318385,0.0155066143497757,0.0285858744394618,0.0143584080717488,0.0145158632286995,0.0143576233183856,0.0108320067264574,1.0,20220816T105619_20220816T105839_T30TXM,0.0,2022-08-16 11:09:33.386000+00:00,0.2966323845361754,1.8434632986068484,0.013691636771300449,0.4236634517019327,0.013079260089686101,0.0155066143497757,-0.025408811891987654,-0.0007152156737133975,-0.013691636771300449,1.3863930479543696,1.3296830226658223,-0.038473810855552334,-0.009535454035874451,116.4,120.95,,,24.6,10.0,1,che_aquadam_el_val,2022
0.0,0.0080320067264574,0.0,0.004914966367713,0.0003035138248847,0.0009749439461883,0.0,0.0,0.0,0.0,1.0,20220831T105631_20220831T105849_T30TWM,0.0,2022-08-31 11:09:46.828000+00:00,0.5251875630902332,3.212189581672814,0.0008333041612421067,0.0,0.0006714301213036001,0.0003035138248847,-0.06175298103330239,-0.0017510728127983172,-0.0008333041612421067,16.19355022651807,0.1983622823124128,-1.0,-0.00264144133206595,14.5,13.1,,,24.3,4.9,1,che_aquadam_el_val,2022
0.0054174887892376,0.0079590807174887,0.0004015615962984,0.0063937780269058,0.0007279708520179,0.001559529147982,0.0,0.0,0.0,0.0,1.0,20220831T105631_20220831T105849_T30TXM,0.0,2022-08-31 11:09:43.103000+00:00,0.3635227523340487,2.1422961422961655,0.0012198094170403134,0.0,0.0008315582959640999,0.0007279708520179,-0.10712795715641371,-0.0020823692077727484,-0.0012198094170403134,8.78301378301419,0.24391355805899276,-1.0,-0.003248682735426,14.5,13.1,,,24.3,4.9,1,che_aquadam_el_val,2022
0.000954260089686,0.0114418721973094,0.0050257847533632,0.0108427130044843,0.0048965246636771,0.0147307174887892,0.0021580156950672,0.0017381726457399,0.0012459080717488,0.0007357062780269,1.0,20220905T105619_20220905T105740_T30TWM,0.0,2022-09-05 11:09:36.157000+00:00,0.5010481222333298,3.0084025917531076,0.011294730941704046,0.2942262872338269,0.009834192825112099,0.0048965246636771,-0.23005432824433225,-0.004876570574418159,-0.011294730941704046,2.214369118758169,1.3585822554462992,-0.5943274837791408,-0.007890190582959651,223.4,124.35000000000001,,,24.3,38.8,1,che_aquadam_el_val,2022
0.0069128923766816,0.0114399103139013,0.0079989910313901,0.012439798206278,0.0054564461883408,0.0160803251121076,0.0027206838565022,0.001799831838565,0.0012968049327354,0.0007149103139013,1.0,20220905T105619_20220905T105740_T30TXM,0.0,2022-09-05 11:09:32.447000+00:00,0.4932902325775085,2.947032657715501,0.012082952167414054,0.3294249514856258,0.0106238789237668,0.0054564461883408,-0.20351700911614182,-0.005280353583884986,-0.012082952167414054,2.279835221844404,1.292651604588918,-0.6159464798552492,-0.008803615470852,223.4,124.35000000000001,,,24.3,38.8,1,che_aquadam_el_val,2022
0.0,0.0073176008968609,0.0,0.0038160874439461,0.0001680493273542,0.009909865470852,0.0,0.0,0.0,0.0,1.0,20220910T105631_20220910T105847_T30TWM,0.0,2022-09-10 11:09:45.339000+00:00,0.9666499805328557,58.969979986678744,0.009831442451420041,0.0,0.0097418161434978,0.0001680493273542,-0.04403707457511123,-0.0015071716848173596,-0.009831442451420041,22.708138759180375,2.596865406366189,-1.0,-0.00669492713004485,14.7,29.4,,,23.2,0.7,1,che_aquadam_el_val,2022
0.0062734304932735,0.0083622197309417,0.002844562780269,0.0090003923766816,0.0035777466367713,0.013496860986547,0.0010067264573991,0.0009723094170403,6.692825112107624e-05,0.0002122197309417,1.0,20220910T105631_20220910T105847_T30TXM,0.0,2022-09-10 11:09:41.611000+00:00,0.5809278062840784,3.77244739686964,0.011290325112107539,0.20679594677295376,0.0099191143497757,0.0035777466367713,-0.2963977777146823,-0.0044069577905900765,-0.011290325112107539,2.5156595171322444,1.4995858426700308,-0.9632734039771766,-0.0076708800448430006,14.7,29.4,,,23.2,0.7,1,che_aquadam_el_val,2022
0.0,0.024734865470852,0.0,0.0030863789237668,0.0048359304932735,0.0158401905829596,0.0031997757847533,0.0077053251121076,0.0076455717488789,0.0083382847533632,0.95347533632287,20221005T105819_20221005T110639_T30TWM,0.0,2022-10-05 11:09:32.233000+00:00,0.5322207221128791,3.2755207307037173,0.011876875934230207,0.45966341715880216,0.0110042600896861,0.0048359304932735,0.9103358093750678,-0.0009174608513061282,-0.011876875934230207,0.6382182142732975,5.132289642396628,0.2251044146045745,-0.004627354260089701,154.3,119.7,,,19.3,1.6,1,che_aquadam_el_val,2022
0.0,0.0044662556053811,0.0001817825112107,0.0048365470852017,2.3262331838565027e-05,0.0049087443946188,0.0,0.0,0.0,0.0,1.0,20221015T105929_20221015T110655_T30TWM,0.0,2022-10-15 11:09:33.704000+00:00,0.9905667882755407,211.016867469878,0.004897888639760803,0.0,0.004885482062780235,2.3262331838565027e-05,-0.004635473097501458,-0.0008554420243433574,-0.004897888639760803,207.91325301204412,1.0149274488897257,-1.0,-0.004849383408071685,119.7,85.1,,,18.7,8.3,1,che_aquadam_el_val,2022
0.0010505605381165,0.0049355381165919,0.0052977017937219,0.008354932735426,0.0015706838565022,0.0076505605381165,0.0,0.0,0.0,0.0,1.0,20221015T105929_20221015T110655_T30TXM,0.0,2022-10-15 11:09:29.993000+00:00,0.6593336453767966,4.870846864851434,0.006917574738415474,0.0,0.0060798766816143,0.0015706838565022,-0.11504620981019045,-0.0022009264004555088,-0.006917574738415474,5.319296242104274,0.9156938518100964,-1.0,-0.0064320627802690504,119.7,85.1,,,18.7,8.3,1,che_aquadam_el_val,2022
0.0119237668161434,0.0209173206278026,0.0247931053811659,0.0334822869955157,0.0162607062780269,0.0143799887892376,0.0080400224215246,0.0095764013452914,0.0130077914798206,0.0093637892376681,1.0,20221104T110129_20221104T110129_T30TXM,0.0071531560846709,2022-11-04 11:09:28.594000+00:00,-0.0613797266889874,0.884339741667266,0.0025036472346785937,-0.06466702331301408,-0.0018807174887892995,0.0162607062780269,-0.05581969791262918,-0.004125106057370638,-0.0025036472346785937,2.0590918022275777,0.4294804829539727,-0.11114047687446227,-0.00767043161434975,4.9,4.9,,,17.1,0.5,1,che_aquadam_el_val,2022
0.011657062780269,0.0105302690582959,0.0267110426008968,0.0328328475336322,0.0118095852017937,0.0078401905829596,0.0041972533632287,0.0057951233183856,0.0053292040358744,0.0046006726457399,1.0,20221224T110359_20221224T110355_T30TXM,0.0,2022-12-24 11:09:30.089000+00:00,-0.20200712019900216,0.663883654590069,9.051569506723228e-05,-0.17994019995817775,-0.003969394618834101,0.0118095852017937,-0.10883368807912974,-0.006240763221581617,-9.051569506723228e-05,2.780186346311755,0.23879106358132754,-0.37811195855519014,-0.0085269338565022,4.1,4.15,,,11.3,8.1,1,che_aquadam_el_val,2022
0.0,0.0052432735426008,0.0144982062780269,0.0196288116591928,0.0031087443946188,0.0004582959641255,0.0,3.312780269058296e-05,0.0,0.0,1.0,20230103T110349_20230103T110346_T30TWM,0.0,2023-01-03 11:09:32.889000+00:00,-0.7430385316487794,0.1474215650919403,-0.00099245142002994,-0.0,-0.0026504484304933,0.0031087443946188,-0.09109335015258783,-0.0035085450921773335,0.00099245142002994,6.314064190407562,0.023348125810299134,-1.0,-0.00693480941704035,4.4,4.550000000000001,,,10.9,6.1,1,che_aquadam_el_val,2023
0.0095945067264574,0.0052566143497757,0.0197686659192825,0.0228082959641255,0.0048615470852017,0.0014201233183856,0.0,0.0001364349775784,0.0,0.0,1.0,20230103T110349_20230103T110346_T30TXM,0.0,2023-01-03 11:09:29.183000+00:00,-0.5478516932137656,0.29211345555170753,-0.0008485986547085269,-0.0,-0.0034414237668161,0.0048615470852017,-0.11418257363018232,-0.004935543810947306,0.0008485986547085269,4.691571543871865,0.062263455394443765,-1.0,-0.007252662556053851,4.4,4.550000000000001,,,10.9,6.1,1,che_aquadam_el_val,2023
0.006429596412556,0.0041146860986547,0.0180306053811659,0.0203911434977578,0.0025916479820627,3.508968609865471e-05,0.0,0.0,0.0,0.0,1.0,20230202T110159_20230202T110153_T30TXM,0.0057225248677367,2023-02-02 11:09:27.600000+00:00,-0.9732826870958785,0.013539526332865133,-0.0011743460388639385,-0.0,-0.0025565582959640454,0.0025916479820627,-0.06745262924469198,-0.0028769154388212015,0.0011743460388639385,7.868022061209266,0.0017208297368175138,-1.0,-0.007621468609865528,4.0,3.8333333333333335,,,8.1,0.9,1,che_aquadam_el_val,2023
0.0040847533632287,0.0054242713004484,0.0111490470852017,0.0170996076233183,0.0052235426008968,0.0024748878923766,4.192825112107624e-05,0.0,0.0,7.096412556053812e-05,1.0,20230217T110121_20230217T110733_T30TWM,0.0,2023-02-17 11:09:31.142000+00:00,-0.3570409203436819,0.4737949092157688,1.4872944693519567e-05,-0.00891469034033833,-0.0027486547085201997,0.0052235426008968,-0.18491296859249517,-0.005261139404939798,-1.4872944693519567e-05,3.273565265914088,0.14473360716193617,-1.0,-0.004563705156950651,2.5,3.65,,,8.1,0.5,1,che_aquadam_el_val,2023
0.0116178251121076,0.0046141816143497,0.0117796524663677,0.0162908632286995,0.0033064461883408,0.0008525784753363,0.0,0.0,0.0,0.0,1.0,20230217T110121_20230217T110733_T30TXM,0.0,2023-02-17 11:09:27.434000+00:00,-0.5900103777780854,0.25785342533099875,-0.0006904297458894069,-0.0,-0.0024538677130045003,0.0033064461883408,-0.11779071764334698,-0.0035513871094027846,0.0006904297458894069,4.927000864597279,0.05233476356454325,-1.0,-0.0052652746636771,2.5,3.65,,,8.1,0.5,1,che_aquadam_el_val,2023
0.0130128923766816,0.0046774103139013,0.0194063901345291,0.0205376681614349,0.0042039237668161,0.0017059417040358,0.0,2.466367713004485e-05,7.146860986547087e-05,0.0,1.0,20230304T105849_20230304T110115_T30TXM,0.0,2023-03-04 11:09:32.910000+00:00,-0.42268002124593523,0.405797487932998,-0.0002558893871450465,-0.0,-0.0024979820627803,0.0042039237668161,-0.10345606664028374,-0.004221139938785636,0.0002558893871450465,4.885356942851841,0.08306404069957529,-0.9665674616181347,-0.0069178811659192496,5.1,4.55,,,7.4,2.9,1,che_aquadam_el_val,2023
0.0199405829596412,0.0317026905829596,0.0231035313901345,0.0285549887892376,0.0195543161434977,0.0200959641255605,0.0217936659192825,0.0231338004484304,0.0251070067264574,0.0252581278026905,0.95347533632287,20230329T105631_20230329T105928_T30TWM,0.0,2023-03-29 11:09:32.120000+00:00,0.013660634386120253,1.0276996637513665,-0.0006526718983557594,0.03003972410091569,0.0005416479820628019,0.0195543161434977,0.10748837875493306,0.0032772807673144555,0.0006526718983557594,1.4602908421695355,0.7037636846537544,0.12432884263477892,-0.004771160313901349,4.9,5.75,,,11.9,0.4,1,che_aquadam_el_val,2023
0.0135289237668161,0.0076668721973094,0.0173014573991031,0.0167450672645739,0.0046077354260089,0.0027964686098654,0.000727466367713,0.0024542040358744,0.0016173766816143,0.0007928811659192,1.0,20230403T105629_20230403T105721_T30TXM,0.0,2023-04-03 11:09:34.158000+00:00,-0.24462681030502195,0.6069073745164287,0.00025821001494764646,-0.10225813493006247,-0.0018112668161435002,0.0046077354260089,-0.0878315415136895,-0.0035633399174318367,-0.00025821001494764646,3.6341208243108785,0.16700253069640683,-0.4803702636507769,-0.0051630325112107505,15.0,11.4,,,12.1,0.6,1,che_aquadam_el_val,2023
0.0083575112107623,0.0104720852017937,0.0078215246636771,0.0115856502242152,0.0090559977578475,0.0148679932735426,0.0063655829596412,0.0069106502242152,0.0055335762331838,0.0054887331838565,1.0,20230418T105621_20230418T105911_T30TWM,0.0,2023-04-18 11:09:33.592000+00:00,0.24293586751764448,1.6417841160195406,0.007246883408071793,0.27477346522426604,0.0058119955156951,0.0090559977578475,-0.18150099357641486,-0.0037876569506726703,-0.007246883408071793,1.279334484615527,1.2833110775661918,-0.24143415886091332,-0.0041708239910314,41.8,26.0,,,13.9,6.4,1,che_aquadam_el_val,2023
0.0112847533632287,0.0091445067264574,0.0060853139013452,0.0089516816143497,0.0061506165919282,0.0116892376681614,0.0017077914798206,0.0018875560538116,0.0007317825112107,0.0009201793721973,1.0,20230418T105621_20230418T105911_T30TXM,0.0,2023-04-18 11:09:29.867000+00:00,0.31046335892014076,1.9004985099383114,0.007908127802690585,0.13156235902813024,0.005538621076233199,0.0061506165919282,-0.36036680832029105,-0.005979594455121382,-0.007908127802690585,1.4554120681327292,1.3058147252939993,-0.7873466794807202,-0.004169843049327349,41.8,26.0,,,13.9,6.4,1,che_aquadam_el_val,2023
0.0461069506726457,0.0185640695067264,0.0393354820627802,0.0798156390134529,0.0294183295964125,0.0359861547085201,0.0109079035874439,0.0106273542600896,0.0063798766816143,0.0089295403587443,0.95347533632287,20230617T105621_20230617T110817_T30TWM,0.0,2023-06-17 11:09:38.736000+00:00,0.10041857499382927,1.2232562216213845,0.016440052316890857,0.06767206333847331,0.006567825112107604,0.0294183295964125,-0.19335489844076378,-0.021005432771015724,-0.016440052316890857,2.7131261396699506,0.45086596002137685,-0.6435644494550937,-0.028482567264574,10.8,9.75,,,21.8,30.6,1,che_aquadam_el_val,2023
0.0607493273542601,0.0212293161434977,0.0470236547085201,0.0833923766816143,0.0353684977578475,0.0433430493273542,0.0215692264573991,0.0212146860986547,0.0150086883408071,0.0174403026905829,0.8486547085201794,20230617T105621_20230617T110817_T30TXM,0.0,2023-06-17 11:09:35.013000+00:00,0.10131361744007661,1.225470463125263,0.015334162929745846,0.11220307648115165,0.007974551569506702,0.0353684977578475,-0.1561143150885709,-0.017711518257527262,-0.015334162929745846,2.357815060525474,0.5197483397413488,-0.4041474126238293,-0.027999215246636754,10.8,9.75,,,21.8,30.6,1,che_aquadam_el_val,2023
0.0231467488789237,0.0174213004484304,0.0309519058295964,0.0792465807174887,0.0378591928251121,0.0941592488789237,0.0472739910313901,0.0461739910313901,0.0331513452914798,0.0250024103139013,0.95347533632287,20230627T105621_20230627T110712_T30TWM,0.0,2023-06-27 11:09:38.292000+00:00,0.4264559960496073,2.487090765877809,0.05127883034379667,0.7466150841896367,0.0563000560538116,0.0378591928251121,-0.04272152623095011,-0.000879797850380809,-0.05127883034379667,2.093192559164237,1.188180588063454,-0.06629787153425742,-0.048843721973094105,25.2,17.95,,,24.6,184.2,1,che_aquadam_el_val,2023
0.023271860986547,0.0268044843049327,0.03985,0.0859466928251121,0.042062331838565,0.1592385089686099,0.1785610986547085,0.1758147421524664,0.1401582399103139,0.106884529147982,0.95347533632287,20230702T105629_20230702T105830_T30TWM,0.0,2023-07-02 11:09:39.859000+00:00,0.5820948221586784,3.785774635124045,0.04437683482810169,3.1238108336610084,0.11717617713004488,0.042062331838565,0.7797971939383653,0.10095372713360384,-0.04437683482810169,2.043317359460123,1.8527590036842374,0.5383360787987014,-0.080530269058296,43.9,33.05,,,23.5,298.7,1,che_aquadam_el_val,2023
0.0665618834080717,0.0483665919282511,0.069247197309417,0.0837216928251121,0.0548742713004484,0.0532832399103139,0.041382062780269,0.0417938340807174,0.0389363228699551,0.0411854260089686,0.95347533632287,20230707T105621_20230707T105914_T30TWM,0.0,2023-07-07 11:09:39.775000+00:00,-0.014710318056728584,0.9710058766626118,0.005604813153961179,-0.02251808700496107,-0.0015910313901345008,0.0548742713004484,-0.10419078295251147,-0.014719049754430946,-0.005604813153961179,1.5257003116582248,0.6364329018241223,-0.16989497371205856,-0.0136281950672646,9.2,8.0,,,23.0,40.8,1,che_aquadam_el_val,2023
0.0504878923766816,0.0664765134529148,0.0663418721973094,0.1049866031390134,0.0699816704035874,0.0912197869955157,0.0648265695067264,0.0682710762331838,0.0604292040358744,0.0657757847533632,0.95347533632287,20230717T105621_20230717T110706_T30TWM,0.0,2023-07-17 11:09:39.101000+00:00,0.1317489117939356,1.3034811325515259,0.02398750373692083,0.21567295190350178,0.0212381165919283,0.0699816704035874,-0.05575527564207424,-0.00889594490711082,-0.02398750373692083,1.5002014460865396,0.8688707346282175,-0.0732490017321934,-0.02812152466367715,16.4,14.799999999999999,,,24.6,12.8,1,che_aquadam_el_val,2023
0.0603352017937219,0.082857735426009,0.0953575112107623,0.1074343049327354,0.0917520739910313,0.094082567264574,0.0794102578475336,0.0792992713004484,0.0764613228699551,0.077089966367713,0.95347533632287,20230727T105621_20230727T110753_T30TWM,0.0,2023-07-27 11:09:39.636000+00:00,0.012540682715539708,1.0253998974864644,0.008912795216741468,0.02143874755276315,0.0023304932735426914,0.0917520739910313,-0.07540122383566156,-0.013624827389849797,-0.008912795216741468,1.1709196343968968,0.8757218406493072,-0.0909009116183098,-0.0090063621076234,15.9,14.15,,,24.3,15.1,1,che_aquadam_el_val,2023
0.0171386771300448,0.0141016816143497,0.0210827914798206,0.0288448430493273,0.0136328475336322,0.0149919843049327,0.0060580156950672,0.0076702354260089,0.0050905829596412,0.007347029147982,1.0,20230801T105629_20230801T105834_T30TWM,0.0,2023-08-01 11:09:39.595000+00:00,0.047481039503239966,1.0996957361950623,0.005399047085201834,0.04028541668111612,0.0013591367713005013,0.0136328475336322,-0.17109291586814512,-0.008630077941490467,-0.005399047085201834,2.115834052876125,0.5197457403146568,-0.45623394586050364,-0.008285566143497803,30.2,30.7,,,25.0,22.6,1,che_aquadam_el_val,2023
0.0266588565022421,0.0147012331838565,0.0252600896860986,0.0316547085201793,0.0155431614349775,0.0175460201793722,0.0087857062780269,0.0102524103139013,0.0073772421524663,0.0093365470852017,1.0,20230801T105629_20230801T105834_T30TXM,0.0,2023-08-01 11:09:35.882000+00:00,0.06052911092627705,1.1288578744275006,0.005606834828101688,0.06452217795017956,0.0020028587443947,0.0155431614349775,-0.1434762054837694,-0.008008224784682189,-0.005606834828101688,2.036568213783409,0.5542941634792478,-0.35627292736610594,-0.00905720291479825,30.2,30.7,,,25.0,22.6,1,che_aquadam_el_val,2023
0.0095366591928251,0.0159628923766816,0.0096491031390134,0.0211382847533632,0.0124131726457399,0.0165675448430493,0.0047710762331838,0.0061630605381165,0.0044192264573991,0.005841760089686,1.0,20230806T105621_20230806T105928_T30TWM,0.0,2023-08-06 11:09:39.338000+00:00,0.14334952883469723,1.3346744878099435,0.008230156950672654,0.09637864329142777,0.004154372197309401,0.0124131726457399,-0.2596500299500958,-0.008658814328421943,-0.008230156950672654,1.7028913845500802,0.7837695932454183,-0.4749142495587598,-0.00643974215246635,71.8,73.75,,,23.8,2.9,1,che_aquadam_el_val,2023
0.0224391255605381,0.0174747197309417,0.0174319506726457,0.026912331838565,0.0168773542600896,0.0216586883408071,0.01113716367713,0.0124539237668161,0.01033682735426,0.0113171524663677,1.0,20230806T105621_20230806T105928_T30TXM,0.0,2023-08-06 11:09:35.620000+00:00,0.12407434074733566,1.2832987923956818,0.007842769058295954,0.1456757200988657,0.0047813340807175,0.0168773542600896,-0.14749425484956458,-0.0066524144067193584,-0.007842769058295954,1.5945823867787987,0.8047867598663635,-0.2403352413280319,-0.00740815582959645,71.8,73.75,,,23.8,2.9,1,che_aquadam_el_val,2023
0.0117082959641255,0.0212543721973094,0.0180747757847533,0.0278272421524663,0.0148252802690582,0.0156964125560538,0.0059783632286995,0.0073551008968609,0.0052776345291479,0.0080756165919282,0.95347533632287,20230811T105629_20230811T105939_T30TWM,0.0,2023-08-11 11:09:36.719000+00:00,0.02854141452727246,1.0587599202973408,0.005589488041853574,0.022380155055968538,0.0008711322869955993,0.0148252802690582,-0.20800056661928587,-0.010751824862979573,-0.005589488041853574,1.8770128892972402,0.5640664090984181,-0.47493837763080465,-0.0069365470852018486,17.8,22.450000000000003,,,25.0,2.3,1,che_aquadam_el_val,2023
0.0278090807174887,0.0234612668161435,0.0278632286995515,0.0353937780269058,0.0212765134529148,0.0233125560538116,0.0148594170403587,0.0162449551569506,0.0134856502242152,0.0160742713004484,0.8486547085201794,20230811T105629_20230811T105939_T30TXM,0.0,2023-08-11 11:09:34.861000+00:00,0.04566237024949929,1.095694372360518,0.005458494020926718,0.06099556754042944,0.0020360426008967994,0.0212765134529148,-0.12316205953894849,-0.008200071001494818,-0.005458494020926718,1.6635140012593082,0.6586625489963167,-0.22411905372349425,-0.008076653587443899,17.8,22.450000000000003,,,25.0,2.3,1,che_aquadam_el_val,2023
0.0103756726457399,0.0206278026905829,0.0166280829596412,0.0265329596412556,0.0135239910313901,0.0136783071748878,0.0042779708520179,0.0058058295964125,0.0039905829596412,0.0064639573991031,0.95347533632287,20230811T105629_20230811T110934_T30TWM,0.0,2023-08-11 11:09:43.293000+00:00,0.005672908308243078,1.0114105476068065,0.00508552690582954,0.0035687157367761883,0.00015431614349769966,0.0135239910313901,-0.22087993007728718,-0.010863963271407234,-0.00508552690582954,1.961917867267939,0.5155213500426713,-0.544312872047626,-0.0065816423766815995,17.8,22.450000000000003,,,25.0,2.3,1,che_aquadam_el_val,2023
0.0239317264573991,0.022109360986547,0.0237831838565022,0.0318519058295964,0.0177497197309417,0.0194863228699551,0.0100447869955156,0.0113624439461883,0.0086265695067264,0.0112820067264574,0.8486547085201794,20230811T105629_20230811T110934_T30TXM,0.0,2023-08-11 11:09:41.507000+00:00,0.046637693420502654,1.0978383414125754,0.005845900597907321,0.05043359416974079,0.0017366031390134012,0.0177497197309417,-0.16398194513012318,-0.00993971795145566,-0.005845900597907321,1.794501902701678,0.6117788673055994,-0.3458845231036703,-0.00791939461883405,17.8,22.450000000000003,,,25.0,2.3,1,che_aquadam_el_val,2023
5.1569506726457405e-05,0.0169780829596412,0.002051793721973,0.0187282511210762,0.0072630044843049,0.0104289237668161,7.27017937219731e-05,0.0017048766816143,0.0019456838565022,0.0034410874439461,1.0,20230816T105631_20230816T110544_T30TWM,0.0,2023-08-16 11:09:40.292000+00:00,0.17894710161457952,1.4358966443367398,0.007000747384155428,0.003038709326987906,0.0031659192825112,0.0072630044843049,-0.2558859072713364,-0.007136970246992673,-0.007000747384155428,2.5785817923625545,0.5568551862848373,-0.5774243226627279,-0.0073155829596412494,15.3,16.5,,,25.4,0.9,1,che_aquadam_el_val,2023
0.0054270179372197,0.0160887892376681,0.000362331838565,0.0163258408071748,0.0042936659192825,0.0080853139013452,0.0,0.0,0.0,1.048206278026906e-05,1.0,20230816T105631_20230816T110544_T30TXM,0.0,2023-08-16 11:09:36.571000+00:00,0.3062972908110321,1.8830794135693512,0.0060816031390133665,0.0,0.0037916479820627,0.0042936659192825,-0.2572879613861496,-0.006502911239234089,-0.0060816031390133665,3.8023081241269363,0.4952464008954385,-1.0,-0.007911911434977499,15.3,16.5,,,25.4,0.9,1,che_aquadam_el_val,2023
0.0139304932735426,0.0220376681614349,0.0260438901345291,0.0356370515695067,0.0198427690582959,0.0193529147982062,0.0089729820627802,0.0107594730941704,0.0067414798206278,0.0096923206278026,1.0,20230821T105629_20230821T110322_T30TWM,0.0,2023-08-21 11:09:39.317000+00:00,-0.012497658208569224,0.9753132106385677,0.005307365470852008,-0.011446033862986784,-0.0004898542600896977,0.0198427690582959,-0.21240417016543178,-0.013512397323652864,-0.005307365470852008,1.7959716945154638,0.54305600339748,-0.49282149355947963,-0.0076522141255605525,10.8,12.350000000000001,,,25.9,4.4,1,che_aquadam_el_val,2023
0.0304791479820627,0.0240458520179372,0.034397029147982,0.04189966367713,0.0250750560538116,0.0268682735426009,0.0176579035874439,0.0187591928251121,0.0136505605381165,0.0163814461883408,0.8660313901345292,20230821T105629_20230821T110322_T30TXM,0.0,2023-08-21 11:09:35.601000+00:00,0.034522574943157865,1.071513997214643,0.005749032137518739,0.04699919650463175,0.0017932174887893004,0.0250750560538116,-0.14973775523773272,-0.011231723966118623,-0.005749032137518739,1.6709698908434119,0.6412527257889745,-0.29501132638069866,-0.009308912556053851,10.8,12.350000000000001,,,25.9,4.4,1,che_aquadam_el_val,2023
0.0067560538116591,0.0070349775784753,0.0071936098654708,0.0109841928251121,0.0018952354260089,0.0038375560538116,0.0,0.0,0.0,0.0,1.0,20230831T105629_20230831T110145_T30TXM,0.0,2023-08-31 11:09:35.577000+00:00,0.33880887428745554,2.024843985685174,0.0029531128550074467,0.0,0.0019423206278027,0.0018952354260089,-0.10426097467713939,-0.002857917289486734,-0.0029531128550074467,5.79568779391343,0.3493707835352422,-1.0,-0.00551563901345295,17.8,21.75,,,23.0,5.1,1,che_aquadam_el_val,2023
0.0003429372197309,0.0052165919282511,0.0114022421524663,0.0200417040358744,0.0022162556053811,0.0002739910313901,0.0,0.0,0.0,0.0,1.0,20230920T105639_20230920T110329_T30TWM,0.0022665686731035,2023-09-20 11:09:38.143000+00:00,-0.77994867870168,0.12362790227122084,-0.0007602615844544134,-0.0,-0.001942264573991,0.0022162556053811,-0.07048274386765359,-0.002778223361093259,0.0007602615844544134,9.043047195103696,0.013671044682610793,-1.0,-0.007941591928251151,6.4,6.550000000000001,,,21.8,0.4,1,che_aquadam_el_val,2023
0.0130788116591928,0.0065424887892376,0.0193809417040358,0.0258060538116591,0.0067597533632287,0.0049367152466367,0.0,2.242152466367713e-06,0.0,0.0,1.0,20230920T105639_20230920T110329_T30TXM,0.0,2023-09-20 11:09:34.427000+00:00,-0.15586226727051244,0.7303099656699232,0.0017821636771299734,-0.0,-0.0018230381165919999,0.0067597533632287,-0.1495951055405049,-0.006719059363655764,-0.0017821636771299734,3.8176028658142056,0.1913006646683154,-1.0,-0.0086116311659192,6.4,6.550000000000001,,,21.8,0.4,1,che_aquadam_el_val,2023
0.0008748878923766,0.0061899103139013,0.0065667040358744,0.0218941704035874,0.0076869394618834,0.0102297085201793,5.605381165919283e-07,0.000636995515695,0.0002559977578475,0.0005355381165919,1.0,20230925T105801_20230925T110416_T30TWM,0.0,2023-09-25 11:09:36.713000+00:00,0.14192214195655348,1.3307908265577635,0.006642171150971531,1.8125723380955732e-05,0.0025427690582958996,0.0076869394618834,-0.26109323238967985,-0.00715054576838211,-0.006642171150971531,2.84822984650162,0.467234351958051,-0.9355407827694822,-0.008374999999999948,11.4,14.55,,,21.0,0.6,1,che_aquadam_el_val,2023
0.0090900224215246,0.0063352017937219,0.0107149103139013,0.0242975336322869,0.0089678811659192,0.0113352578475336,0.00032466367713,0.0016495515695067,0.0010891255605381,0.0014009529147982,1.0,20230925T105801_20230925T110416_T30TXM,0.0,2023-09-25 11:09:32.991000+00:00,0.11660151073416691,1.2639839486958395,0.006977092675635306,0.007561010136662834,0.0023673766816143995,0.0089678811659192,-0.22502729650892764,-0.0073856505801124,-0.006977092675635306,2.7093951383550055,0.46651886644458235,-0.783409598867444,-0.00884851457399105,11.4,14.55,,,21.0,0.6,1,che_aquadam_el_val,2023
0.004027130044843,0.006554764573991,0.0154052130044843,0.0283700112107623,0.0092632847533632,0.0140938901345291,0.0004255044843049,0.0007662556053811,0.0003815582959641,0.0003298206278026,1.0,20230930T105749_20230930T110147_T30TWM,0.0,2023-09-30 11:09:36.640000+00:00,0.20681462567075903,1.521478666561779,0.009544088191330326,0.0157438087691458,0.004830605381165899,0.0092632847533632,-0.2028939112619247,-0.008374416328564309,-0.009544088191330326,3.0626297221902914,0.49678831741816565,-0.9208782778501072,-0.011968665919282499,14.5,13.95,,,21.0,20.4,1,che_aquadam_el_val,2023
0.0126269058295964,0.0068289237668161,0.0192581838565022,0.0306283071748878,0.010457399103139,0.0156859304932735,0.0015789237668161,0.0017095852017937,0.0011850336322869,0.0009056053811659,1.0,20230930T105749_20230930T110147_T30TXM,0.0,2023-09-30 11:09:32.928000+00:00,0.1999948541693014,1.499983919382502,0.00996371823617338,0.05032768018941731,0.005228531390134499,0.010457399103139,-0.18586926599061987,-0.008592746280874159,-0.00996371823617338,2.9288647084047974,0.5121383432556932,-0.7964285198434432,-0.01269971973094165,14.5,13.95,,,21.0,20.4,1,che_aquadam_el_val,2023
0.001362331838565,0.0083539237668161,0.0106122197309417,0.0272433856502242,0.0095001681614349,0.0116313901345291,0.0001991591928251,0.001687331838565,0.0014276905829596,0.0018110986547085,1.0,20231005T105911_20231005T110128_T30TWM,0.0,2023-10-05 11:09:35.676000+00:00,0.10085493664237959,1.2243351840597632,0.0070917600896860935,0.003841192984059551,0.0021312219730942,0.0095001681614349,-0.21324391717406158,-0.007857784183927652,-0.0070917600896860935,2.8676740440044353,0.42694363629629783,-0.7387062522761945,-0.009937219730941749,9.1,12.850000000000001,,,21.1,0.5,1,che_aquadam_el_val,2023
0.0078542600896861,0.0078965246636771,0.012422365470852,0.0276491591928251,0.008849831838565,0.0109046524663677,0.0,0.0001674887892376,0.0002178251121076,0.0003613228699551,1.0,20231005T105911_20231005T110128_T30TXM,0.0,2023-10-05 11:09:31.960000+00:00,0.10401793314794919,1.2321875336487627,0.006774730941704034,0.0,0.002054820627802701,0.008849831838565,-0.21541498105965248,-0.008453450779414904,-0.006774730941704034,3.1242581437918497,0.39439363744549005,-0.9519555904479948,-0.0104270739910314,9.1,12.850000000000001,,,21.1,0.5,1,che_aquadam_el_val,2023
0.0066649103139013,0.0089096412556053,0.0214155829596412,0.0342547085201793,0.014001961883408,0.0158836322869955,0.0043947869955156,0.0060208520179372,0.0052298766816143,0.0045577354260089,1.0,20231010T105859_20231010T110442_T30TWM,0.0,2023-10-10 11:09:36.099000+00:00,0.06296245585275889,1.1343861966812832,0.0070054970104634455,0.03718284954476375,0.0018816704035874987,0.014001961883408,-0.15757210836543625,-0.00781828546515764,-0.0070054970104634455,2.4464220660942044,0.4636919411425883,-0.45612306759624294,-0.011067208520179398,8.1,10.0,,,20.9,0.7,1,che_aquadam_el_val,2023
0.0131567264573991,0.0082581838565022,0.0230114910313901,0.0346886210762331,0.0133824551569506,0.015389630044843,0.002942096412556,0.0044465807174887,0.0037209080717488,0.0031000560538116,1.0,20231010T105859_20231010T110442_T30TXM,0.0,2023-10-10 11:09:32.388000+00:00,0.06976118949374156,1.1499855493145374,0.007575366218236187,0.02867333037166871,0.0020071748878924007,0.0133824551569506,-0.1674441648775469,-0.008701762936863845,-0.007575366218236187,2.592096941062154,0.44365067181604406,-0.5648916506076272,-0.011656670403587449,8.1,10.0,,,20.9,0.7,1,che_aquadam_el_val,2023
0.0,0.0045294843049327,0.0156524103139013,0.0291804372197309,0.0116625560538116,0.0119022421524663,0.0,0.0,0.0,0.0,1.0,20231020T110009_20231020T110701_T30TWM,0.0,2023-10-20 11:09:36.537000+00:00,0.01017136223941206,1.020551763914255,0.006459715994020887,0.0,0.0002396860986547001,0.0116625560538116,-0.26013418052606885,-0.010326520392910474,-0.006459715994020887,2.5020619052196573,0.40788429806042714,-1.0,-0.008878783632287,7.7,7.2,,,19.0,0.6,1,che_aquadam_el_val,2023
0.0194802690582959,0.0072534753363228,0.0308263452914798,0.039931894618834,0.0209210201793721,0.0215832959641255,0.0077597533632287,0.0079192264573991,0.0072247197309417,0.0063335762331838,1.0,20231020T110009_20231020T110701_T30TXM,0.0,2023-10-20 11:09:32.825000+00:00,0.015581377253959604,1.031655998563894,0.007681618086696548,0.011381150577318314,0.0006622757847534015,0.0209210201793721,-0.1935647419408748,-0.011136347604811643,-0.007681618086696548,1.908697294704893,0.5405026776251601,-0.4866207281128001,-0.00983657511210765,7.7,7.2,,,19.0,0.6,1,che_aquadam_el_val,2023
0.0131797085201793,0.0055176569506726,0.0290383968609865,0.0370631726457399,0.0142705156950672,0.0139061659192825,0.0,0.0,0.0,0.0,1.0,20231030T110109_20231030T110911_T30TWM,0.0,2023-10-30 11:09:36.679000+00:00,-0.012930897284907535,0.9744683525409918,0.007246591928251141,-0.0,-0.00036434977578469856,0.0142705156950672,-0.21588769830366966,-0.012631091358815513,-0.007246591928251141,2.597185234066299,0.37520171444040956,-1.0,-0.011214153587444,7.8,7.6,,,16.6,0.6,1,che_aquadam_el_val,2023
0.0,0.0049389013452914,0.0154591367713004,0.0324855941704035,0.0148276345291479,0.0169893497757847,0.0002960201793721,0.0015599215246636,0.0001978139013452,0.0003321748878923,1.0,20231114T110311_20231114T110922_T30TWM,0.0,2023-11-14 11:09:33.940000+00:00,0.06794217911788923,1.1457896229089906,0.009911909566517229,0.0025402190721638086,0.002161715246636801,0.0148276345291479,-0.305139278924959,-0.0127776452060645,-0.009911909566517229,2.190881769208966,0.5229810385079275,-0.973669484506865,-0.009909837443946202,4.8,5.0,,,13.7,0.7,1,che_aquadam_el_val,2023
0.0099155829596412,0.0050711322869955,0.0200626121076233,0.0350349215246636,0.0161560538116591,0.0185040358744394,0.0015107062780269,0.0026260089686098,0.0007879484304932,0.0007010650224215,1.0,20231114T110311_20231114T110922_T30TXM,0.0,2023-11-14 11:09:32.001000+00:00,0.06774310407286772,1.1453314089041884,0.010158834080717473,0.011865145167024471,0.0023479820627803002,0.0161560538116591,-0.2789254684924819,-0.013291881984482877,-0.010158834080717473,2.16853211391141,0.5281597637206945,-0.9069938236276919,-0.010613424887892398,4.8,5.0,,,13.7,0.7,1,che_aquadam_el_val,2023
0.0011096412556053,0.0055930493273542,0.0216168721973094,0.0325951793721973,0.0141258968609865,0.0167355941704035,0.0045124439461883,0.0057757847533632,0.0039626121076233,0.0030932174887892,1.0,20231119T110249_20231119T110243_T30TWM,0.0,2023-11-19 11:09:32.018000+00:00,0.08456160808181987,1.1847456012952051,0.007736872197309374,0.04981324007149761,0.002609697309417,0.0141258968609865,-0.18747279357861202,-0.008565068866111436,-0.007736872197309374,2.307476806107798,0.5134377074383721,-0.561864152042616,-0.010539489910313903,5.6,5.9,,,13.6,0.9,1,che_aquadam_el_val,2023
0.0102377802690582,0.0055141255605381,0.0254929372197309,0.0356682174887892,0.015097533632287,0.0175169843049327,0.0048560538116591,0.0061858183856502,0.0041005605381165,0.0032525784753363,1.0,20231119T110249_20231119T110243_T30TXM,0.0,2023-11-19 11:09:28.308000+00:00,0.07418324187108777,1.1602546966659213,0.007881573243647246,0.044425765133652664,0.0024194506726456996,0.015097533632287,-0.17980322880723112,-0.009201985550573086,-0.007881573243647246,2.3625194920917765,0.49110904716330234,-0.5728158741467081,-0.011495067264573947,5.6,5.9,,,13.6,0.9,1,che_aquadam_el_val,2023
9.024663677130046e-05,0.0038216367713004,0.0207011771300448,0.0324194506726457,0.0135327914798206,0.0135815022421524,0.0004363789237668,0.0014674887892376,0.0021549887892376,0.0007208520179372,1.0,20231219T110359_20231219T110358_T30TWM,0.0,2023-12-19 11:09:34.874000+00:00,0.0017964975533301228,1.003599461530493,0.007033464125560491,0.00011565209214791831,4.87107623317988e-05,0.0135327914798206,-0.21418803130197053,-0.009558887999145883,-0.007033464125560491,2.395621828725279,0.41893067156785463,-0.7252653017472467,-0.009467684977578448,6.4,6.050000000000001,,,10.6,0.5,1,che_aquadam_el_val,2023
0.007807062780269,0.0036914237668161,0.0247995515695067,0.0348611547085201,0.0145128363228699,0.014727466367713,0.0007429372197309,0.00146216367713,0.0023253363228699,0.0008246076233183,1.0,20231219T110359_20231219T110358_T30TXM,0.0,2023-12-19 11:09:31.156000+00:00,0.007340212825916594,1.0147889799118646,0.007558576233183901,0.0007460403129803899,0.0002146300448431001,0.0145128363228699,-0.20428018306059995,-0.010160632251405797,-0.007558576233183901,2.4020910821949064,0.42246065831300744,-0.7238018196163074,-0.010281474215246651,6.4,6.050000000000001,,,10.6,0.5,1,che_aquadam_el_val,2023
0.0,0.0042448430493273,0.0104878923766816,0.023657399103139,0.0093256165919282,0.0122516255605381,0.0002623878923766,0.001629428251121,0.0001632847533632,2.1412556053811663e-05,1.0,20231224T110451_20231224T110449_T30TWM,0.0,2023-12-24 11:09:31.217000+00:00,0.1356062534745876,1.3137603760315981,0.007759730941704087,0.006719673513643087,0.0029260089686099014,0.0093256165919282,-0.2683336835469632,-0.008210694889315943,-0.007759730941704087,2.5368187583023407,0.5178771135036769,-0.9655840550088077,-0.00862889573991035,4.5,4.5,,,10.2,0.7,1,che_aquadam_el_val,2023
0.0069330717488789,0.0042382286995515,0.0170645179372197,0.027572533632287,0.0117567264573991,0.01367466367713,0.0008661995515695,0.0026719170403587,0.0016003363228699,0.0006501121076233,1.0,20231224T110451_20231224T110449_T30TXM,0.0,2023-12-24 11:09:27.501000+00:00,0.07541613767809131,1.1631353103842819,0.007726218236173353,0.010333543554445462,0.0019179372197309,0.0117567264573991,-0.22753272847141684,-0.00874816357036092,-0.007726218236173353,2.34525603127682,0.49595237998430386,-0.7603760124218462,-0.0088668721973094,4.5,4.5,,,10.2,0.7,1,che_aquadam_el_val,2023
0.0047775784753363,0.0053309977578475,0.0252085762331838,0.0333695067264574,0.0154606502242152,0.0166292600896861,0.0040268497757847,0.0053408632286995,0.0038554372197309,0.0022841367713004,1.0,20231229T110359_20231229T110356_T30TWM,0.0,2023-12-29 11:09:35.803000+00:00,0.03641673828439025,1.0755860748754646,0.007266636771300498,0.018303506411177686,0.001168609865470899,0.0154606502242152,-0.19811527482864186,-0.00970791301872019,-0.007266636771300498,2.158350796539754,0.49833700647727575,-0.6008055740150171,-0.00953873318385655,5.8,5.55,,,9.6,0.9,1,che_aquadam_el_val,2023
0.014032062780269,0.0049716928251121,0.028104764573991,0.0345715246636771,0.0154465807174887,0.0163240470852017,0.0032485426008968,0.0045160874439461,0.002959697309417,0.0013400784753363,1.0,20231229T110359_20231229T110356_T30TXM,0.0,2023-12-29 11:09:32.080000+00:00,0.027618792211550044,1.0568065116650398,0.007383086696562014,0.01130469498091029,0.000877466367713001,0.0154465807174887,-0.1992281859687244,-0.010524920279023384,-0.007383086696562014,2.238134464576684,0.4721818677078109,-0.6784034985138646,-0.0100012051569507,5.8,5.55,,,9.6,0.9,1,che_aquadam_el_val,2023
0.0,0.0040991591928251,0.0107613228699551,0.026497533632287,0.0063190582959641,0.0040108183856502,0.0,0.0,0.0,0.0,1.0,20240123T110341_20240123T110438_T30TWM,0.0,2024-01-23 11:09:27.792000+00:00,-0.2234528040806369,0.6347177376432589,0.0010619245142002866,-0.0,-0.0023082399103139,0.0063190582959641,-0.1695988253312026,-0.005903267670296796,-0.0010619245142002866,4.193272540183816,0.15136572487497685,-1.0,-0.008935117713004502,5.3,5.4,,,8.6,7.7,1,che_aquadam_el_val,2024
0.0123871076233183,0.0048996076233183,0.0192787556053811,0.0318076793721973,0.0101190582959641,0.0077102017937219,6.41255605381166e-05,0.0007742152466367,0.0001707959641255,0.0002729820627802,1.0,20240123T110341_20240123T110438_T30TXM,0.0,2024-01-23 11:09:24.087000+00:00,-0.1351069248036655,0.7619485497773095,0.002953774289984991,-0.001979868113811417,-0.002408856502242201,0.0101190582959641,-0.19473393154571947,-0.008970650936009706,-0.002953774289984991,3.1433438213201637,0.24240063864770003,-0.9668030353378373,-0.0096398822869955,5.3,5.4,,,8.6,7.7,1,che_aquadam_el_val,2024
0.0,0.0059706838565022,0.0073775784753363,0.0108965246636771,0.0033080717488789,0.0030428811659192,1.1042600896860988e-05,0.0013793161434977,0.0008437780269058,7.118834080717489e-05,1.0,20240217T110019_20240217T110830_T30TWM,0.0,2024-02-17 11:09:35.642000+00:00,-0.041756030396917276,0.9198352989019744,0.001493224962630721,-0.00029091730894927634,-0.00026519058295969983,0.0033080717488789,-0.13485169166590052,-0.002963005196099369,-0.001493224962630721,3.2939202928019666,0.2792524460631433,-0.5935411575693026,-0.00366163116591925,12.5,12.299999999999999,,,9.6,14.4,1,che_aquadam_el_val,2024
0.0026141255605381,0.0055867152466367,0.0098124439461883,0.011714461883408,0.0030108744394618,0.0032264013452914,0.0,0.0004035313901345,0.0,0.0,1.0,20240217T110019_20240217T110830_T30TXM,0.0,2024-02-17 11:09:31.925000+00:00,0.03455465386931387,1.0715828275682349,0.0018213266068758934,0.0,0.00021552690582959987,0.0030108744394618,-0.13986563899593477,-0.0034933335112818605,-0.0018213266068758934,3.8907175038165938,0.2754203630865174,-1.0,-0.0044595571748879004,12.5,12.299999999999999,,,9.6,14.4,1,che_aquadam_el_val,2024
0.0,0.1175915919282511,0.0326381165919282,0.0711043161434977,0.0700085201793722,0.0808080156950672,0.0913599215246636,0.1019936098654708,0.1068856502242152,0.1121047085201793,0.95347533632287,20240407T105619_20240407T105745_T30TWM,0.0,2024-04-07 11:09:33.427000+00:00,0.07160683974790398,1.1542597313587701,-0.0005879185351270865,0.17440295780228177,0.010799495515694993,0.0700085201793722,0.3554681442538624,0.027964745177592662,0.0005879185351270865,1.0156523229075247,1.1364713153556836,0.20847001323281106,-0.005947645739910246,7.7,7.5,2.2564615384615383,2.256461538461538,14.266666666666666,2.9499999999999997,66,"che_aquadam_el_val,che_saica_945",2024
0.0026878923766816,0.0055209080717488,0.0097950672645739,0.0238116031390134,0.0037395739910313,0.0020038116591928,0.0,0.0,0.0,0.0,1.0,20240412T105621_20240412T110532_T30TWM,0.0,2024-04-12 11:09:35.875000+00:00,-0.3022193593722498,0.5358395539167253,0.0002586771300448604,-0.0,-0.0017357623318384999,0.0037395739910313,-0.11127475427116766,-0.004073220691864101,-0.0002586771300448604,6.367464100488792,0.08415274047255204,-1.0,-0.009168133408071799,7.6,7.666666666666667,1.6927692307692308,1.6927692307692308,15.739393939393938,2.303030303030303,66,"che_aquadam_el_val,che_saica_945",2024
0.0145671524663677,0.0065586883408071,0.0163343049327354,0.0281646860986547,0.0071891816143497,0.0062276905829596,0.0002783071748878,0.0003706278026905,6.311659192825112e-05,4.058295964125561e-05,1.0,20240412T105621_20240412T110532_T30TXM,0.0,2024-04-12 11:09:32.152000+00:00,-0.0716628299987029,0.8662586253947249,0.002724308669656247,-0.005976723415554851,-0.0009614910313900998,0.0071891816143497,-0.16013992356353968,-0.007007972631503946,-0.002724308669656247,3.917648434758919,0.22111698888265147,-0.98259404394772,-0.010007006726457452,7.6,7.666666666666667,1.6927692307692308,1.6927692307692308,15.739393939393938,2.303030303030303,66,"che_aquadam_el_val,che_saica_945",2024
0.0212717488789237,0.0226441143497757,0.0215103699551569,0.026602130044843,0.0239011210762331,0.0291441704035874,0.0182886210762331,0.0191651905829596,0.0182739349775784,0.0186583520179372,0.7612107623318386,20240422T105621_20240422T110339_T30TXM,0.0042918936508025,2024-04-22 11:09:33.874000+00:00,0.09884099382032543,1.2193641591384559,0.008236382660687634,0.13765593354120273,0.0052430493273542995,0.0239011210762331,-0.11695892125029282,-0.005391746743540458,-0.008236382660687634,1.1130076267131979,1.095557775052573,-0.1334245078767632,-0.003972029147982101,76.1,68.9,1.79765625,1.7976562500000002,16.893846153846148,3.3723076923076927,65,"che_aquadam_el_val,che_saica_945",2024
0.0234202914798206,0.0175427690582959,0.0189323430493273,0.0237763452914798,0.0158818385650224,0.015125,0.0048742152466367,0.004864798206278,0.0021150224215246,0.0052386210762331,1.0,20240502T105621_20240502T105922_T30TWM,0.0,2024-05-02 11:09:37.380000+00:00,-0.02440876271327318,0.9523456580972158,0.005113893871449973,-0.015357191396429035,-0.0007568385650223997,0.0158818385650224,-0.3223422839315799,-0.014077911061285534,-0.005113893871449973,1.4970776333065106,0.6361364547233426,-0.7649565195724275,-0.003568834080717502,24.0,25.4,0.32046874999999997,0.32046875,15.309230769230767,2.190769230769231,65,"che_aquadam_el_val,che_saica_945",2024
0.0382970852017937,0.0195814461883408,0.0283598094170403,0.0317034753363228,0.0219080156950672,0.021627466367713,0.0135922085201793,0.0136240470852017,0.0108540358744394,0.0134187780269058,1.0,20240502T105621_20240502T105922_T30TXM,0.0,2024-05-02 11:09:33.658000+00:00,-0.006444153459691466,0.9871942155209716,0.004154547832586013,-0.008048048252349857,-0.00028054932735420077,0.0219080156950672,-0.18403888275539007,-0.010618209659050474,-0.004154547832586013,1.4471176110879425,0.6821796707862601,-0.33740194191368444,-0.004757455156950696,24.0,25.4,0.32046874999999997,0.32046875,15.309230769230767,2.190769230769231,65,"che_aquadam_el_val,che_saica_945",2024
0.03719966367713,0.0477543721973094,0.0539737107623318,0.0617276905829596,0.0471893497757847,0.0438854820627802,0.0220855941704035,0.0236534753363228,0.020569730941704,0.0222526905829596,0.95347533632287,20240606T105619_20240606T110551_T30TWM,0.0,2024-06-06 11:09:37.172000+00:00,-0.036276407502577476,0.9299870049343235,0.01008480194319881,-0.035234399236243386,-0.0033038677130044977,0.0471893497757847,-0.23007170634553437,-0.026725448430493258,-0.01008480194319881,1.3080852115202333,0.7109529232071274,-0.39285684741012344,-0.005617236547085201,22.9,18.799999999999997,0.7634328358208956,0.7634328358208956,22.822058823529407,19.229411764705883,68,"che_aquadam_el_val,che_saica_945",2024
0.038682062780269,0.0369492713004484,0.0536727017937219,0.0876497197309417,0.0445997757847533,0.0510484304932735,0.033177130044843,0.0352933856502242,0.0296625560538116,0.0320854260089686,1.0,20240616T105619_20240616T105828_T30TWM,0.0,2024-06-16 11:09:37.388000+00:00,0.06742055036322876,1.1445893974813368,0.012540732436472357,0.0939707880730222,0.006448654708520199,0.0445997757847533,-0.105696035843363,-0.013504268097373477,-0.012540732436472357,1.965250232511377,0.5824140755951854,-0.20114126988919442,-0.0247492993273543,33.4,28.549999999999997,1.63140625,1.63140625,21.96153846153846,18.733846153846155,65,"che_aquadam_el_val,che_saica_945",2024
0.0469176008968609,0.0375475896860986,0.0569354820627802,0.0890427130044843,0.0462262892376681,0.0529942825112107,0.0360734304932735,0.0380206838565022,0.0323307174887892,0.0345459641255605,0.8660313901345292,20240616T105619_20240616T105828_T30TXM,0.0,2024-06-16 11:09:33.674000+00:00,0.06821159316307894,1.1464100490252551,0.012182851270553057,0.09966193477403948,0.006767993273542605,0.0462262892376681,-0.09518936538759117,-0.01227003754715636,-0.012182851270553057,1.9262353624509985,0.5951557485511684,-0.17688519876100364,-0.024792208520179396,33.4,28.549999999999997,1.63140625,1.63140625,21.96153846153846,18.733846153846155,65,"che_aquadam_el_val,che_saica_945",2024
