fecha,pc,pc_max,temp_agua,n,t_aire,rad,viento,lluvia,ndci,edad_ndci,nivel_pct,t_aire_3d,t_aire_7d,t_aire_14d,t_aire_30d,rad_7d,viento_7d,lluvia_7d,rad_14d,viento_14d,lluvia_14d,calentamiento_7d,sin_doy,cos_doy,temp_agua_ayer
2024-03-13,2.4475806451612905,4.62,10.564516129032258,62,9.360131835937523,19.2727779375,1.2608425781733645,0.0,,25,58.333333333333336,6.729633797539615,6.7172087533133515,6.336292384919683,7.330547777811705,14.264924732142857,2.6111190296766624,15.537933026411821,13.20237911439732,2.9422219118842174,29.754039450853753,-0.6133390244983534,0.9507903724625832,0.3098349038318025,
2024-03-14,1.9028472222222221,4.42,10.532638888888888,288,11.175539906819665,17.061005,1.9751044769981625,0.18908381451865353,,26,58.333333333333336,7.861835522121869,7.205837322416771,6.611990410941006,7.365489154391838,14.493911053571427,2.6709332024227446,15.537497912532672,13.83371525279018,2.646718114938369,28.330188795298028,-0.15965183197506683,0.9559793438440766,0.2934339689665273,10.564516129032258
2024-03-15,1.2302083333333333,3.38,11.115625,288,11.668696339925134,14.244424875,1.59782424175038,0.2975814283558975,,27,58.333333333333336,9.400878948635542,7.647662644159238,6.855873225984136,7.433255386352558,14.870073785714286,2.4914981809667216,12.115207825786456,14.18241789564732,2.5469686136490375,23.397400780783784,0.21440725780668046,0.9608854255574977,0.27694620226893646,10.532638888888888
2024-03-16,0.8813888888888889,3.32,11.49201388888889,288,12.545899963378929,17.82895925,1.2246192604947528,0.09039474599603636,,28,58.333333333333336,10.734789360894107,8.40073674519858,7.234103956676681,7.446998786926288,15.204034660714285,2.215427801934319,10.101705579813824,14.06386938671875,2.4118223116593627,23.56009093775313,0.953737958272292,0.9655071658143364,0.2603764827344581,11.115625
2024-03-17,0.8955208333333333,2.46,12.342361111111112,288,14.751793797810876,17.8483478125,0.9939183214796772,0.0008583068797918258,,29,58.333333333333336,11.796712070041243,9.277024205525729,7.655412474132736,7.480530187818759,16.025391776785714,1.9013378526997957,4.98266629341515,14.670691618861609,2.2285687294413203,18.11552982458764,1.7964940177069701,0.969843196967294,0.24372971360968387,11.49201388888889
2024-03-18,1.4170486111111111,4.83,13.649305555555555,288,14.26456222534182,17.3693755625,0.7587626955356206,0.0218756759977623,,30,58.333333333333336,12.988796700371646,10.532490939185745,8.437172644478949,7.681282912360316,16.698079875,1.6305186892491925,1.1006545222080888,14.968949364118304,2.065412060632776,16.40604249551103,2.8512080268254296,0.9738922359149924,0.22701082094141847,12.342361111111112
2024-03-19,1.2194444444444443,3.63,14.178819444444445,288,14.530149078369163,19.5126826875,0.7445034862520243,0.40513300336897373,0.0878183467000235,1,58.333333333333336,13.854085328843874,11.633369881766198,9.043394888015033,7.911812188890264,17.07441325,1.3157392659364984,0.6045926573001736,15.546276542131697,1.9609660729716396,16.159625744627704,3.721557692875934,0.9776530844816641,0.2102247521189836,13.649305555555555
2024-03-20,1.6793402777777777,9.16,13.951736111111112,288,14.27127354939779,17.4359444375,2.365571253352384,1.5120506286621094,0.0878183467000235,2,58.333333333333336,14.515501700507286,12.613824735369016,9.665516744341184,8.118258200751429,17.591081875,1.2222250086691402,1.0049269751171153,15.928003303571428,1.9166720191729014,16.542860001528936,4.495566534617588,0.981124629771712,0.19337647441020586,14.178819444444445
2024-03-21,3.023156028368794,8.86,14.785106382978723,282,13.92694753011068,16.389172,0.604516823493877,0.4181742667697108,0.0878183467000235,3,58.333333333333336,14.355328284369591,13.315416408720482,10.260626865568627,8.273932562934046,17.328677089285712,1.3800433908375715,2.5169776037792246,15.911294071428571,2.0254882966301584,18.054475516311896,5.041483845786436,0.984305844499033,0.17647097349152166,13.951736111111112
2024-03-22,3.8233333333333333,6.77,15.314855072463768,276,16.167936579386435,20.466312,0.6393424262413574,0.04421472544891003,0.0878183467000235,4,58.333333333333336,14.242790052625878,13.7084746406192,10.678068642389219,8.44074257744685,17.232700946428572,1.1842451546226738,2.746068056030282,16.05138736607143,1.8378716677946974,14.861275881816738,5.26773206317235,0.9871957872910085,0.15951325197263655,14.785106382978723
2024-03-23,3.2860727272727273,5.61,16.22909090909091,275,11.089133199055993,18.920176,3.848018624233758,0.08212327946921505,0.0878183467000235,5,58.333333333333336,14.788719219631636,14.351223246256527,11.375979995727553,8.680314593844962,18.121541964285715,1.0473191809785276,2.4927013531232944,16.662788312500002,1.6313734914564229,12.594406932937119,5.6709086524115655,0.9897936029670716,0.14250832791617088,15.314855072463768
2024-03-24,3.677753623188406,6.56,16.56376811594203,276,8.62576510111495,21.958636,2.804816885373671,0.000852346317969932,0.0878183467000235,6,58.333333333333336,13.728005769517702,14.143113708496108,11.710068957010918,8.717261526319733,18.277430071428572,1.4220905186555284,2.484429886596473,17.151410924107143,1.661714185677662,7.467096180011623,5.425852182176374,0.992098522791769,0.12546123335273648,16.22909090909091
2024-03-25,6.701127272727272,11.6,15.74,275,8.01067949930831,4.512806,2.0994712451293167,8.552353121558554,0.0878183467000235,7,58.333333333333336,11.96094495985246,13.267966751825261,11.900228845505504,8.832192272610152,18.864614098214286,1.6807903134975273,2.4844239260346512,17.781346986607144,1.6556545013733601,3.58507844824274,4.435774479215109,0.9941098647022418,0.10837701279187609,16.56376811594203
2024-03-26,7.389205776173285,12.21,14.852346570397112,277,5.8206039428711165,12.972016,1.489747950813968,11.222824454307556,0.0878183467000235,8,54.16666666666666,9.241859266493085,12.374554933820475,12.003962407793336,8.934662416246221,17.027961303571427,1.8723201062966268,11.014901371595442,17.051187276785715,1.5940296861165624,11.619494028895616,3.439892517574254,0.9958270335100595,0.09126072172931188,15.74
2024-03-27,5.7904,9.03,14.399272727272727,275,7.917932128906273,15.627234,4.217304844680195,0.6858885287215344,0.0878183467000235,9,54.16666666666666,7.485682847764792,11.130334200177897,11.872079467773457,8.836089028252513,16.093580348214285,1.9787836012340476,21.832592822534025,16.84233111160714,1.6005043049515937,22.83751979765114,2.2942451719253842,0.9972495210773451,0.07411742515094437,14.852346570397112
2024-03-28,6.137282608695652,9.38,14.178260869565218,276,10.839960988362634,16.760526,4.826378611273346,0.9694993495941162,0.0878183467000235,10,54.16666666666666,7.249738523695233,10.222713997250537,11.76906520298551,8.878226386176234,15.835193142857142,2.2433169714237344,21.00643072259345,16.581935116071428,1.811680181130653,23.523408326372675,1.3444876110743031,0.998376906467142,0.056952196034039754,14.399272727272727
2024-03-29,7.8447272727272725,12.88,13.881454545454545,275,9.42602119445803,4.163766,1.5822418362592443,11.932343244552612,0.0878183467000235,11,54.16666666666666,8.192832353380007,9.781715919857959,11.745095280238578,9.12250330183243,15.888243714285712,2.846440083963659,21.557755805417855,16.560472330357143,2.015342619293166,24.303823861448137,0.6592126180255296,0.9992088560679753,0.03977011384605572,14.178260869565218
2024-03-30,7.845890909090909,13.76,13.392727272727273,275,7.275738016764365,17.603962,2.943595859948558,2.471750974564202,0.0878183467000235,12,54.16666666666666,9.39463810390898,8.818585150582473,11.5849041984195,9.253358692593062,13.559308571428572,2.9811399996805,33.44588432452156,15.840425267857142,2.0142295903295135,35.93858567764485,-0.43477354201058915,0.9997451236925734,0.022576263041545485,13.881454545454545
2024-03-31,8.505265151515152,14.8,13.174621212121211,264,7.027051544189476,12.562126,3.1802688504796173,3.388753271792666,0.0878183467000235,13,54.16666666666666,9.180573399861677,8.273814410255097,11.208464059375602,9.237177276611346,13.371278,2.851936747639757,35.835512019616544,15.824354035714284,2.137013633147643,38.31994190621302,-0.963362866356249,0.9999855506507186,0.005375731557583884,13.392727272727273
2024-04-01,7.419386281588448,13.74,12.933574007220217,277,8.151017761230491,20.189286,3.857881778156379,1.1164426802565686,0.0878183467000235,14,54.16666666666666,7.90960358513729,8.045426759265743,10.656696755545502,9.258963457743345,12.02891942857143,2.905572742654892,39.22341294509124,15.446766763392857,2.29318152807621,41.70783687112589,-1.2135366984776024,0.9999300657962057,-0.011826390691832589,13.174621212121211
2024-04-02,6.886618181818182,11.11,12.889454545454546,275,8.889798100789392,12.190218,3.070218137643465,0.30153244642860955,0.0878183467000235,15,54.16666666666666,7.484602440728111,8.065475082397484,10.220015008108978,9.30907802581789,14.268416571428572,3.156774247373044,31.787502503789256,15.648188937499999,2.5145471768348355,42.8024038753847,-1.243602943420406,0.9995786855478958,-0.029025013321975237,12.933574007220217
2024-04-03,5.961345454545454,9.86,12.886909090909091,275,11.897701517740927,21.2279,2.066552759202869,0.0006556510925292969,,16,54.16666666666666,8.022622468736452,8.503931390671523,9.81713279542471,9.47849958207874,14.156731142857144,3.382555702634401,20.86621049591031,15.125155745535716,2.680669651934224,42.698803318444334,-0.9745681914072168,0.9989315138848577,-0.046215046983708354,12.889454545454546
2024-04-04,5.373818181818182,10.04,13.345818181818181,275,13.977079645792685,23.083262,2.2425959715561405,0.0017220344261659193,,17,54.16666666666666,9.64617245992027,9.072469874790759,9.647591936020648,9.682507938808884,14.956826285714287,3.0753054047090678,20.180977618281304,15.396009714285713,2.6593111880664013,41.187408340874754,-0.6100380640181253,0.9979887423155984,-0.06339140486951038,12.886909090909091
2024-04-05,5.099018181818182,10.2,13.668363636363637,275,16.10828806559249,18.162982,2.7494236944568025,0.0004351138613856165,,18,54.16666666666666,11.588193088107667,9.520629682995052,9.651172801426506,9.954395824008538,15.860074285714287,2.7061935990351818,19.213200303113354,15.874159,2.77631684149942,40.77095610853121,-0.43376614101348565,0.9967506498213929,-0.08054900421874167,13.345818181818181
2024-04-06,5.172254545454545,10.57,13.308727272727273,275,17.588253911336267,19.747076,3.29965535671451,0.1981735228469006,,19,54.16666666666666,13.9943564097087,10.47523923601426,9.646912193298366,10.293347697787834,17.859962285714285,2.872933864491976,7.281292172422127,15.70963542857143,2.9270369320862377,40.727176496943684,0.18189153822642723,0.9952176027737294,-0.09768276782171598,13.668363636363637
2024-04-07,4.161127272727272,8.39,14.350909090909092,275,16.564606602986657,16.045002,1.747782402410655,5.00387549396919,,20,54.16666666666666,15.891207207573814,11.948455792381676,10.111135101318386,10.610197406344962,18.16612142857143,2.9237995068871117,5.007714720704826,15.768699714285715,2.887868127263434,40.84322674032137,1.3382583860367134,0.9933900548258936,-0.11478762552212701,13.308727272727273
2024-04-08,3.772218181818182,7.26,14.924363636363637,275,13.640346781412802,22.750748,2.4185153269054993,4.78068590160774,,21,54.16666666666666,16.753716193305138,13.31096365792413,10.678195208594937,10.949111705356193,18.663675142857148,2.719158585734403,6.622836942881349,15.346297285714286,2.8123656641946475,45.84624988797259,2.361851952567937,0.9912685467787256,-0.13185851571739118,14.350909090909092
2024-04-09,3.4015636363636363,6.37,14.922545454545455,275,7.673847452799521,20.708492,3.901793201401921,0.014736795094449917,,22,54.16666666666666,15.931069098578575,14.095153517950175,11.080314300173828,11.190060340033657,19.029598285714286,2.5135348069842776,10.28708016423252,16.64900742857143,2.8351545271786605,42.074582668021776,2.905093177916518,0.9888537064205885,-0.1488903868564548,14.924363636363637
2024-04-10,2.923672727272727,5.31,14.836363636363636,275,8.981459554036462,24.58708,3.605424102668264,2.92232016363414e-07,,23,54.16666666666666,12.626266945732993,13.92144628252305,11.212688836597286,11.247071033053949,20.24649457142857,2.6323312446640563,10.00028451289836,17.201612857142855,3.0074434736492286,30.86649500880867,2.674375249469101,0.986146248341595,-0.16587819893463143,14.922545454545455
2024-04-11,2.9332846715328467,5.12,15.236496350364963,274,12.488481140136741,25.060724,3.606935132693693,0.0,,24,54.16666666666666,10.098551262749595,13.504840287708126,11.288655081249443,11.327839363945877,20.72637742857143,2.8521700080162558,9.999629154037848,17.841601857142855,2.9637377063626618,30.180606772319152,2.1770009237622485,0.9831469737221499,-0.1828169249850199,14.836363636363636
2024-04-12,2.0499636363636364,4.26,15.704,275,15.231816228230798,25.378794,0.5269415570687102,0.0,,25,54.16666666666666,9.714596048990908,13.292183358328705,11.406406520661879,11.488556565178786,21.008872,3.047075602464478,9.997907119611682,18.434473142857144,2.876634600749829,29.211107422725036,1.8036267931499186,0.9798567700958665,-0.1997015525660636,15.236496350364963
2024-04-13,2.03014598540146,4.19,16.0,274,18.03267885843917,25.637604,0.31519330962006137,0.0017225742112714215,-0.18694109468547634,1,54.16666666666666,12.233918974134667,13.166973095848464,11.821106165931363,11.68427937825523,22.039702285714288,2.729578154266179,9.997472005750296,19.949832285714283,2.801256009379077,17.278764178172423,1.482693717593234,0.9762766110869321,-0.21652708524481437,15.704
2024-04-14,1.729051094890511,4.78,16.735036496350364,274,19.568895594279013,25.113682,0.3401223155514552,0.0008583068797918258,-0.18694109468547634,2,54.16666666666666,15.250992075602236,13.230462374006022,12.589459083193848,11.912850676642545,22.88120628571429,2.303226433252686,9.801021057114667,20.523663857142857,2.6135129700698987,14.808735777819493,1.3176116973634766,0.9724075561219968,-0.23328854407545518,16.0
2024-04-15,1.6834306569343065,3.3,17.58978102189781,274,13.618019358317099,23.38151,4.075232015559674,0.0008642672355563263,-0.18694109468547634,3,54.16666666666666,17.611130226982993,13.659646515619215,13.485305086771673,12.176190651787675,24.176731999999998,2.1021321351299433,4.798003870025269,21.42020357142857,2.410645360432173,11.420840812906619,1.4834558638315407,0.9682507501166718,-0.2499809690726521,16.735036496350364
2024-04-16,2.1804,3.84,17.87818181818182,275,9.716051991780603,22.200864,4.524623008136039,0.0004291534878575476,-0.18694109468547634,4,50.0,17.07319793701176,13.656456883748401,13.875805200849287,12.211927964952281,24.266840857142856,2.3388059477948255,0.018182235653085854,21.648219571428573,2.426170377389551,10.305262399885606,1.44452891879612,0.9638074231367307,-0.26659942067929354,17.58978102189781
2024-04-17,2.171167883211679,3.42,17.36021897810219,274,8.334326044718466,18.455078,4.478257757940874,0.0052021222813891654,-0.18694109468547634,5,50.0,14.300988981458906,13.948200389317126,13.934823335920088,12.044069904751272,24.48003685714286,2.427781634471128,0.0038745940464934847,22.363265714285713,2.530056439567592,10.004159106944854,1.9041304845658544,0.9590788900341131,-0.28313898122818354,17.87818181818182
2024-04-18,2.1682051282051282,3.55,16.88058608058608,273,8.247980372111044,19.827108,4.19560780541639,0.0,-0.18694109468547634,6,50.0,10.556132464938722,13.855752745128841,13.680296516418483,11.84639536539716,23.60403657142857,2.552472156652929,0.009076424095866287,22.165207000000002,2.7023210823345925,10.008705578133714,2.0093573797316804,0.9540665500578387,-0.2995947563972602,17.36021897810219
2024-04-19,2.319890510948905,4.5,16.494160583941607,274,10.788762664794945,27.213696,0.41275789584621,0.000852346317969932,-0.18694109468547634,7,50.0,8.766119469536704,13.24996692112517,13.271075139726937,11.636989741855222,22.856377142857145,2.6365682527561716,0.009076424095866287,21.932624571428573,2.841821927610325,10.006983543707548,1.6129771792699472,0.9487718864399473,-0.31596187665790293,16.88058608058608
2024-04-20,1.8033333333333332,3.34,16.684615384615384,273,11.824673589070642,27.285698,3.9911761563971546,0.0,-0.18694109468547634,8,50.0,9.123689693874818,12.615244983491477,12.89110903966997,11.520906045701794,23.118506,2.6202563011529576,0.009928770413836219,22.579104142857144,2.674917227709568,10.007400776164133,1.0943389377896828,0.9431964659565866,-0.33223549871590435,16.494160583941607
2024-04-21,1.5032967032967033,3.34,17.244688644688644,273,10.32327550252279,27.364434,4.34700650435975,0.0,-0.18694109468547634,9,50.0,10.287138875325544,11.728387087867402,12.479424730936712,11.450830247667126,23.353948,3.1453967078353995,0.008206196202564797,23.11757714285714,2.724311570544043,9.809227253317232,0.27755684020027616,0.9373419384643772,-0.3484108069446808,16.684615384615384
2024-04-22,1.8901465201465202,3.58,17.03919413919414,273,6.656413650512718,28.005932,5.598590402535952,0.0008523463748133508,-0.18694109468547634,10,50.0,10.978903918796126,10.407584217616513,12.033615366617864,11.256008211771672,23.675484,3.717808734808013,0.007347889322772971,23.926108,2.9099704349689786,4.805351759348042,-0.8484239941551586,0.9312100364121947,-0.3644830148102912,17.244688644688644
2024-04-23,1.8074452554744527,3.86,16.264963503649636,274,5.550921376546228,15.950336,4.691321345910919,2.276142805442305,-0.18694109468547634,11,50.0,9.601454247368716,9.413069116501601,11.534763000125,11.108250893486895,24.336115714285715,3.93543136151891,0.007335968462029996,24.301478285714285,3.137118654656868,0.02551820411511585,-1.6951817769852937,0.9248025743285089,-0.38044736628785164,17.03919413919414
2024-04-24,1.8831501831501831,4.19,15.915750915750916,273,7.522268549601279,25.139968,3.7028065538169956,0.0151550115852217,-0.18694109468547634,12,50.0,7.510203509860578,8.818050457182405,11.383125423249766,11.005756102667938,23.443183142857144,3.959245409772464,2.2830496204164774,23.96161,3.1935135221217963,2.286924214462971,-2.187705645485533,0.9181214482844364,-0.39629913726891813,16.264963503649636
2024-04-25,2.488205128205128,5.82,15.84981684981685,273,8.446883138020837,14.526736,1.1635919145209248,1.6263306139876477,-0.18694109468547634,13,50.0,6.5765345255534085,8.702042243594235,11.278897494361539,10.989475737677704,24.39816742857143,3.848466666326196,2.29300250972031,24.001102,3.200469411489563,2.3020789338161762,-2.2874334940834693,0.9111686353326631,-0.41203363695942635,15.915750915750916
2024-04-26,1.5063868613138687,5.86,15.342335766423357,274,10.795335388183616,17.080634,1.6308903014196166,1.0603964329334303,-0.18694109468547634,14,50.0,7.1733576880561145,8.73045692443849,10.99021192278183,11.077018377516028,23.640971428571426,3.4153215390554155,3.9193331237079576,23.248674285714284,3.0259448959057935,3.928409547803824,-2.3465614530775376,0.9039461929224011,-0.42764620926777464,15.84981684981685
2024-04-27,1.0327106227106226,3.42,15.194505494505494,273,10.98781293233236,19.72678,2.8201500596988534,5.536463191504026,-0.18694109468547634,15,50.0,8.921495691935243,8.731395884922588,10.673320434207032,11.17293181949194,22.19339114285714,3.58934045413733,4.978877210323418,22.655948571428574,3.1047983776451438,4.988805980737254,-2.4415359345693517,0.8964562582905575,-0.44313223418263453,15.342335766423357
2024-04-28,1.6192307692307693,3.48,15.66996336996337,273,9.962372080485068,22.519704,0.8608276945236579,3.8101574833717677,,16,50.0,10.076677152845605,8.611844362531404,10.170115725199404,11.177860217624264,21.113545714285713,3.4220510117518588,10.515340401827444,22.233746857142858,3.283723859793629,10.52354659803001,-2.5660158550928607,0.8887010478292915,-0.45848712914008766,15.194505494505494
2024-04-29,2.5188278388278387,6.8,15.984249084249084,273,9.982217407226585,18.677496,3.0144381361708197,1.5005065398732143,,17,50.0,10.581840133667015,8.560286730811729,9.483935474214121,11.195738580491831,20.42144142857143,2.92402546748956,14.325497885199212,22.048462714285712,3.3209171011487864,14.332845774521985,-2.635451849680102,0.8806828564301475,-0.47370635037968,15.66996336996337
2024-04-30,2.7132363636363634,5.03,16.363272727272726,275,13.010489400227868,25.014888,1.1552006097966083,0.07780389436717883,,18,45.833333333333336,10.310800806681337,9.035401553199424,9.224235334850514,11.285954560173906,19.088807714285714,2.554860858008827,15.825152078697613,21.712461714285713,3.2451461097638687,15.832488047159643,-2.2505530069744815,0.8724040568049612,-0.48878539428899265,15.984249084249084
2024-05-01,2.1700363636363638,5.52,16.24472727272727,275,8.270891443888388,17.33087,2.533460572265782,7.572206854717933,,19,45.833333333333336,10.985026295979841,10.101054128011087,9.459552292596745,11.48540248870852,20.383743714285714,2.0497007528496396,13.626813167622487,21.91346342857143,3.0044730813110516,15.909862788038964,-1.384348360697432,0.8638670987837349,-0.503719798736334,16.363272727272726
2024-05-02,0.9009489051094891,2.32,15.483941605839416,274,8.97652142842611,26.384804,2.434421709980409,0.5575895308425061,,20,45.833333333333336,10.42119941711428,10.20800025576639,9.455021249680312,11.489398278130448,19.26815828571429,1.8826513269137517,21.1838650107552,21.83316285714286,2.865558996619974,23.47686752047551,-1.2813980223640584,0.8550745085896932,-0.518505144391157,16.24472727272727
2024-05-03,0.8283272727272727,2.02,15.678909090909091,275,11.889483388264978,26.168866,2.7950172198241434,0.0,-0.015426458086482324,1,45.833333333333336,10.085967424180788,10.283662868681429,9.50705989655996,11.49228905571834,20.962168,2.0641984405508214,20.115123927610057,22.301569714285712,2.739759989803118,24.034457051318014,-1.208626187036911,0.8460288880917339,-0.533137056031809,15.483941605839416
2024-05-04,1.228211678832117,2.82,16.03978102189781,274,16.901256179809593,24.79723,2.9501889294406136,0.5339980124858812,-0.015426458086482324,2,45.833333333333336,9.712298753526492,10.439969725835908,9.585682805379248,11.49201511806914,22.26048685714286,2.230502286037182,19.054727494676627,22.226938999999998,2.9099213700872566,24.033604705000045,-1.0520453922332322,0.8367329140344921,-0.5476112038402312,15.678909090909091
2024-05-05,1.5253846153846153,3.33,16.37985347985348,273,15.59798647562667,17.024174,2.6764686306492207,2.3121297359693926,-0.015426458086482324,3,45.833333333333336,12.58908699883356,11.28474733261837,9.948295847574887,11.589487669203038,22.98483685714286,2.249079267428862,14.052262315658481,22.049191285714283,2.8355651395903605,24.567602717485926,-0.30474033658466837,0.8271893372462497,-0.5619233046832195,16.03978102189781
2024-05-06,1.3365693430656933,2.88,16.236131386861313,274,11.150505956014001,14.037056,2.5607832544698104,3.3409297466278076,-0.015426458086482324,4,45.833333333333336,14.79624201456708,12.089835103352884,10.325060917082308,11.572477616204177,22.19976114285714,2.508456544018228,12.554234568256106,21.310601285714288,2.716241005753894,26.87973245345532,0.5173574871487077,0.8174009818249189,-0.5760691233798758,16.37985347985348
2024-05-07,1.343992673992674,2.57,16.135164835164836,273,11.028798039754236,19.669004,4.019376741366268,0.029480457271802152,-0.015426458086482324,5,45.833333333333336,14.549916203816755,12.256733467465372,10.646067510332399,11.357886017693435,21.536841142857146,2.443648703775227,14.3946577750107,20.312824428571428,2.4992547808920267,30.219809853708313,0.898847449771937,0.8073707443023492,-0.5900444739548627,16.236131386861313
2024-05-08,0.8948,2.56,16.772727272727273,275,12.711307779947958,27.514416,3.6762617442828556,0.0008583068797918258,-0.015426458086482324,6,45.833333333333336,12.592430157131636,11.973634701683425,11.037344414847256,11.173359065585688,20.773143428571426,2.8528167225708927,14.346334337915323,20.578443571428572,2.451258737710266,27.97314750553781,0.8002756360977372,0.7971015927871943,-0.6038452208771035,16.135164835164836
2024-05-09,0.6578832116788321,2.18,17.217518248175182,274,16.320646540323935,29.026276,0.47821648001906003,0.0008702277618510834,-0.015426458086482324,7,45.833333333333336,11.630203925238732,12.607979892549078,11.407990074157734,11.142391098870194,22.227935714285714,3.016074032859046,6.7749857900771815,20.748047000000003,2.4493626798863986,27.95885080083238,1.4655887936788847,0.7865965660866021,-0.6174672802835514,16.772727272727273
2024-05-10,0.4233941605839416,1.61,17.465328467153284,274,18.96413129170736,27.983168,2.3913948860864633,0.0017106532936850272,-0.015426458086482324,8,45.833333333333336,13.35358412000871,13.657140622820195,11.970401745750811,11.430617735121007,22.605288857142856,2.7366161428645674,6.2182664869965265,21.783728428571433,2.4004072917076944,26.333390414606583,2.226522887699188,0.7758587728069828,-0.6309066211876704,17.217518248175182
2024-05-11,0.3309124087591241,1.31,17.552554744525548,274,18.67457733154299,24.079472,1.650284690803468,0.6011128425598145,-0.015426458086482324,9,45.833333333333336,15.998695203993085,14.66780460902625,12.55388716743108,11.763373459710037,22.864474857142856,2.6789558094734702,6.2199771402902115,22.562480857142855,2.454729047755326,25.274704634966838,2.9044311493162134,0.7648913904341225,-0.6441592666722685,17.465328467153284
2024-05-12,0.41854014598540146,1.43,18.5492700729927,274,16.97513669331869,22.33696,1.3249373876730273,1.7603635787963867,-0.015426458086482324,10,45.833333333333336,17.98645172119143,14.921136202131022,13.102941767374697,11.969576666090244,22.761937999999997,2.4932552039538782,6.287091970364145,22.873387428571426,2.3711672356913702,20.339354286022626,2.9515595360407776,0.753697664392914,-0.6572212950663319,17.552554744525548
2024-05-13,0.40802919708029195,1.33,18.747810218978103,274,18.407826995849632,19.484268,0.8891004514998143,8.135558996741565,-0.015426458086482324,11,45.833333333333336,18.204615105523015,15.117871947515596,13.603853525434241,12.02768734825984,23.52090742857143,2.3001793121001364,5.735325813191139,22.860334285714284,2.404317928059182,18.289560381447245,3.090184599255755,0.742280907086982,-0.6700888411055113,18.5492700729927
2024-05-14,0.5441605839416058,1.8,18.708759124087592,274,12.141449864705407,23.727816,2.4990974236985393,17.163962709332736,-0.015426458086482324,12,45.833333333333336,18.019180340237103,16.154632096063544,14.205682781764457,12.040192286173523,24.299080571428572,2.0613674831044224,10.529955063304897,22.917960857142855,2.2525080934398245,24.924612838315596,4.114439809890021,0.7306444969184916,-0.6827580970759147,18.747810218978103
2024-05-15,0.8717518248175182,1.88,18.655109489051096,274,11.485483423868857,26.062776,1.4716139694986186,0.6038059893178627,-0.015426458086482324,13,45.833333333333336,15.841471184624575,16.313582356770855,14.143608529227139,11.792610761854403,24.87891085714286,1.8441847234376039,27.66443731536583,22.82602714285714,2.3485007230042485,42.010771653281154,4.5209715949164515,0.7187918772884232,-0.6952253139408722,18.708759124087592
2024-05-16,0.7342335766423358,2.12,18.383941605839418,274,12.022201156616234,21.406368,2.0157890958343474,0.6884668360953583,-0.015426458086482324,14,45.833333333333336,14.011586761474632,16.138464591616696,14.373222242082887,11.721526230706129,24.671533714285715,1.52923504132557,28.2673849978039,23.44973471428571,2.272654537092308,35.04237078788108,4.416938360910567,0.7067265555776158,-0.7074868024503348,18.655109489051096
2024-05-17,0.8427372262773722,2.54,18.485766423357664,274,12.693389511108421,22.088568,0.8178854513505874,4.245385700016868,-0.015426458086482324,15,45.833333333333336,11.8830448150635,15.524400965372738,14.590770794096468,11.798397869533982,23.582975428571427,1.7488882721563255,28.95498160613741,23.094132142857145,2.2427522075104465,35.173248093133935,3.726003095838756,0.6944521021088763,-0.719538934232584,18.383941605839418
2024-05-18,1.0506271777003484,3.31,18.581881533101047,287,12.705632781982445,22.69574,0.7144406624960501,1.345321536064148,,16,45.833333333333336,12.067024697197837,14.628580711001462,14.648192660013857,11.943699985080315,22.740889714285714,1.5241012100512006,33.19865665286059,22.80268228571429,2.101528509762335,39.4186337931508,2.684880725921147,0.6819721490904629,-0.7313781428679254,18.485766423357664
2024-05-19,0.784375,2.15,18.76909722222222,288,11.60140190124514,18.688056,0.8346367841963404,19.98623013486167,,17,45.833333333333336,12.473741149902366,13.775874346778526,14.348505274454775,12.092288398742694,22.543213714285717,1.3904092060072837,33.942865346364925,22.65257585714286,1.941832204980581,40.22995731672907,1.683585948035832,0.6692903895412567,-0.7430009249440493,18.581881533101047
2024-05-20,1.174509090909091,3.89,18.68690909090909,275,11.399403508504236,21.620476,1.9849714465865091,3.13645601272583,,18,45.833333333333336,12.333474731445335,13.008197947910876,14.063034947713236,12.119376373291034,22.021941714285713,1.320366262653471,52.16873190243021,22.77142457142857,1.8102727873768036,57.90405771562135,0.8888215746198416,0.6564105761979381,-0.7544038410927472,18.76909722222222
2024-05-21,1.2192,3.8,19.11527272727273,275,11.35235176086428,20.643528,1.109454584072187,12.062078368273887,,19,45.833333333333336,11.902146063910607,12.00699459257582,14.080813344319681,12.105200703938822,22.327114285714284,1.4769192619515703,47.169628918414475,23.313097428571428,1.7691433725279961,57.69958398171937,-0.09820611136300172,0.6433365204044917,-0.765583517007675,18.68690909090909
2024-05-22,1.7772161172161172,4.28,19.307692307692307,273,12.72745030721029,24.088568,1.7737838966194799,0.8151471614787908,,20,45.833333333333336,11.451052390204552,11.894266292027087,14.103924324398971,12.139503245883537,21.886501714285714,1.2783988562906627,42.067744577355626,23.382706285714285,1.5612917898641336,69.73218189272146,-0.24523695385645006,0.6300720909843687,-0.7765366444428655,19.11527272727273
2024-05-23,1.8464963503649634,4.98,18.978467153284672,274,11.607414499918661,20.61742,2.260355248365893,0.04366040229797363,,21,45.833333333333336,11.826401858859603,12.071690132504434,14.105077362060566,12.341871134440122,21.604471999999998,1.3215659887365,42.279085749516554,23.138002857142855,1.4254005150310352,70.54647074732046,-0.27018100193568806,0.6166212130956382,-0.7872599821916922,19.307692307692307
2024-05-24,1.4387956204379562,7.12,18.94890510948905,274,13.75010770161947,25.826656,1.4055664645069568,0.11591911305686153,,22,45.833333333333336,11.895738855997743,12.012434895833353,13.768417930603047,12.543754238552538,21.49176514285714,1.3565040105267212,41.63427931571917,22.53737028571428,1.552696141341523,70.58926092185658,-0.5313193427191845,0.6029878670694714,-0.7977503570459932,18.978467153284672
2024-05-25,0.9432967032967033,2.26,20.126373626373628,273,17.95898590087893,26.837724,0.15452712878498834,0.0008642673492431641,,23,45.833333333333336,12.694990836249474,12.163394637334932,13.395987674168197,12.751348876953143,22.025777714285713,1.4404584409776309,37.50481272875916,22.383333714285715,1.4822798255144156,70.70346938161975,-0.5879542396182114,0.5891760872322963,-0.8080046647350754,18.94890510948905
2024-05-26,1.425985401459854,3.58,20.615328467153283,274,16.40207188924154,25.57426,2.0943564747036554,0.17884373664855957,,24,45.833333333333336,14.43883603413902,12.913873654320144,13.344874000549336,13.068418969048414,22.617489714285714,1.3604707933046218,36.16035546004426,22.58035171428571,1.3754399996559528,70.10322080640918,-0.1545453147282707,0.5751899607119775,-0.8180198708443174,20.126373626373628
2024-05-27,2.5502930402930404,7.05,21.347985347985347,273,12.7945546468099,18.125492,3.8516714900751206,0.12569543014251394,,25,45.833333333333336,16.037055163913312,13.599683652605345,13.30394080025811,13.255310185750345,23.601233142857144,1.5404307490913813,16.352969061831146,22.811587428571432,1.4303985058724262,68.52170096426136,0.34437346685500003,0.5610336262283677,-0.8277930117131022,20.615328467153283
2024-05-28,2.881131386861314,7.99,20.98102189781022,274,16.558882649739587,30.112872,1.869600587377493,0.0,,26,50.0,15.71853747897679,13.798990958077582,12.9029927753267,13.315534909566262,23.101949714285713,1.8071021838754686,13.34220847924783,22.714532000000002,1.6420107229135195,60.511837397662305,0.48345604851131974,0.5467112728685939,-0.8373211953118121,21.347985347985347
2024-05-29,1.0306204379562045,4.43,21.284671532846716,274,18.565478261311853,28.582664,2.2697745644534724,0.05629062652090511,,27,50.0,15.251836395263675,14.542781085059769,13.218523688543428,13.53541859520808,24.45471314285714,1.9156944700619412,1.2801301109739427,23.17060742857143,1.597046663176302,43.34787468832957,1.0073624898516886,0.5322271388474397,-0.8466016020976267,20.98102189781022
2024-05-30,1.2467032967032967,2.29,22.150549450549452,273,15.508644994099939,22.564908,3.751627499685549,0.13898611064178112,,28,50.0,15.972971852620446,15.376785078502849,13.724237605503642,13.821527290344255,25.09672685714286,1.9865502797525114,0.521273576016057,23.35059942857143,1.654058134244506,42.80035932553261,1.5552577881585936,0.5175855102531889,-0.8556314858488706,21.284671532846716
2024-05-31,1.9254379562043795,4.5,21.874817518248175,274,12.995011266072595,28.665016,4.517317896085858,0.0,,29,50.0,16.87766863505046,15.934103720528745,13.973269308181049,13.904799143473324,25.374939428571427,2.1995891727981762,0.6165992843598644,23.43335228571428,1.7780465916624486,42.250878600079034,2.02930457705542,0.5027907197793043,-0.8644081744776648,22.150549450549452
2024-06-01,3.0495272727272726,6.26,21.330909090909092,275,13.13974533081057,23.678392,4.506191645692671,0.03134608268240413,,30,50.0,15.689711507161462,15.826232801164906,13.994813719249919,14.062269804212798,25.78041942857143,2.644125091595162,0.5006801713030029,23.90309857142857,2.0422917662863966,38.005492900062166,1.7639629969521078,0.4878471454423119,-0.8729290708206411,21.874817518248175
2024-06-02,2.9006204379562046,6.07,21.10948905109489,274,14.792933400472009,26.975208,3.9236857252597557,0.01341104507446289,,31,50.0,13.881133863661034,15.137769862583712,14.025821758451928,14.20104393429228,25.329086285714286,3.265791451153403,0.5311619866361639,23.973287999999997,2.3131311222290125,36.69151744668042,0.9367259282914322,0.47275920928627757,-0.881191653407483,21.330909090909092
2024-06-03,2.1862545454545455,7.49,21.085454545454546,275,16.422631835937523,28.200728,2.696728628040998,0.22785663594504513,,32,50.0,13.642563332451724,14.907892935616635,14.25378829411099,14.297825601365847,25.52922171428571,3.5271242012328456,0.3657292950620672,24.56522742857143,2.5337774751621134,16.718698356893213,0.6100673342507879,0.4575313760742512,-0.8891934772070711,21.10948905109489
2024-06-04,1.0714181818181818,4.93,21.721454545454545,275,18.82343444824221,27.926004,1.6049414383808087,0.011473894119262695,,33,50.0,14.7851035224067,15.426189676920583,14.612590317499082,14.281871456570112,26.96854114285714,3.3621323637994,0.4678905008645984,25.035245428571432,2.5846172738374342,13.810098980112429,1.1443182203504705,0.44216815196707204,-0.8969321743510065,21.085454545454546
2024-06-05,1.2200729927007299,5.13,22.066058394160585,274,22.953965759277366,27.090868,0.52988313918233,0.0,,34,50.0,16.67966656155058,15.74969707670667,15.14623908088322,14.38938638899063,26.656131428571427,3.3243239139427305,0.4793643949838611,25.555422285714286,2.6200091920023354,1.7594945059578038,1.3603106877160407,0.42667408318992467,-0.9044054548343001,21.721454545454545
2024-06-06,1.0895406360424027,2.15,22.61236749116608,283,24.120898183186853,25.55894,1.0381719775349612,1.0228186844756237,,35,50.0,19.400010681152366,16.376623862130316,15.876704470316582,14.78283504909941,26.443017714285713,3.0757679960468534,0.42307376846295597,25.769872285714285,2.531159137899682,0.9443473444790129,1.5937888130309066,0.4110537546870351,-0.9116111071930239,22.066058394160585
2024-06-07,1.6368864468864468,5.37,22.87289377289377,273,23.82484397888186,25.563228,1.8410566954230372,0.0468373297621838,,36,50.0,21.96609946356881,17.60694574628559,16.770524733407168,15.21923838721383,26.870736571428573,2.6881314928824835,1.3069063422967986,26.122838,2.44386033284033,1.923505626656663,2.3877073590717597,0.3953117887649151,-0.9185469991587165,22.61236749116608
2024-06-08,1.6382846715328467,6.68,22.843430656934306,274,21.475438054402673,21.36802,1.1117254636707432,3.0474960803985596,,37,50.0,23.633235973782025,19.154064705258342,17.490148753211624,15.589689593844959,26.427624,2.305808464216366,1.3537436720589824,26.104021714285714,2.474966777905764,1.8544238433619853,3.5643751114133835,0.37945284372454435,-0.925211078289358,22.87289377289377
2024-06-09,1.5630208333333333,2.68,22.85590277777778,288,14.799584960937523,20.1995,4.784787051871552,11.575132608413696,,38,50.0,23.14039340549046,20.344877951485785,17.741323907034747,15.761515977647583,26.09757085714286,1.8208847239275194,4.369893669775138,25.713328571428573,2.543338087540461,4.901055656411302,4.583361973838201,0.36348161248290634,-0.9316013725767187,22.843430656934306
2024-06-10,1.5569927536231885,2.64,22.095289855072465,276,13.283745066324911,18.653484,4.262666903206831,0.8562237023284069,,39,50.0,20.033288998074017,20.34582817440943,17.62686055501303,15.622697766621922,25.12961257142857,1.9438991991577759,15.931615233114371,25.329417142857142,2.735511700195311,16.29734452817644,4.723130407787508,0.3474028211842774,-0.9377159910299093,22.85590277777778
2024-06-11,1.6243065693430656,2.79,21.584306569343067,274,12.96153284708663,20.013148,4.253763866506934,0.03046691409736013,,40,50.0,16.519589360555035,19.897415778750485,17.661802727835532,15.44300335778132,23.76572057142857,2.167604667038609,16.559982299497733,25.367130857142854,2.7648685154190042,17.02787280036233,4.454412420969165,0.3312212278016865,-0.9435531242349544,22.095289855072465
2024-06-12,1.8292307692307692,3.43,21.337728937728937,273,12.718815739949548,23.654612,3.6955295874237053,1.8670644698772776,,41,50.0,13.681620958116355,19.06000126429969,17.40484917050318,15.309216562906919,22.635312571428575,2.546007871056627,16.57897531947583,24.645722,2.935165892499679,17.05833971445969,3.750784701392771,0.31494162072895193,-0.9491110448902284,21.584306569343067
2024-06-13,1.8460363636363637,2.99,21.003272727272726,275,16.929100290934286,27.81802,0.482808483516001,0.019085406165686436,,42,50.0,12.98803121778703,17.597836975824286,16.9872304189773,15.119582854376915,22.14441885714286,2.998243077948252,18.446039789353108,24.293718285714284,3.0370055369975524,18.869113557816064,2.478254121447371,0.2985688173637202,-0.9543881083175908,21.337728937728937
2024-06-14,1.6934545454545455,2.94,21.578545454545456,275,20.559650039672874,27.937224,1.8806449085225387,0.020655383821122086,,43,50.0,14.203149625990156,16.570437276931063,17.088691511608324,15.279171201917878,22.467144571428573,2.9189054359455437,17.44230651104317,24.66894057142857,2.803518464414013,18.74921285333997,1.2912660750131852,0.2821076626819194,-0.9593827529490743,21.003272727272726
2024-06-15,2.0194890510948906,3.61,22.085766423357665,274,16.370715713501,27.871684,2.7190173005926317,0.019547359045191115,,44,50.0,16.735855356852237,16.103980999901207,17.629022852579773,15.581643422444678,22.806286857142855,2.924560894959758,17.41612456510211,24.61695542857143,2.615184679588062,18.76986823716109,0.5223375774565291,0.26556302780405594,-0.9640935007889755,21.578545454545456
2024-06-16,1.8841758241758242,3.11,22.463369963369964,273,20.166201527913415,30.117652,0.3643108203019404,0.0017106532936850272,,45,50.0,17.953155348036052,15.374734951200967,17.859806451343378,15.72659390767417,23.735381714285715,3.1541740145200277,14.38817584374874,24.916476285714285,2.487529369223773,18.75806951352388,-0.35185895647320287,0.24893980855376657,-0.9685189578512204,22.085766423357665
2024-06-17,1.7524363636363636,3.17,23.655636363636365,275,23.709235763549827,30.986176,1.679254569825605,0.0004376282163320866,0.06742055036322876,1,50.0,19.032189093695763,16.141394460768954,18.243611317589192,15.97568764156767,25.15226057142857,2.522677410010083,2.8147538886287293,25.140936571428572,2.2332883045839296,18.7463691217431,0.16570681920128294,0.23224292400907015,-0.9726578145718654,22.463369963369964
2024-06-18,1.9495272727272728,3.3,24.35818181818182,275,23.110637283325218,21.64546,1.6457052326165988,0.0038164322972988884,0.06742055036322876,2,50.0,20.082051001654747,17.630750274658226,18.764083026704355,16.342474407619918,26.914073714285713,2.1536185052413366,1.9589678145166545,25.339897142857144,2.160611586139973,18.518950114014388,1.2882758670383083,0.21547731504673012,-0.976508846196619,23.655636363636365
2024-06-19,2.5571272727272727,4.08,23.760363636363635,275,19.02582448323568,27.02666,1.2572116944358047,3.8437992334365845,0.06742055036322876,3,50.0,22.328691524929486,19.080622336978024,19.070311800638855,16.726115587022587,27.14726114285714,1.7810387003998602,1.9323173327165932,24.89128685714286,2.1635232857282434,18.511292652192424,2.354506749955437,0.19864794288017112,-0.9800709131432666,24.35818181818182
2024-06-20,2.4803249097472926,5.11,23.046570397111914,277,14.41988016764327,14.433652,2.50981705608222,16.93469583977958,0.06742055036322876,4,50.0,21.948565843370243,19.9816235860189,18.789730280921592,16.980329619513633,27.62898228571429,1.4327075728301601,3.9090520962759,24.886700571428573,2.215475325389206,22.355091885629008,3.001293966505269,0.18175978759137534,-0.9833429613388902,23.760363636363635
2024-06-21,3.0684306569343067,5.85,22.794890510948907,274,16.409912999471032,20.271256,1.641934394462898,0.11254455131393115,0.06742055036322876,5,50.0,18.852113978068058,19.623163568405896,18.09680042266848,17.082580566406264,25.716929714285715,1.7222802260539056,20.824662529889792,24.092037142857144,2.3205928309997246,38.26696904093296,2.5405830019996323,0.16481784665719793,-0.9863240225317866,23.046570397111914
2024-06-22,2.876284722222222,4.76,22.712152777777778,288,16.35980059305831,21.229028,2.599584096460366,0.028146369402293203,0.06742055036322876,6,50.0,16.61853921678333,19.030343991234208,17.567162495567707,17.205329322814958,24.62179142857143,1.6881787240453856,20.9165516973826,23.714039142857143,2.306369809502572,38.33267626248471,1.82501466841925,0.14782713347053048,-0.9890132145779883,22.794890510948907
2024-06-23,2.862543554006969,4.02,22.62090592334495,287,16.315511322021507,15.844552,3.952725337045618,0.10789295822632994,0.06742055036322876,7,50.0,15.729864586724204,19.028784688313824,17.201759819757395,17.36374219258628,23.67284057142857,1.6711168377407761,20.925150707739704,23.704111142857148,2.412645426130402,35.313326551488444,1.665042495727544,0.13079267585675922,-0.9914097417023038,22.712152777777778
2024-06-24,3.305912408759124,4.88,22.583211678832118,274,18.841345087687216,30.315692,2.4660716207375666,0.029140710825714677,0.06742055036322876,8,50.0,16.361741638183616,18.47868608747212,17.310040274120535,17.44925564659968,21.633826285714285,2.183747482989873,21.03133301267235,23.393043428571428,2.353212446499978,23.846086901301078,1.0294304408724386,0.11371951458594969,-0.9935128947338007,22.62090592334495
2024-06-25,3.2385766423357665,5.18,22.908029197080293,274,22.320888773600302,27.018352,1.3247328757334935,0.442856550211701,0.06742055036322876,9,50.0,17.172219000922343,17.783273133777463,17.707011704217845,17.478667619493294,21.53804285714286,2.2961499188344385,21.06003609528173,24.226058285714288,2.224884212037888,23.019003909798386,0.3046055142841695,0.0966127018812031,-0.9953220513156602,22.583211678832118
2024-06-26,2.9432363636363634,4.84,23.88581818181818,275,22.93757273356124,22.622624,1.3948680525390083,2.7556538581734458,0.06742055036322876,10,50.0,19.159248394436343,17.670451918102476,18.375537127540248,17.67596151563858,22.305598857142854,2.250296724993995,21.499076213196133,24.72643,2.0156677126969273,23.431393545912726,-0.005509597536104138,0.07947729992362097,-0.9968366760893436,22.908029197080293
2024-06-27,3.1397454545454546,4.88,24.491636363636363,275,25.289137776692712,28.91916,1.476276146473861,0.0,0.06742055036322876,11,50.0,21.36660219828292,18.229273096720412,19.105448341369655,18.014062118530294,21.676450857142857,2.269961919008739,20.410930837932995,24.652716571428567,1.8513347459194496,24.319982934208895,0.21521097819011814,0.062318379354325076,-0.998056320853012,23.88581818181818
2024-06-28,3.173636363636364,5.12,23.956,275,23.14893811543783,28.66804,1.7103166958918725,0.13154287523775565,0.06742055036322876,12,50.0,23.51586642795142,19.782024183727476,19.702593876066686,18.305070622762067,23.745809142857144,2.122313217636116,3.4762349981534157,24.73136942857143,1.9222967218450109,24.30089752804321,1.4769535609654092,0.04514101777397193,-0.9989806246941579,24.491636363636363
2024-06-29,2.9749818181818184,4.31,24.45490909090909,275,17.24696057637533,9.524912,2.388664432192074,12.843059108739396,0.06742055036322876,13,50.0,23.791882875230595,20.744742057437016,19.88754302433561,18.457852617899597,24.945349714285715,2.1320821178402554,3.4952333220772402,24.783570571428573,1.9101304209428205,24.411785019459842,2.2868894395374184,0.02795029824021032,-0.999609314096404,23.956
2024-06-30,3.064690909090909,4.46,24.349090909090908,275,17.50928141276046,15.81838,1.2158341068028824,3.3955352144516837,0.06742055036322876,14,50.0,21.895012156168622,20.871479197910876,19.95013194311235,18.515796470642112,23.273333142857144,2.1019507372304993,16.310146061414343,23.473086857142857,1.8865337874856376,37.23529676915405,2.355682727268764,0.01075130776352193,-0.9999422030204416,24.45490909090909
2024-07-01,2.6704166666666667,4.39,24.348263888888887,288,16.485033925374353,27.79512,4.428476352968979,0.5358358138778385,0.06742055036322876,15,50.0,19.30172670152454,21.042017782302157,19.760351934887137,18.66627214219837,23.269594285714287,1.7109662757672515,19.597788317639697,22.451710285714285,1.947356879378562,40.629121330312046,2.375745640103787,-0.00645086419810515,-0.9999791929590823,24.349090909090908
2024-07-02,2.6337152777777777,3.87,24.34548611111111,288,16.960724131266318,28.19406,4.359393863154981,0.0023245811462402344,,16,50.0,17.080425304836712,20.705401901971747,19.244337517874605,18.77778176201717,22.90951257142857,1.9913098089431673,20.10448342069182,22.223777714285713,2.143729863888803,41.16451951597355,1.927620139954577,-0.023651127245231586,-0.9997202729664083,24.348263888888887
2024-07-03,2.5014930555555557,4.7,24.494097222222223,288,18.55766321818038,30.844924,2.9621235266193193,0.0,,17,50.0,16.985013156467044,19.939664095924034,18.805058007013255,18.85004145304364,23.07747085714286,2.4248328071462373,19.66395145162636,22.69153485714286,2.337564766070116,41.16302766482249,1.0896226428803928,-0.04084439154329611,-0.9991655196610109,24.34548611111111
2024-07-04,1.7125694444444444,3.74,25.150694444444444,288,19.915835952758812,30.27216,2.7102193774236087,0.0017170642081509868,,18,50.0,17.334473758273685,19.31396273658391,18.77161791665216,18.921209165785072,24.252085142857144,2.648726446300567,16.908297593452914,22.964268,2.459344182654653,37.31922843138591,0.3927535707988383,-0.05802556932878035,-0.9983150972033183,24.494097222222223
2024-07-05,1.5458680555555555,3.27,25.011111111111113,288,23.482639567057333,25.67468,0.5948339980262201,3.0944764613423104,,19,50.0,18.478074434068503,18.54634819030764,19.164186187017556,18.957622549268958,24.445370857142855,2.8250040507219594,16.910014657661065,24.095589999999998,2.4736586341790376,20.38624965581448,-0.41127435896131814,-0.07518957641475855,-0.9971692572470178,25.150694444444444
2024-07-06,1.6939236111111111,2.9,24.42013888888889,288,17.607143656412802,18.364584,3.5414411818448572,1.5013631970077768,,20,50.0,20.652046245998843,18.594019826253284,19.66938094184515,18.97524500952829,24.017748,2.665649379598295,19.87294824376562,24.481548857142858,2.398865748719275,23.36818156584286,-0.38122518327500643,-0.09233133369539122,-0.9957283388645872,25.011111111111113
2024-07-07,1.5668055555555556,2.85,24.013541666666665,288,17.85573794047042,24.874246,1.5701998478046133,0.051021575927734375,,21,50.0,20.335206392076316,18.64547455197292,19.7584768749419,18.758119858635823,25.280558285714285,2.8303317724058354,8.531252332034,24.276945714285713,2.466141254818168,24.841398393448344,-0.11264530666290185,-0.10944576864891556,-0.993992768446958,24.42013888888889
2024-07-08,1.3763888888888889,2.66,23.936805555555555,288,23.235719935099326,28.49465,1.932542500615781,0.0149458646774292,,22,50.0,19.648507054646853,18.694968341645772,19.868493061973965,18.559149657355437,26.574253428571428,2.880955449691797,5.186738693510051,24.921923857142854,2.295960862729524,24.78452701114975,0.13581868429033506,-0.12652781683868314,-0.9919630595773397,24.013541666666665
2024-07-09,1.6027083333333334,2.9,24.32673611111111,288,24.745360946655296,27.63829,1.2729051540859293,0.0036895275066228805,,23,50.0,19.56620051066085,19.65935205732077,20.182376979646257,18.617825720045328,26.674186285714285,2.5243934707841973,4.665848744309642,24.791849428571428,2.257851639863682,24.770332165001463,1.0415263372754424,-0.1435724234118113,-0.9896398128792412,23.936805555555555
2024-07-10,1.67375,3.71,25.044791666666665,288,25.473072306315146,28.421052,1.0371197185556438,0.0,,24,50.0,21.945606274075015,20.77144303094777,20.3555535634359,18.94935158623592,26.594790571428568,2.0834665123457614,4.667213690670025,24.836130714285712,2.254149659745999,24.331165142296385,1.8220914447118481,-0.16057454459499376,-0.9870237158387383,24.32673611111111
2024-07-11,1.6129166666666668,5.09,25.896180555555556,288,26.052904383341513,27.509396,1.733423435335124,0.807511806385719,,25,50.0,24.48471772935659,21.75935861496702,20.536660675775465,19.3556624942356,26.24852314285714,1.8084659683366648,4.667213690670025,25.250304142857146,2.228596207318616,21.57551128412294,2.4036961207314214,-0.17752914918703497,-0.984115542601034,25.044791666666665
2024-07-12,1.8647222222222222,3.58,26.40138888888889,288,18.799591318766318,25.861552,4.140033611671127,0.13630986213186702,,26,50.0,25.423779212103984,22.636082676478832,20.591215433393238,19.79204154544409,25.853842571428572,1.6689236908954526,5.4730084328475925,25.149606714285714,2.246963870808706,22.383023090508658,2.844041131034743,-0.19443122004766195,-0.9809161537413774,25.896180555555556
2024-07-13,2.0075,3.63,25.497222222222224,288,20.425219472249353,25.565032,1.236858165030632,0.042751431465148926,,27,50.0,23.441856002807658,21.96707578386583,20.28054780505956,19.994734064737983,25.88053857142857,2.1753807785590107,2.514841833637149,24.949143285714285,2.4205150790786525,22.38779007740277,1.9723417191278472,-0.2112757555821793,-0.9774264960104055,26.40138888888889
2024-07-14,2.235625,3.65,25.579166666666666,288,25.26558647155764,28.222128,0.2338852898320019,0.0033020973155828415,,28,50.0,21.759238391452396,22.369658043271052,20.507566297621988,20.111271370781818,26.909174,1.8461546332998358,1.0562300680945214,26.094866142857143,2.3382432028528357,9.587482400128522,2.258386672489234,-0.2280577712215198,-0.9736476020539838,25.497222222222224
2024-07-15,2.593402777777778,3.84,26.138194444444444,288,24.506906763712607,24.096006,2.068340033071597,0.18235445022085628,,29,50.0,21.496799087524437,23.42820783342637,21.061588087536073,20.26813591851131,27.387442857142855,1.6552525535894629,1.0085105894823698,26.980848142857145,2.2681040016406295,6.195249282992421,3.1600719149150613,-0.24477230089725957,-0.9695805901076308,25.579166666666666
2024-07-16,2.6975174825174824,4.38,25.773426573426573,286,20.507653808593773,29.819182,2.9446353194040085,0.0019758938769598444,,30,50.0,23.3992375691732,23.609805951799697,21.634579004560234,20.5393422868517,26.759065142857143,1.6746522010831506,1.175919175025797,26.716625714285716,2.099522835933674,5.841767919335439,3.0704636649479973,-0.2614143985111562,-0.965226663665613,26.138194444444444
2024-07-17,2.6771875,7.65,25.380555555555556,288,24.05293426513674,27.91161,1.108339437440341,0.0,0.0779335893997587,1,50.0,23.426715681288005,23.004419217790907,21.887931124369338,20.55072402954104,27.07062114285714,1.9134707961285906,1.1742055413961339,26.832705857142855,1.998468654237176,5.841419232066158,2.453695188249867,-0.2779791393987801,-0.9605871111248129,25.773426573426573
2024-07-18,2.8449825783972127,5.7,25.630313588850175,287,28.16158510843917,27.432394,0.5873392657145223,0.0020444392134777445,0.0779335893997587,2,50.0,23.022498279147708,22.80154235476542,22.28045048486622,20.562180646260607,26.997843714285718,1.9236450416835473,1.1742055413961339,26.623183428571426,1.8660555050101062,5.841419232066158,2.2393617085048128,-0.2944616217868012,-0.9556633054034704,25.380555555555556
2024-07-19,2.887951388888889,4.71,26.381597222222222,288,28.2061757405599,28.237632,1.3018408542990714,0.0030636786618742917,0.0779335893997587,3,50.0,24.24072439405656,23.1027824583508,22.869432567414815,20.730545573764402,26.98684342857143,1.759918731737747,0.36873817422389266,26.420343,1.7144212113166,5.841746607071485,2.372236884586396,-0.3108569682435036,-0.9504567035349151,25.630313588850175
2024-07-20,2.9286805555555557,4.53,27.45138888888889,288,25.667106246948265,27.065798,2.0334240323710335,4.692952103699355,0.0779335893997587,4,50.0,26.806898371378605,24.44658023289274,23.206828008379286,21.03655728234188,27.32628342857143,1.3544626235417392,0.23549199075389993,26.603410999999998,1.7649217010503748,2.750333824391049,3.4100229505508572,-0.3271603271220951,-0.9449688462364056,26.381597222222222
2024-07-21,3.466388888888889,4.76,27.140625,288,17.846292114257835,29.019524,4.805422939421444,0.028941035168372764,0.0779335893997587,5,50.0,27.344955698649112,25.19542120070687,23.782539621988963,21.411464818318713,27.540678571428572,1.468257747447511,4.885692662988106,27.224926285714282,1.6572061903736732,5.941922731082627,3.7839563823881583,-0.34336687399638804,-0.939201357453208,27.45138888888889
2024-07-22,3.6352430555555557,5.09,26.72048611111111,288,20.39781850179037,29.649244,3.406354813595377,0.000852346317969932,0.0779335893997587,6,50.0,23.906524700588665,24.135522006806898,23.781864920116636,21.45934412214494,27.65459228571429,2.1213345545317166,4.911331600840896,27.521017571428576,1.8882935540605899,5.919842190323266,2.676177884661957,-0.3594718130884232,-0.9331559438780432,27.140625
2024-07-23,3.9590972222222223,5.89,26.655208333333334,288,25.261783218383812,29.114544,2.6178586478729113,0.0,0.0779335893997587,7,45.833333333333336,21.303738954332157,23.548509397960864,23.579157674880282,21.593944719102677,28.447912,2.312479523177971,4.7298294969380095,27.603488571428574,1.993565862130561,5.905748671963806,1.954564678858187,-0.3754703786876202,-0.9268343944460494,26.72048611111111
2024-07-24,4.4525,6.22,26.61875,288,25.53575795491537,28.690356,2.8822388135330015,0.000852346317969932,0.0779335893997587,8,45.833333333333336,21.168631278144005,24.227670742216585,23.616044980003746,21.892153782314754,28.347249428571427,2.2657971415306717,4.72785360306105,27.708935285714286,2.0896339688296313,5.9020591444571835,2.335516959901831,-0.3913578365610259,-0.9202385798054075,26.655208333333334
2024-07-25,4.8791319444444445,6.68,26.886111111111113,288,24.545692062377952,28.463196,2.8975133038068055,0.003886222827986785,0.0779335893997587,9,45.833333333333336,23.731786558363183,24.439502697899247,23.620522526332334,22.115300877889023,28.45849885714286,2.5192113381153374,4.72870594937902,27.728171285714286,2.2214281898994424,5.902911490775153,2.3242018200102237,-0.4071294853542516,-0.9133704517637858,26.61875
2024-07-26,5.2193402777777775,14.66,27.03090277777778,288,25.278581873575888,27.16771,1.4142981885279382,0.38236379623413086,0.0779335893997587,10,45.833333333333336,25.114411078559044,23.92294654846193,23.512864503406366,22.189460987514945,28.605756285714286,2.849236200699949,4.730547732993529,27.796299857142856,2.304577466218848,5.099285907217421,1.7334855609469848,-0.4227806579826773,-0.9062320427107697,26.886111111111113
2024-07-27,5.0637847222222225,12.14,27.288194444444443,288,25.41974474589034,21.866088,1.0184612887876001,3.4875869750976562,0.0779335893997587,11,45.833333333333336,25.120010630289737,23.5047188531785,23.97564954303562,22.267494625515436,28.45291028571429,2.865301534161216,5.109847850565785,27.889596857142855,2.1098820788514776,5.345339841319685,1.237224227663063,-0.4383067230125192,-0.898825465016444,27.03090277777778
2024-07-28,4.203368055555556,6.58,27.138194444444444,288,26.67812563578292,28.18966,2.194186016249946,0.0008583068833445395,0.0779335893997587,12,45.833333333333336,25.081339560614726,23.46938149588451,24.33240134829569,22.271848191155353,27.710094571428574,2.72030685650644,3.9044827219640865,27.62538657142857,2.094282301976975,8.790175384952192,1.1975333047291556,-0.45370308603134424,-0.8911529104063088,27.288194444444443
2024-07-29,3.6386458333333334,6.09,26.8875,288,28.435175196329794,23.455592,1.638531760160664,0.00500380986068194,0.0779335893997587,13,45.833333333333336,25.792150751749716,24.73107199895952,24.43329700288321,22.38948777516686,27.59154257142857,2.347273010339083,3.8763999936790583,27.623067428571428,2.2343037824353997,8.787731594519954,2.341584223792662,-0.46896519100763184,-0.8832166493127127,27.138194444444444
2024-07-30,4.035659722222222,5.79,27.40277777777778,288,30.179304377237997,23.655548,1.1977922783362167,2.0870000123522914,0.0779335893997587,14,41.66666666666666,26.844348526001017,25.879265812465153,24.71388760521301,22.76242826249867,26.706735142857145,2.0947268598484095,3.8805514572217703,27.577323571428572,2.20360319151319,8.61038095415978,3.1168375499664833,-0.48408852163897587,-0.8750190302029955,26.8875
2024-07-31,4.110492957746479,10.16,27.44823943661972,284,28.275177892049157,28.185484,0.815410703875075,0.000852346317969932,0.0779335893997587,15,41.66666666666666,28.430868403116904,26.58176883515861,25.404719788687597,23.18476236131459,25.926878571428574,1.8918602356288816,5.967551469574062,27.137064000000002,2.0788286885797764,10.695405072635111,3.3970064738440193,-0.4990686026885319,-0.8665624788845385,27.40277777777778
2024-08-01,4.196979166666667,8.42,27.81076388888889,288,25.015604273478232,27.494194,3.1265396368006293,0.002786879235827655,,16,41.66666666666666,28.96321915520565,26.973114540463435,25.70630861918134,23.57776716020375,25.854754000000003,1.5965990771063208,5.967551469574062,27.15662642857143,2.057905207610829,10.696257418953081,3.395347380259686,-0.5139010013093103,-0.8578494977869301,27.44823943661972
2024-08-02,5.160451388888889,8.17,27.939930555555556,288,20.93844057718917,25.593188,4.372450495595693,0.11079311360617794,,17,41.66666666666666,27.823362180921794,27.040244856334905,25.481595702398415,23.846263164944148,25.71632514285714,1.629317124676867,5.9664521259819026,27.161040714285715,2.239276662688408,10.696999858975431,3.193981691390757,-0.5285813283559292,-0.8488826652214553,27.81076388888889
2024-08-03,5.8396875,9.26,27.87534722222222,288,21.66641006469729,28.316518,3.614132640350338,0.001300925475788972,,18,41.66666666666666,24.743074247572185,26.4202246711368,24.96247176215765,23.925622410244443,25.491393428571428,2.051910311400832,5.69488144335395,26.972151857142855,2.4586059227810244,10.804729293919735,2.494602260892357,-0.5431052396834317,-0.8396646346181327,27.939930555555556
2024-08-04,6.386736111111111,19.28,27.252083333333335,288,24.405379867553734,28.48473,2.331427294057462,0.0,,19,41.66666666666666,22.540151638454898,25.884034002394937,24.676707749139723,23.983974880642393,26.41288342857143,2.4227205044812234,2.2085953937320824,27.061488999999998,2.571513680493832,6.113078115696169,1.9000591217525447,-0.5574684374327892,-0.8301981337405212,27.87534722222222
2024-08-05,8.927118055555555,22.41,26.91840277777778,288,26.33292160034182,24.823628,1.2306127158932942,0.509113073348999,,20,41.66666666666666,22.33674350314673,25.559356035505054,25.145214017232288,24.014732890658937,26.455036285714282,2.442326401310868,2.207737086848738,27.023289428571427,2.3947997058249757,6.084137080527796,1.544623144846117,-0.5716666713027052,-0.8204859638785327,27.252083333333335
2024-08-06,7.527777777777778,25.14,27.26388888888889,288,24.358798599243187,26.112576,2.6180694882065554,0.7742345333099365,,21,37.5,24.134903844197613,25.259034093221057,25.569149952843105,24.30559215545657,26.650470000000002,2.3840522521298158,2.711846350337055,26.678602571428573,2.2393895559891126,6.592397807558825,0.953441937764488,-0.5856957398073508,-0.8105309990194823,26.91840277777778
2024-08-07,5.756597222222222,20.45,27.725694444444443,288,23.564735031127952,25.889,2.961302616889267,0.01728534698486328,,22,37.5,25.032366689046246,24.427533267793226,25.504651051475918,24.522360844082332,27.001473999999998,2.5869489963970067,1.3990808712947,26.464176285714284,2.239404616012944,7.366632340868762,-0.09482757628910576,-0.5995514915196489,-0.8003361849976323,27.26388888888889
2024-08-08,5.425798611111111,10.78,27.789236111111112,288,24.98143603007003,25.416098,1.9716187925513162,0.4127323627471924,,23,37.5,24.752151743570987,23.754612859090198,25.363863699776818,24.53332801394995,26.673404857142856,2.893504983970463,1.4155138719615934,26.264079428571428,2.245052030538392,7.383065341535655,-0.7787151548597535,-0.6132298262997502,-0.7899045386224707,27.725694444444443
2024-08-09,6.3064583333333335,49.68,28.133680555555557,288,26.300903574625693,24.881692,1.91502463261172,0.06465613842010498,,24,37.5,24.301656553480388,23.749731681460453,25.39498826889768,24.54119718339711,26.376534,2.7285162919348465,1.8254593554729581,26.046429571428572,2.1789167083058567,7.791911481454861,-0.7914655019366563,-0.6267266965083301,-0.7792391467859886,27.789236111111112
2024-08-10,6.8675,17.35,28.346875,288,28.78846384684249,23.536962,1.3671926442282456,0.0,,25,37.5,24.94902487860789,24.515797823951385,25.468011247544094,24.56879155900746,26.27489171428571,2.3774554543657076,1.7793223802868852,25.883142571428575,2.21468288288327,7.474203823640835,-0.052993735056077185,-0.6400381082043503,-0.7683431655492202,28.133680555555557
2024-08-11,7.329583333333333,12.37,28.017708333333335,288,30.01685803731283,26.934056,2.4928726283393963,0.0008583068797918258,,26,37.5,26.690267817179404,25.533234078543558,25.708634040469246,24.65997687445749,25.592098,2.056464026348266,1.7780214548110962,26.002490714285717,2.2395922654147444,3.9866168485431785,0.873257204086066,-0.65316012232693,-0.7572198192083127,28.346875
2024-08-12,7.329097222222222,12.42,27.82951388888889,288,26.7897939046224,22.886628,1.1356570683318115,1.7461419105480047,,27,37.5,28.36874181959367,26.33487381708057,25.947114926292812,25.03388576507571,25.370573142857147,2.079527645531399,1.778879761690888,25.912804714285716,2.2609270234211336,3.986616848539626,1.3009880520048611,-0.666088855860977,-0.7458723993404063,28.017708333333335
2024-08-13,8.7615625,21.71,27.821527777777778,288,21.31382077534994,18.65451,1.7943150363974174,18.575862050056458,,28,33.333333333333336,28.531705262925907,26.400141289120654,25.829587691170854,25.246038246154814,25.09385885714286,2.065962553022616,3.0159085988898937,25.87216442857143,2.225007402576216,5.727754949226949,1.1541030429658399,-0.6788204829862355,-0.734304263829602,27.82951388888889
2024-08-14,8.644444444444444,14.74,27.108680555555555,288,17.5722537994385,16.814852,4.1622075652431265,1.0184645652770996,,29,33.333333333333336,26.040157572428388,25.965144457135903,25.196338862464565,25.114312722947886,24.02842085714286,1.9482833456213107,20.817536115636415,25.514947428571425,2.2676161710091587,22.216616986931115,0.8508317341880165,-0.6913512362094071,-0.722518835873311,27.821527777777778
2024-08-15,7.802743055555555,14.03,26.552430555555556,288,17.60235493977865,24.10601,4.172322974717965,0.04859268665313721,,30,33.333333333333336,21.891956159803613,25.109075709751696,24.431844284420947,24.88315762413875,22.732114,2.119841195386148,21.81871533392865,24.70275942857143,2.5066730896783054,23.234229205890244,0.22591808561294613,-0.7036774074790128,-0.7105196029692745,27.108680555555555
2024-08-16,6.434583333333333,12.98,26.503819444444446,288,20.272969818115257,26.422596,3.090674685712613,0.0008583068797918258,0.4476920998631366,1,33.333333333333336,18.829476504855695,24.0549212682815,23.90232647487098,24.78631432851158,22.54495857142857,2.4342275071242403,21.454575657834596,24.460746285714286,2.5813718995295436,23.280035013307554,-0.7313930602300793,-0.7157953492826642,-0.6983101158835584,26.552430555555556
2024-08-17,5.911979166666667,11.02,26.394444444444446,288,22.225363032023154,25.19364,2.256329998001591,0.016048550605773926,0.4476920998631366,2,33.333333333333336,18.48252618577747,23.193787874494294,23.85479284922284,24.66031551361086,22.765087714285716,2.6021775147100823,21.390777826294283,24.519989714285714,2.489816484537895,23.170100206581168,-1.466527639116567,-0.7277014757264236,-0.6858939875998223,26.503819444444446
2024-08-18,7.5905555555555555,17.93,26.48472222222222,288,20.396489715576195,21.151344,3.9382948663221837,0.09127855300761212,0.4476920998631366,3,33.333333333333336,20.03356259663902,22.256202043805818,23.89471806117469,24.462441444396998,23.001756,2.7291971366777026,21.406826376900057,24.296927,2.3928305815129844,23.184847831711153,-2.20623940059118,-0.7393922635959241,-0.673274892250183,26.394444444444446
2024-08-19,7.861666666666666,17.47,25.983333333333334,288,20.389357503255212,26.911746,3.165608759428594,0.0,0.4476920998631366,4,33.333333333333336,20.9649408552382,20.881863712129157,23.608368764604865,24.20211857689754,22.175654285714284,2.935686027818101,21.497246623027877,23.77311371428571,2.5076068366747504,23.276126384718765,-3.3202548647683834,-0.7508642533989489,-0.6604565640279754,26.48472222222222
2024-08-20,6.903402777777778,19.89,25.853125,288,21.03866539001467,26.328074,3.1476473781506003,0.000855760788454063,0.4476920998631366,5,33.333333333333336,21.003736750284855,19.967515654790986,23.18382847195582,24.026193618774435,22.75067114285714,3.2256791265462135,19.751104712479872,23.922265,2.6458208397844145,22.767013311369766,-4.058677963983449,-0.7621140503891487,-0.6474427960827475,25.983333333333334
2024-08-21,7.073576388888889,19.71,25.846875,288,21.500084813435876,25.021264,2.694313134692516,0.0040228792954621895,0.09195530321385953,1,33.333333333333336,20.60817086961536,19.928207742600232,22.946676099868068,24.132606061299665,23.846894571428574,3.419012318225239,1.1760984232118687,23.937657714285713,2.6836478319232744,21.993634538848283,-4.2043983186994325,-0.7731383255706026,-0.6342374393978054,25.853125
2024-08-22,11.567361111111111,30.32,25.802083333333332,288,24.441189066569052,23.325572,0.8150456868258431,0.015812763422218268,0.09195530321385953,2,33.333333333333336,20.976035902235253,20.489326458885575,22.799201084318636,24.16934827168785,25.019239142857142,3.209313113860866,0.16165673723023133,23.875676571428574,2.6645771546235073,21.980372071158882,-3.6800218128022735,-0.7839338166829201,-0.620844401650647,25.846875
2024-08-23,11.377222222222223,34.05,26.144444444444446,288,25.19015019734701,24.003172,0.8889277714419643,0.0017153214457721333,0.09195530321385953,3,33.333333333333336,22.326646423339866,21.466302762712775,22.760612015497138,24.141995133294024,24.907748,2.7297020727334202,0.1288768139993124,23.726353285714286,2.58196478992883,21.58345247183391,-2.675692370581249,-0.7944973291665992,-0.6072676460566135,25.802083333333332
2024-08-24,12.576597222222222,34.96,26.134722222222223,288,24.79412994384768,18.180358,0.2906082078813858,1.3588666915893555,0.09195530321385953,4,33.333333333333336,23.710474692450646,22.168757102603024,22.68127248854866,24.130474874708412,24.562116,2.4151667992661845,0.1297338285652927,23.663601857142854,2.5086721569881334,21.520511654859575,-1.9617177721053878,-0.8048257371083452,-0.593511190196115,26.144444444444446
2024-08-25,9.449479166666666,22.26,26.477777777777778,288,18.680759684244833,23.333298,4.071184102783278,0.054883956806861534,0.09195530321385953,5,33.333333333333336,24.808489735921246,22.535723804292243,22.39596292404903,24.13875613742407,23.560218571428575,2.134349400677584,1.4725519695488742,23.280987285714286,2.431773268677643,22.87937834644893,-1.6030323331318286,-0.8149159841660791,-0.5795791048257612,26.134722222222223
2024-08-26,11.401701388888888,39.44,26.208680555555556,288,19.730687077840173,19.605234,2.2165082088443855,0.6135553121566772,0.09195530321385953,6,33.333333333333336,22.88834660847984,22.290619514102048,21.5862416131156,23.918828731113035,23.871926285714284,2.153333577314883,1.4361573733481237,23.023790285714288,2.544509802566492,22.933403996376,-1.628209217010987,-0.8247650844733614,-0.5654755126737576,26.477777777777778
2024-08-27,15.007569444444444,36.58,25.961111111111112,288,24.173916117350302,23.253492,0.5835298548542068,0.0,0.09195530321385953,7,29.166666666666668,21.06852556864423,22.196523739042757,21.08201969691687,23.729193475511362,22.828138857142854,2.017747784374282,2.049712685504801,22.789405,2.621713455460248,21.800817397984673,-1.5326697364686055,-0.8343701235229538,-0.5512045872199277,26.208680555555556
2024-08-28,17.170902777777776,78.23,26.051388888888887,288,25.779079691569052,21.14809,1.9743728188335405,1.8560230731914373,0.09195530321385953,8,29.166666666666668,20.861787626478435,22.644416700090705,21.28631222134547,23.64571982489694,22.388912857142856,1.6514452810462255,2.048856924716347,23.117903714285717,2.5352287996357323,3.2249553479282156,-1.0013031248062347,-0.8437282590292712,-0.5367705514607103,25.961111111111112
2024-08-29,17.72875,84.61,25.809375,288,21.68898162841799,9.788264,1.0387227622714053,14.100003242390358,0.09195530321385953,9,29.166666666666668,23.22789429558651,23.255701682681156,21.872514070783364,23.557183308071583,21.835602285714288,1.5485966644949432,3.900857118612322,23.427420714285713,2.378954889177905,4.062513855842553,-0.30148162539042644,-0.8528367217694595,-0.522177676659508,26.051388888888887
2024-08-30,14.63964980544747,86.47,25.52217898832685,257,20.91615702311202,16.08125,0.9944787759041936,12.519195675849915,0.09195530321385953,10,29.166666666666668,23.880659145779116,22.86252919151672,22.164415977114746,23.27417254977758,19.901701142857142,1.580550532415738,17.98504759758046,22.404724571428574,2.1551263025745793,18.113924411579774,-0.41164335826086074,-0.8616928164028522,-0.5074302810827518,25.809375
2024-08-31,16.097708333333333,165.22,25.263194444444444,288,21.136436716715536,19.544488,1.5018232515193823,13.847801089184486,0.09195530321385953,11,29.166666666666668,22.794739447699687,22.25195873805458,22.2103579203288,23.028871854146345,18.769997999999998,1.5956292473389138,30.502527951984604,21.666057000000002,2.0053980233025492,30.632261780549896,-0.7769131160917659,-0.8702939222685674,-0.49253272872205434,25.52217898832685
2024-09-01,17.27027777777778,109.64,25.25347222222222,288,20.019881184895837,15.54242,0.6423434240417958,3.103229403450314,0.09195530321385953,12,29.166666666666668,21.247191789415183,21.729431134178558,22.1325774692354,22.899566268920925,18.964873714285716,1.7686599678586272,42.991462349579734,21.262546142857143,1.9515046842681056,44.46401431912861,-1.1701351347423667,-0.8786374941610001,-0.4774894280028391,25.263194444444444
2024-09-02,18.395868055555557,124.24,25.275347222222223,288,19.76475550333663,16.517188,0.3359820964204739,12.286120653147492,0.09195530321385953,13,29.166666666666668,20.690824974907798,21.920734205700132,22.105676859901088,22.868947622511147,17.85189114285714,1.2788255851812729,46.03980779622319,20.861908714285715,1.716079581248078,47.47596516957131,-0.948213416811015,-0.886721063082993,-0.46230483047981086,25.25347222222222
2024-09-03,10.279930555555556,42.0,24.935069444444444,288,16.31720123291018,9.025898,2.846582613595018,11.50615811343414,0.09195530321385953,14,33.333333333333336,20.307024468316,21.925601123628194,22.061062431335476,22.805559137132455,17.410741714285713,1.0101789976921427,57.712373137214,20.119440285714287,1.5139633910332122,59.7620858227188,-0.8799580135042611,-0.8945422369764496,-0.4469834295196741,25.275347222222223
2024-09-04,15.545729166666666,73.25,24.51701388888889,288,15.097114181518577,12.554436,3.7429655281057688,13.203698396580421,0.09195530321385953,15,33.333333333333336,18.700612640380882,20.80321328299389,21.723814991542298,22.535953182644338,15.378228285714286,1.33347224894083,69.21853125064814,18.88357057142857,1.4924587649935277,71.26738817536449,-1.732739899650447,-0.9020987014301837,-0.43152975897147144,24.935069444444444
2024-09-05,15.358680555555555,99.57,24.133333333333333,288,14.45968907674154,12.579212,1.3443738342465907,0.5861520767211914,,16,33.333333333333336,17.059690305921794,19.27721821012954,21.266459946405348,22.161426268683563,14.150563428571429,1.5861283502654342,80.56620657403712,17.99308285714286,1.5673625073801887,84.46706369264945,-2.884208058554023,-0.9093882203647925,-0.4159483918249421,24.51701388888889
2024-09-06,9.596388888888889,41.57,23.87986111111111,288,16.009957249959314,15.595024,0.37580128857003403,10.772570967674255,,17,33.333333333333336,15.291334830390099,18.244462131318617,20.553495661417667,21.831455951266843,14.549270285714286,1.629792789119032,67.05235540836796,17.225485714285714,1.605171660767385,85.03740300594842,-3.5869938199482263,-0.9164086366943458,-0.4002439388573056,24.133333333333333
2024-09-07,9.33017361111111,85.66,23.689583333333335,288,16.836324310302757,22.531982,0.8870493003003589,0.08416175842285156,,18,33.333333333333336,15.188920169406478,17.54357644943966,19.89776759374712,21.57963002522789,14.479809428571428,1.5414102909284375,65.3057307001923,16.624903714285715,1.5685197691336759,95.8082586521769,-4.03605357578823,-0.9231578729647039,-0.38442104726885545,23.87986111111111
2024-09-08,15.801145833333333,73.62,23.911458333333332,288,15.219462331136071,15.766188,2.283723504885229,0.1135370592351137,,19,33.333333333333336,15.768656879001204,16.929274677094977,19.329352905636767,21.308126301235646,14.906594285714286,1.4535854407542916,51.542091369430665,16.935734,1.6111227043064595,94.5335537190104,-4.378851624140669,-0.9296339319682695,-0.3684843993077793,23.689583333333335
2024-09-09,26.99815331010453,66.81,24.358188153310106,287,15.721936798095726,20.446944,2.6378410626056996,0.0008523463748133508,,20,33.333333333333336,16.021914630466046,16.243500555129295,19.08211738041471,20.93874492645266,14.938561142857143,1.6880683094462106,48.552399025215465,16.395226142857144,1.4834469473137415,94.59220682143865,-4.695244371323366,-0.9358348973349941,-0.35243871088460327,23.911458333333332
2024-09-10,32.45261324041812,105.65,24.524390243902438,287,15.40805333455404,20.383964,3.491129777662555,0.00911667120817583,0.3156582640242648,1,33.333333333333336,15.925907813178185,15.665955025809167,18.79577807471868,20.503194024827767,15.499954857142857,2.0169053046155283,36.267130718442786,16.455348285714287,1.5135421511538356,93.97950385565679,-4.8372389990186,-0.9417589340994617,-0.33628873017668287,24.358188153310106
2024-09-11,52.918645833333336,174.23,24.37847222222222,288,14.91670697530111,18.404592,3.377928136852733,0.0012695788313976664,0.3156582640242648,2,33.333333333333336,15.449817487928613,15.536076754615433,18.169645018804662,20.01623386806914,17.122535714285714,2.1089834709108906,24.770089276216822,16.250382,1.7212278599258604,93.98862052686496,-4.480157113453707,-0.9474042892438845,-0.32003923622313857,24.524390243902438
2024-09-12,39.782508710801395,118.44,24.046689895470383,287,13.555336888631189,4.46635,2.9620550227337965,0.4621207713171316,0.3156582640242648,3,33.333333333333336,15.348899035983626,15.510304296584366,17.393761253356953,19.62046430375843,17.958272285714283,2.056835272160457,11.567660458467799,16.054417857142855,1.8214818112129456,92.13386703250492,-4.110160007174063,-0.9527692922168511,-0.30369503751065885,24.37847222222222
2024-09-13,30.926631944444445,91.36,23.561458333333334,288,11.752245203654013,18.019976,3.9976959143383124,0.20810961717643295,0.3156582640242648,4,33.333333333333336,14.626699066162113,15.381111126854316,16.812786629086467,19.36184817420114,16.799292,2.2879325848014864,11.443629153063739,15.674281142857142,1.9588626869602592,78.4959845614317,-3.980737047346823,-0.9578523554276669,-0.28726097055059635,24.046689895470383
2024-09-14,24.151666666666667,51.66,23.382638888888888,288,13.09522717793783,22.086476,2.23096511472313,0.0004351138045421976,0.3156582640242648,5,33.333333333333336,13.408096355862105,14.7728665488107,16.15822149912518,19.16784788767499,17.145713714285712,2.8053461027683833,0.8791678025659166,15.812761571428572,2.1733781968484105,66.18489850275822,-4.394981338864291,-0.9626519747161487,-0.2707418984477642,23.561458333333334
2024-09-15,47.8719512195122,260.84,23.121602787456446,287,14.941395696004236,22.226878,3.9130964400101202,0.002989363736105588,0.278493569965879,1,33.333333333333336,12.800936423407677,14.238424101329997,15.583849389212487,19.017610295613625,17.082069999999998,2.9973340762573506,0.7954411579476073,15.994332142857143,2.225459758505821,52.33753252737827,-4.7791861942836285,-0.9671667297977312,-0.2541427094613622,23.382638888888888
2024-09-16,33.09767361111111,102.69,23.08159722222222,288,14.676789220174157,21.40087,5.137212097738978,0.0004440538710070996,0.278493569965879,2,33.333333333333336,13.262956025865359,14.198700296311163,15.221100425720229,18.839891158209927,18.005025714285715,3.2301016384180494,0.6848934624485992,16.471793428571427,2.45908497393213,49.237292487664064,-4.641190861898764,-0.97139528468375,-0.23746831555846842,23.121602787456446
2024-09-17,45.510766550522646,256.5,23.0205574912892,287,14.062372461954794,21.083916,4.279923914983025,0.000908970832824707,0.278493569965879,3,33.333333333333336,14.237804031372074,14.049393499465225,14.857674262637195,18.588272031148293,18.141300857142856,3.5871546434370893,0.6844851699447929,16.820627857142856,2.8020299740263086,36.95161588838758,-4.538878531683068,-0.9753363880767837,-0.2207236509605022,23.08159722222222
2024-09-18,25.330729166666668,56.21,22.990625,288,14.446343994140648,10.190634,1.149226488465437,0.2716869115602094,0.278493569965879,4,33.333333333333336,14.560185792711062,13.85715337480819,14.69661506471181,18.377134789360912,18.241294,3.699839520197156,0.6762774695694418,17.681914857142857,2.9044114955540232,25.446366745786264,-4.519981414552722,-0.9789888737409319,-0.20391367068311472,23.0205574912892
2024-09-19,37.809583333333336,443.96,22.716319444444444,288,15.658491388956747,10.334298,1.991848813396654,4.598900788096216,0.278493569965879,5,33.333333333333336,14.395168558756533,13.789958663213838,14.650131479899102,18.179034339057093,17.06787142857143,3.3814535704275426,0.9466948022982535,17.513071857142855,2.7191444212939997,12.514355260766052,-4.389075675843255,-0.9823516608469237,-0.18704334906991657,22.990625
2024-09-20,34.54461805555555,104.04,22.607291666666665,288,15.692046101888025,8.877196,2.0211677863356154,4.405874242706886,0.10927360923415716,1,33.333333333333336,14.722402615017396,14.09040930611749,14.735760216485902,17.9996952056885,17.906149714285714,3.2428526833793794,5.083474819077338,17.35272085714286,2.765392634090433,16.527103972141077,-3.9092858995710102,-0.9854237542919524,-0.17011767832049052,22.716319444444444
2024-09-21,26.596631944444443,41.86,22.344444444444445,288,15.61161829630538,5.77705,2.2342222284165336,16.97146296498886,0.10927360923415716,2,33.333333333333336,15.265627161661806,14.653238005865205,14.713052277337953,17.80609391530357,16.600038285714284,2.960491522236137,9.281239444607792,16.872876,2.8829188125022607,10.160407247173708,-3.1528559094383652,-0.9882042449941422,-0.15314166701312007,22.607291666666665
2024-09-22,13.3078125,19.85,22.474305555555556,288,14.834000523885095,13.868080875,0.41887881935979265,2.4418115614821545,0.10927360923415716,3,33.333333333333336,15.65405192905005,15.012722451346283,14.625573276338141,17.511774889628114,14.270120285714286,2.960956824192338,26.25226729579211,15.676095142857145,2.9791454502248444,27.047708453739716,-2.499052438281831,-0.9906923101615609,-0.13612033862266704,22.344444444444445
2024-09-23,9.673298611111111,14.28,22.541666666666668,288,14.398541386922204,16.200322875,0.8451951815831202,0.25157738872394475,0.10927360923415716,4,33.333333333333336,15.379221640692833,14.997380283900693,14.598040290105928,17.16656990051272,13.076006410714285,2.4617828783851476,28.691089493538158,15.540516062500002,2.8459422584015988,29.375982955986757,-2.1691896166120266,-0.9928872135356962,-0.11905873003404988,22.474305555555556
2024-09-24,5.2527488151658766,10.3,22.271090047393365,211,15.044197336832724,13.668016,0.749766695104283,0.11392169523105622,0.10927360923415716,5,33.333333333333336,14.948053402370894,14.957630593436127,14.503512046450677,16.820050281948532,12.333071107142858,1.8486376046485968,28.942222828391095,15.237185982142858,2.7178961240428436,29.62670799833589,-1.8624196885124054,-0.994788305609327,-0.10196189005174576,22.541666666666668
2024-09-25,1.8370108695652174,4.04,22.26358695652174,184,18.013528442382835,10.113594875,3.387791872928601,0.14133751392364502,0.10927360923415716,6,33.333333333333336,14.758913082546675,15.09789128984726,14.477522332327725,16.698831537034796,11.273656821428572,1.3443294303802051,29.055235552789327,14.757475410714283,2.5220844752886804,29.73151302235877,-1.6009402471875358,-0.9963950238187231,-0.08483487790576538,22.271090047393365
2024-09-26,0.7674305555555555,2.18,22.15451388888889,288,19.443177159627282,12.8879860625,4.542399191831537,0.04819035530090332,0.10927360923415716,7,33.333333333333336,15.818755722045921,15.607489068167572,14.698723865690706,16.641592915852886,11.262651232142858,1.6641244853035142,28.924886155152763,14.165261330357144,2.5227890278655285,29.871580957451016,-1.034103847685314,-0.9977068927101168,-0.06768276175455162,22.26358695652174
2024-09-27,0.33065972222222223,1.43,21.813541666666666,288,13.503275171915732,15.020641875,2.844213204672983,0.9936590474239893,0.10927360923415716,8,33.333333333333336,17.50030097961428,16.148158463977648,15.119283885047569,16.483901617262116,11.6274638125,2.028488825079926,24.37417572235745,14.766806763392859,2.635670754229653,29.457650541434788,-0.3357431532844686,-0.9987235240803972,-0.050510617185222886,22.15451388888889
2024-09-28,0.25854166666666667,1.12,21.572916666666668,288,10.541294352213583,12.768479,2.6001504298743705,0.0030170398872542137,0.10927360923415716,9,33.333333333333336,16.986660257975284,15.835476902553037,15.244357454209121,16.074708133273674,12.5050989375,2.146066741985264,20.961960527074552,14.552568611607144,2.5532791321107005,30.243199971682344,-0.23923123072063746,-0.9994446170919858,-0.033323525711631344,21.813541666666666
2024-09-29,0.22618055555555555,1.34,21.54201388888889,288,13.620795822143577,18.480157,1.3142571444550302,0.0004351138045421976,0.10927360923415716,10,33.333333333333336,14.495915561252199,15.111144910539922,15.061933680943103,15.703118557400193,13.503874508928572,2.198342199336384,3.9935146019729473,13.886997397321428,2.579649511764361,30.245781897765056,-0.5919736468602714,-0.9998699583618592,-0.016126573270657762,21.572916666666668
2024-09-30,0.45006944444444447,11.74,21.53090277777778,288,15.909014638264978,18.4294565,0.6900521234576503,0.0017128930380749807,-0.7234151889316038,1,33.333333333333336,12.555121782090964,14.937829953148277,14.967605118524485,15.459939850701245,14.162742526785715,2.3262533886357035,1.552138154295335,13.619374468750001,2.394018133510426,30.243227647833493,-0.5221098975529674,-0.9999994220246925,0.001075151282798226,21.54201388888889
2024-10-01,0.4999652777777778,2.5,21.475347222222222,288,16.828630701700888,12.3599441875,1.3591802451450172,0.30171871185302734,-0.7234151889316038,2,37.5,13.357034937540712,15.153611846197245,15.055621219816686,15.285692448086227,14.481190187500001,2.3040900946177794,1.3022736586094652,13.407130647321429,2.076363849633188,30.24449648700056,-0.13208060188898152,-0.999832969770105,0.018276557681691223,21.53090277777778
2024-10-02,0.8846180555555555,2.99,21.448958333333334,288,15.870385742187523,4.9432289375,1.4681058415684336,16.526210307972633,-0.7234151889316038,3,37.5,15.452813720703148,15.408530898321269,15.253211094084264,15.17931743197973,14.294322785714286,2.391149173195027,1.4900706752314363,12.783989803571428,1.867739301787616,30.545306228020763,0.22921346634153927,-0.9993706508539969,0.03547255575312556,21.475347222222222
2024-10-03,0.7735069444444445,2.23,21.295833333333334,288,12.337981796264671,15.483988,4.011203786995937,0.0495138453970867,-0.7234151889316038,4,37.5,16.202677027384464,15.102367655436224,15.354928361801898,15.049505106608091,13.555699080357142,2.116908311572146,17.874943469280424,12.40917515625,1.8905163984378301,46.79982962443319,0.05286254882813246,-0.9986126020839734,0.052658056924614005,21.448958333333334
2024-10-04,0.6770383275261324,2.29,21.257491289198605,287,11.666674550374353,18.0130006875,2.6776614929771045,0.0004372209332359489,-0.7234151889316038,5,37.5,15.012332746717695,14.087339746384421,15.117749105181035,14.916864458719909,13.9265565,2.0410232537384885,17.876266959376608,12.77701015625,2.0347560394092072,42.25044268173406,-0.8295247123354876,-0.9975590477788613,0.06982797572987089,21.295833333333334
2024-10-05,0.8332291666666667,4.09,21.08125,288,14.44439531962081,14.1650409375,1.2458975622921051,0.017840315933881357,-0.5540650869194118,1,37.5,13.291680696275515,13.824968229021367,14.830222565787201,14.802516471015101,14.354036330357143,2.017230152067649,16.883045132885854,13.42956763392857,2.0816484470264567,37.84500565996041,-0.977548241993734,-0.9962102997023297,0.0869772313136861,21.257491289198605
2024-10-06,0.9173611111111111,3.21,20.76875,288,18.57020276387533,11.230030125,2.2501579922134893,0.37042200564840755,-0.5540650869194118,2,37.5,12.816350555419945,14.382554081508115,14.746849496024018,14.802006679111077,14.553545178571428,1.8237654566987538,16.89786840893248,14.028709843749999,2.011053828017569,20.89138301090543,-0.4194525976029624,-0.9945667569706337,0.1041007489354256,21.08125
2024-10-07,0.8788541666666667,2.96,20.756597222222222,288,17.816203689575218,9.35434899609375,2.6892491701022223,3.3980756998062134,-0.5540650869194118,3,37.5,14.893757544623497,15.089612216041221,15.01372108459475,14.88734819624161,13.517812767857142,1.9574655778071055,17.267855300776347,13.840277647321427,2.1418594832214044,18.819993455071682,0.2022640197996104,-0.9926289059345095,0.121193461470736,20.76875
2024-10-08,0.4831597222222222,2.37,20.490277777777777,288,15.461181894938193,13.29194846484375,3.9758462534813193,0.7758378982316572,-0.5540650869194118,4,41.66666666666666,16.943600591023785,15.362067794799827,15.257839820498535,14.920010842217359,12.221368838727681,2.243065155899187,20.664218107544485,13.35127951311384,2.273577625258483,21.96649176615395,0.4420569525824689,-0.9903973200352558,0.1382503109109819,20.756597222222222
2024-10-09,0.3184375,1.86,20.430902777777778,288,16.513879394531273,11.216409412841797,4.2975715082778505,2.382725477218628,-0.5540650869194118,5,41.66666666666666,17.282529449462913,15.166717965262299,15.287624431791784,14.928068161010764,12.354512306919643,2.616874585661516,21.138337293923115,13.324417546316965,2.5040118794282717,22.62840796915455,0.23864980425153526,-0.9878726596350429,0.15526624985999563,20.490277777777777
2024-10-10,0.49833333333333335,1.98,20.444097222222222,288,12.802729543050134,11.800972,1.4804307763386508,0.30168728693524827,-0.5540650869194118,6,41.66666666666666,16.597088326348228,15.258645629882835,15.180506642659529,14.954466247558615,13.250680946254187,3.021083966620004,6.99485246316911,13.403190013305663,2.568996139096075,24.869795932449534,0.3041793823242198,-0.9850556718215013,0.172236243027682,20.430902777777778
2024-10-11,0.3170486111111111,1.62,20.352777777777778,288,12.77050361633303,14.890832,1.6912758623998077,0.35000062774770413,-0.5540650869194118,7,41.66666666666666,14.925930277506533,15.3250381651379,14.706188955761162,14.86762212117515,12.724535803397043,2.6595449650975347,7.247025904707272,13.325546151698521,2.350284109418012,25.12329286408388,0.45741604396275015,-0.981947190186646,0.18915526872004093,20.444097222222222
2024-10-12,0.2995486111111111,1.86,20.039236111111112,288,14.342373784383142,4.263732,1.7923961567729583,6.9289058446884155,-0.5540650869194118,8,41.66666666666666,14.02903751797148,15.482728031703427,14.653848130362396,14.796082009209549,12.278511705182757,2.518632732157921,7.59658931152174,13.31627401776995,2.267931442112785,24.479634444407594,0.6866460224938784,-0.9785481345802031,0.20601832032517084,20.352777777777778
2024-10-13,0.20180555555555554,1.48,20.298958333333335,288,16.61602045694991,13.239798,1.5962727779093717,0.11840009585739608,-0.5540650869194118,9,41.66666666666666,13.305202314588769,15.468153526669473,14.925353804088795,14.82231657240128,10.864038999825613,2.5967039599409,14.507654840276274,12.708792089198521,2.2102347083198266,31.405523249208755,0.6458369542681925,-0.9748595108374125,0.22282040779479959,20.039236111111112
2024-10-14,0.9009722222222222,3.75,20.367361111111112,288,16.974343872070335,10.01819,1.2981826982590237,1.1661112307592703,-0.5540650869194118,10,41.66666666666666,14.576299285888695,15.18898462568013,15.139298420860674,14.98444241417781,11.151148696254186,2.503291786468883,14.255632930485262,12.334480732055665,2.230378682137994,31.52348823126161,0.20454221150231966,-0.9708824104813836,0.23955655912092708,20.298958333333335
2024-10-15,0.5372916666666666,1.71,20.130555555555556,288,16.466075515747093,5.913316,2.7272647403621257,9.662091732025146,-0.5540650869194118,11,41.66666666666666,15.977579371134462,15.068718937465146,15.215393366132487,15.113746303982227,11.245983125383649,2.304568004776997,12.02366846143832,11.733675982055663,2.2738165803380923,32.687886568982805,-0.045027366517080836,-0.9666180104000972,0.2562218218071163,20.367361111111112
2024-10-16,0.20076388888888888,1.26,20.14027777777778,288,16.214095052083337,7.704656,2.4729769299151614,5.9669585006218995,-0.5540650869194118,12,41.66666666666666,16.68547994825578,15.212275169009274,15.189496567135787,15.164568964640322,10.191892773263115,2.1261992171885415,20.90992229523181,11.27320254009138,2.3715369014250283,42.048259589154924,0.04770620436895179,-0.9620675724981452,0.27281126433401914,20.130555555555556
2024-10-17,0.23833333333333334,3.2,20.14027777777778,288,11.705391184488974,3.793992,2.494372878131949,9.893345832779232,-0.5540650869194118,13,41.66666666666666,16.551504813300255,15.169448834373854,15.214047232128346,15.215812492370627,9.690213714285715,1.8655428488510142,24.49415531863508,11.47044733026995,2.443313407735509,31.48900778180419,-0.046363657996773,-0.957232443323312,0.28931997761869527,20.14027777777778
2024-10-18,0.13527777777777777,1.64,19.943055555555556,288,10.902286783854208,12.487384,2.6815275137594696,0.0015228985716930765,-0.5540650869194118,14,41.66666666666666,14.795187250773134,15.01268621172226,15.168862188430081,15.137246449788433,8.54635942857143,2.0103917205357713,34.085813864479064,10.635447615984235,2.3349683428166528,41.332839769186336,-0.12456023806617367,-0.9521140536681102,0.3057430764672831,20.14027777777778
2024-10-19,0.46447916666666667,12.83,19.901736111111113,288,13.90319404602053,11.952184,1.4544662515582594,1.4064806795204277,-0.5540650869194118,15,41.66666666666666,12.94059100680884,14.745798092796715,15.114263062250071,15.019111209445553,8.203009714285715,2.15185624215858,33.73733613530305,10.240760709734236,2.33524448715825,41.33392544682479,-0.27331311664883806,-0.9467139181463862,0.3220757010206104,19.943055555555556
2024-10-20,0.43233449477351915,2.03,20.073170731707318,287,15.65746650695803,11.267508,1.1461299712080844,0.06723701949340466,,16,41.66666666666666,12.170290671454572,14.683058130173483,15.075605828421478,14.960601298014346,9.30136,2.103580541413623,28.214910970135065,10.082699499912806,2.350142250677261,42.72256581041134,-0.27754316784086264,-0.9410336347451197,0.3383130181923076,19.901736111111113
2024-10-21,0.35428571428571426,1.74,19.925783972125437,287,15.261580403645837,13.517616,0.8988108090773402,0.6578654050777288,,17,41.66666666666666,13.48764911227759,14.546121851603216,14.867553238641673,14.959448644850012,9.019604285714285,2.0392744261705817,28.163747893771074,10.085376490984235,2.2712831063197325,42.419380824256336,-0.4133267932467959,-0.9350748843515574,0.3544502230989869,20.073170731707318
2024-10-22,0.7403484320557492,2.28,19.93658536585366,287,12.589275614420615,5.6447,2.798872158381383,1.150000095321957,,18,41.66666666666666,14.940746985541466,14.301441356114001,14.685080146789574,14.947780715094694,9.519522285714286,1.982221299144627,27.655502068089532,10.382752705548969,2.1433946519608122,39.67917052952785,-0.6463393589806934,-0.9288394302558068,0.3704825404820963,19.925783972125437
2024-10-23,1.2797212543554006,3.55,20.006620209059232,287,13.09629847208663,10.290256,0.8760397810144962,0.005865097040924638,,19,41.66666666666666,14.502774175008161,13.747612798781647,14.479943983895462,14.872956551445878,9.481148571428573,1.9924509302902353,19.143410431386343,9.836520672345843,2.0593250737393882,40.05333272661815,-1.1253437526642305,-0.9223291176290545,0.3864052261209853,19.93658536585366
2024-10-24,1.080801393728223,2.91,19.74390243902439,287,13.536878204345726,10.746676,1.981097644586153,0.17402470111349544,,20,41.66666666666666,13.649051496717695,13.302213287353547,14.2358310608637,14.829548454284692,9.850520000000001,1.7643170518758546,13.182317027805368,9.770366857142857,1.8149299503634342,37.67647234644045,-1.5273351669311452,-0.9155458729775467,0.40221356823680365,20.006620209059232
2024-10-25,0.8260975609756097,1.98,19.562717770034844,287,12.427604929606161,5.843336,0.6521450442848091,9.863933274687042,,21,41.66666666666666,13.074150763617657,13.563854290190225,14.288270250956243,14.779304483201793,10.843760571428572,1.6909920185121694,3.462995896139631,9.69506,1.8506918695239702,37.548809760618695,-1.2154501930115682,-0.9084917035725082,0.41790288888678667,19.74390243902439
2024-10-26,0.9083333333333333,3.18,19.428819444444443,288,7.950250244140648,4.337636,2.838529761742674,10.108891710331136,,22,41.66666666666666,13.020260535346173,13.781756882440504,14.26377748761861,14.593107032775903,9.894610857142856,1.4010802371586464,13.32540627225498,9.048810285714286,1.776468239658613,47.062742407558034,-0.8113501503353984,-0.9011686968561569,0.4334685453485363,19.562717770034844
2024-10-27,0.43114583333333334,1.53,19.266666666666666,288,8.388379669189476,5.750208,1.739463921159998,3.6699920892715454,,23,41.66666666666666,11.304911126030845,12.931336339314807,13.807197234744146,14.21000946892635,8.806818285714286,1.59880359575642,22.02781730306569,9.054089142857142,1.8511920685850216,50.242728273200754,-1.2786731296115423,-0.8935790198239952,0.4489059314938798,19.428819444444443
2024-10-28,0.16645833333333335,0.91,19.15625,288,10.776390965779626,5.005608,1.4000909195969935,3.047436475753784,,24,41.66666666666666,9.588744947645429,11.892895362490728,13.219508607046972,14.039512952168808,8.01863257142857,1.6835655886066934,25.63057237284383,8.519118428571428,1.8614200073886376,53.7943202666149,-2.1466175896780797,-0.8857249183835637,0.4642104791518923,19.266666666666666
2024-10-29,0.2589236111111111,1.86,19.09340277777778,288,12.352657572428427,3.958568,1.0067946109036834,1.5921592712402344,,25,45.833333333333336,9.038340293036583,11.252154014224127,12.776797685169063,14.047349505954342,6.802631428571429,1.7551770329666438,28.020143443519885,8.161076857142858,1.8686991660556356,55.67564551160942,-2.7951954917302153,-0.8776087166898392,0.4793776594606945,19.15625
2024-10-30,0.17555555555555555,1.21,18.958333333333332,288,12.881667709350609,2.78778,1.2850334830369259,13.092264533042908,,26,45.833333333333336,10.505809402465843,11.21835143679667,12.48298211778916,14.005078230963838,6.561755428571429,1.4991659547555438,28.462302619438162,8.021452,1.7458084425228895,47.605713050824505,-2.7867267941671674,-0.8692328164574792,0.49440298420761813,19.09340277777778
2024-11-01,0.24839285714285714,4.19,18.90654761904762,168,13.634725189209007,6.338248,1.2382095454477455,0.27908682812949337,,28,45.833333333333336,12.864784071180585,11.162425431751094,12.36313986097066,13.788546541002086,4.418265142857143,1.494035569674192,44.25672584198992,7.631012857142857,1.5925137940931806,47.71972173812955,-2.6261211092509917,-0.8517119107469189,0.5240103253675756,18.958333333333332
2024-11-02,0.21784722222222222,1.19,18.766319444444445,288,12.66256167093917,9.493772,0.15783025598582395,0.5771189927372689,,29,45.833333333333336,13.292139943440779,11.33487118312293,12.558314032781718,13.714024522569469,4.488966857142858,1.5777590698403257,34.67187939543237,7.191788857142858,1.489419653499486,47.99728566768735,-2.379153339446539,-0.8425720899866032,0.5385835804920232,18.90654761904762
2024-11-03,0.3679787234042553,1.52,18.66968085106383,188,12.759992853800497,7.0773,1.984818249016313,0.022500792510982137,,30,45.833333333333336,13.219104597303632,12.008058529808434,12.46969743456162,13.724843851725286,5.225557714285714,1.194801997589347,25.140106677838503,7.016188,1.3968027966728835,47.16792398090419,-1.716785321916852,-0.8331829385891785,0.5529974600700271,18.766319444444445
2024-11-04,0.2384375,3.85,18.536458333333332,288,13.830424880981468,6.358832,2.0828778310679126,2.6644617319107056,,31,45.833333333333336,13.019093237982892,12.63257469903858,12.262735030764654,13.761287795172823,5.415142285714286,1.2298526158545349,21.49261538107794,6.71688742857143,1.456709102230614,47.12318775392177,-1.128713096134243,-0.8235472349556007,0.5672476988027229,18.66968085106383
2024-11-05,0.856887417218543,17.45,18.65430463576159,151,13.475479380289755,7.938516,0.6534987252743086,0.3707140683104626,,32,50.0,13.084326468573712,13.068865258353128,12.160509636288626,13.740822113884844,5.60846,1.3273936032075235,21.10964063723486,6.205545714285714,1.5412853180870836,49.129784080754746,-0.6719568555317164,-0.8136678304455991,0.5813300798152042,18.536458333333332
2024-11-06,0.6737391304347826,2.49,18.381739130434784,115,12.604911422729515,10.585548,0.3765573724178926,0.0023787843588252144,,33,50.0,13.35529903835724,13.229268373761888,12.22380990527928,13.57099800109866,6.177024,1.2769227624033268,19.88819543430509,6.369389714285715,1.3880443585794353,48.35049805374325,-0.3417296273367718,-0.8035476485339116,0.5952404359043674,18.65430463576159
2024-11-07,0.5290526315789473,1.53,17.23894736842105,95,11.87863693237307,6.02842,1.3649312067521688,0.056714875029229006,,34,50.0,13.303605228000245,13.189731761387447,12.188710830325201,13.39728825887047,7.290990857142857,1.147140460886322,6.798309685621007,6.3904819999999996,1.352367043679678,48.34701174106115,-0.20755649748302218,-0.7931896839451843,0.6089746507720486,18.381739130434784
2024-11-08,0.6370526315789473,1.34,17.032631578947367,95,11.57089513142904,6.564716,1.5368475578808856,0.05203783501883663,,35,50.0,12.65300924513078,12.978104618617497,12.070265025184296,13.277870093451632,7.688662285714286,1.122674740851738,3.9729760729869668,6.053463714285714,1.308355155262965,48.229701914976886,-0.2997654748341354,-0.7825970017677834,0.6225286602431057,17.23894736842105
2024-11-09,0.7504301075268818,1.73,16.905376344086022,93,10.401368713378929,7.861372,1.8543442650976971,1.1180192232131958,,36,50.0,12.018147828843874,12.683271753220358,12.009071468171644,13.113103951348224,7.7210148571428565,1.1653373140564722,3.74592707987631,6.104990857142857,1.3715481919483987,38.41780647530868,-0.42983219812786544,-0.7717727365467836,0.6358984534680745,17.032631578947367
2024-11-10,0.6560526315789473,2.21,16.823684210526316,38,10.471811548868857,6.889584,2.983047901613787,0.06054639806052364,,37,50.0,11.283633592393679,12.36024418785461,12.184151358831523,13.033058590359184,7.487814857142857,1.4076964582153113,4.286827310352237,6.356686285714285,1.3012492279023289,29.42693398819074,-0.6728144025045744,-0.7607200913564104,0.6490800741100398,16.905376344086022
2024-11-11,0.6838541666666667,4.19,16.648958333333333,96,10.071170425415062,8.0229,4.4340994566976,0.3485471010158392,,38,50.0,10.814691797892275,12.033361144292948,12.332967921665764,12.956435521443712,7.460998285714285,1.5503006943006648,4.3248729159017785,6.438070285714285,1.3900766550775998,25.817488296979718,-0.9230743771507637,-0.7494423368521954,0.6620696215153815,16.823684210526316
2024-11-12,0.5472727272727272,1.74,16.436363636363637,55,7.072777684529626,9.290012,4.91032637693408,0.1816004514694214,,39,54.16666666666666,10.314783562554283,11.496324793497747,12.282595025925437,12.814062076144776,7.698722285714285,1.8861894979620486,2.008958285006912,6.6535911428571435,1.606791550584786,23.118598922241773,-1.3177372826470286,-0.7379428103031386,0.6748632518680403,16.648958333333333
2024-12-12,0.8129787234042554,2.61,12.225531914893617,47,3.3867387135823606,4.458976,0.23427752004551802,0.23518082156215314,-0.39503340413393845,14,66.66666666666667,2.914846886528892,5.624244762602326,7.0929339999244485,8.050670454237215,5.758602285714285,3.113232647451686,7.67671728510777,6.690433714285715,2.4234440196157543,13.80411884554178,-2.426425691634889,-0.30881248126625377,0.9511229423235357,16.436363636363637
2024-12-13,1.2635416666666668,1.95,12.183333333333334,48,3.645644124348962,5.247228,1.2069651016928422,2.0125210285186768,-0.39503340413393845,15,66.66666666666667,2.9225599924723533,4.963547915504113,6.873423649015897,7.9278024885389735,5.258556,2.918301675192882,7.911485857675871,6.349168,2.3432197820422354,14.037580676131256,-2.964254573034861,-0.29240597695107734,0.9562942772197719,12.225531914893617
2024-12-14,1.0335416666666668,2.02,12.066666666666666,48,3.233867263793968,7.936944,1.9682750563312577,0.0026285647436452564,,16,66.66666666666667,3.1535708533393176,3.8844719659714673,6.512860461643778,7.882076178656702,5.647813714285715,2.804938916328262,9.741330570932405,6.091773714285715,2.29788031395157,16.04880828392652,-3.997604212685235,-0.27591294500296043,0.9611826292540837,12.183333333333334
2024-12-15,1.148936170212766,1.72,11.948936170212766,47,4.586937840779626,4.645648,3.458921630165433,0.48935413360595703,,17,66.66666666666667,3.4220833672417634,3.2571364629836483,6.063709059215744,7.662321917216002,6.281813142857142,2.587852733090462,8.766532368440494,6.039520571428571,2.324141802362129,16.051436848670164,-4.405185454232354,-0.2593382659754056,0.9657865518844574,12.066666666666666
2024-12-16,0.8885416666666667,2.2,11.866666666666667,48,3.313879903157556,8.311096,1.4899518675706016,0.0006496906230779587,,18,66.66666666666667,3.8221497429741853,3.3711040860130845,5.682340422130783,7.490223672654912,5.912195428571429,2.1890565357978495,6.03848738171564,5.810954,2.469779571081436,16.51344218350914,-4.119119586641827,-0.2426868445825954,0.9701046827361175,11.948936170212766
2024-12-17,1.0629166666666667,2.33,11.691666666666666,48,3.847500101725302,7.46148,1.9189446964516093,0.01105207905993666,,19,66.66666666666667,3.7115616692437166,3.364001301356739,5.194539596920935,7.250991757710792,6.056000571428571,1.7161538545741835,4.141910638754354,5.875648857142857,2.496493394515974,14.441867083423432,-3.8869904563540527,-0.22596360824801906,0.974135744004672,11.866666666666667
2024-12-18,1.4602127659574469,2.02,11.595744680851064,47,7.634119288126669,7.61878,2.374435714120064,0.0012898295267405047,,20,66.66666666666667,3.9161059485541614,3.4918425242106292,4.85705124083021,7.0578251096937565,6.389558285714286,1.5311350262180847,3.113171610738874,6.1772982857142855,2.5318594491023356,12.09780255682702,-3.5659825854831273,-0.20917350564635637,0.9778785428342386,11.691666666666666
2024-12-19,1.039375,1.97,11.560416666666667,48,7.754538472493493,6.015584,2.820467827854693,3.706678718764067,,21,66.66666666666667,4.931833097669842,4.235526747930635,4.929885755266481,7.006003506978372,6.525736,1.8073959409110465,2.7526761476401873,6.142169142857143,2.460314294181366,10.429393432747958,-2.770476759047737,-0.19232150523909483,0.9813319716704275,11.595744680851064
2024-12-20,1.067872340425532,2.21,11.48936170212766,47,4.848878479003929,4.989972,3.8920246185142866,0.6246119737625122,,22,66.66666666666667,6.412052620781822,4.859498142060796,4.9115230287824545,6.92955250210234,6.748108571428572,2.1768516991695,6.224174044842101,6.0033322857142855,2.547576687181191,14.135659902517972,-2.070054360041544,-0.17541259380427843,0.9844950085880858,11.560416666666667
2024-12-21,0.3985416666666667,1.15,11.439583333333333,48,6.146281814575218,7.655072,2.1866554531601463,0.00038743019104003906,,23,66.66666666666667,6.7458454132080305,5.0313887641543635,4.457930365062915,6.7311743630303456,6.711357714285714,2.560431630143992,4.836264990085937,6.179585714285714,2.6826852732361273,14.577595561018342,-1.699785598875982,-0.15845177496083632,0.9873667175937016,11.48936170212766
2024-12-22,0.6783333333333333,1.58,11.358333333333333,48,6.565302149454794,6.996772,2.8873296370050885,0.30813488234571196,,24,66.66666666666667,6.24989958869088,5.447447985694542,4.352292224339095,6.550125863817021,6.6710902857142855,2.591628829690976,4.8340238555333315,6.476451714285714,2.589740781390719,13.600556223973825,-1.1026778781224786,-0.14144406768794202,0.9899462489023779,11.439583333333333
2024-12-23,0.6227083333333333,1.39,11.264583333333333,48,4.92352193196615,4.846432,5.561429178733071,2.531304955482483,,25,66.66666666666667,5.853487481011314,5.730071458362423,4.550587772187754,6.5411887910631155,7.006965142857143,2.5099728306680698,4.652804604273086,6.459580285714287,2.3495146832329596,10.691291985988727,-0.8111173327006922,-0.12439450483979998,0.9922328391893008,11.358333333333333
2024-12-24,0.5635416666666667,1.33,11.158333333333333,48,7.15295244852706,3.861056,4.16634513698852,0.010537030391333246,,26,70.83333333333333,5.878368631998721,5.960020319620794,4.662010810488766,6.43734730614558,6.5120131428571435,3.091612446548423,7.183459869132491,6.284006857142857,2.403883150561303,11.325370507886845,-0.477326986524786,-0.10730813165636247,0.9942258118156161,11.264583333333333
2024-12-25,0.5097916666666666,1.19,11.222916666666666,48,9.166745122273767,7.80972,1.8246474921563176,0.12007068357888784,,27,70.83333333333333,6.213925509982668,6.43222779773533,4.96203516097298,6.3420527140299665,5.997666857142858,3.41266965233941,7.182944820463888,6.193612571428572,2.471902339278747,10.296116431202762,0.09017508370536387,-0.09019000427034513,0.9959245770286599,11.158333333333333
2024-12-26,0.6754166666666667,1.51,11.0375,48,7.236241277058923,6.036172,0.5331876318671966,0.06205593439290169,,28,70.83333333333333,7.081073167588992,6.65117434547063,5.443350546700633,6.271453475952168,6.024944,3.3341284777731603,7.301725674516035,6.27534,2.5707622093421034,10.054401822156223,0.3797208695184624,-0.07304518821104743,0.9973286321364752,11.222916666666666
2024-12-27,0.46,1.79,11.05,48,6.8645734151204465,6.753536,1.5994611060884172,0.07482186032348181,,29,70.83333333333333,7.85197961595325,6.577131888979977,5.718315015520387,6.290479554070385,6.027885142857143,3.007374164060661,3.65710289014487,6.387996857142857,2.5921129316150804,9.881276934986971,0.28665233490959263,-0.05587875690537313,0.9984375616565666,11.0375
2024-12-28,0.6875,1.22,10.927083333333334,48,3.769537862141931,8.520636,0.9925030497465976,0.0,,30,70.83333333333333,7.755853271484379,6.865088308425194,5.948238536289779,6.320293278164351,6.279822857142858,2.679865090856965,3.1073127767058395,6.495590285714286,2.6201483605004787,7.943577766791776,0.5447950302608433,-0.03869579017652689,0.9992510374388481,11.05
2024-12-29,0.343125,1.04,10.827083333333333,48,2.8242533365885834,8.583904,0.9129382243961737,0.0008583068797918258,-0.41016391250777384,1,70.83333333333333,5.956784184773767,6.525553458077582,5.9865007218860615,6.230615086025678,6.403474857142856,2.5092718903693156,3.1069253465147995,6.537282571428571,2.5504503600301454,7.940949202048131,0.2949383720519032,-0.021501372740813793,0.999768818762748,10.927083333333334
2024-12-30,0.03958333333333333,0.42,10.752083333333333,48,1.974162673950218,8.568532,1.1061977904559046,0.0008583068797918258,-0.41016391250777384,2,70.83333333333333,4.4861215379503205,5.991117913382409,5.860594685872416,6.034972572326677,6.6302080000000005,2.227215974282328,2.7996487710488793,6.818586571428573,2.368594402475199,7.452453375321966,-0.04385465894426854,-0.004300592702981974,0.9999907524084426,10.827083333333333
2024-12-31,0.0,0.0,10.652083333333334,48,1.3356669108073334,8.461272,0.8879645762395783,0.0,-0.41016391250777384,3,70.83333333333333,2.855984624226911,5.56978087652299,5.7649005980718915,5.783378431532136,7.161936571428571,1.5907543473855896,0.26920212244618824,6.836974857142857,2.3411833969670064,7.45266199157868,-0.21359755500914623,0.012901459949419653,0.9999167727021953,10.752083333333333
2025-01-01,0.0,0.0,10.506382978723405,47,1.4355503082275618,8.4002,1.3864195291652521,0.0002086162567138672,-0.41016391250777384,4,70.83333333333333,2.0446943071153783,4.738740085420171,5.585483941577751,5.497030703226744,7.819110285714286,1.122414267278598,0.258665092054855,6.908388571428572,2.267541959809004,7.441609912518743,-0.7582906178065727,0.017201575418260506,0.9998520419557735,10.652083333333334
2025-01-02,0.0,0.0,10.397916666666667,48,2.0680067698161224,7.674176,1.624715807094065,0.0012665987014770508,-0.41016391250777384,5,70.83333333333333,1.5817932976617044,3.634283683413571,5.142729014442101,5.206779331631149,7.903464571428572,1.0598102725655885,0.13880302473268102,6.9642042857142865,2.1969693751693744,7.440528699248716,-1.5724956482175783,0.03439806061360801,0.9994082116062598,10.506382978723405
2025-01-03,0.18020833333333333,0.83,10.2875,48,4.537287648518884,2.435332,2.0022356733704614,2.91528105725547,-0.41016391250777384,6,70.83333333333333,1.6130746629503392,2.895964468093171,4.736548178536574,4.989968321058504,8.137465142857142,1.21574286902657,0.07801368904125638,7.082675142857142,2.111558516543615,3.7351165791861263,-2.0940038529653333,0.051584366869408364,0.9986686402879997,10.397916666666667
2025-01-04,0.09895833333333333,0.56,10.279166666666667,48,6.598303731282556,7.94116,2.2804032569360677,0.0006705522537231445,-0.41016391250777384,7,70.83333333333333,2.680281575520856,2.5634950728643764,4.714291690644785,4.920730039808505,7.520578857142857,1.2732820929240047,2.9184728859732445,6.900200857142857,1.9765735918904852,6.025785662679084,-2.3572349669441284,0.06875540848113941,0.9976335468520451,10.2875
2025-01-05,0.4920833333333333,1.49,10.245833333333334,48,6.801894124348962,5.186104,3.2222936221228498,0.4958212375640869,-0.41016391250777384,8,70.83333333333333,4.401199383205854,2.9676044827416086,4.746578970409595,4.873619609408928,7.437796571428572,1.4572678368082148,2.9191434382269676,6.920635714285715,1.983269863588765,6.026068784741767,-1.9060151266673198,0.08590610426133272,0.9963032375991965,10.279166666666667
2025-01-06,0.6525531914893618,1.19,10.197872340425532,47,7.150380071004236,5.602924,1.8784255402099783,3.1190198166086702,-0.41016391250777384,9,70.83333333333333,5.979161834716801,3.535838880993091,4.7634783971877495,4.727043554517977,6.952396571428571,1.7871757507691686,3.4141063689112627,6.791302285714285,2.007195862525748,6.213755139960142,-1.1912046735248865,0.10303137904317879,0.9946781061893646,10.245833333333334
2025-01-07,0.5825,1.71,10.0625,48,4.868625259399437,5.718532,2.9958787877347417,0.1424153623474922,-0.41016391250777384,10,70.83333333333333,6.850192642211918,4.275298509143665,4.922539692833327,4.711215697394495,6.528738285714285,1.8974940007340362,6.532267878640141,6.845337428571428,1.7441241740598128,6.801470001086329,-0.4359171882508299,0.1201261651823505,0.9927586335250793,10.197872340425532
2025-01-08,0.561875,1.48,10.047916666666667,48,8.815295155843103,5.772812,3.6595482315299406,0.38527250279685177,-0.41016391250777384,11,70.83333333333333,6.273633151584211,4.780006844656823,4.759373465038498,4.747197723388691,6.1369182857142865,2.1986246023762024,6.674683240987633,6.978014285714286,1.6605194348274002,6.933348333042488,0.03280912126813185,0.13718540405660057,0.9905453876091833,10.0625
2025-01-09,0.20604166666666668,1.02,10.045833333333333,48,9.959514872233115,6.617912,3.10836834110495,0.026285648345947266,-0.41016391250777384,12,70.83333333333333,6.944766828748925,5.8342561086019,4.734269896007736,4.928920915391728,5.761577142857143,2.5233572741425863,7.059747127527771,6.832520857142858,1.7915837733540876,7.198550152260452,0.9053351932101714,0.1542040475626894,0.988039023376751,10.047916666666667
2025-01-10,0.15375,0.47,10.058333333333334,48,10.020131683349632,8.157216,2.446411755802635,0.0034619923781065154,-0.41016391250777384,13,70.83333333333333,7.881145095825218,6.9616144089471845,4.928789438520178,5.16248435974123,5.610682285714286,2.7353076361441415,7.084766177172241,6.874073714285714,1.9755252525853557,7.162779866213498,1.7991300492059548,0.17117705961019986,0.985240282501282,10.045833333333333
2025-01-11,0.11208333333333333,0.62,10.141666666666667,48,9.745932515462243,7.311256,3.6228882468944916,4.532012343304359,-0.41016391250777384,14,70.83333333333333,9.598313903808616,7.744877842494434,5.154186457679406,5.415544425116663,6.428094285714286,2.7987613622058802,4.172947112294878,6.974336571428571,2.0360217275649424,7.0914199982681225,2.3293334173777707,0.18809941761179758,0.9821499931752291,10.058333333333334
2025-01-12,0.058541666666666665,0.65,10.091666666666667,48,4.364508565266931,9.19638,5.24029559442229,0.24236738681793213,-0.41016391250777384,15,70.83333333333333,9.908526357014997,8.194539097377247,5.581071790059427,5.627517551845993,6.338107999999999,2.9905449321999407,8.704288903345514,6.887952285714285,2.223906384504078,11.623432341572482,2.5670215455312535,0.20496611396949532,0.9787690698649216,10.141666666666667
2025-01-13,0.00875,0.19,10.0,48,1.7026954650879134,9.963704,4.3711081552646025,0.0008612871056357108,,16,70.83333333333333,8.043524254692935,7.846341160365528,5.69109002067931,5.6514796998765915,6.91100457142857,3.2788309282427184,8.45083505259936,6.931700571428571,2.5330033395059433,11.864941421510622,2.1948614604889363,0.22177215755648186,0.975098513039961,10.091666666666667
2025-01-14,0.003829787234042553,0.18,9.946808510638299,47,1.3188879648844818,9.79622,1.816981030889605,0.001275539318612573,,17,75.0,5.2710455152723625,7.068100502377482,5.671699505760573,5.600440639919723,7.533973142857143,3.634928444679093,5.332676523096325,7.031355714285715,2.766211222706565,11.864944401736466,1.4676598624577588,0.23851257519407648,0.9711394088771653,10.0
2025-01-15,0.0,0.0,9.754166666666666,48,3.4366883595784543,9.581504,3.5790390882908945,0.003910064663159574,,18,75.0,2.462030665079775,6.560995174589631,5.670501009623227,5.491505644056551,8.1165,3.466514479415502,5.191536700067445,7.126709142857144,2.8325695408958524,11.866219941055078,1.0694895305330796,0.2551824131233728,0.9668929289391521,9.946808510638299
2025-01-16,0.006875,0.33,9.625,48,3.2317640940348724,4.255816,2.325579893617413,0.8123755454221282,,19,75.0,2.1527572631836165,5.792622775123253,5.8134394418625766,5.495599259270581,8.660598857142856,3.455013173238495,4.810174261933753,7.211087999999999,2.9891852236905407,11.869921389461524,0.29702351585267195,0.2717767384711357,0.9623603298276545,9.754166666666666
2025-01-17,0.0,0.0,9.579166666666667,48,2.0708080291748274,9.39878,0.8360488762529752,0.0010371208141179977,,20,75.0,2.6624468061659363,4.831515521094933,5.896564965021058,5.4750747256809005,8.323156571428571,3.343186252168848,5.596264159009934,6.966919428571429,3.0392469441564947,12.681030336182175,-0.6435592045859675,0.2882906407095177,0.9575429528116719,9.625
2025-01-18,0.005106382978723404,0.08,9.534042553191489,47,2.1822054545085052,9.823904,1.404403438895212,0.0008374451567760843,-0.18251007608023628,1,75.0,2.9130868275960515,3.6958978562128175,5.720387849353626,5.289631017049173,8.500522857142856,3.113134412233182,5.593839287445945,7.464308571428572,2.955947887219531,9.766786399740823,-1.5937331608363552,0.3047192331091634,0.9524422234305676,9.579166666666667
2025-01-19,0.021666666666666667,0.16,9.452083333333333,48,1.809571838378929,9.974016,1.441517098553614,0.003789846914514783,-0.18251007608023628,2,75.0,2.4949258592394017,2.6153654189337123,5.40495225815548,5.103886583116339,8.859472571428572,2.7962080110904277,1.0626643892983623,7.598790285714285,2.8933764716451837,9.766953292643876,-2.488521164182627,0.321057654185271,0.9470596510722283,9.534042553191489
2025-01-20,0.00125,0.06,9.329166666666667,48,4.126391347249353,5.336988,1.6014967607369521,1.5553534030914307,-0.18251007608023628,3,75.0,2.0208617740207537,2.250374457949712,5.04835780915762,5.002576361762173,8.97056342857143,2.2535253688234738,0.8240868493949449,7.940784,2.766178148533096,9.274921901994304,-2.7522019038124608,0.3373010691361842,0.9413968285264122,9.452083333333333
2025-01-21,0.05354166666666667,0.49,9.266666666666667,48,7.028143183390341,2.702624,1.8670202204395583,1.899391412678142,-0.18251007608023628,4,75.0,2.706056213378929,2.5966167268299176,4.8323586146037,4.935246679517977,8.309604,1.8578665981766667,2.37857896538074,7.921788571428571,2.74639752142788,7.7112554884770645,-2.3386299526880596,0.3534446712740877,0.9354554315134164,9.329166666666667
2025-01-22,0.06958333333333333,0.37,9.308333333333334,48,9.758489863077841,5.594368,2.870730384188514,0.22570192811599554,-0.18251007608023628,5,75.0,4.321368789672874,3.4122246151878977,4.9866098948887645,4.950674713982496,7.296233142857143,1.8650150538266599,4.276694838740269,7.70636657142857,2.6657647666210806,9.468231538807714,-1.538450098794598,0.3694836834473831,0.9292372181882051,9.266666666666667
2025-01-23,0.10021276595744681,0.89,9.574468085106384,47,7.719178136189782,2.747428,1.0089993868366687,2.810993789864824,-0.18251007608023628,6,75.0,6.971008131239178,4.31533911568781,5.053980945405532,5.111840311686219,6.726642285714286,1.7638280960977484,4.498486702193105,7.693620571428572,2.609420634668122,9.308660964126858,-0.7965011959984087,0.38541335945432564,0.9227440286201427,9.308333333333334
2025-01-24,0.255625,1.06,9.50625,48,9.557727432251,4.287448,2.9622708107082363,0.005983002495213441,-0.18251007608023628,7,75.0,8.168603727552656,4.956398264567083,4.8939568928310075,5.130714501274976,6.511158285714286,1.575745166557642,6.497104946635801,7.417157428571429,2.4594657093632444,12.093369105645735,-0.17431623670789342,0.4012289854475009,0.9159777842484877,9.574468085106384
2025-01-25,0.28854166666666664,1.15,9.525,48,8.837592697143577,5.41638,2.663021705809143,1.4380067586898804,-0.18251007608023628,8,75.0,9.011798477172874,6.0259581792922505,4.860928017752534,5.143747244940884,5.780968,1.879491157194108,6.5020508283168965,7.140745428571428,2.496312784713645,12.095890115762842,0.8822109343513667,0.4169258813287287,0.908940487313808,9.50625
2025-01-26,0.23625,0.67,9.495833333333334,48,7.4079083760579465,4.413948,3.625800405997335,0.24250745764220483,-0.18251007608023628,9,75.0,8.704832755194786,6.976727785382975,4.796046602158343,5.197125625610372,5.151321714285714,2.059293766753241,7.939220141850001,7.005397142857142,2.4277508889218344,9.001884531148363,1.7796021597726028,0.4324994021339788,0.901634220265486,9.525
2025-01-27,0.16833333333333333,0.84,9.504166666666666,48,10.969831720987997,7.718112,4.687120750984522,3.2267600296904675,-0.18251007608023628,10,75.0,8.601076168484175,7.776490147908548,5.013432302929131,5.215236790974956,4.357026285714285,2.371334239245201,8.17793775257769,6.663794857142858,2.312429804034337,9.002024601972636,2.5612533569335927,0.44794493940789115,0.8940611451454876,9.495833333333334
2025-01-28,0.07229166666666667,0.94,9.4125,48,6.15009714762374,8.626408,5.1686349954147754,0.041085481541358604,-0.18251007608023628,11,75.0,9.071777598063173,8.754124487014069,5.675370606921994,5.4552465862698245,4.697186857142857,2.812137666423425,9.849344379176728,6.503395428571429,2.3350021323000463,12.227923344557468,3.2988779007442446,0.4632579225674917,0.88622350294858,9.504166666666666
2025-01-29,0.05395833333333333,0.58,9.34375,48,5.38321202596029,3.57624,3.401226325199872,1.0969938458060824,-0.18251007608023628,12,75.0,8.175945748223228,8.628689339047412,6.020456977117655,5.566108046637663,5.543441714285715,3.2837969199913135,7.991038448039944,6.419837428571428,2.5744059869089866,12.267733286780214,3.0625812924097486,0.4784338202547012,0.8781236129591848,9.4125
2025-01-30,0.022291666666666668,0.27,9.222916666666666,48,4.176793034871423,7.306448,4.387499009102956,4.3068110941817395,-0.18251007608023628,13,75.0,7.501046964857342,8.003649648030619,6.159494381859214,5.6797430250379985,5.2551377142857145,3.359582054421508,8.862330365730031,5.99089,2.5617050752596278,13.360817067923136,2.32390662299262,0.49346814167723735,0.8697638720650646,9.34375
2025-01-31,0.0075,0.16,9.197916666666666,48,3.647603607177757,10.371244,3.7512483844276865,0.028374791043006553,-0.18251007608023628,14,75.0,5.236700736151818,7.4975946335565675,6.226996449061825,5.774447229173469,5.906426285714285,3.8422248576024054,10.358147670046947,6.208792285714286,2.708985012080024,16.855252616682748,1.7231474043830985,0.5083564379375122,0.8611467540480452,9.222916666666666
2025-02-01,0.026458333333333334,0.32,9.18125,48,4.688971455891931,8.415704,2.63461645165443,0.9231805801341864,-0.18251007608023628,15,75.0,4.4025362226698235,6.653291229974676,6.339624704633463,5.848182339138475,6.77554,3.954935939562327,10.38053945859474,6.278254,2.917213548378218,16.882590286911636,0.805108890836201,0.5230943033491326,0.8522748088519838,9.197916666666666
2025-02-02,0.025833333333333333,0.53,9.25,48,3.790404891967796,11.875488,1.431886943153305,0.27340792267338543,,16,75.0,4.171122699313703,6.0606310526530125,6.518679419017993,5.935547828674335,7.204014857142857,3.950878046111654,9.865713280039046,6.177668285714286,3.0050859064324476,17.804933421889046,0.12508322397867744,0.5376773767406141,0.8431506618282,9.18125
2025-02-03,0.012127659574468085,0.51,9.268085106382978,47,5.07256978352865,10.5984,2.268557166649048,0.0015152851915445353,,17,75.0,4.042326651679161,5.5438448406401335,6.660167494274341,5.9106517367892994,8.269949142857143,3.637461837133935,9.896613745070226,6.313487714285714,3.004398038189568,18.074551497647917,-0.36680689614916595,0.5521013427459208,0.8337770129585915,9.25
2025-02-04,0.0,0.0,9.38125,48,4.451666768391931,12.167804,1.068075710974141,0.0008553267321076419,,18,79.16666666666667,4.517315377129459,4.701378849574512,6.727751668294291,5.859793938530836,8.681418857142857,3.2919527536574384,6.671369000571303,6.689302857142858,3.052045210040432,16.52071337974803,-1.1584150889563238,0.5663619330814524,0.8241566360566663,9.268085106382978
2025-02-05,0.00375,0.09,9.210416666666667,48,5.350167210896814,12.491124,3.075389612796142,0.000852346317969932,,19,79.16666666666667,4.438213814629459,4.458745938255682,6.543717638651548,5.781453026665601,9.187332571428572,2.706158570165919,6.631138845762052,7.365387142857143,2.9949777450786166,14.622177293801997,-1.3227070884099188,0.580454927809098,0.8142923779467267,9.38125
2025-02-06,0.0425,0.59,9.333333333333334,48,4.404598490397177,12.737966,0.6429607632944946,0.00300407407394232,,20,79.16666666666667,4.958134587605798,4.4540252503894715,6.228837449210046,5.721445931328687,10.460887428571429,2.659610468393958,5.53499734627394,7.8580125714285725,3.009596261407733,14.397327712003971,-1.2674206809392157,0.5943761565849831,0.804187157621448,9.210416666666667
2025-02-07,0.08083333333333333,0.65,9.0125,48,2.955728785196982,3.975016,1.933848179557222,7.738518714802467,-1.0,1,79.16666666666667,4.735477489895307,4.486568886893151,5.992081760224859,5.705978372361945,11.236818571428572,2.124676433278464,1.2311903261661428,8.571622428571429,2.983450645440435,11.58933799621309,-1.2194094854687938,0.6081214998935418,0.7938439653781019,9.333333333333334
2025-02-08,0.06680851063829787,0.51,8.974468085106382,47,2.7465555826823334,12.263472,1.3268017991384158,0.24491548538208008,-1.0,2,79.16666666666667,4.236831495496991,4.387729626610183,5.52051042829243,5.510659493340408,10.323071714285714,1.8650478325826836,8.941334249925603,8.549305857142858,2.9099918860725054,19.321873708520343,-1.1229298667302254,0.6216868902665479,0.7832658619336791,9.0125
2025-02-09,0.11083333333333334,0.94,9.116666666666667,48,5.3387924194336165,7.620444,1.1894019073007969,0.3457069396972656,-1.0,3,79.16666666666667,3.368960952758831,4.110241644723097,5.085436348688055,5.2702275170220485,10.872752857142858,1.6782171679375384,8.263069155173497,9.038383857142858,2.8145476070245965,18.128782435212543,-1.1599858722989511,0.6350683134867438,0.7724559775191742,8.974468085106382
2025-02-10,0.055625,0.45,9.114583333333334,48,6.469870503743493,8.22796,1.4787604859343237,7.185557484547189,-1.0,4,79.16666666666667,3.6803589291043104,4.3314398629325,4.937642351786317,5.114182874891514,10.264889428571427,1.6435764485300373,8.335368172197377,9.267419285714285,2.640519142831986,18.231981917267603,-0.7827430119590142,0.6482618097757122,0.7614175109532997,9.116666666666667
2025-02-11,0.053125,0.69,9.270833333333334,48,7.528889592488611,9.32181,1.7677812384276057,0.21688938130637325,-1.0,5,79.16666666666667,4.851739501953148,4.531054251534621,4.616216550554567,5.004980807834223,9.926255142857142,1.5307483512850766,15.519410371553022,9.303837,2.411350552471258,22.190779372124325,-0.47392655629960245,0.6612634749656386,0.7501537286959042,9.114583333333334
2025-02-12,0.039361702127659576,0.48,9.425531914893616,47,6.697372055053734,5.921456,1.292503418339288,8.479568362133705,-1.0,6,79.16666666666667,6.44585083855524,4.970657512119861,4.714701725187772,5.110460175408279,9.51968457142857,1.6307062837784287,15.735444426127287,9.353508571428572,2.168432426972174,22.36658327188934,-0.1398026632884175,0.6740694616546161,0.7386679638813748,9.270833333333334
2025-02-13,0.0,0.0,9.529166666666667,48,6.5977804819743255,11.06936,1.294015719798973,0.9273899568711386,-1.0,7,79.16666666666667,6.8987107170952795,5.163115346999421,4.8085702986944465,5.276949395073806,8.58116057142857,1.3760082559988782,24.214160441943022,9.521023999999999,2.017809362196418,29.749157788216962,-0.11383404807438513,0.6866759803451553,0.726963615332308,9.425531914893616
2025-02-14,0.04604166666666667,0.27,9.747916666666667,48,8.768862660725915,13.169372,1.384049039846629,0.0019162892499480222,-1.0,8,79.16666666666667,6.941347376505557,5.47642706008187,4.981497973487511,5.452912478976801,8.342788285714285,1.4690161069280894,25.13854632474022,9.78980342857143,1.7968462701032766,26.36973665090636,0.023514581105069432,0.6990793005655562,0.7150441465537444,9.529166666666667
2025-02-15,0.14515151515151514,0.78,9.6,33,8.347329076131189,13.026406,1.7581319915344515,0.0017292410916525114,-1.0,9,79.16666666666667,7.3546717325846585,6.306874756586004,5.347302191598094,5.630651622348383,9.656267714285715,1.390473372683719,17.4019438991877,9.989669714285714,1.627760602633201,26.343278149113303,0.6762231342376213,0.7112757519738152,0.7029130847082615,9.747916666666667
2025-02-16,0.27266666666666667,1.85,9.655555555555555,45,9.060221608479821,13.379192,1.0346613882300606,0.05701780264644185,-1.0,10,79.16666666666667,7.904657406277143,7.106985255650126,5.608613450186612,5.801170455084927,9.765258285714285,1.452091971597438,17.158757654897272,10.319005571428571,1.5651545697674882,25.42182681007077,1.3058148005651988,0.7232617254437388,0.6905740195722293,9.6
2025-02-17,0.9254166666666667,12.77,9.866666666666667,48,8.30425923665365,10.074264,0.6570053314107047,0.2566158770491711,-1.0,11,79.16666666666667,8.725471115112308,7.6386179969424415,5.985028929937471,6.034150907728427,10.587936571428571,1.4299861831587617,16.87006851784645,10.426413,1.5367813158443993,25.205436690043825,1.6044670892140145,0.7350336741329413,0.6780306024735382,9.655555555555555
2025-02-18,0.33541666666666664,3.02,9.864583333333334,48,8.176548894246423,11.018376,2.2832729672547694,0.0046193599700927734,-1.0,12,83.33333333333333,8.57060330708822,7.900673530215321,6.215863890874971,6.238219367133265,10.851694285714286,1.3125925896553876,9.94112691034843,10.388974714285714,1.421670470470232,25.460537281901452,1.6624541630820557,0.746588114532413,0.6652865452111116,9.866666666666667
2025-02-19,1.1304166666666666,5.41,9.897916666666667,48,8.541118240356468,10.144284,0.7049051070384151,0.04270672798156738,-1.0,13,83.33333333333333,8.513676579793298,7.993196287609294,6.481926899864577,6.450451935662182,11.094060857142859,1.3862342652021251,9.72885688901215,10.306872714285713,1.508470274490277,25.464301315139437,1.5427443519471122,0.7579216274973472,0.6523456189565257,9.864583333333334
2025-02-20,1.6377083333333333,6.48,10.135416666666666,48,9.079525248209677,12.550672,1.261287181207304,0.0025779008296922257,-1.0,14,83.33333333333333,8.34064212375218,8.256588599795398,6.70985197339741,6.597609498765752,11.697322,1.3022916493020005,1.2919952548600122,10.139241285714286,1.3391499526504393,25.506155696803035,1.6589791010296464,0.7690308592589181,0.6392116531380588,9.897916666666667
2025-02-21,1.0220833333333332,1.99,10.14375,48,9.51842842102053,7.987942,2.8529735604168422,0.3509253262450329,-1.0,15,83.33333333333333,8.599064127604189,8.61112356640045,7.04377531324116,6.665988900926396,11.908937999999997,1.297616143788905,0.36718319881856587,10.125863142857144,1.3833161253584971,25.505729523558784,1.9451346654740531,0.7799125224167177,0.6258885343075018,10.135416666666666
2025-02-22,0.785625,2.33,9.910416666666666,48,8.675180689493857,12.541734,1.240078235884478,2.2768229246139526,,16,83.33333333333333,9.046357303195558,8.71820438929968,7.512539572942842,6.657986852857819,11.168733714285713,1.507462503870364,0.7161922358136508,10.412500714285713,1.4489679382770415,18.11813613500135,2.0602175364418613,0.7905633969115482,0.612380204990065,10.14375
2025-02-23,2.2445833333333334,11.83,10.402083333333334,48,7.58245747884115,15.88807,0.9489520925798972,0.000852346317969932,,17,83.33333333333333,9.091044786241355,8.765040334065775,7.936012794857951,6.689853604634622,11.099494857142858,1.4334548244917964,2.991285919335951,10.432376571428572,1.4427733980446174,20.150043574233223,2.0751867294311532,0.8009803309782905,0.5986906625177214,9.910416666666666
2025-02-24,2.19,3.82,10.320833333333333,48,8.9218631744385,11.838692,1.7629124154137579,0.000861157957388059,,18,83.33333333333333,8.592022196451845,8.553931172688822,8.096274584815632,6.624011272854293,11.457906,1.421210639398916,2.935120463007479,11.022921285714286,1.425598411278839,19.805188980853927,1.9299198998345286,0.8111602420785621,0.5848239578463322,10.402083333333334
2025-02-25,2.1858333333333335,3.22,10.3875,48,7.416969553629599,8.048784,2.5161505681863714,4.724248193895164,,19,83.33333333333333,8.393167114257835,8.642160306658086,8.271416918436703,6.626820288764124,11.709967142857142,1.5791973656850664,2.679365743915696,11.280830714285713,1.4458949776702268,12.620492654264126,2.015340017893962,0.8211001178128892,0.5707841943569036,10.320833333333333
2025-02-26,2.55875,6.03,10.395833333333334,48,6.287757492065452,15.418096,1.6460986759883889,0.005758768736541242,,20,83.33333333333333,7.973763402303082,8.533648972284254,8.263422629946774,6.627122328016513,11.285739714285713,1.612465594389581,7.398994577840767,11.189900285714286,1.499349929795853,17.127851466852917,1.9065266442677418,0.8307970168121247,0.5565755266413303,10.3875
2025-02-27,2.7954166666666667,6.56,10.28125,48,6.407830810546898,11.183534,0.47838025420293245,0.6675190519445096,0.3046397332007176,1,83.33333333333333,7.542196740044517,8.211740293956966,8.234164446876182,6.471053187052428,12.039141428571428,1.7469218185252913,7.362046618595741,11.868231714285713,1.5246067339136462,8.654041873455753,1.740687106904538,0.8402480696078469,0.5422021592729844,10.395833333333334
2025-02-28,1.7510416666666666,3.43,10.197916666666666,48,6.146735127766931,11.052426,1.2324638868881286,0.42785704050629647,0.3046397332007176,2,83.33333333333333,6.70418595208065,7.830069660005141,8.220596613202796,6.479644309149866,11.843836,1.6350779718103812,8.026987769710558,11.876387,1.4663470577996431,8.394170968529124,1.350425350855275,0.8494504794814806,0.527668345562516,10.28125
2025-03-01,1.07,2.01,10.1625,48,4.539494450887048,12.581768,3.6220418641691317,0.11973083019256592,0.3046397332007176,3,83.33333333333333,6.280774476793094,7.34839918954034,8.03330178942001,6.505095079210088,12.28161942857143,1.403576589877708,8.103919483971822,11.725176571428571,1.4555195468740358,8.820111719785473,0.8433041103302523,0.8584015232918917,0.512978386299228,10.197916666666666
2025-03-02,0.9302127659574468,1.66,9.974468085106382,47,3.256167984008812,7.792592,0.6521616324329409,4.949870705445392,0.3046397332007176,4,83.33333333333333,5.698020129733625,6.757586869739368,7.761313601902572,6.517185126410609,12.287338571428572,1.743857108204087,5.946827389550435,11.693416714285716,1.5886559663479416,8.938113308886386,0.24040174332875974,0.8670985522812081,0.4981366284784055,10.1625
2025-03-03,0.8927083333333333,1.58,9.820833333333333,48,5.500115966796898,3.1545864328613282,0.9481399463442519,26.02343261241913,0.3046397332007176,5,83.33333333333333,4.64746585422093,6.139545513334748,7.346738343011785,6.504137272304977,11.130841714285713,1.701458471040236,10.895845748677857,11.294373857142856,1.5613345552195759,13.830966211685336,-0.3645917589702288,0.8755389928586302,0.4831474640149687,9.974468085106382
2025-03-04,0.673125,1.37,9.7625,48,8.196020380655966,6.89228366796875,2.732632492943194,10.565641522305214,0.3046397332007176,6,83.33333333333333,4.431926133897586,5.650724483671662,7.146442395164875,6.531175422668476,9.890255204694475,1.5850624040303067,36.9184172031396,10.800111173775809,1.5821298848576864,39.59778294705529,-0.8804509389968143,0.8837203473619977,0.4680153284438345,9.820833333333333
2025-03-05,0.7127083333333334,1.76,9.725,48,8.007747904459677,5.20164384765625,2.9591290266478447,0.7150650023390881,0.3046397332007176,7,83.33333333333333,5.650768110487225,5.762017458961144,7.147833215622699,6.678029272291415,9.725040871547154,1.615988393281281,42.75981053154965,10.505390292916434,1.6142269938354308,50.158805109390414,-0.9160118133302708,0.8916401947968874,0.45274469960737107,9.7625
2025-03-06,0.3279166666666667,1.01,9.697916666666666,48,7.847603734334314,4.2150345625,3.2981492500897254,8.93181562423706,0.3046397332007176,8,83.33333333333333,7.234628083970847,6.007730375017461,7.109735334487214,6.775868542989116,8.265547706926618,1.8035641576612034,43.469116765152194,10.152344567749024,1.7752429880932474,50.831163383747935,-0.7681381679716548,0.8992961915530253,0.4373400963303323,9.725
2025-03-07,0.265,0.74,9.65,48,8.794828669230185,5.8988816875,4.0778093303556595,3.417104482650757,0.3046397332007176,9,83.33333333333333,8.01712400648332,6.213412221272806,7.021740940638973,6.889066441853862,7.270047787283761,2.206388299930745,51.733413337444745,9.556941893641879,1.9207331358705633,59.7604011071553,-0.6756542205810554,0.9066860720977985,0.4218060770826634,9.697916666666666
2025-03-08,0.16936170212765958,1.03,9.661702127659575,47,9.232144292195642,5.7518496875,4.47338786552801,16.760093214543303,0.3046397332007176,10,83.33333333333333,8.216726769341392,6.5917112986247,6.970055244082521,7.003888490464974,6.533827171212333,2.612866220426107,54.722660779589205,9.407723299891881,2.0082214051519074,62.82658026356103,-0.4121771918402741,0.9138076496466615,0.4061472386305789,9.65
2025-03-09,0.23479166666666668,1.29,9.8875,48,6.868289566040062,15.58110675,2.8625288239227076,0.3351926804384675,0.3046397332007176,11,83.33333333333333,8.624858898586714,7.262089847383071,7.009838358561219,7.164806683858257,5.558124555140904,2.7344870777630894,71.36302316393994,8.922731563284739,2.239172092983588,77.30985055349038,0.09728316352481414,0.9206588168102428,0.3903682146763026,9.661702127659575
2025-03-10,1.366875,6.9,10.129166666666666,48,7.144683456420921,13.9918374375,1.957378338566674,2.3844314815733014,0.3046397332007176,12,83.33333333333333,8.29842084248863,7.778107216244678,6.958826364789713,7.2952253765530255,6.670769519426618,3.050253819404485,66.74834513893302,8.900805616856166,2.37585614522236,77.64419088761088,0.4828818396916521,0.9272375462179537,0.374473674486883,9.8875
2025-03-11,0.57375,1.73,10.070833333333333,48,8.288074747721396,11.05146225,0.8971180766742416,6.339879741080523,0.3046397332007176,13,87.5,7.748372438218875,8.013045429048109,6.831884956359886,7.441829639010979,8.218948234375,3.1944307325791166,43.10934400808719,9.054601719534737,2.389746568304712,80.02776121122679,0.5712157900371304,0.9335418911179212,0.35846832151248087,10.129166666666666
2025-03-12,0.651875,1.9,10.45,48,7.818517939249716,15.831748625,2.413939364696315,0.36247968673208675,0.3046397332007176,14,87.5,7.433682590060793,8.0261960529146,6.894106755937871,7.540139049953905,8.813116603236606,2.9322143873978375,38.8835822268625,9.269078737391881,2.2741013903395593,81.64339275841215,0.48605700296069454,0.9395699859530622,0.342356891994542,10.070833333333333
2025-03-13,1.283125,1.94,10.433333333333334,48,4.51005579630538,6.8208436875,2.0241779715993338,4.26239073266288,0.3046397332007176,15,87.5,7.750425381130678,7.999163200741748,7.0034467878796045,7.585093964470778,10.331703000000001,2.85433014997619,38.5309969112555,9.298625353463308,2.3289471538186968,82.0001136764077,0.4140692362709695,0.945320046913132,0.3261441535642696,10.45
2025-03-14,0.504375,1.64,10.254166666666666,48,3.1661017100016693,15.380164375,4.2975370286284145,0.5423367023240644,,16,87.5,6.872216161092164,7.522370638166186,6.867891429719497,7.484466171264671,10.703961446428574,2.6723342530489913,33.86157201968132,8.987004616856167,2.4393612764898682,85.59498535712606,0.037904466901514944,0.9507903724625832,0.3098349038318025,10.433333333333334
2025-03-15,0.5277083333333333,1.73,10.125,48,2.7769460042317746,16.0611971875,2.8695517727002775,0.7901663701659345,,17,87.5,5.164891815185588,6.718266786847827,6.654989042736263,7.366757159762936,12.058430401785714,2.7037239242308138,30.986804239354626,9.296128786499024,2.6582950723284604,85.70946501894383,-0.6484903729151092,0.9559793438440766,0.2934339689665273,10.254166666666666
2025-03-16,1.223125,2.72,10.135416666666666,48,2.0291013081868527,8.961318375,0.6825978617254875,2.745294570900114,,18,87.5,3.4843678368462747,5.796095602852988,6.529092725118029,7.2393960105048505,13.531194330357142,2.4746044823982802,15.016877394977257,9.544659442749023,2.604545780080685,86.3799005589172,-1.4433004076518623,0.9608854255574977,0.27694620226893646,10.125
2025-03-17,0.544375,2.05,9.954166666666667,48,3.686947123209677,17.348522875,1.7666668918541435,0.02345442771911621,,19,87.5,2.6573830074734324,5.104782994588244,6.441445105416461,7.014737298753548,12.585510276785714,2.1631857735129634,17.426979285438904,9.628139898106166,2.606719796458724,84.17532442437192,-1.9099543041653044,0.9655071658143364,0.2603764827344581,10.135416666666666
2025-03-18,0.00375,0.09,9.791666666666666,48,5.233741378784202,3.1122524375,3.3473974866178726,11.675989627804029,,20,91.66666666666669,2.830998145209435,4.610820661272352,6.311933045160231,6.859391233656165,13.065036767857142,2.135941281125459,15.066002231584719,10.64199250111607,2.665186006852288,58.17534623967191,-2.248570572383813,0.969843196967294,0.24372971360968387,9.954166666666667
2025-03-19,0.000625,0.01,9.73125,48,8.830101903279626,8.44445675,4.3046202250017815,2.368241548538208,,21,91.66666666666669,3.649929936726911,4.1744873228527535,6.1003416878836765,6.731841892666311,11.930863937499998,2.485981196831692,20.402112118308224,10.371990270368304,2.7090977921147648,59.285694345170725,-2.5573545698135574,0.9738922359149924,0.22701082094141847,9.791666666666666
2025-03-20,0.024583333333333332,0.35,9.697916666666666,48,10.94514172871908,8.96340545703125,5.403916684795476,7.681670784847938,,22,91.66666666666669,5.916930135091168,4.318999317714169,6.159081259227959,6.749369981553843,10.875536526785712,2.756078462589616,22.407873980114346,10.603619763392857,2.805204306282903,60.938870891369845,-2.4303706638396747,0.9776530844816641,0.2102247521189836,9.73125
2025-03-21,0.050208333333333334,0.7,10.039583333333333,48,10.674364980061853,14.048534,3.8848854579855208,5.9358521936019315,,23,91.66666666666669,8.336328336927636,5.238297308058983,6.3803339731125845,6.841656409369599,11.181616779575892,3.2388982787604936,25.827154032299404,10.942789113002233,2.9556162659047422,59.68872605198072,-1.603359101310616,0.981124629771712,0.19337647441020586,9.697916666666666
2025-03-22,0.23916666666666667,1.54,10.395833333333334,48,8.777394866943382,17.20209,3.2143715014603784,2.1791636942793957,,24,91.66666666666669,10.149869537353519,6.310906346639009,6.514586566743418,6.912764634026445,10.991383868861606,3.1799480543829373,31.22066952357727,11.52490713532366,2.9418359893068753,62.2074737629319,-0.6018582873874356,0.984305844499033,0.17647097349152166,10.039583333333333
2025-03-23,0.37958333333333333,1.51,10.5,48,5.839329020182333,12.112526,2.0825567419553055,8.577034622021529,,25,91.66666666666669,10.132300525241439,7.168113327026382,6.4821044649396855,6.902693621317568,11.154368556361606,3.2292080156343803,32.60966684769073,12.342781443359375,2.8519062490163303,47.62654424266799,0.2654197057088137,0.9871957872910085,0.15951325197263655,10.395833333333334
2025-03-24,0.44666666666666666,1.25,10.522916666666667,48,5.230710601806663,7.33229,2.219553096820836,9.586438536643982,,26,91.66666666666669,8.430362955729189,7.712431571597165,6.408607283092705,6.780056974622962,11.604541074218748,3.4292021413814964,38.44140689881215,12.095025675502232,2.79619395744723,55.86838618425105,0.9323745969742028,0.9897936029670716,0.14250832791617088,10.5
2025-03-25,0.7054166666666667,1.31,10.610416666666667,48,8.095342254638695,14.911154,4.221122490816527,0.29965043063384655,,27,95.83333333333331,6.615811496310793,7.932969211396734,6.271894936334543,6.665241305033389,10.173650663504464,3.4939001706624526,48.00439100773701,11.619343715680802,2.814920725893956,63.07039323932173,1.267727906363345,0.992098522791769,0.12546123335273648,10.522916666666667
2025-03-26,1.2177083333333334,2.14,10.65,48,7.299345270792685,11.365042,3.946977399177268,0.5695104597975842,,28,95.83333333333331,6.388460625542564,8.341769336518805,6.258128329685779,6.68233746422664,11.859208029575893,3.618718028405118,36.62805181056683,11.895035983537948,3.052349612618405,57.030163928875055,1.6594318722921653,0.9941098647022418,0.10837701279187609,10.610416666666667
2025-03-27,1.4345833333333333,2.11,10.51875,48,7.174844996134482,9.489522,4.031635281571335,0.198858976318661,,29,95.83333333333331,6.875132709079348,8.1230898175921,6.221044567653133,6.628253534105113,12.276434493861606,3.5676261961444733,34.82932072182621,11.575985510323662,3.1618523293670444,57.23719470194055,1.4948362834869862,0.9958270335100595,0.09126072172931188,10.65
2025-03-28,1.7895833333333333,2.35,10.485416666666667,48,7.190898513793968,14.312692,4.3311036122227335,0.15691406827045284,,30,95.83333333333331,7.52317750718862,7.584475998651442,6.411386653355213,6.620182715521943,12.351594,3.371585995683882,27.34650891329693,11.766605389787946,3.3052421372221876,53.173662945596334,0.964293283129499,0.9972495210773451,0.07411742515094437,10.51875
2025-03-29,1.1789583333333333,1.65,10.4125,48,6.395687993367517,15.097504,5.60795607335318,0.17463080776636275,,31,95.83333333333331,7.221696260240378,7.086837932041744,6.698872139340376,6.650287416246226,12.389330857142856,3.4353314462891973,21.56757078796545,11.690357363002231,3.3076397503360675,52.78824031154272,0.43655051579551785,0.998376906467142,0.056952196034039754,10.485416666666667
2025-03-30,1.1995652173913043,2.3,10.523913043478261,46,6.972306187947595,23.196798,4.774213451933236,0.00172257422903499,,32,95.83333333333331,6.9204771677653225,6.746594092959477,6.95735370999293,6.64988265567358,12.088675714285715,3.777272099416741,19.563037901452418,11.62152213532366,3.5032400575255602,52.17270474914315,0.09671143728589726,0.9992088560679753,0.03977011384605572,10.4125
2025-03-31,1.391875,2.92,11.110416666666667,48,11.428034718831384,23.469588,2.424441546687856,0.001284479992591514,-0.2593995542503142,1,95.83333333333331,6.852964231703027,6.9084479740688005,7.310439772832983,6.6774016910129355,13.672143142857143,4.161794486556445,10.987725853659924,12.638342108537946,3.7954983139689706,49.42913275247207,0.23104628305586505,0.9997451236925734,0.022576263041545485,10.523913043478261
2025-04-01,2.0338297872340427,5.01,11.546808510638298,47,13.08569997151693,23.178688,0.23046672094899542,0.009500980354459898,-0.2593995542503142,2,95.83333333333331,8.2653429667155,7.793779990786618,7.863374601091676,6.907019699944414,15.977471428571429,4.191064265108876,1.4025717970085338,13.075561046037945,3.8424822178856646,49.40696280474555,0.8867602908422043,0.9999855506507186,0.005375731557583884,11.110416666666667
2025-04-02,1.5425,2.66,11.352083333333333,48,9.43273506164553,7.849436,3.127908651452928,6.465729564638423,-0.2593995542503142,3,95.83333333333331,10.49534695943197,8.506688236054938,8.424228786286871,7.234670766194684,17.158547714285714,3.620970583699229,1.1124223467291472,14.508877871930805,3.6198443060521734,37.74047415729598,1.2720174698602538,0.9999300657962057,-0.011826390691832589,11.546808510638298
2025-04-03,0.9670212765957447,1.75,9.995744680851065,47,9.135352071126306,4.185002,3.8173813704992443,11.344411969162138,-0.2593995542503142,4,95.83333333333331,11.315489917331282,8.811458206176772,8.467274011884436,7.365758069356305,16.656318285714285,3.503960762595752,7.008641451569986,14.466376389787948,3.535793479370113,41.83796217339619,1.4457001368204665,0.9995786855478958,-0.029025013321975237,11.352083333333333
2025-04-04,0.8046808510638298,1.55,10.348936170212767,47,10.727141316731775,10.961726,3.6494520999525575,9.376436471939087,-0.2593995542503142,5,95.83333333333331,10.551262368096255,9.091530645461319,8.33800332205638,7.3970691257053165,15.898529714285715,3.473353061014025,18.154194444413463,14.125061857142857,3.422469528348953,45.50070335771039,1.6944615197560022,0.9989315138848577,-0.046215046983708354,9.995744680851065
2025-04-05,1.1020833333333333,2.25,11.525,48,11.097241973876976,16.560526,1.40301537726802,1.1091523429058725,-0.2593995542503142,6,95.83333333333331,9.765076149834536,9.596708188738148,8.341773060389945,7.487715572781053,15.419820285714284,3.3759742735468565,27.373716848082097,13.904575571428571,3.4056528599180274,48.94128763604755,2.108992615957095,0.9979887423155984,-0.06339140486951038,10.348936170212767
2025-04-06,0.974375,2.28,12.466666666666667,48,11.921024576822958,22.229966,2.9035351817302866,0.15782117833396114,-0.2593995542503142,7,95.83333333333331,10.319911787245019,10.268358757382357,8.507476425170918,7.596036847432475,15.628823428571431,2.7752684598204054,28.308238383221607,13.858749571428572,3.276270279618573,47.871276284674025,2.672321909949882,0.9967506498213929,-0.08054900421874167,11.525
2025-04-07,1.1547916666666667,2.96,13.295833333333333,48,12.907898203531943,24.105796,1.8757425973556656,0.0004351138045421976,-0.2593995542503142,8,95.83333333333331,11.248469289143904,10.975318527221694,8.941883250645247,7.700243377685568,15.490704571428571,2.5080287069342697,28.464336987326533,14.581423857142857,3.3349115967453575,39.45206284098646,3.275075149536126,0.9952176027737294,-0.09768276782171598,12.466666666666667
2025-04-08,1.0635416666666666,2.02,13.495833333333334,48,14.143806076049827,21.235834,0.7804073997971835,0.06440281867980957,-0.056861514454417166,1,95.83333333333331,11.975388251410626,11.186727596464632,9.490253793625625,7.822768508063445,15.581591428571429,2.4296431427439567,28.463487621138484,15.77953142857143,3.310353703926417,29.866059418147017,3.363959088401187,0.9933900548258936,-0.11478762552212701,13.295833333333333
2025-04-09,0.9085106382978724,1.97,14.014893617021277,47,14.598819351196312,21.418554,0.1845118623682125,0.49485564227325085,-0.056861514454417166,2,95.83333333333331,12.990909618801576,11.337885611397903,9.92228692372642,8.06528572506377,15.304040857142857,2.5082060968651265,28.518389459463833,16.231294285714284,3.064588340282178,29.63081180619298,3.272599886334133,0.9912685467787256,-0.13185851571739118,13.495833333333334
2025-04-10,0.845,1.66,14.666666666666666,48,13.124702707926474,12.94384,1.8116848933468013,2.869296073811256,-0.049878499103974815,1,95.83333333333331,13.883507876926027,12.075897652762299,10.443677929469535,8.313756921556283,17.242486285714286,2.087720841281596,22.54751553709866,16.949402285714285,2.795840801938674,29.556156988668647,3.7621407312060153,0.9888537064205885,-0.1488903868564548,14.014893617021277
2025-04-11,0.509375,1.57,13.414583333333333,48,11.247932688395224,12.10159,3.2852905840993114,1.338327157270669,-0.049878499103974815,2,95.83333333333331,13.955776045057538,12.645804886590895,10.868667766026107,8.47497785356312,18.493748857142858,1.801192773116961,14.07239964174778,17.19613928571429,2.6372729170654927,32.22659408616124,4.170827033027775,0.986146248341595,-0.16587819893463143,14.666666666666666
2025-04-12,0.3356521739130435,1.12,13.584782608695653,46,12.961080805460654,16.736276,1.044368745220379,9.201123623483909,-0.049878499103974815,3,95.83333333333331,12.990484915839337,12.720203653971387,11.158455921354768,8.589291678534636,18.656586571428573,1.7491696994236399,6.034290327079361,17.03820342857143,2.5625719864852488,33.40800717516146,4.130911975436751,0.9831469737221499,-0.1828169249850199,13.414583333333333
2025-04-13,0.145,0.94,14.377083333333333,48,11.27245674133303,13.71681,1.5038537339352591,3.2863199709822766,-0.049878499103974815,4,95.83333333333331,12.444572067260784,12.986466344197627,11.627412550789993,8.870992512173144,18.681693714285718,1.6979344662739773,14.126261607657398,17.155258571428572,2.236601463047191,42.434499990879004,4.115473832024483,0.9798567700958665,-0.1997015525660636,13.584782608695653
2025-04-14,0.1751063829787234,1.03,15.046808510638298,47,12.07577794392904,17.481734,2.235742789216132,1.2840257551829382,-0.049878499103974815,5,95.83333333333331,11.82715674506297,12.893813796270495,11.934566161746094,9.141204346550857,17.46552857142857,1.4979799737318302,17.254760400305713,16.478116571428572,2.00300434033305,45.719097387632246,3.752609449719637,0.9762766110869321,-0.21652708524481437,14.377083333333333
2025-04-15,0.5883333333333334,1.69,14.641666666666667,48,7.842017745971702,14.546572,1.7441304971690659,13.088985463241443,-0.049878499103974815,6,95.83333333333331,12.103105163574241,12.77493947347008,11.980833534967356,9.451165411207432,16.519234,1.54940857256904,18.53835104168411,16.050412714285716,1.989525857656498,47.00183866282259,3.3237740622626486,0.9724075561219968,-0.23328854407545518,15.046808510638298
2025-04-16,0.46041666666666664,1.74,14.0125,48,6.732069905598962,23.63758,2.363129199281988,1.8709897994995117,-0.049878499103974815,7,95.83333333333331,10.396750810411257,11.874683997744635,11.606284804571269,9.644929292466928,15.563625142857143,1.687083300765023,31.562933686245742,15.433832999999998,2.097644698815075,60.081323145709575,2.2297547052777063,0.9682507501166718,-0.2499809690726521,14.641666666666667
2025-04-17,0.25125,1.43,13.895833333333334,48,8.562724049886071,22.193558,1.3066270560911115,0.004919511980006064,-0.049878499103974815,8,95.83333333333331,8.883288531833236,10.750862648373584,11.413380150567942,9.746433385213237,15.880628857142856,1.9983143488955624,32.939067843472,16.561557571428573,2.043017595088579,55.486583380570664,1.0044292631603469,0.9638074231367307,-0.26659942067929354,14.0125
2025-04-18,0.12083333333333333,0.72,14.252083333333333,48,12.820167160034202,19.15283,3.2712467913741277,0.44343173493643917,-0.049878499103974815,9,95.83333333333331,7.712270567152245,10.09915141151067,11.372478149050782,9.857399474249966,17.20201714285714,1.9261632292876067,30.074691281640753,17.847883,1.8636780012022836,44.14709092338853,0.24175193726070354,0.9590788900341131,-0.28313898122818354,13.895833333333334
2025-04-19,0.23916666666666667,0.89,14.697916666666666,48,9.586468633015954,19.660298,2.7243939683906473,2.8355151413848034,-0.049878499103974815,10,95.83333333333331,9.37165370517308,10.323756336030524,11.521979995000956,9.99040164947512,18.209337142857144,1.9241569731840091,29.179795859306523,18.432961857142857,1.8366633363038247,35.214086186385885,0.33335468655540446,0.9540665500578387,-0.2995947563972602,14.252083333333333
2025-04-20,0.22229166666666667,0.84,14.033333333333333,48,8.652362442016624,15.086596,0.8307686900426935,2.0932853221324876,-0.049878499103974815,11,95.83333333333331,10.32311994764541,9.841668882824138,11.414067613510882,9.945112546285014,18.627054571428573,2.1641605764940475,22.814187377207418,18.654374142857144,1.9310475213840121,36.940448984864815,-0.10344366346087597,0.9487718864399473,-0.31596187665790293,14.697916666666666
2025-04-21,0.17229166666666668,0.91,13.891666666666667,48,10.869352595011435,15.232832,0.616436608425435,0.41244439523779874,-0.049878499103974815,12,95.83333333333331,10.352999411688927,9.467369697207507,11.180591746739001,9.877712461683506,18.822738285714284,2.0680055702236806,21.62115272835763,18.14413342857143,1.7829927719777559,38.87591312866334,-0.41034276447599893,0.9431964659565866,-0.33223549871590435,14.033333333333333
2025-04-22,0.089375,0.69,13.966666666666667,48,9.374909337361657,13.230744,2.9417742633293726,3.593400949057468,-0.049878499103974815,13,95.83333333333331,9.702727890014671,9.295023218790707,11.034981346130394,9.947444385952442,18.501466571428573,1.8366761158250096,20.74957136841249,17.510350285714285,1.6930423441970248,39.2879224100966,-0.6524211671617355,0.9373419384643772,-0.3484108069446808,13.891666666666667
2025-04-23,0.06833333333333333,0.44,14.460416666666667,48,11.154008483886741,21.915542,2.1039082971582297,0.012493133510815824,-0.049878499103974815,14,95.83333333333331,9.632208124796572,9.514007731846416,10.694345864795524,10.065297063191753,18.313491142857142,2.0077680824193394,11.253986854228515,16.93855814285714,1.8474256915921814,42.81692054047426,-0.5512893313453375,0.9312100364121947,-0.3644830148102912,13.966666666666667
2025-04-24,0.02375,0.37,15.825,48,13.217715199788415,25.292238,2.347468761737942,0.02320018656831735,-0.049878499103974815,15,95.83333333333331,10.466090138753279,10.145713243030384,10.448287945701983,10.262740325927755,18.067485714285713,1.970736524973088,9.395490188239819,16.974057285714284,1.9845254369343253,42.33455803171182,-0.11702708289737096,0.9248025743285089,-0.38044736628785164,14.460416666666667
2025-04-25,0.0008333333333333333,0.02,16.297916666666666,48,14.871455128987634,24.771016,0.6944111753702288,15.861472299754098,,16,95.83333333333331,11.248877673678939,10.810711978730719,10.454931695120694,10.43348609076608,18.510154285714286,2.1194281972083497,9.41377086282813,17.856085714285715,2.022795713247978,39.48846214446888,0.37722588796463974,0.9181214482844364,-0.39629913726891813,15.825
2025-04-26,0.11708333333333333,0.86,16.566666666666666,48,10.86874669392904,20.992548,4.669211511658203,1.3853460550308228,,17,95.83333333333331,13.08105960422093,11.103753117152637,10.71375472659158,10.685889752705911,19.312752285714286,1.7513088234935072,24.83181142764579,18.761044714285713,1.8377328983387582,54.01160728695231,0.4178633644467258,0.9111686353326631,-0.41203363695942635,16.297916666666666
2025-04-27,0.059375,0.91,16.185416666666665,48,10.40023002624514,14.738756,3.9735031732402764,0.2589911352401941,,18,95.83333333333331,12.985972340901696,11.286935697283079,10.564302290053607,10.809019809299063,19.503073714285712,2.0291399011031577,23.38164234129181,19.065064142857143,2.0966502387986026,46.195829718499226,0.4779158879840164,0.9039461929224011,-0.42764620926777464,16.566666666666666
2025-04-28,0.07025,0.93,15.8225,40,12.777124023437523,24.431232,1.4688136837783143,0.002568228921973059,,19,95.83333333333331,12.04681061638727,11.53663106645858,10.502000381833044,10.91599752638077,19.453382285714287,2.478101970131384,21.547348154399515,19.138060285714285,2.2730537701775324,43.168500882757144,0.6206335400778116,0.8964562582905575,-0.44313223418263453,16.185416666666665
2025-04-29,0.02,0.48,14.920833333333333,48,13.833415603637718,24.60334,3.6781421483981096,0.0006109476089477539,,20,95.83333333333331,11.348700247870568,11.809169841948021,10.552096530369365,11.128712060716435,20.76743942857143,2.599870123753224,21.13747198808369,19.634453,2.218273119789117,41.88704335649618,0.6804577812315866,0.8887010478292915,-0.45848712914008766,15.8225
2025-04-30,0.0,0.0,14.706382978723404,47,13.649856821696005,22.721812,4.276177461812594,0.0045299530029296875,,21,95.83333333333331,12.33692321777346,12.446099308558887,10.98005352020265,11.357415707906107,22.392096000000002,2.705065535905901,17.54468198663517,20.35279357142857,2.35641680916262,28.798668840863684,1.0886836006527805,0.8806828564301475,-0.47370635037968,14.920833333333333
2025-05-01,0.03895833333333333,0.58,14.591666666666667,48,14.896633402506552,18.385648,3.5938882720066805,0.8738922256839032,,22,95.83333333333331,13.420132149590415,12.802649071103067,11.474181157066726,11.43147644466826,22.507277428571427,3.0153897022850953,17.536718806127283,20.287381571428572,2.4930631136290917,26.9322089943671,1.3711726264348076,0.8724040568049612,-0.48878539428899265,14.706382978723404
2025-05-02,0.005,0.12,14.647916666666667,48,13.424689865112327,6.743128,2.4395879703221315,24.649739188987496,,23,95.83333333333331,14.126635275946759,13.042494528634231,11.926603253682474,11.491840892367915,21.520621714285713,3.1934496323234867,18.38741084524287,20.015388,2.656438914765918,27.801181708071,1.5506536362663166,0.8638670987837349,-0.503719798736334,14.591666666666667
2025-05-03,0.06875,0.83,15.783333333333333,48,15.884414927164755,26.02789,2.372607898853888,0.022977590560913086,,24,95.83333333333331,13.990393363104962,12.835813776652044,11.96978344690234,11.624906052483475,18.945209142857145,3.442760603030901,27.175677734476267,19.128980714285717,2.597034713262204,52.007489162122056,1.2109077241685693,0.8550745085896932,-0.518505144391157,14.647916666666667
2025-05-04,0.08270833333333333,0.77,16.866666666666667,48,13.077170308430993,21.02024,1.8899232399001018,10.466604203909213,,25,95.83333333333331,14.735246064927878,13.552337809971432,12.419636753627255,11.849874814351422,19.664543714285713,3.1146743726302852,25.813309270006357,19.583808714285713,2.571907136866721,49.194951611298166,1.7024629956200101,0.8460288880917339,-0.533137056031809,15.783333333333333
2025-05-05,0.6783333333333333,1.83,16.708333333333332,48,10.342240269978845,16.136992,3.812463345464407,3.6677598952792323,,26,95.83333333333331,14.128758366902693,13.934757850283697,12.735694458371139,11.928209114074729,20.56189857142857,2.8170200964388314,36.020922338675376,20.00764042857143,2.6475610332851076,57.56827049307489,2.006548736208968,0.8367329140344921,-0.5476112038402312,16.866666666666667
2025-05-06,0.5670833333333334,1.5,16.116666666666667,48,8.090667343139671,21.99221,3.8730453812596433,0.11659017570764263,,27,95.83333333333331,13.101275168524865,13.586917314075313,12.698043578011667,11.903042390611459,19.377007142857142,3.151827190965416,39.686114005032636,20.072223285714283,2.8758486573593203,60.823585993116325,1.6838749234638541,0.8271893372462497,-0.5619233046832195,16.708333333333332
2025-05-07,0.453125,1.34,16.089583333333334,48,9.604734039306663,23.449856,1.8863011706326083,0.011006521976497652,,28,95.83333333333331,10.50335930718317,12.766524705432735,12.606312006995811,11.77536381615535,19.00398857142857,3.179670509945635,39.80209323313133,20.698042285714283,2.9423680229257676,57.3467752197665,0.9911608892773849,0.8174009818249189,-0.5760691233798758,16.116666666666667
2025-05-08,1.1620833333333334,1.92,16.008333333333333,48,10.633965428670251,19.3277,1.109490773015838,2.924165134555068,-0.05159432863164798,1,95.83333333333331,9.345880550808394,12.188650022234258,12.495649546668663,11.665258344014507,19.10799485714286,2.838259611205637,39.8085698021049,20.807636142857145,2.9268246567453664,57.34528860823218,0.5233916782197507,0.8073707443023492,-0.5900444739548627,16.089583333333334
2025-05-09,2.92875,5.99,16.189583333333335,48,11.955566024780296,20.7162,0.9888597234181613,2.681988477604591,-0.05159432863164798,2,95.83333333333331,9.443122270372195,11.579697454543359,12.311095991588795,11.54826365576852,19.242573714285715,2.4833456827783738,41.85884271097606,20.381597714285714,2.83839765755093,60.24625355621893,0.031433798774838095,0.7971015927871943,-0.6038452208771035,16.008333333333333
2025-05-10,4.612340425531915,16.89,15.908510638297873,47,12.01986974080404,14.44308,2.4528100086688185,18.666470050810346,-0.05159432863164798,3,95.83333333333331,10.73142183091907,11.369822620210211,12.102818198431127,11.460155211554653,21.238726857142858,2.276098790363521,19.891091999593158,20.091968,2.8594296966972115,47.066769734069425,-0.09033259134444194,0.7865965660866021,-0.6174672802835514,16.189583333333335
2025-05-11,2.679375,6.93,15.7875,48,11.374594624837243,25.965668,1.9723919991468437,2.218165993685517,-0.05159432863164798,4,95.83333333333331,11.536467064751529,10.817744736444395,12.185041273207913,11.423327445983906,19.583754,2.287556234622797,38.53458445984259,19.62414885714286,2.7011153036265405,64.34789372984895,-0.6055827095395117,0.7758587728069828,-0.6309066211876704,15.908510638297873
2025-05-12,3.433125,4.4,16.077083333333334,48,12.00636698404952,24.169166,1.5309641874093767,0.5491971969036058,-0.05159432863164798,5,95.83333333333331,11.78334346347386,10.574519638788145,12.25463874453592,11.427549510531973,20.29024371428571,2.29933748594376,30.286146249618895,20.426071142857147,2.5581787911912954,66.30706858829427,-0.8530298717438285,0.7648913904341225,-0.6441592666722685,15.7875
2025-05-13,5.392291666666667,9.72,16.354166666666668,48,12.456861750284872,22.705584,0.26514036790148454,3.9323806762645575,-0.05159432863164798,6,95.83333333333331,11.800277116563601,10.812252026512526,12.19958467029392,11.395725716484936,21.437697142857143,1.9734090347930413,27.16758355124327,20.407352142857142,2.5626181128792287,66.8536975562759,-0.5834736899724096,0.753697664392914,-0.6572212950663319,16.077083333333334
2025-05-14,7.577083333333333,16.54,16.395833333333332,48,13.211905415852868,19.521888,0.5624822376379089,6.022542715072632,-0.05159432863164798,7,95.83333333333331,11.945941119723878,11.435994084676127,12.10125939505443,11.435205883449997,21.539607714285715,1.457994032884733,30.983374051800183,20.271798142857143,2.3188322714151837,70.78546728493151,0.0007882012261291038,0.742280907086982,-0.6700888411055113,16.354166666666668
2025-05-15,7.169375,15.99,16.633333333333333,48,11.606249745686853,12.853876,4.104183324136877,2.344099873198502,-0.05159432863164798,8,95.83333333333331,12.558378050062421,11.951304281325585,12.069977151779922,11.473076799180792,20.97846942857143,1.268877042456919,36.99491024489632,20.043232142857143,2.053568326831278,76.80348004700122,0.4782274821447938,0.7306444969184916,-0.6827580970759147,16.395833333333332
2025-05-16,7.865625,17.08,16.635416666666668,48,12.673177337646507,27.231128,4.324544320607449,0.0010609625746837992,-0.05159432863164798,9,95.83333333333331,12.425005637274865,12.090202040899385,11.834949747721371,11.598551199171295,20.053637428571427,1.6966902640456387,36.41484498353975,19.648105571428573,2.090017973412006,78.27368769451581,0.4916508417280898,0.7187918772884232,-0.6952253139408722,16.633333333333333
2025-05-17,7.67875,13.33,16.916666666666668,48,14.240401840209984,29.858388,0.9758811863620774,0.0017166137808999338,-0.05159432863164798,10,95.83333333333331,12.497110833062075,12.192717942737415,11.781270281473812,11.79658811357288,20.98434142857143,2.17321663507268,33.733917468509844,21.111534142857142,2.2246577127181006,53.625009468103,0.39612982916453454,0.7067265555776158,-0.7074868024503348,16.635416666666668
2025-05-18,11.712916666666667,20.36,17.297916666666666,48,17.7689033508301,27.016632,1.6750831466201939,2.438446878841205,-0.07964585877602995,1,95.83333333333331,12.839942974514448,12.50993681408112,11.663840775262758,11.98584403991701,23.186528285714285,1.962226803314574,15.069164031480398,21.385141142857147,2.1248915189686857,53.60374849132299,0.5240927741641102,0.6944521021088763,-0.719538934232584,16.916666666666668
2025-05-19,8.607291666666667,16.26,17.8375,48,13.888441975911462,18.849298,1.449073373082001,14.85848862120065,-0.07964585877602995,2,95.83333333333331,14.89416084289553,13.423409489222959,11.99896456400555,12.15080191294354,23.336666,1.919754110096481,15.289444916636086,21.813454857142858,2.1095457980201204,45.57559116625498,1.2726075762794178,0.6819721490904629,-0.7313781428679254,17.297916666666666
2025-05-20,8.36063829787234,13.32,18.085106382978722,47,13.227698898315452,22.078346,3.384461354078475,0.006332056329938496,-0.07964585877602995,3,95.83333333333331,15.299249055650515,13.692277345203236,12.252264685857881,12.294201024373391,22.576684857142858,1.9080554223354276,29.59873634093313,22.007191000000002,1.9407322285642346,56.7663198921764,1.3980763208298441,0.6692903895412567,-0.7430009249440493,17.8375
2025-05-21,8.659375,16.49,18.30625,48,13.76856129964193,25.622012,2.2275520410474074,0.25054747470676375,-0.07964585877602995,4,95.83333333333331,14.961681408352339,13.802396937779033,12.619195511227579,12.446712239583352,22.48707942857143,2.3536727060749976,25.67268772099851,22.013343571428575,1.9058333694798653,56.656061772798694,1.355684698195681,0.6564105761979381,-0.7544038410927472,18.085106382978722
2025-05-22,9.124468085106383,15.5,18.653191489361703,47,11.89625193277999,23.614976,4.52872607496941,0.549018383026123,-0.07964585877602995,5,95.83333333333331,13.628234057956282,13.881919206891755,12.91661174410867,12.543352529737701,23.358525714285715,2.591539820847783,19.900692480632642,22.16849757142857,1.930208431652351,56.89560272552896,1.3385666771540539,0.6433365204044917,-0.765583517007675,18.30625
2025-05-23,7.272291666666667,11.16,18.325,48,11.855059560139978,26.979284,4.293452964705966,0.0004470348358154297,-0.07964585877602995,6,95.83333333333331,12.96417071024579,13.923348090762204,13.006775065830794,12.627397282918313,24.895825714285714,2.6521887852524304,18.105610990460264,22.474731571428574,2.174439524649035,54.520455974000015,1.2959508078438908,0.6300720909843687,-0.7765366444428655,18.653191489361703
2025-05-24,7.694166666666667,11.79,18.566666666666666,48,13.5959462483724,30.659096,2.733884193915684,0.0017046927496267017,-0.07964585877602995,7,95.83333333333331,12.5066242641873,13.806474122546986,12.9995960326422,12.650765652126754,24.859848,2.64774716298079,18.104997062721395,22.922094714285713,2.410481899026735,51.83891453123124,1.1557084704202314,0.6166212130956382,-0.7872599821916922,18.325
2025-05-25,4.28,8.97,18.95,48,15.641459401448571,26.865168,1.8226570839109297,0.23734569549560547,-0.07964585877602995,8,95.83333333333331,12.449085913764122,13.71440903799876,13.112172926039941,12.66337335374622,24.974234857142854,2.898890449774162,18.104985141690122,24.08038157142857,2.430558626544368,33.17414917317052,1.0510356842525397,0.6029878670694714,-0.7977503570459932,18.566666666666666
2025-05-26,2.013125,3.53,18.9625,48,15.07619692484542,22.341584,2.8125239649186207,0.006318092346191406,-0.07964585877602995,9,95.83333333333331,13.697488403320316,13.410488473801397,13.416948981512178,12.689040162828253,24.952597142857144,2.919972440815696,15.903883958344522,24.14463157142857,2.4198632754560885,31.193328874980608,0.7214483109731447,0.5891760872322963,-0.8080046647350754,18.95
2025-05-27,1.832127659574468,3.18,19.540425531914895,47,16.261458333333337,30.186552,2.076671665413481,0.0017553567772665701,-0.07964585877602995,10,95.83333333333331,14.77120085822213,13.580167752220534,13.636222548711885,12.829288503858798,25.451495142857144,3.1147510967923564,1.0517134294900643,24.014090000000003,2.5114032595638918,30.650449770423194,0.7508792483617359,0.5751899607119775,-0.8180198708443174,18.9625
2025-05-28,1.4152083333333334,2.64,19.854166666666668,48,18.732570902506552,30.000796,2.0949811592377734,0.0,-0.07964585877602995,11,95.83333333333331,15.659704886542443,14.01356195722309,13.907979447501061,13.024662780761737,26.609810285714282,2.9279239984116425,1.0471367299373924,24.548444857142858,2.64079835224332,26.719824450935903,0.9888991764613522,0.5610336262283677,-0.8277930117131022,19.540425531914895
2025-05-29,1.2382978723404254,2.64,20.92340425531915,47,21.681991195678734,30.502322,0.922053858873638,0.0,-0.07964585877602995,12,95.83333333333331,16.690075386895103,14.72270618620375,14.302312696547753,13.223177676730705,27.23535085714286,2.908985301010266,0.7965892552306286,25.296938285714283,2.7502625609290243,20.69728173586327,1.4995285094730448,0.5467112728685939,-0.8373211953118121,19.854166666666668
2025-05-30,1.1872916666666666,2.45,21.36875,48,22.723454411824548,26.064658,0.7037098004197454,1.774221658706665,-0.1765975721890247,1,95.83333333333331,18.892006810506206,16.12066893804643,15.022008514404316,13.484796863132072,28.219257428571428,2.3937464129965846,0.24757087220450558,26.55754157142857,2.5229675991245073,18.35318186266477,2.6358720749143565,0.5322271388474397,-0.8466016020976267,20.92340425531915
2025-05-31,1.1934042553191488,3.37,21.83404255319149,47,22.740314102172874,26.011256,0.9073798055691636,1.4885965276789648,-0.1765975721890247,2,95.83333333333331,21.046005503336612,17.673296774001365,15.739885448274176,13.787250116136358,28.088596571428575,1.880925960955696,2.021345496075355,26.474222285714287,2.264336561968243,20.12634255879675,3.8860466578650072,0.5175855102531889,-0.8556314858488706,21.36875
2025-06-01,1.2310416666666666,2.9,22.014583333333334,48,21.364719645182333,22.164168,0.8630958323233432,11.622450251081773,-0.1765975721890247,3,95.83333333333331,22.381919903225384,18.979635038830004,16.347022038414384,14.048706139458568,27.42461942857143,1.619996762620479,3.5082373310046933,26.19942714285714,2.2594436061973204,21.613222472694815,4.930928899371436,0.5027907197793043,-0.8644081744776648,21.83404255319149
2025-06-02,1.5627083333333334,2.95,21.65625,48,16.400916671752952,15.291522,1.2233858405011835,14.054059982299805,-0.1765975721890247,4,95.83333333333331,22.276162719726585,19.797243645077685,16.603866059439543,14.313373798794235,26.753048,1.4829165838222522,14.89334188659086,25.85282257142857,2.2014445123189743,30.797225844935383,5.483869846283451,0.4878471454423119,-0.8729290708206411,22.014583333333334
2025-06-03,2.245833333333333,7.18,20.579166666666666,48,17.037979380289755,21.220328,0.3784752465480162,11.688613891596589,-0.1765975721890247,5,95.83333333333331,20.16865013970272,19.986489323207334,16.783328537713935,14.330590523613841,25.745896285714284,1.2558968517626181,28.941083776544474,25.598695714285714,2.185323974277487,29.99279720603454,5.655898799593492,0.47275920928627757,-0.881191653407483,21.65625
2025-06-04,2.335625,6.6,20.985416666666666,48,16.630864079793298,18.500868,1.4241068238292751,0.3259122371623846,-0.1765975721890247,6,95.83333333333331,18.267871899075015,20.097420901343963,17.055491429283528,14.4626174926758,24.465007142857143,1.0132973633532663,40.627942311363796,25.53740871428571,1.9706106808824546,41.67507904130119,5.634803408668162,0.4575313760742512,-0.8891934772070711,20.579166666666666
2025-06-05,2.008125,5.18,21.35,48,18.685754394531273,26.167604,0.36964485762656896,0.004023313522338867,-0.1765975721890247,7,95.83333333333331,16.689920043945335,19.797177069527784,17.259941627865768,14.672238286336283,22.822160285714286,0.9174581725806237,40.95385454852618,25.028755571428572,1.913221736795445,41.75044380375681,5.124938783191501,0.44216815196707204,-0.8969321743510065,20.985416666666666
2025-06-06,2.0219148936170215,6.28,21.738297872340425,47,20.112474060058616,27.955724,0.9077919343318609,0.05033612251281738,-0.1765975721890247,8,95.83333333333331,17.451532618204777,19.369143240792432,17.74490608941943,15.025407854716002,22.20291485714286,0.8385426009738993,40.95787786204852,25.21108614285714,1.6161445069852418,41.205448734253025,4.34373538607643,0.42667408318992467,-0.9044054548343001,21.35
2025-06-07,1.2302083333333333,2.26,22.85,48,18.68374595642092,29.21852,2.0261070528852305,0.08227825164297542,-0.1765975721890247,9,95.83333333333331,18.476364178127728,18.996146047683016,18.33472141084219,15.375665855407734,22.473067142857143,0.8676971915327731,39.23399232585467,25.280831857142857,1.3743115762442346,41.25533782193003,3.6204801922752825,0.4110537546870351,-0.9116111071930239,21.738297872340425
2025-06-08,1.5627083333333334,2.76,23.291666666666668,48,17.331266657511435,29.673032,2.5522526932789886,0.018084049219879716,-0.1765975721890247,10,95.83333333333331,19.160658137003605,18.416636312575594,18.698135675702797,15.643991872999424,22.931247714285714,1.0275153697207826,37.82767404981868,25.17793357142857,1.3237560661706307,41.335911380823376,2.7726444395761707,0.3953117887649151,-0.9185469991587165,22.85
2025-06-09,1.2802083333333334,2.67,23.377083333333335,48,21.32346115112307,28.931616,0.40507441983310666,0.2942442893640873,-0.1765975721890247,11,95.83333333333331,18.709162224663658,17.840428742908323,18.818836193993004,15.82318189409046,24.003942571428574,1.2688234927144464,26.22330784795679,25.378495285714287,1.3758700382683493,41.11664973454765,2.0172468488178623,0.37945284372454435,-0.925211078289358,23.291666666666668
2025-06-10,1.2097916666666666,2.19,24.158333333333335,48,25.75018971761068,27.740552,0.5750840288752224,2.4179399012496106,-0.1765975721890247,12,95.83333333333331,19.11282458835181,18.543649382818337,19.265069353012837,16.133301607767763,25.952527428571425,1.1519218611904354,12.463492155021072,25.849211857142855,1.2039093564765266,41.404575931565546,2.4103477750505746,0.36348161248290634,-0.9316013725767187,23.377083333333335
2025-06-11,1.518913043478261,2.54,24.382608695652173,46,22.9844744364421,17.771584,1.3475259221431213,9.331554174423218,-0.1765975721890247,13,95.83333333333331,21.46830584208173,19.788250859578472,19.942835880461217,16.61248811086021,26.883988,1.1800088300943217,3.192818164674094,25.67449757142857,1.096653096723794,43.82076047603789,3.175762748718263,0.3474028211842774,-0.9377159910299093,24.158333333333335
2025-06-12,1.7257446808510637,2.67,23.378723404255318,47,22.62578417460128,30.00832,1.2556475677680512,0.06055235862234554,-0.1765975721890247,14,95.83333333333331,23.352708435058616,20.69590948195687,20.24654327574233,16.978425025939963,26.779804571428574,1.1690687012820142,12.198460101934927,24.800982428571427,1.0432634369313187,53.15231465046111,3.7174844560169085,0.3312212278016865,-0.9435531242349544,24.382608695652173
2025-06-13,1.651875,3.75,23.739583333333332,48,23.44414609273275,25.897988,1.4241247805041588,4.127806425060498,-0.1765975721890247,15,95.83333333333331,23.786816109551353,21.25877087910973,20.313957059951083,17.31738910675051,27.328478285714286,1.2956405170165117,12.254989147034934,24.765696571428574,1.0670915589952055,53.21286700908345,3.941381772359218,0.31494162072895193,-0.9491110448902284,23.378723404255318
2025-06-14,2.0190243902439025,3.75,23.59512195121951,41,21.117754236857138,26.288004,1.3516570696231411,1.1372596025580606,,16,95.83333333333331,23.01813490125871,21.734724026634606,20.36543503715881,17.65846379597984,27.034516,1.3694023521839827,16.332459449582615,24.75379157142857,1.118549771858378,55.56645177543729,4.076260230654764,0.2985688173637202,-0.9543881083175908,23.739583333333332
2025-06-15,1.7172340425531916,2.73,24.585106382978722,47,17.01390864054366,23.906136,3.7173364253859655,0.19194364085706184,,17,95.83333333333331,22.395894834730388,22.08243949526835,20.249537903921972,17.975513945685513,26.61587085714286,1.273052354575113,17.3874408004977,24.77355928571429,1.1502838621479476,55.21511485031638,4.1069255495828365,0.2821076626819194,-0.9593827529490743,23.59512195121951
2025-06-16,1.9529166666666666,3.12,24.9875,48,20.10059254964193,28.84756,2.1036682541353424,0.004768369649355009,,18,95.83333333333331,20.525269656711185,22.037102635701526,19.938765689304923,18.120204989115418,25.792028571428574,1.4394928877332522,17.561300392134882,24.89798557142857,1.3541581902238493,43.78460824009167,3.916897646586108,0.26556302780405594,-0.9640935007889755,24.585106382978722
2025-06-17,1.4535416666666667,3.31,25.158333333333335,48,22.740879313151083,29.164904,2.141742331372953,0.20506978034973145,,19,95.83333333333331,19.410751809014243,21.86240712120422,20.20302825201128,18.315544679429816,25.780020571428572,1.682149149776429,17.27182447242015,25.866274,1.417035505483432,29.73531662744122,3.5468624417744046,0.24893980855376657,-0.9685189578512204,24.9875
2025-06-18,1.575,2.7,25.830434782608695,46,24.669043477376306,28.7314,0.5599788082926734,0.1782089471475956,,20,95.83333333333331,19.951793501112224,21.43250563485285,20.61037824721566,18.481277211507184,25.98349942857143,1.9059574787046762,15.05895435152027,26.43374371428572,1.542983154399499,18.251772516194364,2.9512284233456647,0.23224292400907015,-0.9726578145718654,25.158333333333335
2025-06-19,1.4027659574468085,2.48,25.853191489361702,47,25.57498703002932,25.16932,0.9861982596582636,2.0078569650650024,,21,95.83333333333331,22.503505113389775,21.673158354986306,21.18453391847159,18.840630594889344,27.54918742857143,1.7934507481546123,5.9056091242446485,27.164496000000003,1.4812597247183132,18.104069226179575,2.832527760096962,0.21547731504673012,-0.976508846196619,25.830434782608695
2025-06-20,1.7214583333333333,3.32,25.660416666666666,48,25.532779312133812,29.19456,0.9218759381684068,0.39703845970961993,,22,95.83333333333331,24.3283032735189,22.094473048618884,21.676621963864307,19.252206865946473,26.857901714285713,1.754957989853214,7.852913730687305,27.09319,1.5252992534348628,20.10790287772224,2.842266182672411,0.19864794288017112,-0.9800709131432666,25.853191489361702
2025-06-21,1.9577083333333334,3.03,25.69375,48,26.593258158365927,26.990452,0.3322112321872855,1.4359712600366947,,23,95.83333333333331,25.258936606513146,22.392849222819034,22.06378662472682,19.64434746636287,27.32884057142857,1.683208155233821,4.122145765336427,27.181678285714288,1.526305253708902,20.45460521491904,2.7485017564561645,0.18175978759137534,-0.9833429613388902,25.660416666666666
2025-06-22,1.6733333333333333,2.38,25.454166666666666,48,26.21209042867025,24.281596,1.1246492633848284,1.421773433680329,,24,95.83333333333331,25.900341500176353,23.175064068748863,22.628751782008607,20.134247673882403,27.429190285714288,1.5375730356001271,4.420857422815061,27.022530571428575,1.40531269508762,21.80829822331276,3.040816394866461,0.16481784665719793,-0.9863240225317866,25.69375
2025-06-23,2.038913043478261,4.09,25.456521739130434,46,25.597795740763388,26.686668,0.4628464667643292,2.0135837049792826,,25,95.83333333333331,26.11270929972333,24.489090038481233,23.26309633709138,20.612815369500076,27.482827428571426,1.1671891553142504,5.650687215638328,26.637428,1.3033410215237513,23.21198760777321,3.876274668981157,0.14782713347053048,-0.9890132145779883,25.454166666666666
2025-06-24,1.8475,3.03,25.991666666666667,48,25.045563634236657,26.473008,0.45544371231833114,1.7037861680364585,,26,95.83333333333331,26.134381442599857,25.27440478007001,23.568405950637118,21.012877019246442,27.174128571428575,0.9327860428326771,7.659502550968256,26.477074571428574,1.307467596304553,24.931327023388405,4.261527760823569,0.13079267585675922,-0.9914097417023038,25.456521739130434
2025-06-25,2.006666666666667,3.4,26.06875,48,23.771396255493187,29.141124,1.6106537050652525,0.10954141612273816,,27,95.83333333333331,25.6184832678901,25.603645397367952,23.5180755161104,21.326347160339377,26.789572,0.6918862401105884,9.158218938654983,26.386535714285714,1.2989218594076324,24.217173290175253,4.277298237028575,0.11371951458594969,-0.9935128947338007,25.991666666666667
2025-06-26,2.078125,3.35,26.870833333333334,48,21.006485875447595,30.624332,2.9906210000987206,0.0,,28,95.83333333333331,24.804918543497745,25.475410079956077,23.57428421747119,21.616187138027637,26.848104,0.8419826539352425,9.089551407630125,27.19864571428571,1.3177167010449273,14.995160531874774,3.85922294192844,0.0966127018812031,-0.9953220513156602,26.06875
2025-06-27,1.9516666666666667,3.36,26.591666666666665,48,24.00571212768557,30.265512,1.4940959710372272,0.0,-0.06277700903909768,1,95.83333333333331,23.274481921725812,24.822767057872973,23.45862005324593,21.774354722764784,27.62739142857143,1.1283287597124505,7.081694442565123,27.242646571428573,1.441643374782832,14.934608173252428,3.048412335108189,0.07947729992362097,-0.9968366760893436,26.870833333333334
2025-06-28,2.126808510638298,3.57,26.365957446808512,47,26.18400599161788,27.95292,2.0086101814604906,0.0012970361922270968,-0.06277700903909768,2,95.83333333333331,22.92786475287545,24.604614602951795,23.498731912885415,21.950126096937417,27.780384571428574,1.2100744786937108,6.684655982855503,27.554612571428574,1.4466413169637657,10.80680174819193,2.6544885060143777,0.062318379354325076,-0.998056320853012,26.591666666666665
2025-06-29,2.5808510638297872,4.26,26.748936170212765,47,27.28636830647787,29.078764,1.9921546065067763,0.029454840387188597,-0.1253484914200537,1,95.83333333333331,23.732067998250347,24.546150007702074,23.86060703822547,22.100193256802054,27.91788,1.449560042875597,5.249981759011035,27.67353514285714,1.4935665392378623,9.670839181826096,2.44595675090002,0.04514101777397193,-0.9989806246941579,26.365957446808512
2025-06-30,3.0434042553191487,4.25,27.014893617021276,47,28.216339365641318,27.864252,1.546449029070504,0.01252591609457454,-0.1253484914200537,2,95.83333333333331,25.825362141927105,24.699618275960308,24.59435415722077,22.252290386623834,28.603189714285715,1.573489377607304,3.857663165717895,28.043008571428572,1.3703392664607772,9.508350381356223,2.4473278893364743,0.02795029824021032,-0.999609314096404,26.748936170212765
2025-07-01,3.591304347826087,5.35,26.88478260869565,46,28.247237141927087,26.80944,0.46438484412371966,0.7499158382415771,-0.1253484914200537,3,95.83333333333331,27.22890455457902,25.073695936657153,25.174050358363584,22.434824562072777,28.771416000000006,1.7282897436510432,1.856605376833187,27.97277228571429,1.3305378932418601,9.516107927801443,2.638871374584376,0.01075130776352193,-0.9999422030204416,27.014893617021276
2025-07-02,4.276458333333333,5.3,26.552083333333332,48,25.222884114583337,22.088968,1.6293578313371297,1.2545615433623425,-0.1253484914200537,4,95.83333333333331,27.91664827134876,25.531077866327216,25.567361631847582,22.66424181196427,28.819477714285714,1.72956704819467,0.9027350470383055,27.80452485714286,1.2107266441526292,10.060953985693288,2.8668360543629454,-0.00645086419810515,-0.9999791929590823,26.88478260869565
2025-07-03,3.9658333333333333,5.05,26.470833333333335,48,22.922071711222372,28.954416,2.5624195675702985,1.0070681570937268,-0.1253484914200537,5,95.83333333333331,27.228820207383915,25.738433274768663,25.606921677362372,22.95830739339195,27.812026857142857,1.7322390662335097,2.04775517427791,27.330065428571427,1.287110860084376,11.137306581908035,2.780125881376712,-0.023651127245231586,-0.9997202729664083,26.552083333333332
2025-07-04,3.8517021276595744,5.67,26.529787234042555,47,24.348186111450218,27.445776,1.8125470118297695,4.479172825710975,-0.1253484914200537,6,95.83333333333331,25.4640643225776,26.012088394165062,25.417427726019017,23.154443804423035,27.57346742857143,1.6710674330151636,3.0548233313716366,27.60042942857143,1.399698096363807,10.13651777393676,2.8576445897420264,-0.04084439154329611,-0.9991655196610109,26.470833333333335
2025-07-05,3.7952083333333335,5.91,27.172916666666666,48,23.265455500284872,23.671424,2.3452002167964663,3.0547261237643397,-0.1253484914200537,7,95.83333333333331,24.164380645751976,26.061013248988584,25.33281392597019,23.411687872144935,27.170648,1.71656043884267,7.533996157082612,27.475516285714285,1.46331745876819,14.218652139938115,2.649325376843649,-0.05802556932878035,-0.9983150972033183,26.529787234042555
2025-07-06,3.554255319148936,5.58,27.119148936170212,47,21.349057133992517,26.444492,2.924367125536768,0.896322727101051,-0.1253484914200537,8,95.83333333333331,23.51190444098582,25.64407746451244,25.09511373610726,23.564344575670056,26.559005714285718,1.764644729604952,10.587425244654725,27.238442857142854,1.6071023862402747,15.83740700366576,2.0797328888423827,-0.07518957641475855,-0.9971692572470178,27.172916666666666
2025-07-07,3.5908333333333333,5.48,26.645833333333332,48,18.410466766357445,20.473256,4.01101510330919,0.0073909759521484375,-0.1253484914200537,9,95.83333333333331,22.98756624857587,24.795890154157387,24.747754215058848,23.60556401146785,26.182681142857145,1.8978179466092366,11.454293131368587,27.39293542857143,1.73565366210827,15.311956297086482,1.1903261426895355,-0.09233133369539122,-0.9957283388645872,27.119148936170212
2025-07-08,3.2720833333333332,5.21,25.752083333333335,48,17.96877250671389,31.085244,3.8051042030577706,0.0,-0.1253484914200537,10,91.66666666666669,21.008326466878277,23.39505121140255,24.234373574029853,23.596454705132405,25.126824571428568,2.2498988143576204,11.44915819122616,26.949120285714287,1.9890942790043318,13.305763568059348,-0.2014034937298561,-0.10944576864891556,-0.993992768446958,26.645833333333332
2025-07-09,2.7863829787234042,4.34,25.68936170212766,47,21.294467544555687,27.280118,0.9888591107847611,0.057188015489373356,-0.1253484914200537,11,91.66666666666669,19.242765469021283,21.92669912065781,23.728888493492512,23.617704900105817,25.73765371428571,2.727144437062485,10.699242352984584,27.278565714285715,2.2283557426285774,11.60197740002289,-1.691005779448009,-0.12652781683868314,-0.9919630595773397,25.752083333333335
2025-07-10,2.140833333333333,4.21,25.46875,48,24.432321802775107,26.611882,0.9691649450536078,0.326502323179767,-0.1253484914200537,12,91.66666666666669,19.224568939209007,21.365496753511,23.55196501413983,23.616738446553573,26.479246571428572,2.6356446198407175,9.501868825111615,27.14563671428572,2.183941843037114,11.549623999389524,-2.251241693042573,-0.1435724234118113,-0.9896398128792412,25.68936170212766
2025-07-11,1.907872340425532,3.23,25.79787234042553,47,23.719687398274743,24.033784,1.7852467587531415,10.736036300613705,-0.1253484914200537,13,91.66666666666669,21.231853951348228,21.581246766589963,23.796667580377513,23.572809516059053,26.144598857142853,2.4080368166240476,8.821302991197655,26.85903314285714,2.039552124819606,11.876126322569291,-1.9915627494690895,-0.16057454459499376,-0.9870237158387383,25.46875
2025-07-12,2.069166666666667,3.48,25.514583333333334,48,19.54973691304525,15.871268,0.9533117784887767,14.852303266479794,-0.1253484914200537,14,91.66666666666669,23.14882558186851,21.491461236136324,23.776237242562452,23.597316614786806,25.657171428571427,2.404136780470244,15.078166466100384,26.413909714285715,2.0603486096564567,22.612162623182996,-2.1058553786504817,-0.17752914918703497,-0.984115542601034,25.79787234042553
2025-07-13,1.647659574468085,3.33,25.274468085106385,47,20.990933354695642,24.618408,0.7405338313478246,1.7502069472357107,-0.1253484914200537,15,91.66666666666669,22.56724870469837,20.960644295102092,23.302360879807264,23.494781706068274,24.54286342857143,2.2052955749977166,26.87574360881584,25.55093457142857,1.9849701523013343,37.46316885347056,-2.5341374109661814,-0.19443122004766195,-0.9809161537413774,25.514583333333334
2025-07-14,1.104375,3.42,25.445833333333333,48,21.56157582600912,26.87762,1.536346772589145,1.1486858129501343,,16,91.66666666666669,21.420119222005212,20.909483755202537,22.852686954679964,23.413007948133707,24.281994285714283,1.8933193901135819,27.7296278289505,25.232337714285713,1.8955686683614092,39.183920960319085,-2.5035241929311702,-0.2112757555821793,-0.9774264960104055,25.274468085106385
2025-07-15,1.1725,3.03,25.897916666666667,48,20.339637374877952,26.890692,3.457110589360995,0.09771585463980159,,17,87.5,20.70074869791667,21.359642192295635,22.377346701849092,23.427802001105434,25.196903428571428,1.5397953428678612,28.870922665948484,25.161863999999998,1.894847078612741,40.320080857174645,-2.068159808809799,-0.2280577712215198,-0.9736476020539838,25.445833333333333
2025-07-16,1.06625,2.38,25.91875,48,23.661455408732138,29.811972,1.4674785059915827,0.0008560235578158881,,18,87.5,20.964048851860905,21.69833717346193,21.81251814705987,23.538659625583247,24.597681714285716,1.4900819694826075,28.968638520588286,25.16766771428571,2.108613203272546,39.66788087357287,-1.8403224521213168,-0.24477230089725957,-0.9695805901076308,25.897916666666667
2025-07-17,1.1357446808510638,2.16,25.9,47,26.40624834696456,29.006648,1.1772624324785763,0.0008560787136957515,-0.4949470166493164,1,87.5,21.85422286987307,22.036478296915707,21.700987525213353,23.657355054219586,24.95937514285714,1.5584561687978677,28.91230652865673,25.719310857142858,2.0970503943192926,38.41417535376834,-1.6208767573038791,-0.2614143985111562,-0.965226663665613,25.91875
2025-07-18,1.6739583333333332,3.04,26.172916666666666,48,22.35424957275393,29.092616,2.559033776622718,0.002377229350258858,-0.4949470166493164,2,87.5,23.46911371019155,22.318467803228486,21.949857284909225,23.77953402201337,25.301484571428574,1.588184381287149,28.586660284190657,25.723041714285717,1.9981105989555983,37.40796327538831,-1.4610662187848824,-0.2779791393987801,-0.9605871111248129,25.9
2025-07-19,1.7564583333333332,3.41,26.36875,48,21.31710268656417,25.029858,2.0429187790915604,0.018253679076707385,-0.08946433195982591,1,87.5,24.140651109483542,22.123405256725512,21.807433246430918,23.70237422519262,26.024174857142857,1.6987253838399454,17.85300121292721,25.840673142857145,2.0514310821550947,32.931167679027595,-1.5789689684671089,-0.2944616217868012,-0.9556633054034704,26.172916666666666
2025-07-20,1.7970833333333334,2.9,25.916666666666668,48,22.119154866536462,25.16389,2.4016713202430586,0.33008456229666194,-0.08946433195982591,2,87.5,23.359200202094218,22.37588608151393,21.66826518830801,23.560444747077113,27.332544857142857,1.8543835267832003,3.0189516255241244,25.937704142857143,2.0298395508904585,29.894695234339963,-1.1845586655631841,-0.3108569682435036,-0.9504567035349151,26.36875
2025-07-21,2.3579166666666667,3.52,25.50625,48,19.207393900553427,26.561392,2.4049446430221524,0.01430511474609375,-0.08946433195982591,3,87.5,21.93016904195152,22.537060583205477,21.723272169204005,23.446657265557203,27.410470857142858,2.091688882339662,1.5988292405850757,25.84623257142857,1.992504136226622,29.328457069535574,-0.9095966823517259,-0.3271603271220951,-0.9449688462364056,25.916666666666668
2025-07-22,2.813125,4.81,25.029166666666665,48,21.95660235087081,28.679752,0.9767712860476168,0.00046193599700927734,-0.07160269718895138,1,91.66666666666669,20.88121715121802,22.20074887956895,21.78019553593229,23.200461790296785,27.365295428571432,2.2157742924015205,0.46444854238103517,26.281099428571427,1.8777848176346907,29.33537120832952,-0.9997129107278369,-0.34336687399638804,-0.939201357453208,25.50625
2025-07-23,3.3775,6.33,25.141666666666666,48,19.0894765218099,21.634626,3.8029609443268324,0.06725217275516115,-0.07160269718895138,2,91.66666666666669,21.0943837059869,22.431743876139357,22.065040524800644,23.058612187703474,27.62087542857143,1.861440106213895,0.36719462373824285,26.109278571428572,1.675761037848251,29.33583314432653,-0.6268683115641167,-0.3594718130884232,-0.9331559438780432,25.029166666666665
2025-07-24,4.152916666666667,6.87,24.772916666666667,48,16.71505508422854,21.478158,4.550171161031261,0.038951635247030936,-0.07160269718895138,3,91.66666666666669,20.08449092441138,21.778604035150465,21.907541166033088,22.841668213738362,26.452683142857147,2.195080454547502,0.4335907729355881,25.706029142857144,1.8767683116726848,29.345897301592316,-1.0630641785878971,-0.3754703786876202,-0.9268343944460494,25.141666666666666
2025-07-25,4.019375,6.09,24.364583333333332,48,17.358937835693382,27.867748,4.367646599677647,0.004559755325317383,-0.07160269718895138,4,91.66666666666669,19.25371131896975,20.394147854759606,21.356307828994044,22.56398459540475,25.377184571428568,2.676924558626457,0.4716863294689233,25.33933457142857,2.1325544699568026,29.05834661365958,-2.1698367406451453,-0.3913578365610259,-0.9202385798054075,24.772916666666667
2025-07-26,3.377708333333333,6.41,24.347916666666666,48,18.7499881744385,28.765976,3.886456368756824,0.0,-0.07160269718895138,5,91.66666666666669,17.721156480577275,19.680531892322385,20.90196857452395,22.350235981411423,25.20220342857143,2.935297819062875,0.47386885544398183,25.61318914285714,2.317011601451411,18.326870068371193,-2.669704089089038,-0.4071294853542516,-0.9133704517637858,24.364583333333332
2025-07-27,2.6775,4.53,24.708333333333332,48,19.803382492065452,28.520934,3.691982552501244,0.0,-0.05656350048791249,1,91.66666666666669,17.60799369812014,19.313801247733004,20.844843664623465,22.27501939137779,25.73593457142857,3.198660331872199,0.45561517636727444,26.534239714285714,2.5265219293276995,3.474566801891399,-2.9612181436447855,-0.4227806579826773,-0.9062320427107697,24.347916666666666
2025-07-28,2.9720833333333334,3.97,24.514583333333334,48,17.81287854512533,22.368418,4.900699801612957,0.011906027793884277,-0.05656350048791249,2,91.66666666666669,18.637436167399112,18.98297662280857,20.760018603007023,22.13494173685712,26.215512285714286,3.3829905079090823,0.1255306140706125,26.812991571428572,2.7373396951243723,1.7243598546556882,-3.151965114048547,-0.4383067230125192,-0.898825465016444,24.708333333333332
2025-07-29,3.4564583333333334,5.31,23.722916666666666,48,17.539669926961267,25.896738,4.956768451232571,0.007152557373046875,-0.05656350048791249,3,87.5,18.78874973720976,18.783760143461702,20.492254511515323,21.855904155307368,25.616515999999997,3.7395269591363403,0.12313152711840303,26.490905714285713,2.9776506257689306,0.5875800694994382,-3.0721440118456655,-0.45370308603134424,-0.8911529104063088,24.514583333333334
2025-07-30,4.076458333333333,6.01,23.489583333333332,48,18.664548492431663,26.175682,4.084446598206787,0.002175569534301758,-0.05656350048791249,4,87.5,18.385310321384015,18.15276979718891,20.292256836664134,21.531014209323484,25.218942571428567,4.308097982734191,0.12982214849444063,26.419909,3.084769044474043,0.4970167722326835,-3.378244412134574,-0.46896519100763184,-0.8832166493127127,23.722916666666666
2025-07-31,4.106041666666667,5.6,23.654166666666665,48,19.92438405354818,28.444868,3.048517335648458,0.0017106522136600688,-0.05656350048791249,5,87.5,18.005698988172753,18.09206579299202,19.93533491407124,21.212621180216495,25.867664857142852,4.348310219002756,0.06474554527358123,26.160174,3.271695336775129,0.49833631820916935,-3.1205553872244742,-0.48408852163897587,-0.8750190302029955,23.489583333333332
2025-08-01,4.77063829787234,8.2,23.693617021276594,47,19.74338302612307,27.87364,3.3633487695529394,0.0004351138613856165,0.1792446241741402,1,87.5,18.709534157647038,18.55054136003768,19.472344607398643,20.935192743937193,26.862909142857145,4.13378824394807,0.027504562240210362,26.120046857142857,3.4053564012872632,0.49919089170913367,-2.384651383899513,-0.4990686026885319,-0.8665624788845385,23.654166666666665
2025-08-02,3.71625,6.36,24.289583333333333,48,19.91903203328451,28.171668,3.5776840064876256,0.0017404555592293036,0.1792446241741402,2,87.5,19.44410519070097,18.891176387241924,19.285854139782153,20.752542707655188,26.863750857142858,3.9903171253588257,0.023379920776278595,26.032977142857142,3.462807472210851,0.4972487762202604,-1.8613663204132642,-0.5139010013093103,-0.8578494977869301,23.693617021276594
2025-08-03,4.28875,6.5,24.3125,48,21.37188046773275,28.28365,3.150887206953792,0.0021517275854421314,0.1792446241741402,3,87.5,19.862266370985253,19.058182652791352,19.185991950262178,20.65244138505726,26.778849714285716,3.9462067878917972,0.0251203763355079,26.257392142857146,3.572433559881998,0.48073555270278234,-1.5942587322659065,-0.5285813283559292,-0.8488826652214553,24.289583333333333
2025-08-04,4.776875,9.12,23.952083333333334,48,24.965379333496116,27.81951,0.8902166806236294,-5.960430371487746e-06,0.1792446241741402,4,87.5,20.344765175713444,19.282253792172394,19.132615207490485,20.553231196933343,26.744952,3.86890745281359,0.02727210392095003,26.480232142857144,3.625948980361336,0.15280271799156253,-1.2709774047609486,-0.5431052396834317,-0.8396646346181327,24.3125
2025-08-05,4.018958333333333,5.56,24.610416666666666,48,22.90172475179037,27.417616,3.7189254192390524,0.002584924004622735,0.1792446241741402,5,87.5,22.08543061150446,20.30403961908251,19.543899881272104,20.60989532470705,27.52367942857143,3.295981292672258,0.015360115696694265,26.570097714285716,3.517754125904299,0.1384916428150973,-0.30585570562454123,-0.5574684374327892,-0.8301981337405212,23.952083333333334
2025-08-06,5.655777777777778,16.25,24.953333333333333,45,24.487930552164755,24.813612,1.0999550159228109,0.004751639380629058,0.1792446241741402,6,87.5,23.079661517673077,21.070047451200953,19.61140862419493,20.661650911966984,27.740947714285713,3.11914657381604,0.010792482328270125,26.47994514285714,3.7136222782751163,0.14061463082271075,0.40839653923396924,-0.5716666713027052,-0.8204859638785327,24.610416666666666
2025-08-07,5.2975,8.76,24.589583333333334,48,28.0673652648926,24.43165,1.859744566175472,1.8302444004802965e-06,0.1792446241741402,7,87.5,24.118344879150413,21.901959174019964,19.99701248350599,20.864233038160553,27.54636628571429,2.692790633489758,0.013368552174597426,26.70701557142857,3.520550426246257,0.07811409744817865,1.0377261358594119,-0.5856957398073508,-0.8105309990194823,24.953333333333333
2025-08-08,5.463958333333333,7.54,24.916666666666668,48,28.381294504801474,26.184498,1.7298197525642114,0.5742907524108887,0.1792446241741402,8,87.5,25.15234018961591,23.065242204212023,20.80789178212485,21.200852796766515,26.973049428571425,2.5229659521364742,0.011659730205337837,26.91797928571429,3.3283770980422718,0.0391642924455482,1.8643894074455076,-0.5995514915196489,-0.8003361849976323,24.589583333333334
2025-08-09,5.533333333333333,12.69,25.427083333333332,48,28.64932467142745,26.76923,1.2461659832200613,0.0030159949915287143,0.1792446241741402,9,87.5,26.97886344061961,24.29922955830894,21.595202972775432,21.437080362108038,26.73174342857143,2.2896046639952274,0.5855153687548409,26.797747142857144,3.139960894677027,0.6088952895311195,2.862149196200903,-0.6132298262997502,-0.7899045386224707,24.916666666666668
2025-08-10,4.656666666666666,10.28,25.920833333333334,48,28.42042503356936,26.403424,0.5520448292091766,0.0827997922883128,0.1792446241741402,10,87.5,28.365994813707175,25.54641422090079,22.30229843684607,21.57764712439645,26.531395142857143,1.9565306606712898,0.5867909081871403,26.655122428571428,2.9513687242815436,0.6119112845226482,3.9687670965043402,-0.6267266965083301,-0.7792391467859886,25.427083333333332
2025-08-11,4.1525,5.81,26.258333333333333,48,30.124148941040062,23.148068,0.7499670605855202,2.483934164047241,0.1792446241741402,11,87.5,28.483681403266093,26.553349158877445,22.91780147552492,21.73433837890627,26.26279142857143,1.5852674638506308,0.667438972890011,26.50387171428571,2.7270874583321105,0.694711076810961,4.819010779971176,-0.6400381082043503,-0.7683431655492202,25.920833333333334
2025-08-12,4.713,6.52,26.46,40,29.417616144816122,24.43554,0.194637368459504,0.6776781451094394,0.1792446241741402,12,83.33333333333333,29.06463288201229,27.290316245669437,23.797177932375973,22.08681877983943,25.59544257142857,1.5652318038451865,3.1513790973676237,26.559561000000002,2.430606548258722,3.166739213064318,5.203497465830008,-0.65316012232693,-0.7572198192083127,26.258333333333333
2025-08-13,5.43,7.12,26.0125,48,27.31365229288741,18.46965,0.5075294456654833,0.7759854133837507,0.1792446241741402,13,83.33333333333333,29.320730039808513,28.221157873244547,24.64560266222275,22.36770820617678,25.169431714285714,1.061762082305251,3.8264723184724403,26.455189714285716,2.0904543280606456,3.8372648008007104,5.853449667067768,-0.666088855860977,-0.7458723993404063,26.46
2025-08-14,6.988043478260869,13.2,25.732608695652175,46,27.381243642171228,24.94285,1.0252405486434906,0.2717167139003607,0.1792446241741402,14,83.33333333333333,28.95180579291453,28.624832407633498,25.26339579082673,22.559444088406057,24.26315142857143,0.9771298579827755,4.597706092475562,25.90475885714286,1.8349602457362668,4.611074644650159,6.065388319227441,-0.6788204829862355,-0.734304263829602,26.0125
2025-08-15,7.414893617021277,10.4,25.625531914893617,47,29.509842173258505,24.883608,0.72092528647238,0.00280622845139078,0.1792446241741402,15,83.33333333333333,28.03750402662492,28.526815032959014,25.79602861858552,22.794164297315834,24.336180000000002,0.8579149983353496,4.869420976131522,25.654614714285714,1.6904404752359121,4.88108070633686,5.73265073564318,-0.6913512362094071,-0.722518835873311,25.732608695652175
2025-08-16,8.065625,17.35,25.79375,48,29.507014211018884,24.480446,1.5314860155342878,0.03866371986305239,,16,83.33333333333333,28.068246036105716,28.688036128452875,26.493632843380908,22.989110522800047,24.15033857142857,0.713787217465088,4.297936452172024,25.441041000000002,1.501695940730158,4.883451820926865,5.698925605652828,-0.7036774074790128,-0.7105196029692745,25.625531914893617
2025-08-17,8.68608695652174,11.08,25.993478260869566,46,29.88066889444991,23.3127,1.2833029466621233,0.06645917892456055,,17,83.33333333333333,28.799366675482872,28.810563205537367,27.178488713219078,23.09246938493519,23.82336942857143,0.7545472220814061,4.333584177043548,25.177382285714284,1.3555389413763481,4.920375085230688,5.718093820602178,-0.7157953492826642,-0.6983101158835584,25.79375
2025-08-18,10.601875,12.46,25.985416666666666,48,24.19361839294436,18.918796,1.839459611972979,3.522747916939295,,18,83.33333333333333,29.632508426242435,29.019169471377445,27.786259315127445,23.343350028991722,23.38183742857143,0.859012667431827,4.317243563679796,24.822314428571428,1.2221400656412287,4.984682536569807,5.675819442385723,-0.7277014757264236,-0.6858939875998223,25.993478260869566
2025-08-19,13.316875,17.12,25.514583333333334,48,19.01895993550619,16.640436,3.3285107446727786,0.6421685217787854,,19,83.33333333333333,27.860433832804386,28.17195082164949,27.731133533659463,23.439233885871065,22.777655714285714,1.0146544604871783,5.3560573165718495,24.18654914285714,1.2899431321661825,8.507436413939473,4.732716935778424,-0.7393922635959241,-0.673274892250183,25.985416666666666
2025-08-20,14.007291666666667,18.02,25.24375,48,18.449983215332054,18.409944,3.6086520040609305,0.04862546910544552,,20,83.33333333333333,24.36441574096682,26.686428506033785,27.453793189639164,23.335894054836718,21.664069428571427,1.4623506570890747,5.3205476932411955,23.416750571428572,1.262056369697163,9.147020011713636,3.350534451197067,-0.7508642533989489,-0.6604565640279754,25.514583333333334
2025-08-21,16.136458333333334,19.17,24.639583333333334,48,18.235779698689782,17.86394,3.692830769107035,0.12261547283287655,,21,83.33333333333333,20.55418718126087,25.420190066383018,27.022511237008256,23.31064703199601,21.65554,1.9053681654312815,4.59318774896289,22.959345714285714,1.4412490117070285,9.190893841438452,2.109543034387009,-0.7621140503891487,-0.6474427960827475,25.24375
2025-08-22,17.318125,20.42,24.091666666666665,48,18.27139053344729,24.688076,3.333110963859729,0.0004172325134277344,,22,83.33333333333333,18.568240949842675,24.11369521731424,26.32025512513663,23.18661961025664,20.644267142857142,2.286452482640359,4.444086507895406,22.490223571428572,1.5721837404878545,9.313507484026928,0.9270756070576027,-0.7731383255706026,-0.6342374393978054,24.639583333333334
2025-08-23,18.023191489361704,23.38,23.931914893617023,47,20.93967208862307,25.509014,0.9947456324965189,0.0008583068833445395,,23,83.33333333333333,18.319051149156376,22.50820212591264,25.59811912718276,23.159350077311217,20.616334,2.659621865124266,4.441697511957443,22.383336285714282,1.686704541294677,8.739633964129467,-0.6511479513985776,-0.7839338166829201,-0.620844401650647,24.091666666666665
2025-08-24,17.72458333333333,22.95,23.714583333333334,48,24.35333150227865,20.717256,0.9179367943967442,1.5476047992706299,,24,83.33333333333333,19.14894744025338,21.284296108427522,25.047429656982445,23.300170644124368,20.763272285714287,2.5829446675474417,4.403892098977735,22.293320857142856,1.668745944814424,8.737476276021283,-2.0158745356968453,-0.7944973291665992,-0.6072676460566135,23.931914893617023
2025-08-25,17.21723404255319,20.93,24.006382978723405,47,25.590036646525107,17.613714,1.9254710377250654,0.08690357208251953,,25,83.33333333333333,21.188131374783,20.494676480974483,24.756922976175964,23.533317099677213,20.392494571428575,2.5307495029381024,5.885037719323805,21.887166,1.6948810851849647,10.2022812830036,-3.038640618702729,-0.8048257371083452,-0.593511190196115,23.714583333333334
2025-08-26,20.069583333333334,23.05,23.716666666666665,48,24.394239679972372,18.212574,0.28172520976197973,2.962428331272804,,26,79.16666666666667,23.627680079142277,20.694164802914592,24.43305781228204,23.761318715413434,20.206054285714288,2.5430368494741145,2.449193374467029,21.491854999999997,1.7788456549806464,7.805250691038879,-3.067153912498842,-0.8149159841660791,-0.5795791048257612,24.006382978723405
2025-08-27,22.065833333333334,26.25,24.039583333333333,48,20.45117594401046,14.27369,0.7084539865286769,25.67984163761139,,27,79.16666666666667,24.779202609592044,21.462061909266904,24.074245207650343,23.91434728834366,20.43064542857143,2.107781773058286,4.769453183961048,21.047357428571427,1.7850662150736802,10.090000877202243,-2.4522853790767556,-0.8247650844733614,-0.5654755126737576,23.716666666666665
2025-08-28,24.086458333333333,30.71,23.797916666666666,48,16.47849362691244,16.796184,3.2133455557236226,3.069057281493315,,28,79.16666666666667,23.478484090169314,21.74794658479239,23.584068325587705,24.002290534973167,19.839752,1.6934677705536783,30.40066935246699,20.747646,1.7994179679924798,34.99385710142988,-2.2543439501807754,-0.8343701235229538,-0.5512045872199277,24.039583333333333
2025-08-29,23.678125,27.71,23.31875,48,17.702878570556663,18.207024,1.5003191958036584,0.002955787067548954,,29,79.16666666666667,20.441303083631755,21.496905717395627,22.805300467354932,23.966917991638205,19.687215428571427,1.6249698829274766,33.34711116112743,20.165741285714287,1.955711182783918,37.791197669022836,-2.4700122742425776,-0.8437282590292712,-0.5367705514607103,23.797916666666666
2025-08-30,24.382708333333333,31.82,23.091666666666665,48,19.93871332804366,17.246898,0.3006849557467485,0.002989189397339942,,30,79.16666666666667,18.210849380493187,21.415689722696964,21.961945924304803,23.934862327575708,18.761350857142855,1.363142487490895,33.34964971568155,19.688842428571427,2.0113821763075808,37.791347227638994,-2.5191726048787437,-0.8528367217694595,-0.522177676659508,23.31875
2025-08-31,25.86916666666667,31.0,23.035416666666666,48,19.177925999959314,18.25649,1.0566192119612017,1.0937522019958124,-0.4903631120113539,1,79.16666666666667,18.040028508504253,21.272695614042764,21.278495861235143,23.935339970058887,17.58104857142857,1.263990962240928,33.351780598195546,19.17216042857143,1.9234678148941848,37.75567269717328,-2.6626443560161235,-0.8616928164028522,-0.5074302810827518,23.091666666666665
2025-09-01,27.23,30.74,23.254166666666666,48,15.90509694417318,18.190962,2.3598440322376018,0.037502753762908014,-0.4903631120113539,2,79.16666666666667,18.93983929951988,20.533351970854287,20.514014225914387,23.916491402520098,17.229510571428573,1.2838027361787074,32.89792800092073,18.81100257142857,1.907276119558405,38.78296572024453,-3.3831394316658105,-0.8702939222685674,-0.49253272872205434,23.035416666666666
2025-09-02,26.910625,37.48,22.797916666666666,48,17.737496312459314,21.330784,0.8667277892183473,0.0008515731337865873,-0.4903631120113539,3,79.16666666666667,18.340578757392052,19.149789156232583,19.92197697957359,23.782693566216384,17.31197457142857,1.3458560211090698,32.84852718260112,18.759014428571426,1.9444464352915922,35.297720557068146,-4.6329044099838015,-0.8786374941610001,-0.4774894280028391,23.254166666666666
2025-09-03,26.819375,30.52,22.747916666666665,48,21.41248792012533,23.14703,1.2228046869262508,0.0004261732051702438,-0.4903631120113539,4,79.16666666666667,17.60683975219727,18.198825818016434,19.83044386364167,23.661547427707273,17.757433142857142,1.4294278181742652,29.8869504244621,19.094039285714285,1.7686047956162756,34.65640360842315,-5.462721609690838,-0.886721063082993,-0.46230483047981086,22.797916666666666
2025-09-04,28.824255319148936,33.48,22.993617021276595,47,18.531328455607138,22.853278,2.5142390071553895,0.03298521041372737,-0.4903631120113539,5,79.16666666666667,18.351693725585942,18.336156100318558,20.042051342555474,23.543117713928247,19.025053142857143,1.5029064896596331,4.207534960055881,19.43240257142857,1.5981871301066557,34.60820431252287,-5.206961613609689,-0.8945422369764496,-0.4469834295196741,22.747916666666665
2025-09-05,29.363541666666666,37.86,22.727083333333333,48,18.915888086954794,23.422112,1.0034449399747023,0.018358230590820312,-1.0,1,79.16666666666667,19.22710422939726,18.629418218703513,20.06316196804957,23.3974378373888,19.890352285714282,1.4030341255784566,1.1714628889762935,19.788783857142853,1.5140020042529667,34.51857405010372,-4.768019618685287,-0.9020987014301837,-0.43152975897147144,22.993617021276595
2025-09-06,29.22212765957447,33.33,22.382978723404257,47,22.68044815063479,22.180838,3.2754621175950573,0.015446543688568681,-1.0,2,79.16666666666667,19.61990148756242,18.802705292474677,20.109197507585822,23.21170308854847,20.635364857142857,1.3320520890314629,1.1868653324995648,19.69835785714286,1.347597288261179,34.536515048181116,-4.408997796073795,-0.9093882203647925,-0.4159483918249421,22.727083333333333
2025-09-07,34.244791666666664,43.97,22.41875,48,23.11712799072268,12.887376,1.3068238839688924,0.28356313704946956,-0.25796302391707876,1,79.16666666666667,20.04255489773224,19.19438169570198,20.233538654872373,23.03213918473988,21.340213428571428,1.757020255009793,1.1993226867907936,19.460631000000003,1.5105056086253605,34.55110328498634,-3.837757489037898,-0.9164086366943458,-0.4002439388573056,22.382978723404257
2025-09-08,39.40708333333333,50.06,22.697916666666668,48,17.093853251139365,13.911202,3.7743301921056145,1.1783272026946179,-0.25796302391707876,2,79.16666666666667,21.571154742770755,19.757124837239605,20.145238404046946,22.856666967603918,20.573197142857143,1.7927637795823201,0.38913362184445077,18.901353857142855,1.538283257880514,33.28706162276518,-3.0995421303643127,-0.9231578729647039,-0.38442104726885545,22.41875
2025-09-09,38.944375,50.06,22.741666666666667,48,15.777352269490564,16.575208,2.9262969998421116,0.2616912126427451,-0.25796302391707876,3,79.16666666666667,20.963809797498943,19.9269471668062,19.538368161519394,22.47148458692765,19.961802857142857,1.9948332309920362,1.5299580707761606,18.636888714285714,1.670344626050553,34.37848525337728,-2.5445374201214506,-0.9296339319682695,-0.3684843993077793,22.697916666666668
2025-09-10,36.77916666666667,42.83,22.445833333333333,48,17.27700576782229,13.42313,2.028417348084121,0.2645045518079314,-0.03396701206924757,1,79.16666666666667,18.662777837117535,19.646926589239236,18.922876203627833,22.05004882812502,19.282434857142857,2.2890574039382883,1.7907977102851191,18.519934,1.859242611056277,31.67774813474722,-2.4031222388857856,-0.9358348973349941,-0.35243871088460327,22.741666666666667
2025-09-11,36.43541666666667,49.52,22.175,48,18.791357294718466,19.096896,1.4644310742273694,0.3665834665298462,-0.03396701206924757,2,79.16666666666667,16.716070429484073,19.056143424624516,18.69614976247154,21.621810722351096,17.893306285714285,2.4041449269608415,2.0548760888878803,18.459179714285714,1.9535257083102373,6.262411048943761,-2.5656672977265806,-0.9417589340994617,-0.33628873017668287,22.445833333333333
2025-09-12,38.098333333333336,50.56,22.0875,48,19.3690175374349,18.108488,0.6176007498340551,0.0980228184630505,-0.03396701206924757,3,79.16666666666667,17.281905110677105,19.09329040164042,18.86135431017197,21.26760209401451,17.356680285714287,2.2541723651139813,2.388474345003999,18.623516285714288,1.828603245346219,3.5599372339802926,-2.17431169237409,-0.9474042892438845,-0.32003923622313857,22.175
2025-09-13,38.930625,48.96,22.266666666666666,48,19.410609817504906,18.640494,1.1029038130844366,0.10361075391074337,-0.03396701206924757,4,79.16666666666667,18.47912686665855,19.158023180280434,18.980364236377557,21.002780935499423,16.597591142857144,2.19905176652246,2.4681389328762293,18.616478,1.7655519277769616,3.655004265375794,-1.844757755218989,-0.9527692922168511,-0.30369503751065885,22.0875
2025-09-14,41.97,51.44,22.166666666666668,48,20.74691225687667,20.768926,0.12453837546987592,0.00044107436991680515,-0.03396701206924757,5,79.16666666666667,19.190328216552757,18.690903418404737,18.942642557053357,20.737093141343884,16.091827714285714,1.8886862944495146,2.556303143098404,18.716020571428572,1.8228532747296537,3.7556258298891976,-2.046189722939147,-0.9578523554276669,-0.28726097055059635,22.266666666666666
2025-09-15,44.85151515151515,49.72,22.206060606060607,33,21.244754409790062,20.491558,1.6158973433688084,0.08492942743032472,-0.7732001418607584,1,79.16666666666667,19.84217987060549,18.35230117071245,19.054713003976026,20.444995477464484,17.21776342857143,1.7197883646639407,2.2731810804188513,18.895480285714285,1.7562760721231305,2.662314702263302,-2.0926943067520334,-0.9626519747161487,-0.2707418984477642,22.166666666666668
2025-09-16,45.725116279069766,55.1,22.683720930232557,43,19.70186258951827,20.575868,1.5897526330809677,0.0165402889251709,-0.7732001418607584,2,75.0,20.46742549472388,18.945287050519692,19.43611710866295,20.169586817423525,18.157814285714288,1.411440814844397,1.179783305154558,19.059808571428572,1.7031370229182166,2.7097413759307187,-1.2242997669038331,-0.9671667297977312,-0.2541427094613622,22.206060606060607
2025-09-17,33.994893617021276,51.44,22.68936170212766,47,22.839016215006552,20.828138,0.4421445590260699,0.000852346317969932,-0.7732001418607584,3,75.0,20.564509752061667,19.505931381952223,19.57642898559573,19.830293273925804,18.72933714285714,1.2205059053070906,0.9346323814369839,19.005886,1.7547816546226895,2.725430091722103,-0.3243618919735809,-0.97139528468375,-0.23746831555846842,22.683720930232557
2025-09-18,8.622291666666667,16.6,22.61875,48,25.578715896606468,20.04069,1.9933455405536928,0.0,-0.7732001418607584,4,75.0,21.26187773810496,20.300504302978545,19.67832386380153,19.785139867994545,19.78719542857143,0.9938955068702262,0.6709801759470224,18.840250857142856,1.6990202169155337,2.7258562648349027,0.5153644349840008,-0.9753363880767837,-0.2207236509605022,22.68936170212766
2025-09-19,6.1525,12.93,22.525,48,23.685113525390648,17.646292,2.4428302052627875,0.7269769906947943,-0.7732001418607584,5,75.0,22.706531567043765,21.270126960391117,20.18170868101577,20.003798400031215,19.922023142857142,1.0694547163454151,0.3043967094171762,18.639351714285713,1.6618135407296981,2.6928710544211754,1.2663285603599022,-0.9789888737409319,-0.20391367068311472,22.61875
2025-09-20,5.075531914893617,8.51,22.4468085106383,47,21.988841629028343,16.554178,1.4473945478315138,3.274631500232772,-0.7732001418607584,6,75.0,24.034281879001224,21.886712101527653,20.522367640904044,20.17830274369984,19.855995142857143,1.3302017814066627,0.93335088164892,18.226793142857144,1.7646267739645616,3.4014898145251493,1.7084093578278114,-0.9823516608469237,-0.18704334906991657,22.525
2025-09-21,5.331666666666667,7.75,22.43125,48,13.4698476155599,7.194582,3.488705867474816,3.567206859486305,-0.7732001418607584,7,75.0,23.75089035034182,22.25503093174529,20.472967175075013,20.303404808044455,19.55795,1.379414743513388,4.104371627970949,17.82488885714286,1.6340505189814511,6.660674771069353,1.9516261237008337,-0.9854237542919524,-0.17011767832049052,22.4468085106383
2025-09-22,4.732916666666667,6.68,22.010416666666668,48,12.134304300944052,17.40140857348633,2.8695093751919214,0.014147162346489495,-0.7732001418607584,8,75.0,19.714600923326298,21.215450268700035,19.78387571970624,20.14335337744821,17.618758000000003,1.8600100995140936,7.671137413087337,17.418260714285715,1.789899232089017,9.944318493506188,1.0720968912518245,-0.9882042449941422,-0.15314166701312007,22.43125
2025-09-23,4.821041666666667,7.34,21.591666666666665,48,11.350490824381552,19.19984342651367,4.187437041349968,0.004172325134277344,-0.7732001418607584,9,75.0,15.864331181844099,19.91395739600775,19.42962222326372,19.849841117858908,17.17730808192662,2.0390975326316814,7.600355148003501,17.667561183820453,1.7252691737380392,8.78013845315806,0.06411627814884113,-0.9906923101615609,-0.13612033862266704,22.010416666666668
2025-09-24,4.701041666666667,6.48,21.227083333333333,48,11.157241439819359,16.8260436875,3.143064900383043,0.0,-0.7732001418607584,10,75.0,12.318214246961835,18.720904286702503,19.11341783432736,19.41641309526234,16.98073314285714,2.410195305241538,7.587987184212608,17.855035142857144,1.8153506052743147,8.522619565649592,-0.6955088085598362,-0.9928872135356962,-0.11905873003404988,21.591666666666665
2025-09-25,4.023541666666667,5.61,21.0125,48,11.860893503824911,18.087698875,2.290816877393902,0.0,-0.7732001418607584,11,75.0,11.547345521714988,17.052079318818617,18.676291810898583,18.93531992170548,16.40900538392857,2.7960410682925345,7.587134837894638,18.09810040625,1.8949682875813803,8.25811501384166,-1.8832406028868647,-0.994788305609327,-0.10196189005174576,21.227083333333333
2025-09-26,3.664375,5.14,20.875,48,12.92946332295736,19.2203734375,0.30739515349299207,0.0008583068797918258,-0.7732001418607584,12,75.0,11.45620858934194,15.092390405564108,18.181258682977614,18.5175417158339,16.130006651785713,2.8385369735554216,7.587134837894638,18.026014897321428,1.9539958449504182,7.891531547311814,-3.4251513102697917,-0.9963950238187231,-0.08483487790576538,21.0125
2025-09-27,2.9675,5.41,20.583333333333332,48,17.16115849812826,18.8183575,1.2020961829153527,0.010162591934204102,-0.24410428486446,1,75.0,11.982532755533876,13.55586894807364,17.721290524800647,18.266817961798797,16.35487542857143,2.5334748233025937,6.8610161540796355,18.105435285714286,1.9318383023546282,7.7943670357285555,-4.710949013725157,-0.9977068927101168,-0.06768276175455162,20.875
2025-09-28,2.764375,6.69,20.497916666666665,48,17.064169820149743,11.487756,0.5589303773159827,6.991723777730385,-0.24410428486446,2,75.0,13.983838441636843,12.866199929373627,17.56061543055946,18.289573457505995,16.678329642857143,2.4984321997431422,3.5965472457810677,18.11813982142857,1.938923471628265,7.700918873752016,-5.423373528132368,-0.9987235240803972,-0.050510617185222886,20.583333333333332
2025-09-29,3.813125,7.34,20.466666666666665,48,14.646026229858421,9.7803566875,2.8141968329786713,0.8699552720941028,-0.24410428486446,3,75.0,15.718263880411788,13.37967453002932,17.297562399364676,18.26828316582576,17.291640214285714,2.079892844006166,7.021064164025148,17.455199107142857,1.9699514717601296,14.692201577112485,-4.888608635796441,-0.9994446170919858,-0.033323525711631344,20.497916666666665
2025-09-30,3.6666666666666665,43.53,20.422916666666666,48,14.829005177815759,15.3922739375,2.0825984596317673,0.007185339825355186,-0.24410428486446,4,75.0,16.290451516045476,13.738491948445658,16.826224672226704,18.09186026255292,16.202918516287667,2.071991052261416,7.8768722737727614,16.690113299107143,2.0555442924465486,15.477227421776263,-4.3533683141072625,-0.9998699583618592,-0.016126573270657762,20.466666666666665
2025-10-01,2.4154166666666668,6.33,20.364583333333332,48,15.220551427205407,18.6156735,2.994435393224443,0.0,-0.24410428486446,5,75.0,15.513067075941308,14.23542257036483,16.478163428533666,17.946896235148134,15.658980017857145,1.771299826301673,7.879885288463839,16.319856580357143,2.0907475657716055,15.467872472676447,-3.7114736647833038,-0.9999994220246925,0.001075151282798226,20.422916666666666
2025-10-02,2.165,3.34,20.475,48,16.25158843994143,18.425214875,0.6012450729151306,0.0042855738797697995,-0.24410428486446,6,75.0,14.898527611626529,14.815895425705694,15.933987372262155,17.924078051249207,15.914641419642859,1.75006703956473,7.879885288463839,16.161823401785714,2.2730540539286324,15.467020126358477,-3.108182625543513,-0.999832969770105,0.018276557681691223,20.364583333333332
2025-10-03,2.259375,7.02,20.160416666666666,48,17.416830952962243,13.888861,0.9072722501156517,0.0008523463748133508,-0.24410428486446,7,75.0,15.433715014987532,15.443137559436625,15.267763982500368,17.874547788831944,15.962857991071429,1.5086996389249057,7.884170862343609,16.046432321428572,2.1736183062401637,15.471305700238247,-2.4314102293953184,-0.9993706508539969,0.03547255575312556,20.475
2025-10-04,1.9891666666666667,3.36,20.164583333333333,48,16.683899180094443,16.5612924375,2.036235269066909,0.12383162965079464,-0.24410428486446,8,75.0,16.296323606703027,16.084190078008753,14.820029513041195,17.741359223259845,15.201213357142858,1.594396367013857,7.884164901838631,15.778044392857144,2.0639355951582252,14.745181055918266,-1.6571691452510926,-0.9986126020839734,0.052658056924614005,20.160416666666666
2025-10-05,1.5620833333333333,2.73,20.170833333333334,48,12.360656992594443,14.8390561875,4.153461355617755,0.004455447214724018,-0.988189533239038,1,75.0,16.78410619099937,16.01601017543249,14.44110505240306,17.679778247409423,14.878775491071428,1.7135590936069367,7.997833939555221,15.778552566964285,2.1059956466750394,11.594381185336289,-1.663768071976932,-0.9975590477788613,0.06982797572987089,20.164583333333333
2025-10-06,1.71625,6.26,20.00625,48,13.66569608052572,17.750042875,0.9179474644873218,0.002571940399320738,-0.988189533239038,2,75.0,15.48712904188371,15.344079771496022,14.36187715076267,17.461270544264078,15.357532660714286,2.227063519078618,1.0105656090395598,16.3245864375,2.153478181542392,8.031629773064708,-2.1171907727680566,-0.9962102997023297,0.0869772313136861,20.170833333333334
2025-10-07,1.51375,6.26,19.81875,48,16.054586029052757,17.02022610546875,0.3686562043965658,0.0,-1.0,1,75.0,14.236750751071535,15.204032607305635,14.471262277875647,17.160778808593772,16.49605925892857,1.9561707521512823,0.14318227734477773,16.34948888760812,2.0140809022063495,8.02005455111754,-1.9567462012881371,-0.9945667569706337,0.1041007489354256,20.00625
2025-10-08,1.354375,2.9,19.86875,48,16.50213457743331,14.90456607421875,2.1332334690189905,0.001293420723413874,-1.0,2,75.0,14.026979700724306,15.379115586053777,14.807269078209304,16.925360743204774,16.72862385435268,1.711321858546254,0.13599693751942254,16.19380193610491,1.7413108424239634,8.015882225983262,-1.546245157150997,-0.9926289059345095,0.121193461470736,19.81875
2025-10-09,1.3158333333333334,2.82,19.9875,48,14.554338073730491,12.406875555419921,4.178934630742906,0.10240972005703952,-1.0,3,75.0,15.407472229003929,15.562198893229192,15.189047159467444,16.905636787414572,16.198465650669643,1.5882930122311891,0.13729035824283642,16.05655353515625,1.6691800258979597,8.017175646706676,-1.3434378941853797,-0.9903973200352558,0.1382503109109819,19.86875
2025-10-10,2.0039583333333333,3.77,19.735416666666666,48,13.811897532145224,16.026432,2.898936215133517,0.0235140323638916,-1.0,4,75.0,15.703686226738853,15.319734555199059,15.381436057317842,16.864869647555903,15.338702890729632,2.0993915204923,0.23541450442010614,15.650780440900531,1.8040455797086028,8.119585366763715,-1.545135092356844,-0.9878726596350429,0.15526624985999563,19.9875
2025-10-11,1.3345833333333332,4.04,19.6125,48,14.693177159627282,10.982454,0.8628371119896291,0.08578896512290157,-1.0,5,75.0,14.956123394436341,14.804744066510912,15.444467072259831,16.749366039700003,15.644070176443917,2.3839149440662806,0.2580761904091844,15.422641766793388,1.989155655540069,8.142241092247815,-1.9446219731890917,-0.9850556718215013,0.172236243027682,19.735416666666666
2025-10-12,1.339375,3.48,19.441666666666666,48,15.954526519775413,10.476426,1.7509093008640386,0.5216731302084554,-1.0,6,75.0,14.353137588501,14.520355206444176,15.268182690938334,16.612760035196963,14.84709325680106,2.2162866359123834,0.22003352588129133,14.862934373936243,1.9649228647596602,8.217867465436512,-2.0924048287527874,-0.981947190186646,0.18915526872004093,19.6125
2025-10-13,2.006875,5.01,19.360416666666666,48,15.669374084472679,7.25279,1.064213613679757,1.8763422964980236,-1.0,7,75.0,14.819867070515974,15.0337651388986,15.18892245519731,16.498943667941646,14.223860372872489,1.8730649138047097,0.7372512088750227,14.790696516793387,2.050064216441664,1.7478168179145825,-1.4651785290430457,-0.9785481345802031,0.20601832032517084,19.441666666666666
2025-10-14,2.37875,4.15,19.464583333333334,48,16.281992212931357,13.068336,0.8076196453095815,0.21949410432853256,-1.0,8,75.0,15.439025921291792,15.320004853748165,15.2620187305269,16.374235810173907,12.72425281930106,1.8939600779750578,2.6110215649737256,14.610156039114816,1.92506541506317,2.7542038423185033,-1.0542309564257426,-0.9748595108374125,0.22282040779479959,19.360416666666666
2025-10-15,4.360833333333333,8.72,19.425,48,15.522707239786826,15.505742,0.40806611885871547,0.004202127456665039,-1.0,9,75.0,15.968630939059816,15.352491451445108,15.365803518749443,16.225405142042394,12.159697089948382,1.9566691409626313,2.830515669302258,14.44416047215053,1.8339954997544425,2.9665126068216807,-0.8729136905972865,-0.9708824104813836,0.23955655912092708,19.464583333333334
2025-10-16,3.4810416666666666,8.5,19.302083333333332,48,15.064978535970056,13.293416,1.0527505821389544,1.4493674038931204,-1.0,10,75.0,15.82469117906362,15.212573260352753,15.387386076790973,16.03467023637562,12.24557936505999,1.7102166623683066,2.8334243760355093,14.222022507864816,1.6492548372997475,2.9707147342783458,-0.822096976022868,-0.9666180104000972,0.2562218218071163,19.425
2025-10-17,3.209375,10.01,19.229166666666668,48,14.867192204793298,13.72547,0.92939773228396,1.603806018824372,-1.0,11,75.0,15.623225996229413,15.285521897815547,15.302628226507304,15.88010743459068,12.372228000000002,1.2636189411391705,4.18038205987159,13.855465445364816,1.6815052308157352,4.415796564291696,-0.5945855367751331,-0.9620675724981452,0.27281126433401914,19.302083333333332
2025-10-18,2.2925,5.97,19.18125,48,15.626435216267907,14.399188,1.3928086786209894,0.0004351138045421976,-1.0,12,75.0,15.151625993516726,15.436278279622416,15.120511173066664,15.614379967583572,12.043519142857141,0.9822563007320909,5.7606740463320705,13.843794659650529,1.683085622399186,6.018750236741255,-0.17810168796115633,-0.957232443323312,0.28931997761869527,19.229166666666668
2025-10-19,2.515,5.36,19.03125,48,14.28620554606124,5.76908,2.1879175024841575,4.156962037086487,-1.0,13,75.0,15.186201985677087,15.569600859142506,15.04497803279334,15.282637278238953,12.531623999999999,1.057966524536571,5.675320195013711,13.68935862840053,1.6371265802244772,5.895353720895002,0.2869635809035529,-0.9521140536681102,0.3057430764672831,19.18125
2025-10-20,4.455208333333333,12.02,18.883333333333333,48,15.079324340820335,12.688776,2.2710760515950215,0.12627542008658565,-1.0,14,75.0,14.926610989040816,15.331269291469052,15.182517215183825,14.96934034559464,11.859145999999999,1.1203962676251593,9.310609101891743,13.041503186436245,1.4967305907149346,10.047860310766765,0.3619289458744124,-0.9467139181463862,0.3220757010206104,19.03125
2025-10-21,2.140625,3.39,18.764583333333334,48,16.70345586140951,12.15214,2.943224459806765,1.1546015739440918,-1.0,15,75.0,14.997321701049827,15.246976470947288,15.283490662347727,14.739023102654373,12.635715428571428,1.29280518732734,7.5605422254803045,12.679984123936245,1.5933826326511988,10.17156379045403,0.5079533682929149,-0.9410336347451197,0.3383130181923076,18.883333333333333
2025-10-22,1.359375,2.32,18.69375,48,18.157011922200525,12.280348,4.642194751270885,0.00803824741524295,,16,75.0,15.356328582763695,15.307185563587025,15.329838507516067,14.846810044182693,12.504830285714288,1.5978915893983665,8.495649695095864,12.332263687831334,1.7772803651804987,11.326165364398122,0.46037551940433197,-0.9350748843515574,0.3544502230989869,18.764583333333334
2025-10-23,1.3110416666666667,2.93,18.545833333333334,48,15.689457829793298,13.502268,3.556866236645611,0.07759332646628536,,17,75.0,16.646597374810124,15.683514803931839,15.448044032142295,15.047566964891242,12.044059714285712,2.2027671083143905,8.499485815054442,12.144819539672852,1.9564918853413484,11.332910191089951,0.6359478390405968,-0.9288394302558068,0.3704825404820963,18.69375
2025-10-24,4.349375,5.46,18.345833333333335,48,11.63419113159182,11.159682,0.9563577863161875,0.27870535842566824,,18,75.0,16.84997520446778,15.772726131620873,15.52912401471821,15.192199198404968,12.073895714285714,2.5604979161010557,7.127711737627607,12.223061857142856,1.9120584286201132,11.308093797499197,0.5805269332159053,-0.9223291176290545,0.3864052261209853,18.545833333333334
2025-10-25,4.3533333333333335,5.91,18.208333333333332,48,12.529183324178064,4.858872,0.9438568503531547,13.35074007511139,,19,75.0,15.160220294528548,15.310868835449233,15.373573557535824,15.20809752146405,11.70735457142857,2.5643493523913743,5.802611077228903,11.875436857142857,1.7733028265617325,11.563285123560973,0.10277131398518335,-0.9155458729775467,0.40221356823680365,18.345833333333335
2025-10-26,3.986875,5.56,18.054166666666667,48,9.142296091715536,7.692108,3.3673975663032403,2.766206860446374,,20,75.0,13.28427742852106,14.8684042794364,15.219002569289453,15.230373848809155,10.344452285714286,2.5002133769245405,19.15291603853575,11.438038142857142,1.7790899507305558,24.82823623354946,-0.3619695693727554,-0.9084917035725082,0.41790288888678667,18.208333333333332
2025-10-27,3.546875,4.93,17.958333333333332,48,9.075994745890341,13.4397,1.8791902639376499,0.0008523463748133508,,21,75.0,11.10189018249514,14.133560071672727,14.732414681570889,15.104134941101092,10.619170571428572,2.668710528898695,17.762160861895637,11.239158285714286,1.8945533982619271,27.07276996378738,-0.9705748694283649,-0.9011686968561569,0.4334685453485363,18.054166666666667
2025-10-28,3.7045833333333333,4.83,17.825,48,10.592203394571982,13.450964,1.1509698973059324,0.002562998815847095,,22,75.0,10.24915805392798,13.275941558111299,14.261459014529294,14.834629482693163,10.726445428571427,2.612726844947642,17.636737788183865,11.681080428571429,1.9527660161374911,25.19728001366417,-1.5586879245818643,-0.8935790198239952,0.4489059314938798,17.958333333333332
2025-10-29,3.7906382978723405,4.6,17.61063829787234,47,12.00033849080404,6.354244,1.2989103782614682,4.613313078777992,,23,75.0,9.60349807739262,12.402905491420224,13.855045527503624,14.618897268507236,10.911991714285715,2.3566904788760943,16.48469921305562,11.708411,1.9772910341372303,24.980348908151484,-2.2159917770870123,-0.8857249183835637,0.4642104791518923,17.825
2025-10-30,3.411914893617021,4.57,17.625531914893617,47,13.247392272949241,12.61338,1.7276165963162644,0.010791420834266319,,24,75.0,10.556178877088788,11.52338071550644,13.60344775971914,14.530707677205424,10.06540542857143,1.8790784255890352,21.08997404441837,11.054732571428572,2.0409227669517125,29.58945985947281,-3.0073269616989844,-0.8776087166898392,0.4793776594606945,17.61063829787234
2025-10-31,4.455,5.42,17.664583333333333,48,13.467682774861657,7.219996,2.6535105707035602,0.0019669532775878906,,25,75.0,11.946644719441755,11.17451420738586,13.473620169503366,14.477987247043208,9.938421428571429,1.617757048399128,21.02317213878635,11.006158571428571,2.0891274822500923,28.150883876413957,-3.303473039657348,-0.8692328164574792,0.49440298420761813,17.625531914893617
2025-11-01,4.809166666666667,6.0,17.4125,48,14.319439824422204,5.779712,2.239199260830032,0.5236148833205334,,26,75.0,12.90513784620498,11.436441584995837,13.373655210222536,14.419558291965082,9.375609142857142,1.8602074461687528,20.74643373363827,10.541481857142857,2.2122783992800636,26.549044810867173,-2.983116706969245,-0.8605996962501181,0.5092820071573356,17.664583333333333
2025-11-02,4.85875,6.7,17.333333333333332,48,11.4970527648926,9.795096,1.7677575790274849,0.011134147541724815,,27,75.0,13.6781716240777,11.692192513602143,13.280298396519271,14.355153338114441,9.507157714285714,2.045256361951164,7.919308541847414,9.925804999999999,2.272734869437852,27.072224580383164,-2.6629608245122984,-0.8517119107469189,0.5240103253675756,17.4125
2025-11-03,5.175625,6.79,17.24375,48,10.583381271362327,12.303476,0.8461505856780561,0.0,,28,75.0,13.094725121392154,12.02858632405601,13.081073197864368,14.15782739851212,9.807584571428572,1.8167363637689131,5.164235828942765,10.21337757142857,2.242723446333804,22.926396690838402,-2.129241074456111,-0.8425720899866032,0.5385835804920232,17.333333333333332
2025-11-04,5.159787234042553,6.76,17.117021276595743,47,11.867143885294638,11.672724,2.289609526501003,0.000852346317969932,,29,75.0,12.133291286892378,12.243927256266293,12.759934407188796,13.954476801554383,9.645266857142857,1.6691592668746853,5.163383482567951,10.185856142857144,2.1409430559111637,22.800121270751816,-1.7105495452880906,-0.8331829385891785,0.5529974600700271,17.24375
2025-11-05,6.085,7.11,16.91875,48,12.584448115030966,6.202408,3.594581854720488,1.4553010464268823,,30,75.0,11.315859307183189,12.426061612083815,12.414483551752019,13.93802636464439,9.391232571428572,1.83182207104541,5.161672830070074,10.151612142857143,2.094256274960752,21.646372043125695,-1.5119647525605746,-0.8235472349556007,0.5672476988027229,17.117021276595743
2025-11-06,5.032916666666667,6.01,16.735416666666666,48,10.433885192871116,8.8342,3.1502456221264152,2.7502954005171887,,31,75.0,11.678324423895978,12.509505844116234,12.016443279811337,13.901984765794564,9.369541714285715,2.159775139110984,2.0036607977189647,9.71747357142857,2.0194267823500094,23.093634842137334,-1.3924789216783307,-0.8136678304455991,0.5813300798152042,16.91875
2025-11-07,5.432553191489362,6.46,16.47872340425532,47,9.653068796793661,4.683872,1.8268542154328717,4.573017358779907,,32,75.0,11.62849239773224,12.10757626124793,11.641045234316895,13.714628071255175,8.829658857142856,2.3630078570838626,4.743164777401887,9.384040142857144,1.9903824527414957,25.766336916188237,-1.6070518100072455,-0.8035476485339116,0.5952404359043674,16.735416666666666
2025-11-08,5.118541666666666,6.46,16.335416666666667,48,9.176763153076195,8.125808,4.063933995739706,7.187795639026717,,33,75.0,10.890467368231915,11.562631407238216,11.499536496117027,13.486325878567188,8.467355428571429,2.2449140920451933,9.314215182904206,8.921482285714285,2.052560769106973,30.060648916542476,-1.9236944713289716,-0.7931896839451843,0.6089746507720486,16.47872340425532
2025-11-09,5.507708333333333,6.47,16.247916666666665,48,8.80119412740072,11.209732,1.2722035992512104,0.0008612763018334135,,34,75.0,9.754572380913658,10.827963311331644,11.260077912466894,13.307073381212044,8.802512,2.5055904827465754,15.97839593861039,9.154834857142857,2.2754234223488696,23.897704480457804,-2.4791100698804005,-0.7825970017677834,0.6225286602431057,16.335416666666667
2025-11-10,5.648333333333333,6.89,16.077083333333334,48,9.02104212443038,9.865212,1.7723167880911372,0.1289010047003103,,35,75.0,9.210342025756859,10.442840648832803,11.235713486444407,13.140049934387228,9.004602857142858,2.4347970570642503,15.968123067370499,9.406093714285714,2.1257667104165816,21.132358896313264,-2.6972092855544254,-0.7717727365467836,0.6358984534680745,16.247916666666665
2025-11-11,5.895416666666667,7.45,16.022916666666667,48,10.23317934672042,10.479364,2.363108593411596,0.0017195939108205494,,36,75.0,8.999666468302431,10.219649342128239,11.231788299197266,12.950978766547331,8.656279428571429,2.5671065145518326,16.09702407207081,9.150773142857144,2.1181328907132593,21.26040755463876,-2.7313294244190924,-0.7607200913564104,0.6490800741100398,16.077083333333334
2025-11-12,5.538333333333333,6.92,15.8375,48,11.979960378011071,10.665424,3.309356009282701,0.005993246986690792,,37,75.0,9.351805199517173,9.986225836617637,11.206143724350726,12.760267194112165,8.485799428571429,2.5776063812533465,16.09789131966366,8.938516,2.204714226149378,21.259564149733734,-2.7740413574945286,-0.7494423368521954,0.6620696215153815,16.022916666666667
2025-11-13,5.363125,6.63,15.7125,48,13.663259124755882,7.24426,3.6184548544508757,0.24700164794921875,,38,75.0,10.411393949720624,9.899870445614795,11.204688144865514,12.637286737230111,9.123373142857144,2.536859831905091,14.648583520223468,9.246457428571428,2.3483174855080375,16.652244317942433,-2.7374162916153164,-0.7379428103031386,0.6748632518680403,15.8375
2025-11-14,4.377021276595745,5.35,15.74468085106383,47,13.35964419047042,8.589352,3.7680862864644626,1.9976017510998645,,39,75.0,11.95879961649579,10.36120957874119,11.23439291999456,12.549995634290928,8.896238857142857,2.6037468650943,12.145289767655498,8.862948857142857,2.483377361089081,16.888454545057385,-2.1887860555497376,-0.7262249146041543,0.6874571793269664,15.7125
2025-11-15,4.419148936170213,5.14,15.651063829787233,47,11.102030054728232,6.093692,2.4887937869329626,17.61583983898163,,40,75.0,13.000954564412458,10.890720349266442,11.226675878252328,12.477893532647048,9.454164571428572,2.8810657323845272,9.569874159975456,8.960759999999999,2.56298991221486,18.884089342879662,-1.5871731833806066,-0.7142921172691032,0.699847677146407,15.74468085106383
2025-11-16,4.451458333333333,5.29,15.5125,48,9.849808629353845,8.555608,2.2611174087991386,0.015613436595174335,,41,75.0,12.708311123318177,11.165758478073874,10.99686089470276,12.345795249938988,9.163862285714286,2.656045702554992,19.997918359930367,8.983187142857142,2.5808180926507833,35.97631429854076,-1.1800367718651135,-0.7021479494046978,0.7120310787787131,15.651063829787233
2025-11-17,4.173541666666667,5.04,15.441666666666666,48,8.822883860270224,7.00972,2.37549517754531,0.10997354974051632,,42,75.0,11.437160958184165,11.315560549781464,10.879200599307135,12.178549130757672,8.784701714285713,2.797319103918982,20.012670520223708,8.894652285714287,2.616058080491616,35.980793587594206,-0.8629885809762072,-0.6897960046655887,0.7240037789593305,15.5125
2025-11-18,4.25875,5.1,15.31875,48,5.258328374226892,10.17648,3.8420271443785756,0.0045236206460685935,,43,75.0,9.9249075147841,11.287252226330013,10.753450784229127,11.95176408555775,8.376774285714285,2.883487445269578,19.993743065263914,8.516526857142857,2.7252969799107056,36.09076713733472,-0.664511859227737,-0.6772399381909491,0.7357622347736527,15.441666666666666
2025-11-19,3.79,4.82,15.13404255319149,47,4.424834187825525,6.985364,2.2173222118929123,0.11726617812612972,-0.4008503216989956,1,75.0,7.977006954616987,10.576559230259509,10.281392533438574,11.650834846496604,8.333505142857144,3.094761523979147,19.99654709199916,8.409652285714285,2.8361839526162465,36.09443841166282,-1.0742756162370952,-0.6644834655228552,0.7473029667054296,15.31875
2025-11-20,3.388723404255319,4.29,14.94468085106383,47,3.8764460245768646,8.158948,3.4943488568587115,0.7833421229861415,-0.4008503216989956,2,75.0,6.168682140774213,9.49725548880443,9.698562967209613,11.295685174730112,7.807782285714285,2.9387566957806053,20.1078200231386,8.465577714285713,2.7378082638428483,34.75640354336207,-1.7984296859256812,-0.6515303615068021,0.75862255966641,15.13404255319149
2025-11-21,2.8647916666666666,3.75,14.73125,48,1.6502306620280365,9.196228,3.7835651819828824,1.8670488962015952,-0.4008503216989956,3,75.0,4.519869528876427,8.099139331636,9.230174455188594,10.868118180169024,7.938452,2.9210272675531535,20.644160498175523,8.417345428571428,2.7623870663237264,32.78945026583102,-2.768978848533024,-0.6383844591746642,0.7697176640069211,14.94468085106383
2025-11-22,2.2575,3.27,14.522916666666667,48,2.9747577667236555,6.197824,2.4078215751417007,0.06325244902427585,-0.4008503216989956,4,75.0,3.3171702914768084,6.426365970429946,8.658543159848193,10.317892138163273,8.02514857142857,2.9232385383414994,20.513607643277254,8.739656571428572,2.9021521353630133,30.08348180325271,-3.8915261677333275,-0.6250496486104377,0.7805849965070866,14.73125
2025-11-23,2.22125,3.18,14.304166666666667,48,7.979092534383142,8.020704,2.5492605613157115,0.00979006290435791,-0.4008503216989956,5,75.0,2.8338114844428524,5.265327072143577,8.215542775108727,9.894068802727618,8.040024571428571,2.911671079514176,2.9610202533199015,8.601943428571428,2.783858391034584,22.958938613250268,-4.628741730584041,-0.6115298757991053,0.7912213413483807,14.522916666666667
2025-11-24,2.07375,2.99,14.120833333333334,48,9.597528711954794,3.321,3.627232395762595,5.728349089622498,-0.4008503216989956,6,75.0,4.201360321044945,4.998081915719191,8.156821232750328,9.772232182820662,7.963609714285714,2.952834387016544,2.955196879629085,8.374155714285715,2.875076745467763,22.967867399852793,-4.774150267101471,-0.5978291414589552,0.801623551065242,14.304166666666667
2025-11-25,2.3529166666666668,3.48,13.952083333333333,48,5.423560078938806,8.037384,4.462771648170117,1.3956964015910955,-0.4008503216989956,7,79.16666666666667,6.8504596710205305,5.108745465959844,8.197998846144928,9.674510362413221,7.436649714285714,3.131653989619013,8.573572419511066,7.906712,3.0075707174442954,28.56731548477498,-4.565764896453377,-0.5839514998576998,0.8117885474764613,14.120833333333334
2025-11-26,2.268936170212766,3.38,13.78936170212766,47,4.222948964436853,7.21154,4.127832843533664,1.6409754753112793,-0.4008503216989956,8,79.16666666666667,7.66672710842558,5.132349995204403,7.854454612731956,9.550552495320662,7.131064571428571,3.2203317758749472,9.964745200456093,7.732284857142857,3.157546649927047,29.961292292455255,-4.4182025001162595,-0.5699010576127624,0.8217133225960589,13.952083333333333
2025-11-27,1.9063829787234043,2.97,13.625531914893617,47,5.677918370564782,8.485828,4.010239847554936,0.008348044559625123,-0.4008503216989956,9,79.16666666666667,6.414679251776818,5.103509249006022,7.300382368905226,9.388784302605547,7.163375428571428,3.4932618661093398,11.488454497641243,7.485578857142857,3.2160092809449727,31.596274520779843,-4.285275053599525,-0.5556819724760489,0.8313949395234058,13.78936170212766
2025-11-28,2.3320833333333333,3.3,13.535416666666666,48,7.260196940104208,9.020952,2.24291409535354,0.00042401747535336654,-0.4008503216989956,10,79.16666666666667,5.108142471313481,5.36086244129001,6.730000886463005,9.224974801805306,7.2100725714285705,3.566960579065944,10.713460419214726,7.574262285714285,3.243993923309549,31.35762091739025,-3.8641123605152963,-0.5412984521036173,0.8408305333122887,13.625531914893617
2025-11-29,2.028541666666667,2.99,13.397916666666667,48,4.930998738606775,7.950968,1.4855344008412084,0.12246652022440685,-0.4008503216989956,11,79.16666666666667,5.7203547583686145,6.162286195300892,6.294326082865418,9.066970083448645,7.185033142857143,3.346867566690323,8.846835540488485,7.605090857142857,3.1350530525159113,29.36044318376574,-2.904683888147753,-0.5267547528105542,0.8500173118187018,13.535416666666666
2025-11-30,1.6053191489361702,2.69,13.214893617021277,47,5.422235743204794,5.430276,3.4412624294886878,5.74040412902832,-0.4008503216989956,12,79.16666666666667,5.956371349758588,6.441749191284194,5.8535381317138855,8.78975696563723,7.4354822857142855,3.2151122560759675,8.906049611688616,7.737753428571429,3.0633916677950714,11.867069865008517,-2.348007774353035,-0.5120551783114646,0.8589525565270845,13.397916666666667
2025-12-01,0.8262790697674418,1.49,13.179069767441861,43,4.340314483642601,8.823516,1.4104979520057386,0.0,-0.4008503216989956,13,79.16666666666667,5.871143807305259,6.076483935401574,5.537282925560382,8.521575397915335,7.065421142857142,3.3425410943863922,14.636663677812578,7.514515428571428,3.147687740701468,17.591860557441663,-2.445091462513761,-0.4972040784469378,0.8676336233547726,13.214893617021277
2025-12-02,1.2536170212765958,2.18,12.953191489361702,47,3.5184621175130246,3.28444,1.4257712183795261,1.9039690493514172,-0.4008503216989956,14,79.16666666666667,4.89784965515139,5.325453331356974,5.2170993986584095,8.188937886556014,7.851494857142856,3.02586474527827,8.90831458819008,7.6440722857142855,3.0787593674486415,17.481887007701147,-2.8634845551990393,-0.4822058478963526,0.8760579434344281,13.179069767441861
2025-12-03,1.1766666666666667,2.07,12.841666666666667,48,4.272053019205771,8.514384,2.1165510067029265,0.09250938882132687,-0.4008503216989956,15,79.16666666666667,4.427004114786807,5.05329647972472,5.092823237464562,7.922984864976695,7.172502857142858,2.592007541022472,9.416587235950402,7.151783714285714,2.9061696584487096,19.381332436406495,-2.8696883852519752,-0.46706492487743034,0.8842230238742036,12.953191489361702
2025-12-04,1.2765217391304349,2.15,12.702173913043477,46,5.908221817016624,3.280972,2.1017537929629677,4.810750484466553,,16,79.16666666666667,4.043609873453799,5.060311344691708,5.081910296848865,7.712607256571476,7.358623428571428,2.304681564332366,7.86812114946045,7.260999428571429,2.898971715220853,19.356575647101693,-2.6522959118797687,-0.451785789832884,0.8921264484954345,12.841666666666667
2025-12-05,1.1510416666666667,1.94,12.541666666666666,48,7.512513097127282,5.0858,1.7115400105182526,1.3762414455413818,,17,79.16666666666667,4.56624565124514,5.093211837041971,5.227037139165991,7.513976520962209,6.615072571428572,2.0320406993906563,12.670523589367377,6.912572571428571,2.7995006392282997,23.383984008582104,-2.420764683920238,-0.4363729641045924,0.8997658785476209,12.702173913043477
2025-12-06,1.1766666666666667,2.1,12.454166666666667,48,11.627043024698935,5.980444,2.930980089413978,0.01564621925354004,,18,79.16666666666667,5.897595977783226,5.129257002330982,5.645771598815936,7.3449120203654195,6.052908,1.9561301158427582,14.046341017433406,6.618970571428571,2.651498841266541,22.89317655792189,-2.215655018034438,-0.42083100859565564,0.9071390534005044,12.541666666666666
2025-12-07,1.0733333333333333,2.38,12.454166666666667,48,10.942986424764001,8.126684,2.204127158009963,0.0030875204970470804,,19,79.16666666666667,8.349259312947614,6.085834757487005,6.263791974385599,7.384683948093014,5.771404571428571,2.16262235706744,13.939520716462539,6.603443428571429,2.6888673065717037,22.845570328151155,-1.298849190606009,-0.4051645224207563,0.9142437912130223,12.454166666666667
2025-12-08,0.9182978723404255,1.95,12.495744680851065,47,7.363397216796898,8.340948,1.9049833741183686,0.0,,20,79.16666666666667,10.02751418219674,6.874513426281177,6.475498680841375,7.427681202358692,6.156605714285713,1.9858887468561932,8.202204107931266,6.611013428571428,2.664214920621293,22.838867785743844,-0.5531677760775153,-0.3893781415452015,0.9210779895789526,12.454166666666667
2025-12-09,1.451875,3.17,12.38125,48,8.564426040649437,7.612344,2.3059762300293056,2.787277102470398,-0.9896389226976247,1,79.16666666666667,9.977808888753279,7.306382388160363,6.3159178597586685,7.367235671149382,6.087667428571429,2.0565295214437116,8.202204107931266,6.969581142857143,2.541197133360991,17.110518696121346,-0.0608532829890196,-0.37347653741307074,0.9276396261490467,12.495744680851065
2025-12-10,1.8416666666666668,3.27,12.310416666666667,48,8.145583724975609,1.094092,0.7262317318431111,13.054522871868812,-0.9896389226976247,2,79.16666666666667,8.956936560736779,8.02723437717985,6.540265428452285,7.359343401591006,6.705939428571429,2.182273094536537,9.085512161050247,6.939221142857142,2.3871403177795045,18.50209939700065,0.6678909755888442,-0.3574644155648614,0.9339267592294762,12.38125
2025-12-11,2.0316666666666667,2.94,12.239583333333334,48,7.123040771484398,6.875952,1.6162452328866912,0.057831406593322754,-0.9896389226976247,3,79.16666666666667,8.024468994140648,8.58059590657554,6.820453625633625,7.330161454942513,5.645897714285715,1.9836560552708495,22.047525644097732,6.502260571428571,2.144168809801608,29.91564679355818,1.2504344516330272,-0.34134651424503615,0.9399375283564133,12.310416666666667
2025-12-12,2.419375,3.22,12.197916666666666,48,5.981461461385095,6.593392,1.4437619956156051,0.013503432171546592,-0.9896389226976247,4,79.16666666666667,7.944350179036481,8.754141471499508,6.92367665427074,7.226490169101313,6.159466285714286,1.9142976895456674,17.294606566224502,6.387269428571428,1.9731691944681617,29.96513015559188,1.527651302398196,-0.3251276029999093,0.9456701548465688,12.239583333333334
2025-12-13,2.158958333333333,3.07,12.247916666666667,48,6.556668853759788,7.1095,0.4900121853034518,0.0013098120348331577,-0.9896389226976247,5,79.16666666666667,7.083361985948367,8.535419809250625,6.832338405790803,7.02654020521378,6.374836571428571,1.8760436874167172,15.931868552854667,6.213872285714286,1.916086901629738,29.978209570288072,1.5088796040368448,-0.30881248126625377,0.9511229423235357,12.197916666666666
2025-12-14,2.229375,2.81,12.15625,48,5.278359985351585,5.571668,1.6331088050313538,0.01726275775126851,-0.646399030385514,1,79.16666666666667,6.553723695543094,7.811080641973604,6.948457699730304,6.789653862847244,6.536130285714286,1.5273339868294993,15.91753214563596,6.153767428571428,1.8449781719484695,29.8570528620985,1.0214267791263598,-0.29240597695107734,0.9562942772197719,12.247916666666667
2025-12-15,2.15625,2.95,12.047916666666667,48,7.765313084920251,4.781756,2.019693182744994,1.1953315788559848,-0.646399030385514,2,79.16666666666667,5.9388301001654895,7.001848293486115,6.938180859883646,6.5202777226766155,6.171127999999999,1.445759936403984,15.931707382890181,6.163866857142858,1.7158243416300887,24.133911490821447,0.4815705708094997,-0.27591294500296043,0.9611826292540837,12.15625
2025-12-16,2.75875,3.45,11.99375,48,7.265640513102255,2.805332,0.7768883661836511,1.9174665212631226,-0.646399030385514,3,83.33333333333333,6.533447308010541,7.059264846075166,7.182823617117764,6.409053823683016,5.662672,1.4621470519220734,17.127038961746166,5.875169714285714,1.7593382866828924,25.329243069677432,0.65021102239215,-0.2593382659754056,0.9657865518844574,12.047916666666667
2025-12-17,2.778958333333333,3.62,12.075,48,7.779796218872093,4.604736,0.6070751634963597,0.31391084183951534,-0.646399030385514,4,83.33333333333333,6.7697711944580305,6.873724056425568,7.45047921680271,6.3229148864746305,4.975955999999999,1.2437059285155512,16.25722838053889,5.840947714285714,1.7129895115260445,25.342740541589137,0.5508091699509379,-0.2426868445825954,0.9701046827361175,11.99375
2025-12-18,2.810416666666667,3.91,11.99375,48,7.437429046630882,6.957732,2.3616551648094624,0.47304878870590983,-0.646399030385514,5,83.33333333333333,7.6035832722981995,6.821468698410781,7.701032302493161,6.2881452984280255,5.477476571428572,1.2266835616088725,3.5166163505095938,5.561687142857143,1.605169808439861,25.564141994607326,0.5333233999827556,-0.22596360824801906,0.974135744004672,12.075
2025-12-19,3.174375,3.88,11.904166666666667,48,7.558280563354515,2.21158,0.7777639458951222,7.163560390324619,-0.646399030385514,6,83.33333333333333,7.49428859286841,6.866381309145993,7.810261390322751,6.360781987508159,5.489159428571428,1.3331706947406967,3.931833732622181,5.824312857142857,1.623734192143182,21.226440298846683,0.5055993216378338,-0.20917350564635637,0.9778785428342386,11.99375
2025-12-20,2.9683333333333333,3.67,11.920833333333333,48,6.476773198445642,5.059924,1.7471498795708058,0.4003822802474133,-0.646399030385514,7,83.33333333333333,7.59183527628583,7.09164118085591,7.813530495053267,6.4652302000257915,4.863186285714285,1.238028116209199,11.081890690775253,5.619011428571428,1.5570359018129583,27.01375924362992,0.6264109808301184,-0.19232150523909483,0.9813319716704275,11.904166666666667
2025-12-21,2.9414583333333333,3.83,11.810416666666667,48,4.660849507649743,4.23908,2.310371187120093,3.1408905982743818,-0.646399030385514,8,83.33333333333333,7.157494269477013,7.080227515811032,7.445654078892318,6.551907772488084,4.570389714285715,1.4176192153902498,11.480963158987834,5.55326,1.4724766011098747,27.398495304623793,0.5283197433229478,-0.17541259380427843,0.9844950085880858,11.920833333333333
2025-12-22,2.7075,3.41,11.714583333333334,48,2.1204073588053802,6.97662,1.8880137630177756,0.17934441558509207,-0.646399030385514,9,83.33333333333333,6.2319677564833,6.992011733282197,6.996930013384157,6.652261734008808,4.38002,1.5143709842600697,14.604590999510947,5.275574,1.4800654603320267,30.536298382401128,0.33974999927338967,-0.15845177496083632,0.9873667175937016,11.810416666666667
2025-12-23,2.81125,3.48,11.59375,48,3.906347529093466,5.755356,2.4764470461662693,0.026705860989295616,-0.646399030385514,10,83.33333333333333,4.419343354966922,6.185596629551502,6.622430737813334,6.623783387078199,4.6935720000000005,1.495559638584753,13.588603836240054,5.178122,1.478853345253413,30.71564279798622,-0.43818675752669733,-0.14144406768794202,0.9899462489023779,11.714583333333334
2025-12-24,3.6064583333333333,4.29,11.504166666666666,48,5.130279159545921,4.150652,3.873928879581387,0.37038326263427734,-0.921786656615141,1,83.33333333333333,3.5625347985161966,5.70569763183596,6.289710844130765,6.48802522023521,5.115004,1.7383537357251269,11.697843175966227,5.0454799999999995,1.4910298321203388,27.955071556505118,-0.7823275883992498,-0.12439450483979998,0.9922328391893008,11.59375
2025-12-25,3.7239583333333335,4.54,11.38125,48,0.8595799763997434,4.70818,1.886469938455094,0.5321264266058279,-0.921786656615141,2,83.33333333333333,3.7190113491482557,5.327195194789364,6.074331946600073,6.339116901821581,5.050134857142857,2.2050471237372737,11.75431559676099,5.263805714285715,1.715865342673073,15.270931947270583,-1.0119217070322168,-0.10730813165636247,0.9942258118156161,11.504166666666666
2025-12-26,3.7270833333333333,4.42,11.225,48,2.8662804921468137,3.307464,0.9307753612109617,10.640332102752836,-0.921786656615141,3,83.33333333333333,3.2987355550130437,4.38750247047063,5.626941889808312,6.186984231736945,4.728770285714285,2.137163519972364,11.813393234660907,5.108964857142857,1.7351671073565302,15.745226967283088,-1.799481761266315,-0.09019000427034513,0.9959245770286599,11.38125
2025-12-27,3.6258333333333335,4.68,11.19375,48,5.472777938842796,1.790808,1.0859966841343032,7.259860952217423,-0.921786656615141,4,83.33333333333333,2.952046542697493,3.717216746012387,5.404428963434149,6.141761949327277,4.885325142857142,2.1590222935889125,15.290164947089124,4.874255714285714,1.6985252048990558,26.372055637864378,-2.42454520331489,-0.07304518821104743,0.9973286321364752,11.225
2025-12-28,3.8875,4.8,11.102083333333333,48,6.443812306722009,2.368608,1.6279967944474112,4.292342066719357,-0.921786656615141,5,83.33333333333333,3.066212802463118,3.573788851783409,5.32700818379722,6.134923934936544,4.418308571428571,2.0645718370979833,22.149643619059134,4.494349142857143,1.7410955262441168,33.63060677804697,-2.5611350831531348,-0.05587875690537313,0.9984375616565666,11.19375
2025-12-29,3.5260416666666665,5.04,11.1125,48,6.408979670206747,3.68414,0.2512931913817804,0.14832913865348019,-0.921786656615141,6,83.33333333333333,4.927623579237206,3.8284978230794473,5.410254778180822,6.107711113823805,4.151098285714285,1.9670897810018861,23.30109508750411,4.265559142857143,1.740730382630978,37.905686087015056,-2.2792132907443574,-0.03869579017652689,0.9992510374388481,11.102083333333333
2025-12-30,3.999375,5.08,11.0,48,4.824880854288779,6.2486,2.8439612596155084,0.005623698143608635,-0.921786656615141,7,83.33333333333333,6.108523305257184,4.4411510104225,5.313373819987,6.156977144877136,3.6807440000000002,1.733272556482458,23.270079810572497,4.187157999999999,1.6144160975336053,36.85868364681255,-1.7158261344546366,-0.021501372740813793,0.999768818762748,11.1125
2025-12-31,3.4659574468085106,4.26,10.982978723404255,47,3.8467041015625227,7.497972,1.884170014494738,0.00862093992282098,-0.921786656615141,8,83.33333333333333,5.892557610405845,4.572370056878973,5.139033844357466,6.137065315246603,3.7512074285714285,1.7857745869752064,23.24899764772681,4.433105714285714,1.7620641613501664,34.94684082369304,-1.56469525836763,-0.004300592702981974,0.9999907524084426,11.0
2026-01-01,2.8217021276595746,4.12,10.838297872340425,47,1.164528147379599,6.902164,1.4367072857444332,0.052791833695664536,-0.921786656615141,9,83.33333333333333,5.026854875352683,4.389002191452773,4.858098693121069,6.120611635843933,4.2293959999999995,1.5015233205342569,22.887235325015354,4.639765428571429,1.8532852221357652,34.64155092177634,-1.73160944439116,0.017201575418260506,0.9998520419557735,10.982978723404255
2026-01-02,3.2560416666666665,4.36,10.758333333333333,48,4.749170557657919,6.057964,1.3125803318309885,0.34079253669005993,-0.921786656615141,10,83.33333333333333,3.2787043677436336,4.432566215878467,4.410034343174549,6.04214717017282,4.542822285714285,1.4372715130041622,22.40790073210519,4.635796285714285,1.787217516488263,34.2212939667661,-1.609580954294353,0.03439806061360801,0.9994082116062598,10.838297872340425
2026-01-03,3.3489583333333335,4.43,10.691666666666666,48,5.7489855448405365,5.208136,0.9219972858197961,2.5832957867919504,-0.921786656615141,11,83.33333333333333,3.2534676022000135,4.701550510951482,4.209383628481935,6.058051088121224,4.935750857142857,1.4918150802355947,12.108361166042414,4.910538,1.8254186869122537,27.39852611313154,-1.3565005771697418,0.051584366869408364,0.9986686402879997,10.758333333333333
2026-01-04,3.1925,4.13,10.597916666666666,48,0.6059992472331146,3.672828,4.175890862290447,0.536307692527771,-0.921786656615141,12,83.33333333333333,3.8875614166260184,4.741008740379731,4.15739879608157,6.052743212382022,5.423940571428572,1.4683865947620938,7.4317960006169415,4.921124571428572,1.7664792159300386,29.581439619676075,-1.311734472002291,0.06875540848113941,0.9976335468520451,10.691666666666666
2026-01-05,2.8045833333333334,3.61,10.41875,48,-1.2341426849365007,9.114044,4.952737749820143,0.17526745796203613,-0.921786656615141,13,83.33333333333333,3.7013851165771903,3.9070354461670314,3.8677666346232393,5.822526084052216,5.610257714285714,1.832371461596813,3.6757616264253556,4.8806780000000005,1.8997306212993497,26.976856713929465,-1.9154906378851844,0.08590610426133272,0.9963032375991965,10.597916666666666
2026-01-06,3.1475,4.11,10.279166666666667,48,-0.3489587148030182,6.124916,4.988563420397348,0.06707288628149399,-0.921786656615141,14,87.5,1.7069473690457169,2.81516082400371,3.6281559172131046,5.393819893731035,6.385958285714286,2.5040063985165792,3.7026999457339116,5.033351142857143,2.1186394774995185,26.97277975630641,-2.578659069727325,0.10303137904317879,0.9946781061893646,10.41875
2026-01-07,3.055625,4.31,10.116666666666667,48,1.5584083557129134,7.580772,2.4353460899943795,0.010907649993896484,-0.921786656615141,15,87.5,-0.32570071750213475,2.076040885562025,3.3242054712204987,5.017421722412134,6.368289142857144,2.8103781357711277,3.764149133871797,5.059748285714286,2.298076361373167,27.013146781598607,-2.9413808368501093,0.1201261651823505,0.9927586335250793,10.279166666666667
2026-01-08,2.1802083333333333,3.68,9.997916666666667,48,5.755513763427757,7.0193,3.4674975722225074,0.007989483492565341,,16,87.5,-0.008231014675535183,1.749141493297795,3.069071842375284,4.823922093709334,6.380117714285714,2.889117575128219,3.7664358439428725,5.3047568571428565,2.195320447831238,26.653671168958226,-3.074780600411539,0.13718540405660057,0.9905453876091833,10.116666666666667
2026-01-09,2.3077083333333333,3.28,9.877083333333333,48,6.594487762451195,8.239248,4.3937764885262425,0.8921712636720258,,17,87.5,2.3216544681125506,2.4049965813046748,3.4187813985915705,4.730291684468612,6.396851428571429,3.1792304731965157,3.7216334937397733,5.469836857142857,2.3082509931003385,26.129534225844964,-2.325295103163937,0.1542040475626894,0.988039023376751,9.997916666666667
2026-01-10,2.403125,3.61,9.808333333333334,48,4.2481793721516965,7.031388,3.575230223754591,0.013962388038635254,,18,87.5,4.636136627197288,2.668613324846571,3.6850819178990264,4.678588485717798,6.708463428571428,3.6194013527244087,4.273012220721739,5.822107142857143,2.5556082164800022,16.381373386764153,-2.009975160871227,0.17117705961019986,0.985240282501282,9.877083333333333
2026-01-11,2.6570833333333335,3.7,9.822916666666666,48,5.026664352417015,8.678428,1.6027532876627564,0.0004351138045421976,,19,87.5,5.532726966010216,2.4542124430338794,3.597610591706805,4.582759772406708,6.968927999999999,3.9984346295722366,1.703678821968424,6.196434285714285,2.7334106121671655,9.135474822585365,-2.1285473293728283,0.18809941761179758,0.9821499931752291,9.808333333333334
2026-01-12,2.799375,3.84,9.758333333333333,48,6.55146179199221,7.39218,2.147957274600688,0.00042319288695580326,,20,87.5,5.289777162339969,3.0857360294887224,3.4963857378278766,4.550933202107772,7.684013714285714,3.630843547482567,1.1678062432451952,6.647135714285715,2.73160750453969,4.843567869670551,-1.4651971726190496,0.20496611396949532,0.9787690698649216,9.822916666666666
2026-01-13,3.0252083333333335,3.96,9.645833333333334,48,7.131338373820029,6.883136,2.7712692535346397,0.00839829448295859,,21,87.5,5.275435172186974,4.197965240478538,3.5065630322411243,4.550759633382186,7.438033142857143,3.230160622451216,0.9929619781701149,6.911995714285714,2.8670835104838974,4.6956619239040265,-0.35279439290364767,0.22177215755648186,0.975098513039961,9.758333333333333
2026-01-14,3.212127659574468,4.09,9.659574468085106,47,7.330061213175497,6.442884,1.3606698287597174,0.8026769341995532,,22,87.5,6.236488172743084,5.266579110281831,3.6713099979219277,4.612525579664467,7.546350285714285,2.913404312899401,0.9342873863715795,6.957319714285715,2.861891224335264,4.698436520243376,0.6540535306173636,0.23851257519407648,0.9711394088771653,9.645833333333334
2026-01-15,3.5164583333333335,4.47,9.69375,48,5.213512039184593,7.803036,2.7957580607461616,4.302814570678493,,23,87.5,7.004287126329245,6.0911009470622,3.9201212201799973,4.598017183939643,7.383794857142858,2.7598791327230208,1.7260566705772362,6.881956285714286,2.8244983539256197,5.492492514520109,1.4930837631225575,0.2551824131233728,0.9668929289391521,9.659574468085106
2026-01-16,3.942083333333333,4.77,9.597916666666666,48,5.695098495483421,3.681764,1.3796633300305452,6.188980694332713,,24,87.5,6.558303875393373,6.013672129313177,4.2093343553089255,4.52961290147572,7.495757142857143,2.6639163453692567,6.0208817577631635,6.946304285714286,2.921573409282886,9.742515251502937,1.4840592278374567,0.2717767384711357,0.9623603298276545,9.69375
2026-01-17,3.5860416666666666,4.26,9.495833333333334,48,4.157309468587243,2.51104,0.2827500511109804,6.411519646462693,,25,87.5,6.07955724928117,5.88518794831778,4.276900636582176,4.460122977362764,6.8446880000000005,2.2333287512984428,11.31769118842385,6.776575714285714,2.926365052011426,15.59070340914559,1.4250649709550158,0.2882906407095177,0.9575429528116719,9.597916666666666
2026-01-18,3.402083333333333,4.14,9.49375,48,4.470248794555687,2.87684,1.837183127886404,5.48088041949768,,26,87.5,5.021973334418419,5.872206533522858,4.163209488278369,4.350785658094643,6.198923999999999,1.7629744409207841,17.71524844684791,6.583926,2.8807045352465104,19.418927268816333,1.5214208754282152,0.3047192331091634,0.9524422234305676,9.495833333333334
2026-01-19,3.41625,4.15,9.54375,48,5.073009109497093,4.633912,2.587148355091272,2.642422914505005,,27,87.5,4.774218919542117,5.792718596685526,4.439227313087124,4.247851265801349,5.370125714285714,1.7964644180955909,23.195693752541047,6.527069714285715,2.713653982789079,24.363499995786242,1.544867330884177,0.321057654185271,0.9470596510722283,9.49375
2026-01-20,3.1595744680851063,3.97,9.574468085106384,47,4.286002731323265,9.662896,1.2527343970029243,0.004819035439140862,,28,87.5,4.566855790880008,5.581511070614795,4.889738155546667,4.201059129503064,4.976087428571428,1.8592060010228173,25.837693474159096,6.207060285714285,2.5446833117370167,26.83065545232921,1.3804519411117306,0.3373010691361842,0.9413968285264122,9.54375
2026-01-21,3.40375,4.59,9.410416666666666,48,4.234775797526083,3.725552,3.1486914841177267,4.532977938652039,,29,87.5,4.609753545125348,5.175034550258114,5.220806830269972,4.1885642369588485,5.373196,1.642272450089715,25.834114215115278,6.459773142857143,2.277838381494558,26.768401601486858,0.9864703132992654,0.3534446712740877,0.9354554315134164,9.574468085106384
2026-01-22,2.7297872340425533,3.49,9.357446808510637,47,5.436594263712607,8.978256,2.7372253800492756,0.9024798869177175,,30,87.5,4.531262546115481,4.732850919451055,5.4119759332566275,4.259043184916205,4.985005714285714,1.8977041151408593,29.564415219567763,6.184400285714285,2.32879162393194,31.290471890145,0.4738077345348497,0.3694836834473831,0.9292372181882051,9.410416666666666
2026-01-23,2.561875,3.49,9.30625,48,5.2126632690429915,10.325888,3.774010133910905,0.5834877490542567,-0.8533188149358502,1,87.5,4.652457597520652,4.7647198086693425,5.38919596899126,4.31005140940351,5.152894285714287,1.8893423036127326,26.16408053580699,6.324325714285714,2.2766293244909948,32.18496229357015,0.4546683992658327,0.38541335945432564,0.9227440286201427,9.357446808510637
2026-01-24,2.274893617021277,3.41,9.278723404255318,47,3.293222681681357,9.154792,2.998809451642495,0.32380819311583764,-0.8533188149358502,2,87.5,4.961344443427227,4.695800490606424,5.2904942194621025,4.312797546386745,6.102054857142858,2.2313918470242124,20.558587590528532,6.473371428571428,2.2323602991613276,31.876278778952383,0.38300294421967873,0.4012289854475009,0.9159777842484877,9.30625
2026-01-25,1.965625,3.06,9.147916666666667,48,5.4051230112712005,8.346936,4.7045368070512295,0.47406911642156047,-0.8533188149358502,3,87.5,4.647493404812319,4.5723595210484405,5.222283027285649,4.3939189698961325,7.051162285714286,2.619400332814429,14.470876137181676,6.625043142857143,2.1911873868676066,32.186124584029585,0.17844055115230795,0.4169258813287287,0.908940487313808,9.278723404255318
2026-01-26,1.9991666666666668,2.96,9.060416666666667,48,5.825090662638388,3.480228,2.322805362260118,2.300122380251679,-0.8533188149358502,4,87.5,4.63700298733185,4.705912980579228,5.249315788632377,4.478547053866945,7.832604571428571,3.0290222869808323,9.464064834105557,6.6013651428571425,2.4127433525382114,32.6597585866466,0.22736592671228273,0.4324994021339788,0.901634220265486,9.147916666666667
2026-01-27,1.4727083333333333,2.24,9.075,48,8.155308024088583,7.405692,3.441241717155896,3.247374296165617,-0.8533188149358502,5,91.66666666666669,4.841145451863649,4.813353202456556,5.197432136535675,4.4902908113267985,7.6677925714285715,2.991259002290668,9.12176429985223,6.32194,2.4252325016567426,34.95945777401133,0.3230623911297572,0.44794493940789115,0.8940611451454876,9.060416666666667
2026-01-28,1.7008333333333332,2.24,8.9875,48,2.927707290649437,3.35828,1.623914644132567,3.357410430908203,-0.8533188149358502,6,91.66666666666669,6.461840565999391,5.36611110142303,5.270572825840572,4.5473406685723505,7.345334857142857,3.303902905169664,12.364319560578707,6.359265428571428,2.4730876776296893,38.198433775693985,0.8187704328506795,0.4632579225674917,0.88622350294858,9.075
2026-01-29,1.4197916666666668,2.23,8.897916666666667,48,7.06233940124514,6.412124,1.9790712032337106,2.7416348457336426,-0.8533188149358502,7,91.66666666666669,5.636035325792136,5.179387029012081,4.956118974231567,4.43129825592044,7.292867428571428,3.086077642314641,11.188752052834872,6.138936571428571,2.4918908787277503,40.753167272402635,0.7480887730916406,0.4784338202547012,0.8781236129591848,8.9875
2026-01-30,1.0722916666666666,1.74,8.883333333333333,48,6.634187316894554,5.884432,3.998076111824916,1.5958428382418788,-0.8533188149358502,8,91.66666666666669,6.048451571994387,5.411636334373871,5.0881780715216065,4.505880207485652,6.926277142857143,2.97776990276956,13.027907011650797,6.039585714285714,2.4335561031911466,39.191987547457785,0.9057561268882193,0.49346814167723735,0.8697638720650646,8.897916666666667
2026-01-31,0.9320833333333334,1.5,8.810416666666667,48,5.848743057250999,9.895328,3.942593894302104,0.39318632065032944,-0.8533188149358502,9,91.66666666666669,5.541411336263043,5.614711198352666,5.155255844479545,4.598796314663387,6.291783428571429,3.0097793281858474,14.040262100838419,6.196919142857142,2.62058558760503,34.59884969136695,1.0159148836892786,0.5083564379375122,0.8611467540480452,8.883333333333333
2026-02-01,0.5666666666666667,1.27,8.825,48,6.47514432271322,6.565084,1.795522182124944,1.6415596007846034,-0.8533188149358502,10,91.66666666666669,6.515089925130231,5.979785537719757,5.276072529384099,4.754936811659101,6.397574285714286,3.1446056771372204,14.10964022837291,6.724368285714285,2.8820030049758247,28.580516365554587,1.2248487260606566,0.5230943033491326,0.8522748088519838,8.810416666666667
2026-02-02,0.83,1.71,8.9,48,7.205230967203818,2.174764,2.8494075107766688,8.456110954284668,-0.8533188149358502,11,91.66666666666669,6.319358232286258,6.132645725068618,5.4192793528239225,4.812469270494277,6.143024,2.729032159290608,15.277130712735953,6.987814285714285,2.87902722313572,24.74119554684151,1.3201764545743409,0.5376773767406141,0.8431506618282,8.825
2026-02-03,0.8158333333333333,1.71,8.839583333333334,48,4.7105670928955305,8.319576,2.6777269944482076,0.8459000937364181,-0.8533188149358502,12,91.66666666666669,6.509706115722679,6.329808625720822,5.571580914088689,4.861010784573053,5.956529142857143,2.8042610376501154,21.433119286768942,6.812160857142858,2.8977600199703915,30.554883586621173,1.4687978411477687,0.5521013427459208,0.8337770129585915,8.9
2026-02-04,0.7902083333333333,1.86,8.835416666666667,48,6.624317423502646,8.253856,2.4722953804925947,3.3114245770775597,-0.8533188149358502,13,91.66666666666669,6.13031412760419,5.837702778407528,5.601906939915279,4.9978297127618,6.087084,2.695187505834731,19.031645084339743,6.716209428571429,2.9995452055021974,31.39596464491845,0.8398730656457278,0.5663619330814524,0.8241566360566663,8.839583333333334
2026-02-05,0.5136170212765957,1.25,8.887234042553192,47,8.537963485717796,6.957856,3.289746506316623,6.620192527766022,-0.8533188149358502,14,91.66666666666669,6.180038494533998,6.365789940243701,5.7725884846278905,5.259778383043105,6.786452,2.816384753886164,18.9856592305091,7.0396597142857145,2.9512311981004022,30.17441128334397,1.1060115572005964,0.580454927809098,0.8142923779467267,8.835416666666667
2026-02-06,0.205625,0.71,8.808333333333334,48,7.519246673584007,9.76966,3.6280074845278625,0.6195436561711176,-0.8533188149358502,15,91.66666666666669,6.624282667371991,6.5765933808826516,5.9941148576282615,5.556009123060465,6.864413714285715,3.0036240828980083,22.86421691254148,6.89534542857143,2.9906969928337843,35.892123924192276,1.0205842578221862,0.5943761565849831,0.804187157621448,8.887234042553192
2026-02-07,0.18914893617021278,0.97,8.831914893617022,47,5.633955891927087,9.878284,2.954386382541167,1.0344386100769043,,16,91.66666666666669,7.56050919426815,6.703030431838288,6.158870815095477,5.754703733656169,7.419446285714286,2.9507571361412865,21.88791773047072,6.855614857142856,2.9802682321635667,35.92817983130914,0.948326698182119,0.6081214998935418,0.7938439653781019,8.808333333333334
2026-02-08,0.08875,0.59,8.725,48,6.085023498535179,9.791992,1.9272866448866632,0.7784157991181928,,17,91.66666666666669,7.230388683742963,6.672346551077729,6.326066044398743,5.7506518046061466,7.417011428571429,2.8095846344611526,22.529170019897293,6.907292857142857,2.9770951557991867,36.638810248270204,0.9216947464715828,0.6216868902665479,0.7832658619336791,8.831914893617022
2026-02-09,0.030416666666666668,0.36,8.7625,48,6.645358657836937,6.452916,2.197522069655631,7.05634951589218,,18,91.66666666666669,6.412742021348758,6.61661500476658,6.374630364917599,5.733669662475612,7.877998285714286,2.828408129141398,21.666026218230883,7.010511142857142,2.7787201442160034,36.943156930966836,0.8829453422909683,0.6350683134867438,0.7724559775191742,8.725
2026-02-10,0.024583333333333332,0.5,8.9375,48,12.165142949422204,5.947596,4.37295260693857,0.14050304889678955,,19,91.66666666666669,6.121446016099735,6.536633246285597,6.4332209360032095,5.81357563866512,8.489162857142858,2.7352816375526783,20.266264779838394,7.222846,2.769771337601397,41.69938406660734,0.7230576076204773,0.6482618097757122,0.7614175109532997,8.7625
2026-02-11,0.05127659574468085,0.39,9.002127659574468,47,11.45493087768557,5.842276,5.3030871588877915,0.529426336186134,,20,91.66666666666669,8.298508368598107,7.601572654360837,6.719637716384183,6.05152492523196,8.150308571428571,2.9774567250513013,19.560867734998766,7.118696285714286,2.8363221154430165,38.59251281933851,1.5500477291288766,0.6612634749656386,0.7501537286959042,8.9375
2026-02-12,0.015,0.35,9.027083333333334,48,9.167335128784202,12.367072,5.555136604237103,0.01634061300137546,,21,91.66666666666669,10.08847749498157,8.291660290672683,7.328725115458192,6.214973894755072,7.805797142857143,3.3818555505363297,16.77886949410734,7.296124571428572,3.0991201522112464,35.76452872461644,2.0766863959176103,0.6740694616546161,0.7386679638813748,9.002127659574468
2026-02-13,0.050833333333333335,0.36,8.99375,48,6.886366780598962,4.679536,2.5741521633945452,11.15616559980026,,22,91.66666666666669,10.92913631863066,8.381570525396455,7.479081953139554,6.282840453253878,8.578542285714287,3.7054827073821124,10.175017579342693,7.721478,3.354553395140061,33.03923449188417,2.098730072142577,0.6866759803451553,0.726963615332308,9.027083333333334
2026-02-14,0.009583333333333333,0.37,8.925,48,4.50743128458663,8.8793,6.57518819536485,2.846631407635414,,23,91.66666666666669,9.169544262356245,8.291159112112878,7.497094771975583,6.26805063883466,7.851381714285714,3.5549319472202106,20.711639522971836,7.635414,3.2528445416807483,42.599557253442555,2.023108473278217,0.6990793005655562,0.7150441465537444,8.99375
2026-02-15,0.019583333333333335,0.28,8.854166666666666,48,6.66677055358889,10.896688,2.9717477747547223,0.012084841785053868,,24,91.66666666666669,6.853711064656598,8.130227025349955,7.4012867882138424,6.244514613681394,7.708669714285714,4.072189349052165,22.523832320530346,7.5628405714285725,3.440886991756659,45.05300234042764,1.8857124116685604,0.7112757519738152,0.7029130847082615,8.925
2026-02-16,0.11145833333333334,1.34,8.952083333333333,48,9.82133255004885,5.276444,3.9096874799725567,5.350071191685402,,25,91.66666666666669,6.020189539591494,8.213333747500485,7.414974376133533,6.27690368228491,7.866483428571428,4.221398081890459,21.757501363197207,7.872240857142858,3.5249031055159286,43.42352758142809,1.9364300652155748,0.7232617254437388,0.6905740195722293,8.854166666666666
2026-02-17,0.18270833333333333,0.87,9.327083333333333,48,8.414214070638025,2.729372,0.7185760430037793,1.1863738297392956,,26,91.66666666666669,6.998511462741457,8.667044303530758,7.601838774908178,6.465704451666964,7.698415999999999,4.465993140507163,20.05122303899043,8.093789428571428,3.6006373890299206,40.31748781882882,2.2013398518637946,0.7350336741329413,0.6780306024735382,8.952083333333333
2026-02-18,0.16583333333333333,1.68,9.2,48,8.192844009399437,12.360468,3.479567089494822,0.27454197396536983,,27,91.66666666666669,8.300772391425255,8.131197320847305,7.866384987604071,6.597169960869708,7.238669714285714,3.9439393456593357,21.097093819832935,7.694489142857143,3.4606980353553185,40.6579615548317,1.5340273599775962,0.746588114532413,0.6652865452111116,9.327083333333333
2026-02-19,0.35520833333333335,2.36,9.164583333333333,48,6.101874287923181,11.594028,4.370582287507839,0.0522166489531628,,28,91.66666666666669,8.809463543362105,7.665184911092142,7.978422600882412,6.70116445753312,8.169839999999999,3.6834364786031975,20.84220945761217,7.987818571428571,3.5326460145697633,37.62107895171951,0.964020453559022,0.7579216274973472,0.6523456189565257,9.2
2026-02-20,0.16375,0.89,9.2,48,5.788861211140954,11.291798,3.3273781726378426,0.001766363084243494,,29,91.66666666666669,7.569644122653547,7.2272619338262825,7.804416229611369,6.761693509419784,8.059405142857143,3.514214433356159,20.878085493563958,8.318973714285713,3.6098485703691354,31.05310307290665,0.4655684244064986,0.7690308592589181,0.6392116531380588,9.164583333333333
2026-02-21,0.10645833333333334,1.15,9.414583333333333,48,7.210986073811853,15.391332,1.0556467750775562,0.000852346317969932,,30,91.66666666666669,6.694526502821191,7.0704754239037095,7.680817268008293,6.81349635654028,9.004014,3.6218181489623444,9.723686256847941,8.427697857142856,3.5883750480912773,30.435325779819777,0.2569790673634298,0.7799125224167177,0.6258885343075018,9.2
2026-02-22,0.06702127659574468,0.92,9.5,47,8.352117156982445,15.410748,1.0958216550372977,0.0008567296845285455,-0.1174763135175595,1,91.66666666666669,6.367240524291996,7.45669753665017,7.793462281000062,6.872642750210255,9.934304285714287,2.833312231778445,6.877907195530497,8.821487,3.4527507904153047,29.401739516060843,0.584054786439915,0.7905633969115482,0.612380204990065,9.414583333333333
2026-02-23,0.08,0.65,9.658333333333333,48,9.72681833902999,15.674702,1.0246802135779083,0.0017047672145054094,-0.1174763135175595,2,91.66666666666669,7.117321480645084,7.697461337134963,7.955397542317725,6.977291213141569,10.579170000000001,2.5653227861045274,6.866679083429972,9.222826714285715,3.3933604339974934,28.62418044662718,0.7201701239933938,0.8009803309782905,0.5986906625177214,9.5
2026-02-24,0.13520833333333335,1.0,9.825,48,10.45390345255538,15.709146,1.8612782716681409,0.0012787705259142967,-0.1174763135175595,3,95.83333333333331,8.429973856608095,7.683959306989412,8.175501805260085,7.191744401719857,12.06463542857143,2.1531788909052922,1.5183126589590756,9.881525714285715,3.3095860157062273,21.569535697949505,0.492214905269555,0.8111602420785621,0.5848239578463322,9.658333333333333
2026-02-25,0.17166666666666666,0.71,10.004166666666666,48,10.642849222819052,15.500564,1.3860715945261426,0.0,-0.1174763135175595,4,95.83333333333331,9.510946316189271,7.975343504406177,8.053270412626741,7.360037083095997,13.918888857142859,2.316422066428772,0.3332175997456943,10.578779285714287,3.130180706044054,21.43031141957863,0.61530642131018,0.8211001178128892,0.5707841943569036,9.825
2026-02-26,0.17520833333333333,1.08,10.154166666666667,48,10.701602554321312,16.01896,1.3082041725988425,0.0004351138045421976,-0.1174763135175595,5,95.83333333333331,10.27452367146814,8.325344249180407,7.995264580136275,7.520629035102019,14.367474,2.017351281433247,0.05867562578032448,11.268657000000001,2.850393880018222,20.900885083392495,0.8047152140783886,0.8307970168121247,0.5565755266413303,10.004166666666666
2026-02-27,0.050416666666666665,0.45,10.445833333333333,48,10.365239715576195,16.028384,0.5262712469360753,0.5339324474284979,-0.10241288423483388,1,95.83333333333331,10.599451743231915,8.982448287237284,8.104855110531783,7.60550551944311,14.999607142857144,1.5798686935891044,0.006894090631703875,11.529506142857143,2.5470415634726318,20.884979584195662,1.3769427677941746,0.8402480696078469,0.5422021592729844,10.154166666666667
2026-02-28,0.25833333333333336,5.34,10.879166666666666,48,6.945455169677757,8.718844,2.949205359216498,2.168637514046168,-0.10241288423483388,2,95.83333333333331,10.569897164238853,9.636216645013747,8.353346034458728,7.853423266940668,15.676262285714285,1.1797105613459948,0.5390601749759583,12.340138142857143,2.4007643551541697,10.2627464318239,1.7827933780730785,0.8494504794814806,0.527668345562516,10.445833333333333
2026-03-01,0.805625,8.47,10.714583333333334,48,7.120899454752646,15.817388,1.2854764567654047,0.0004470348358154297,-0.10241288423483388,3,95.83333333333331,9.337432479858421,9.598283658708876,8.527490597679522,7.8495271258884225,14.723049714285713,1.4502189305087008,2.706845342704156,12.328677,2.141765581143573,9.584752538234653,1.7487565328204537,0.8584015232918917,0.512978386299228,10.879166666666666
2026-03-02,0.19833333333333333,2.05,9.620833333333334,24,7.420288976033532,12.446876,2.644083999777977,0.011414289474487305,-0.10241288423483388,4,95.83333333333331,8.143864780002199,9.42239541553319,8.559928376334076,7.865750863817025,14.781141142857141,1.477312473612716,2.706435647855443,12.680155571428571,2.021317629858622,9.573114731285415,1.5566445517161647,0.8670985522812081,0.4981366284784055,10.714583333333334
2026-03-03,0.044893617021276595,0.55,9.995744680851065,47,8.97870788574221,11.216428,1.8552736020327116,0.435131788151466,-0.10241288423483388,5,95.83333333333331,7.162214533487979,9.09289122081941,8.388425263904411,7.918135727776443,14.320023142857142,1.7086558716412974,2.716145170115425,13.192329285714285,1.9309173812732947,4.2344578290745005,1.1747554930429676,0.8755389928586302,0.4831474640149687,9.620833333333334
2026-03-04,0.034166666666666665,0.41,10.110416666666667,48,9.03105189005538,8.32854201171875,2.135399364671762,0.594574212925636,-0.10241288423483388,6,95.83333333333331,7.839965438842796,8.882148996988958,8.428746250697568,8.001587846544076,13.678206285714285,1.707798061693379,3.1499981877409766,13.798547571428573,2.0121100640610754,3.483215787486671,0.8805611504448816,0.8837203473619977,0.4680153284438345,9.995744680851065
2026-03-05,0.0020833333333333333,0.03,10.170833333333333,48,9.904140090942406,6.4815664296875,0.8644344703973783,11.012989282562557,-0.10241288423483388,7,95.83333333333331,8.47668291727704,8.651892235165576,8.488618242172992,8.062448543972462,12.65363171595982,1.8148448859998958,3.7445724006666126,13.510552857979912,1.9160980837165713,3.803248026446937,0.5894436911931145,0.8916401947968874,0.45274469960737107,10.110416666666667
2026-03-06,0.043191489361702126,0.57,10.321276595744681,47,7.152296956380212,2.290424,3.0577503882643358,36.38312220573425,-0.10241288423483388,8,95.83333333333331,9.304633288913331,8.537969026111446,8.760208656674365,8.235567643907357,11.291146920200891,1.7514492142568296,14.757126569424628,13.14537703152902,1.6656589539229667,14.764020660056332,0.3024013822040885,0.8992961915530253,0.4373400963303323,10.170833333333333
2026-03-07,0.15541666666666668,4.98,10.28125,48,7.179426447550497,6.47325225,1.4295032335009321,16.51793546642466,-0.10241288423483388,9,95.83333333333331,8.695829645792665,8.078977203369163,8.857596924191455,8.253166961669942,9.32858120591518,2.1130890915894383,50.60631632773038,12.502421745814733,1.6463998264677164,51.14537650270634,-0.17418975830077876,0.9066860720977985,0.4218060770826634,10.321276595744681
2026-03-08,0.0,0.0,10.233333333333333,48,7.140826797485374,11.9940715,0.9958421047342348,2.585637125662288,-0.10241288423483388,10,95.83333333333331,8.078621164957704,8.112401671636698,8.855342665172786,8.207882393731033,9.007782384486607,1.8959887879157857,64.95561428010888,11.86541604938616,1.6731038592122434,67.66245962281303,-0.09548072209433478,0.9138076496466615,0.4061472386305789,10.28125
2026-03-09,0.0,0.0,10.283333333333333,48,6.680567677815759,12.5505449375,1.2558663800282577,1.7207795568765505,-0.10241288423483388,11,95.83333333333331,7.157516733805362,8.115248434884231,8.76882192520871,8.195268397861078,8.461594313058034,1.8546124519113332,67.54080437093535,11.621367727957589,1.6659624627620244,70.24724001879079,-0.08001996297684677,0.9206588168102428,0.3903682146763026,10.233333333333333
2026-03-10,0.0,0.0,10.464583333333334,48,7.712260818481468,10.4957494375,0.6093195049286546,0.7298758068259303,-0.10241288423483388,12,95.83333333333331,7.000273640950543,8.009573963710263,8.551232592264837,8.230155457390701,8.476404161272322,1.6562956490899445,69.25016963833741,11.398213652064731,1.682475760365621,71.96631480845284,-0.220581493680438,0.9272375462179537,0.374473674486883,10.283333333333333
2026-03-11,0.0,0.0,10.641666666666667,48,7.391063308715843,10.4951365,0.5417821451570232,0.16584992408752441,-0.10241288423483388,13,95.83333333333331,7.1778850979275335,7.828652954101585,8.35540097554527,8.28439670138891,8.373450080915179,1.478302206646508,69.54491365701188,11.025828183314731,1.5930501341699437,72.69491184475285,-0.45574374728732536,0.9335418911179212,0.35846832151248087,10.464583333333334
2026-03-12,0.01625,0.78,11.002083333333333,48,10.134060160319052,13.755939,0.5581435900345025,0.12421607971191406,-0.10241288423483388,14,95.83333333333331,7.26129726833769,7.59436887105308,8.123130553109329,8.309253523084873,8.682963579241072,1.2506426038586882,69.11618936817376,10.668297647600445,1.532743744929292,72.86076176884038,-0.7148846520317935,0.9395699859530622,0.342356891994542,10.641666666666667
2026-03-13,0.3275,3.67,11.341666666666667,48,10.596252695719443,19.013716125,2.465614996750067,0.0,-0.10241288423483388,15,95.83333333333331,8.41246142917212,7.627214595249744,8.082591810680595,8.241550763448101,9.722159660714285,1.2068867638068486,58.22741616532312,10.506653290457589,1.4791679890318394,72.98454273474775,-0.6143361681983572,0.945320046913132,0.3261441535642696,11.002083333333333
2026-03-14,0.05333333333333334,1.07,11.402083333333334,48,5.80018259684249,10.3705009375,3.4012628301953587,11.975154280662537,-0.1263837826874832,1,95.83333333333331,9.373792054918113,8.119208272298206,8.099092737833685,8.212928157382565,12.111201392857142,1.1222959935905246,21.844293959588867,10.71989129938616,1.6176925425899815,72.45061028731925,-0.09371988508435969,0.9507903724625832,0.3098349038318025,11.341666666666667
2026-03-15,0.06916666666666667,1.05,11.095833333333333,48,4.8511374155680755,12.1782335625,5.111787362000491,2.632355689911492,-0.1263837826874832,2,95.83333333333331,8.843498484293661,7.922173436482775,8.017287554059736,8.100689739651175,12.667951205357141,1.4039759359754425,17.301512773826744,10.837866794921874,1.6499823619456142,82.25712705393562,-0.17851630316839984,0.9559793438440766,0.2934339689665273,11.402083333333334
2026-03-16,0.94875,4.64,11.260416666666666,48,7.917717870076501,17.973539125,3.384910899705435,0.0013142823149792093,-0.1263837826874832,3,95.83333333333331,7.082524236043336,7.595074953351733,7.855161694117982,8.032848760816812,12.69426007142857,1.991968115584908,17.348231338075948,10.577927192243303,1.9232902837481203,84.8890357090113,-0.43777380746507877,0.9608854255574977,0.27694620226893646,11.095833333333333
2026-03-17,0.641875,2.82,11.441666666666666,48,10.253943379720056,20.332448625,1.1652741499827892,0.002138701177045732,-0.1263837826874832,4,95.83333333333331,6.189679294162356,7.771810695103268,7.8906923294067655,8.14652498033314,13.468973526785714,2.2961173326816473,15.628766063514377,10.972688844029017,1.976206490885796,84.87893570185179,-0.3747142852298726,0.9655071658143364,0.2603764827344581,11.260416666666666
2026-03-18,0.5204347826086957,2.44,11.373913043478261,46,11.147574996948265,20.3171334375,1.653303471275381,0.02007802510206602,-0.1263837826874832,5,95.83333333333331,7.674266221788211,8.134908203851637,7.981780578976611,8.266097407870847,14.874216267857141,2.375539424832238,14.901028957865492,11.62383317438616,1.9269208157393731,84.44594261487737,-0.13118920401920953,0.969843196967294,0.24372971360968387,11.441666666666666
2026-03-19,0.58,6.83,10.9,47,8.487580871582054,8.112409375,3.5567760408932982,1.0086894035339355,0.06615494090039581,1,95.83333333333331,9.77307874891494,8.671552730741983,8.132960800897532,8.31030548943416,16.2773586875,2.5343281857062894,14.755257058880034,12.480161133370535,1.8924853947824887,83.8714464270538,0.36124724130782226,0.9738922359149924,0.22701082094141847,11.373913043478261
2026-03-20,0.023541666666666666,0.4,10.845833333333333,48,7.589880243937216,18.9580714375,2.4524492560608895,0.001282006394376367,0.06615494090039581,2,95.83333333333331,9.963033082750124,8.436341403779554,8.031777999514649,8.312751049465627,15.471140169642856,2.962704250114689,15.639730382702055,12.59664991517857,2.0847955069607687,73.86714654802518,0.12359035431392762,0.9776530844816641,0.2102247521189836,10.9
2026-03-21,0.48148936170212764,1.92,11.323404255319149,47,8.33891639709475,19.702064,0.36576218105520264,0.0,0.06615494090039581,3,95.83333333333331,9.075012037489179,8.006859624953522,8.063033948625863,8.292652257283553,15.463190928571427,2.9608234300162346,15.641012389096431,13.787196160714286,2.0415597118033797,37.4853063486853,-0.2857926323300308,0.981124629771712,0.19337647441020586,10.845833333333333
2026-03-22,3.0454166666666667,9.24,12.179166666666667,48,8.162430699666345,20.658734,2.363336101884521,0.0030726193358532328,0.06615494090039581,4,95.83333333333331,8.138792504204673,8.369535882132416,8.145854659307597,8.367220327589273,16.79627136607143,2.5271804801390694,3.665858108433895,14.732111285714284,1.9655782080572561,20.96737088226064,0.00231555454314325,0.984305844499033,0.17647097349152166,11.323404255319149
2026-03-23,7.664166666666667,17.34,12.683333333333334,48,7.625998433430993,13.28511,2.873002661511278,0.010299682514869346,0.06615494090039581,5,95.83333333333331,8.030409113566103,8.842577779860742,8.218826366606237,8.446339310540118,18.007771428571427,2.134544585836788,1.036575037858256,15.35101575,2.0632563507108483,18.384806375934204,0.39623846932062357,0.9871957872910085,0.15951325197263655,12.179166666666667
2026-03-24,5.441041666666667,11.08,12.33125,48,8.580130513509118,21.39048,0.4054354818884263,0.0012890346283711551,0.06615494090039581,6,91.66666666666669,8.042448510064029,8.800903574625668,8.286357134864469,8.460173055860757,17.337995839285714,2.061414837523337,1.0455604380581462,15.403484683035714,2.178766085102492,16.674326501572523,0.3407305187649108,0.9897936029670716,0.14250832791617088,12.683333333333334
2026-03-25,2.230208333333333,4.53,12.210416666666667,48,7.064886347452841,16.581748,3.6352849031155046,0.048580765621863975,0.06615494090039581,7,91.66666666666669,8.122853215535486,8.56178745088125,8.348347827366442,8.467773501078312,17.489143178571428,1.9528664563669995,1.0447107715094717,16.181679723214284,2.1642029405996186,15.945739729374964,0.09401394980293709,0.992098522791769,0.12546123335273648,12.33125
2026-03-26,2.5302083333333334,4.26,12.283333333333333,48,4.8554613749186615,15.489924,5.3518281592922055,0.9958731950518995,0.0932032467304138,1,91.66666666666669,7.757005098130985,7.978546215239045,8.325049472990514,8.379042434692407,16.9555166875,2.2360066609155886,1.0732135120292696,16.6164376875,2.385167423310939,15.828470570909303,-0.40049621945336167,0.9941098647022418,0.10837701279187609,12.210416666666667
2026-03-27,1.5064583333333332,2.88,12.016666666666667,48,5.425348536173544,18.629914,5.531072222245002,0.07736803860325381,0.0932032467304138,2,91.66666666666669,6.83349274529354,7.459672001429989,7.948006702604772,8.192427698771183,18.009447348214287,2.492442677829718,1.0603973035472336,16.740293758928573,2.7275734639722033,16.70012768624929,-0.7327556973411946,0.9958270335100595,0.09126072172931188,12.283333333333333
2026-03-28,0.9741666666666666,3.93,11.7875,48,5.115993754069052,10.979412,5.78220126029817,0.5360126494338147,0.0932032467304138,3,91.66666666666669,5.781898752848349,7.150453186035179,7.578656405494351,8.018511009216333,17.962567714285715,2.9322459587131626,1.136483335756111,16.71287932142857,2.9465346943646993,16.777495724852542,-0.8680578231811538,0.9972495210773451,0.07411742515094437,12.016666666666667
2026-03-29,0.5606521739130435,1.54,11.476086956521739,46,3.6676835378011106,17.890374,6.740615429214078,1.71811282634593,0.0932032467304138,4,91.66666666666669,5.132267888387086,6.690035665602936,7.529785773867677,7.832324049207925,16.71647457142857,3.7060229700335867,1.6724959851899257,16.75637296875,3.1166017250863276,5.3383540936238205,-1.1422883836049884,0.998376906467142,0.056952196034039754,11.7875
2026-03-30,0.4359574468085106,1.76,11.317021276595744,47,6.043962732950888,14.367356,5.578034520067553,0.101494789021217,0.0932032467304138,5,91.66666666666669,4.736341942681236,6.047928928193618,7.445253354027179,7.609072176615422,16.320994571428574,4.331348588223523,3.3875361922000025,17.164383,3.2329465870301557,4.424111230058259,-1.5611432484218044,0.9992088560679753,0.03977011384605572,11.476086956521739
2026-03-31,0.40041666666666664,1.8,11.347916666666666,48,7.098932520548544,14.590942,6.323516262511332,0.2596408127715222,0.0932032467304138,6,95.83333333333331,4.94254667494035,5.821923828125031,7.31141370137535,7.579022428724526,16.475601142857144,4.71778171087442,3.47873129870635,16.90679849107143,3.3895982741988786,4.524291736764496,-1.7570986005994955,0.9997451236925734,0.022576263041545485,11.317021276595744
2026-04-01,0.41208333333333336,2.05,11.264583333333333,48,8.166631317138695,14.47253,5.772820675461658,0.5467661271723046,0.0932032467304138,7,95.83333333333331,5.603526263766848,5.610324114844949,7.086055782863099,7.57829019758439,15.504238571428573,5.563221822391979,3.737083076849501,16.496690875000002,3.758044139379489,4.781793848358973,-1.9679660827394407,0.9999855506507186,0.005375731557583884,11.347916666666666
2026-04-02,0.175,1.02,11.233333333333333,48,7.292263921101892,12.878892,5.9342621005771585,0.8486568926855398,0.0932032467304138,8,95.83333333333331,7.103175523546042,5.767716253371499,6.873131234305272,7.603168275621228,15.202921714285713,5.868584075584286,4.235268438399942,16.079219200892858,4.052295368249937,5.308481950429211,-1.8354520222497293,0.9999300657962057,-0.011826390691832589,11.264583333333333
2026-04-03,0.03791666666666667,0.55,11.395833333333334,48,8.70712814331057,22.203808,4.137976188518126,0.0,0.0932032467304138,9,95.83333333333331,7.519275919596377,6.1158309028262465,6.787751452128118,7.546953476799884,14.829917142857143,5.9517889243392785,4.088052136033582,16.419682245535714,4.222115801084499,5.148449439580816,-1.4311225739736377,0.9995786855478958,-0.029025013321975237,11.233333333333333
2026-04-04,0.006458333333333333,0.24,11.908333333333333,48,13.913528060913109,23.681652,0.9027058849766036,0.0,0.0932032467304138,10,95.83333333333331,8.055341127183718,6.5846565609886785,6.867554873511929,7.536156018575057,15.340473428571428,5.752775205235439,4.010684097430328,16.651520571428573,4.3425105819743015,5.147167433186439,-0.9514994575863787,0.9989315138848577,-0.046215046983708354,11.395833333333334
2026-04-05,0.03854166666666667,0.55,12.4,48,15.366644159952841,20.645974,0.7888178142382155,0.0563061078651117,-0.6777304320239952,1,95.83333333333331,9.970973375108523,7.841447176252116,7.265741420927526,7.669802284240747,17.155079142857144,5.055704437332359,3.4746714479965135,16.93577685714286,4.380863703682973,5.147167433186439,0.17164489201136846,0.9979887423155984,-0.06339140486951038,11.908333333333333
2026-04-06,0.2677083333333333,4.84,12.502083333333333,48,15.880358632405603,24.025372,2.674879360630209,0.0017190600942740275,-0.6777304320239952,2,95.83333333333331,12.662433454725507,9.512727265130934,7.780328096662275,7.943613857693168,17.548736285714284,4.205447635192949,1.8128647295156952,16.934865428571428,4.268398111708237,5.200400921715698,1.569113407437766,0.9967506498213929,-0.08054900421874167,12.4
2026-04-07,0.06666666666666667,1.26,12.535416666666666,48,14.736471430460654,20.12372,2.589824230010968,0.0023806195486031356,-0.6777304320239952,3,100.0,15.05351028442385,10.91792667933875,8.369925253731891,8.233644930521672,18.928452857142855,3.7907111838447576,1.7130890005887522,17.702026999999998,4.254246447359589,5.191820299295102,2.684281748817078,0.9952176027737294,-0.09768276782171598,12.502083333333333
2026-04-08,0.17041666666666666,1.82,12.997916666666667,48,16.157711283365927,23.37722,1.8275056921787816,0.0027917139391320234,-0.6777304320239952,4,100.0,15.327824740939699,12.009003666469052,8.809663890657001,8.486833084954181,19.718849714285714,3.257326607773277,1.4558288073658332,17.611544142857145,4.4102742150826275,5.192911884215334,3.522170581514871,0.9933900548258936,-0.11478762552212701,12.535416666666666
2026-04-09,0.000625,0.03,13.527083333333334,48,16.828252410888695,22.926078,1.2084910571630867,0.0008583068797918258,-0.6777304320239952,5,100.0,15.591513782077394,13.150586518787227,9.459151386079364,8.802737871805853,20.99094828571429,2.693710181590009,0.9118543941326607,18.096935,4.281147128587148,5.147122832532602,4.347848646981374,0.9912685467787256,-0.13185851571739118,12.997916666666667
2026-04-10,0.5982978723404255,4.97,14.534042553191489,47,17.4472480773926,24.52785,0.24306216016763726,0.0027865171432495117,-0.6777304320239952,6,100.0,15.907478374905091,14.51287058875677,10.31435074579151,9.106604258219427,22.42626057142857,2.018600032530856,0.06405580832691271,18.62808885714286,3.985194478435067,4.152107944360495,5.406266330537344,0.9888537064205885,-0.1488903868564548,13.527083333333334
2026-04-11,0.7410638297872341,5.35,14.36808510638298,47,12.222253417968773,16.64708,2.3027777942152157,5.163222551345825,-0.6777304320239952,7,100.0,16.811070590549075,15.76145915076849,11.173057855878584,9.44181041717532,22.75826657142857,1.4621837427665003,0.06684232547016222,19.049370000000003,3.6074794740009692,4.07752642290049,6.319648733593169,0.986146248341595,-0.16587819893463143,14.534042553191489
2026-04-12,1.7810416666666666,7.91,14.425,48,5.186044947306357,6.108594,4.581057799975102,10.894298552557302,-0.6777304320239952,8,100.0,15.499251302083357,15.519848487490728,11.680647831871422,9.511416859096977,21.753327714285714,1.6621940155148736,5.230064876815987,19.45420342857143,3.358949226423616,8.704736324812501,6.008431628393751,0.9831469737221499,-0.1828169249850199,14.36808510638298
2026-04-13,1.6864583333333334,7.62,13.83125,48,6.712398783365927,19.34041,4.826894417353272,0.16869902628968703,-0.6777304320239952,9,100.0,11.618515480889243,14.065477171398372,11.789102218264654,9.331076600816541,19.676559142857144,2.203942584905857,16.068057321508178,18.612647714285714,3.2046951100494034,17.880922051023873,4.7344005705818315,0.9798567700958665,-0.1997015525660636,14.425
2026-04-14,0.9035416666666667,4.61,13.677083333333334,48,10.287692642211937,19.365976,3.569113647447302,0.0015795230865478516,-0.6777304320239952,10,95.83333333333331,8.040232382880353,12.755768621535562,11.836847650437155,9.361483807033988,19.007278857142857,2.5113733072948663,16.23503728770359,18.967865857142858,3.151042245569812,17.948126288292343,3.3942848145015745,0.9762766110869321,-0.21652708524481437,13.83125
2026-04-15,1.271276595744681,7.85,14.148936170212766,47,13.716984049479208,20.807952,2.31396876399768,0.007975101368629112,-0.6777304320239952,11,95.83333333333331,7.395378790961407,12.120228794642887,12.06461623055597,9.542702314588784,18.899029714285714,2.651271795500057,16.234236191241536,19.308939714285714,2.9542992016366663,17.69006499860737,2.577526480054104,0.9724075561219968,-0.23328854407545518,13.677083333333334
2026-04-16,0.09478260869565218,0.77,14.556521739130435,46,15.416265106201195,25.679628,0.41917564543189856,0.002941489185559476,-0.6777304320239952,12,95.83333333333331,10.239025158352357,11.771553475516214,12.461069997151721,9.73601118723554,18.531991428571427,2.7207665200456135,16.239419578671033,19.761469857142856,2.7072383508178115,17.151273972803693,2.0355422882806735,0.9682507501166718,-0.2499809690726521,14.148936170212766
2026-04-17,0.34229166666666666,1.36,14.933333333333334,48,16.853085454305017,23.262432,0.48649764840692294,0.0008642672355563263,-0.6777304320239952,13,95.83333333333331,13.14031393263078,11.569841003418,13.041355796087386,9.908088578118246,18.92535571428571,2.608007175512587,16.2415027609768,20.675808142857143,2.3133036040217214,16.305558569303713,1.6617524252997544,0.9638074231367307,-0.26659942067929354,14.556521739130435
2026-04-18,0.3647916666666667,1.12,15.616666666666667,48,16.336495335896814,22.502444,1.4071454937594623,0.9841322898864746,-0.6777304320239952,14,95.83333333333331,15.328778203328474,11.484960628691201,13.623209889729846,10.098272260030138,18.744581714285715,2.642783673832485,16.239580511069107,20.751424142857143,2.052483708299493,16.30642283653927,1.3866883686610638,0.9590788900341131,-0.28313898122818354,14.933333333333334
2026-04-19,0.6020833333333333,1.4,16.475,48,16.069893137613974,22.824838,0.1793410881740439,3.8548446256072566,-0.6777304320239952,15,95.83333333333331,16.201948632134343,12.072709474109493,13.79627898080011,10.359902742173963,19.58106228571429,2.5148362023388056,12.060490249609757,20.667195,2.0885151089268397,17.290555126425744,1.7128067319355296,0.9540665500578387,-0.2995947563972602,15.616666666666667
2026-04-20,0.46208333333333335,1.4,17.00625,48,16.902353541056357,23.535908,0.3252118471886889,2.4334738291145186,,16,95.83333333333331,16.419824642605267,13.627544929867724,13.84651105063305,10.642569838629855,21.969097142857144,1.8860195292243689,5.021036322659711,20.82282814285714,2.044981057065113,21.08909364416789,2.984975091237869,0.9487718864399473,-0.31596187665790293,16.475
2026-04-21,1.0964583333333333,3.14,17.5375,48,19.383749898274743,23.7501,1.519103951907832,0.6844103336334229,,17,91.66666666666669,16.436247338189048,15.083252752394928,13.919510686965245,10.928017743428574,22.568454,1.2429220192008568,7.285811125484543,20.787866428571427,1.8771476632478614,23.520848413188133,4.155235008966354,0.9431964659565866,-0.33223549871590435,17.00625
2026-04-22,1.0222916666666666,2.49,17.4,48,17.21094156901046,25.55861,0.9852105359068274,0.0008523463748133508,,18,91.66666666666669,17.451998858981693,16.382689503261044,14.251459148951966,11.30206171671552,23.194757428571428,0.9500634912666468,7.968641936031418,21.046893571428573,1.800667643383352,24.202878127272953,5.080627786545524,0.9373419384643772,-0.3484108069446808,17.5375
2026-04-23,0.896875,1.81,17.347916666666666,48,15.214336649576865,19.005214,2.9364239040422424,0.0422745943069458,,19,91.66666666666669,17.832348336113853,16.88182629176551,14.326689883640862,11.621559821234836,23.873422857142856,0.760240887253668,7.961519181037602,21.202707142857143,1.7405037036496407,24.200938759708635,5.260266470530674,0.9312100364121947,-0.3644830148102912,17.4
2026-04-24,1.2006382978723404,2.3,16.738297872340425,47,14.90284372965499,21.115082,1.2023433310235363,2.8831511735916138,,20,91.66666666666669,17.26967603895402,16.852979369390603,14.211410186404303,11.842700025770428,22.919935142857145,1.11984778134086,8.000852286158988,20.92264542857143,1.8639274784267232,24.24235504713579,5.010279343620175,0.9248025743285089,-0.38044736628785164,17.347916666666666
2026-04-25,1.5870833333333334,3.68,17.716666666666665,48,15.365483220418298,20.710966,2.2847315905992946,0.2117753028869629,,21,91.66666666666669,15.776040649414105,16.574373408726313,14.029667018708759,12.103965271843833,22.613170857142855,1.2221114502860904,10.883139192515046,20.678876285714285,1.9324475620592876,27.122719703584153,4.4704081368824795,0.9181214482844364,-0.39629913726891813,16.738297872340425
2026-04-26,1.7639583333333333,3.14,18.297916666666666,48,16.687741216023767,22.958486,1.4443728745005178,0.10704398154715022,,22,91.66666666666669,15.16088786655005,16.435657392229384,14.25418343316944,12.454299333360488,22.357245428571428,1.347480892691781,10.110782205515534,20.969153857142857,1.9311585475152933,22.17127245512529,3.9813580588688957,0.9111686353326631,-0.41203363695942635,17.716666666666665
2026-04-27,1.7289583333333334,3.0,18.658333333333335,48,17.333912150065146,24.706612,0.938128034420167,0.031247735023498535,,23,91.66666666666669,15.652022722032351,16.523921403430784,15.075733166649254,12.829712422688829,22.376338,1.5281997193098482,6.3629815614554275,22.17271757142857,1.7071096242671087,11.384017884115138,3.694208980741955,0.9039461929224011,-0.42764620926777464,18.297916666666666
2026-04-28,1.5629166666666667,2.17,18.733333333333334,48,17.35993919372561,25.62262,1.304628121253831,0.0011920928955078125,,24,91.66666666666669,16.46237886216907,16.585572633289182,15.834412692842054,13.236976369222031,22.54358142857143,1.615759174628631,3.9607554673644074,22.556017714285712,1.429340596914744,11.24656659284895,3.348596264067151,0.8964562582905575,-0.44313223418263453,18.658333333333335
2026-04-29,1.3722916666666667,2.35,18.352083333333333,48,14.806593831380212,13.686166,2.7518136447359622,13.54112625121573,,25,91.66666666666669,17.127197519938175,16.29645681835359,16.339573160807316,13.69338489108618,22.811084285714287,1.585119770249488,3.2775372266264924,23.00292085714286,1.2675916307580675,11.24617916265791,2.6030719272674094,0.8887010478292915,-0.45848712914008766,18.733333333333334
2026-04-30,1.4958333333333333,2.06,18.39375,48,16.054486211140954,22.26954,0.2875094104674942,2.056005597012245,,26,91.66666666666669,16.500148391723656,15.952978570120697,16.417402430943103,13.98547259436716,21.11502085714286,1.8374916429393644,16.81781113146741,22.494221857142858,1.2988662650965161,24.77933031250501,1.9675059757535376,0.8806828564301475,-0.47370635037968,18.352083333333333
2026-05-01,1.1589583333333333,1.87,18.8875,48,15.185341771443689,14.966332,2.445363091949992,2.6115775108337402,,27,91.66666666666669,16.073673078748925,16.072999936058427,16.462989652724513,14.283991050720239,21.581353142857143,1.4590752867144006,18.831542134172707,22.25064414285714,1.2894615340276303,26.832394420331696,1.7890088853381876,0.8724040568049612,-0.48878539428899265,18.39375
2026-05-02,1.2769565217391303,2.31,17.652173913043477,46,13.91647618611654,8.458876,2.9822825188808864,18.948215246098243,,28,91.66666666666669,15.348807271321618,16.113356799171097,16.343865103948705,14.51794806586374,20.702960285714287,1.636649538275323,18.559968471414834,21.658065571428573,1.4293804942807067,29.44310766392988,1.595408733307357,0.8638670987837349,-0.503719798736334,18.8875
2026-05-03,0.879375,1.57,17.354166666666668,48,13.392601267496786,9.269704,1.6264588071605641,16.850728455608532,,29,91.66666666666669,15.052101389567062,15.906355794270846,16.171006593250116,14.738755141364228,18.952661714285714,1.7362996708869787,37.296408414626114,20.654953571428567,1.5418902817893796,47.40719062014165,1.1676006529066179,0.8550745085896932,-0.518505144391157,17.652173913043477
2026-05-04,1.040625,1.82,17.258333333333333,48,12.108280436197958,19.15122,0.6404922385486305,11.567383345379767,,30,91.66666666666669,14.164806408352339,15.435621515909848,15.979771459670316,14.894937578837101,16.99712142857143,1.7623119469812711,54.0400928886875,19.68672971428572,1.6452558331455598,60.403074450142924,0.5406839370727461,0.8460288880917339,-0.533137056031809,17.354166666666668
2026-05-05,1.0858333333333332,1.82,17.29375,48,10.375150299072288,23.511902,1.485034111671062,7.302287220852577,,31,95.83333333333331,13.139119296603761,14.689102699643106,15.637337666466143,14.834762658013263,16.203494,1.7197925475710516,65.57622849904376,19.373537714285714,1.6677758610998412,69.53698396640817,-0.14565995837015677,0.8367329140344921,-0.5476112038402312,17.258333333333333
2026-05-06,0.9727083333333333,2.05,17.291666666666668,48,10.157327270507835,21.968784,1.739788634852252,0.22213459016029447,,32,95.83333333333331,11.958677334255677,13.691275714692633,14.993866266523112,14.668379529317244,15.901962857142857,1.7455648319163701,72.87732362700083,19.35652357142857,1.665342301082929,76.15486085362733,-0.9771038146246109,0.8271893372462497,-0.5619233046832195,17.29375
2026-05-07,1.4811538461538463,3.64,17.123076923076923,26,10.853027598063193,21.1552,1.2051944368435474,3.9950294646473594,,33,95.83333333333331,10.880252668592695,13.02709477742515,14.490036673772924,14.477611817253985,17.085194,1.6009898305044117,59.5583319659454,19.100107428571427,1.719240736721888,76.37614309741281,-1.450517039828835,0.8174009818249189,-0.5760691233798758,17.291666666666668
2026-05-08,1.7557446808510637,2.47,16.81063829787234,47,11.698992029825888,18.316424,2.0152210149314795,6.331360340102066,,34,95.83333333333331,10.461835055881105,12.284029261271185,14.178514598664805,14.348163689507404,16.926002571428572,1.7320876914152765,61.497355833580514,19.253677857142858,1.5955814890648388,80.32889796775322,-2.064134428236219,0.8073707443023492,-0.5900444739548627,17.123076923076923
2026-05-09,1.8652083333333334,2.75,16.614583333333332,48,12.386511103312216,12.086804,2.81805832471815,2.014940953245059,,35,95.83333333333331,10.903115632798972,11.785979298182927,13.949668048677012,14.199539714389402,17.404587142857142,1.6706388232697744,65.21713866284884,19.053773714285715,1.6536441807725486,83.77710713426367,-2.413560416206476,0.7971015927871943,-0.6038452208771035,16.81063829787234
2026-05-10,1.8108333333333333,2.77,16.63125,48,12.490226364135765,22.827912,2.6604536388953695,2.480036020187981,,36,95.83333333333331,11.646176910400433,11.56741285778231,13.736884326026578,14.05148167080352,17.92286257142857,1.6471782241036694,48.283864369995655,18.437762142857142,1.691738947495324,85.58027278462177,-2.48406881302121,0.7865965660866021,-0.6174672802835514,16.614583333333332
2026-05-11,1.6625,2.92,16.966666666666665,48,12.863965606689476,24.289188,1.7605096740847475,0.6244570016811224,,37,95.83333333333331,12.191909832424622,11.438502157302164,13.437061836606006,13.886247613694959,19.85974942857143,1.7948917714943557,33.913171934575104,18.42843542857143,1.7786018592378134,87.9532648232626,-2.447745456392795,0.7758587728069828,-0.6309066211876704,16.63125
2026-05-12,2.1008510638297873,3.05,17.074468085106382,47,11.384460703531943,16.830496,1.8353524257999618,9.151786565784192,,38,95.83333333333331,12.58023435804582,11.546457181658095,13.117779940650601,13.907638019985649,20.59374485714286,1.9548942622852297,22.97024559087646,18.39861942857143,1.8373434049281407,88.54647408992022,-2.361180838327554,0.7648913904341225,-0.6441592666722685,16.966666666666665
2026-05-13,2.4141666666666666,3.92,16.9,48,10.744106547037802,14.514868,3.1275835832837435,0.21451711654663086,,39,95.83333333333331,12.246217558119062,11.690644382295188,12.69096004849391,14.1142518785265,19.639258285714284,2.0049397357322154,24.819744935808075,17.770610571428573,1.8752522838242929,97.69706856280891,-2.4236074962313126,0.753697664392914,-0.6572212950663319,17.074468085106382
2026-05-14,2.605,3.23,16.889583333333334,48,10.279398854573571,15.489204,2.7664924991537574,1.480156183237824,,40,95.83333333333331,11.664177619086407,11.77446999322804,12.400782385326595,14.248642137315564,18.574413142857143,2.203196156936714,24.81212746219441,17.829803571428574,1.902092993720563,84.37045942813981,-2.4741721440875235,0.742280907086982,-0.6700888411055113,16.9
2026-05-15,2.8714583333333334,3.59,16.641666666666666,48,8.468710835774743,24.777184,4.1009503751249845,1.766228675840864,,41,95.83333333333331,10.802655368381105,11.69252302987238,11.988276145571783,14.248365677727618,17.764985142857142,2.4262387372667438,22.297254180784876,17.345493857142856,2.07916321434101,83.79461001436539,-2.555842647855238,0.7306444969184916,-0.6827580970759147,16.889583333333334
2026-05-16,2.730625,4.32,16.483333333333334,48,9.031966781616234,19.81254,2.914583636644684,0.0022292137096258102,,42,95.83333333333331,9.830738745795372,11.231054287865074,11.508516793024,14.073423237270804,18.687950857142855,2.724200074437245,17.732122516523674,18.046269,2.19741944885351,82.94926117937251,-2.8423689494057296,0.7187918772884232,-0.6952253139408722,16.641666666666666
2026-05-17,3.301041666666667,5.89,16.55,48,10.794776535034202,23.02152,0.7607204918486073,8.044573664562904,,43,95.83333333333331,9.260025490654849,10.751833670479934,11.159623264131122,13.860613293117972,19.791627428571427,2.737989404712464,15.71941077698824,18.857245,2.1925838144080667,64.0032751469839,-3.1087796226380373,0.7067265555776158,-0.7074868024503348,16.483333333333334
2026-05-18,4.170208333333333,11.33,16.70625,48,13.395115788777673,23.168616,0.7441601249015467,0.8116796533919057,,44,95.83333333333331,9.431818050808394,10.509626552036853,10.974064354669508,13.65866966247561,19.819285714285716,2.466598955134355,21.283948421363164,19.83951757142857,2.130745363314355,55.19712035593827,-3.1490431104387575,0.6944521021088763,-0.719538934232584,16.55
2026-05-19,3.7036170212765955,10.32,17.04468085106383,47,17.034601465861044,26.58512,0.9695145367818647,0.053310878922019356,,45,95.83333333333331,11.073953035142702,10.585505149478024,11.06598116556806,13.56062367757164,19.659204,2.321406162393898,21.471171073073947,20.126474428571424,2.1381502123395637,44.441416663950406,-2.975118528093615,0.6819721490904629,-0.7313781428679254,16.70625
2026-05-20,10.324791666666666,23.4,17.85,48,17.979044214884482,25.401868,0.5865034423057083,0.058144330978393555,,46,95.83333333333331,13.741497929890974,11.392668115525039,11.541656248910114,13.592780621846542,21.052721714285717,2.1977150353913126,12.372695386211774,20.34599,2.1013273855617642,37.19244032201985,-2.200112506321503,0.6692903895412567,-0.7430009249440493,17.04468085106383
2026-05-21,6.862978723404256,16.35,18.153191489361703,47,22.28665122985842,28.352996,0.6969528576025037,0.0008523463748133508,,47,95.83333333333331,16.1362538231744,12.426230639503135,12.100350316365589,13.628670310974146,22.608007428571426,1.8347035866801649,12.216322600643537,20.591210285714283,2.0189498718084393,37.02845006283795,-1.2024396714710104,0.6564105761979381,-0.7544038410927472,17.85
2026-05-22,6.51936170212766,17.4,19.157446808510638,47,24.280737813313806,28.622152,0.9856777982757049,0.000852346317969932,,48,95.83333333333331,19.100098970201316,14.14155240740097,12.917037718636676,13.725433688693602,24.445692,1.539055066458557,10.737018763780526,21.10533857142857,1.9826469018626507,33.0342729445654,0.4161187187073683,0.6433365204044917,-0.765583517007675,18.153191489361703
2026-05-23,12.093333333333334,30.66,20.166666666666668,48,23.227531051635765,29.5737,0.8161612399140435,0.0,,49,95.83333333333331,21.51547775268557,16.400413404192268,13.81573384602867,13.961093563503713,24.994973142857145,1.09401612690866,8.971642434257632,21.841462000000003,1.9091081006729524,26.703764950781306,2.4393198406885546,0.6300720909843687,-0.7765366444428655,19.157446808510638
2026-05-24,17.06688888888889,52.83,20.59111111111111,45,23.02660713195803,26.485728,1.810364422660712,0.02631545066833496,,50,95.83333333333331,23.264973364935997,18.428351157052198,14.590092413766067,14.228200043572343,26.389424571428574,0.7942414988042827,8.969413220548006,23.090526,1.7661154517583735,24.688823997536247,4.200151113479855,0.6166212130956382,-0.7872599821916922,20.166666666666668
2026-05-25,16.06744680851064,26.02,20.04468085106383,47,22.17217597961428,30.259644,2.8093709284061696,0.0008583068797918258,,51,95.83333333333331,23.511625332302533,20.175755528041318,15.342691040039085,14.498992156982444,26.88431142857143,0.9441906317774406,0.9511550066534369,23.351798571428567,1.705394793455898,22.2351034280166,5.676763371058874,0.6029878670694714,-0.7977503570459932,20.59111111111111
2026-05-26,14.978125,23.25,20.01875,48,21.9498007456462,30.85732,2.083771525629123,0.0017097978570745909,,52,95.83333333333331,22.808771387736027,21.429621269589404,16.007563209533714,14.725881915622312,27.897315428571428,1.2392207465638152,0.14033366014132298,23.778259714285717,1.7803134544788564,21.61150473321527,6.703739353967093,0.5891760872322963,-0.8080046647350754,20.04468085106383
2026-05-27,22.964,48.25,20.715555555555557,45,23.699006652832054,30.429108,0.626965092461594,0.0004357577836344717,,53,95.83333333333331,22.382861285739505,22.131792595272998,16.76223035539902,14.901283899943058,28.507629714285713,1.3984003163991379,0.08873257907637822,24.780175714285715,1.7980576758952254,12.461427965288152,7.23050869532994,0.5751899607119775,-0.8180198708443174,20.01875
2026-05-28,33.04021276595745,110.58,21.8,47,24.019462203979515,28.40514,0.9772924864399378,0.01461803913116455,,54,95.83333333333331,22.606994459364177,22.948930086408364,17.68758036295575,15.113453716701956,29.225806857142857,1.4041805521356927,0.031024005881619132,25.916907142857145,1.6194420694079288,12.247346606525156,7.835476369706408,0.5610336262283677,-0.8277930117131022,20.715555555555557
2026-05-29,50.143191489361705,178.24,22.2531914893617,47,24.132968521118187,27.855684,1.5601307614436144,0.6698972097751721,,55,95.83333333333331,23.22275653415259,23.19647451128281,18.66901345934189,15.335437817043752,29.233256,1.444229070541041,0.04478969863797033,26.839474,1.4916420684997989,10.781808462418496,7.861036694239056,0.5467112728685939,-0.8373211953118121,21.8
2026-05-30,96.62833333333333,329.5,22.829166666666666,48,21.788435236612997,24.089316,1.784004007225903,0.7338225841522217,,56,95.83333333333331,23.950479125976585,23.17536461239772,19.787889008294993,15.646316973368352,29.12376057142857,1.5262937795650278,0.7138345620951725,27.059366857142855,1.3101549532368437,9.685476996352804,7.529047639029367,0.5322271388474397,-0.8466016020976267,22.2531914893617
2026-05-31,72.598125,329.5,22.985416666666666,48,19.199779129028343,26.728728,3.085068771444064,0.002371483844854083,,57,95.83333333333331,23.3136219872369,22.969779495965895,20.699065326509047,15.837448607550753,28.34027714285714,1.6645570320381504,1.4476571462473942,27.36485085714286,1.2293992654212167,10.4170703667954,7.132330888415142,0.5175855102531889,-0.8556314858488706,22.829166666666666
2026-06-01,49.84127659574468,75.39,23.029787234042555,47,20.639274215698265,28.563348,1.7882822561493343,0.0004261732087229575,,58,95.83333333333331,21.707060962253177,22.423089781261655,21.299422654651487,15.971263186136907,28.374991428571427,1.8466576532929153,1.4237131794239133,27.62965142857143,1.3954241425351779,2.37486818607735,6.451826595124748,0.5027907197793043,-0.8644081744776648,22.985416666666666
2026-06-02,19.303125,59.73,22.839583333333334,48,16.835680262247763,17.706,3.807557513213611,0.02622902388793591,,59,95.83333333333331,20.54249619377987,22.20410381498794,21.81686254228867,16.195356453789632,28.13266342857143,1.7007878429705099,1.4232810457528444,28.01498942857143,1.4700042947671628,1.5636147058941674,6.008747361198306,0.4878471454423119,-0.8729290708206411,23.029787234042555
2026-06-03,3.26625,4.39,22.45625,48,18.717122650146507,30.393612,1.6747539353347052,0.00044107436991680515,,60,95.83333333333331,18.891577868991458,21.473515174502445,21.80265388488772,16.310125753614663,26.253903428571427,1.9470429840540084,1.4478002717837057,27.380766571428573,1.672721650226573,1.536532850860084,5.163389420887782,0.47275920928627757,-0.881191653407483,22.839583333333334
2026-06-04,3.1645833333333333,4.52,22.141666666666666,48,15.65552673339846,17.948572,3.0785105290236774,0.7240653037001721,,61,95.83333333333331,18.730692376030845,20.761817459833082,21.855373773120725,16.530420494079618,26.248832571428572,2.096727104464453,1.447805588369988,27.737319714285714,1.7504538283000728,1.4788295942516072,4.231396965753465,0.4575313760742512,-0.8891934772070711,22.45625
2026-06-05,2.76375,4.51,21.772916666666667,48,15.892629877726279,25.870032,1.27671624942207,0.006067752735816612,,62,95.83333333333331,17.069443215264243,19.56696953546436,21.381722023373584,16.706433041890488,24.75503714285714,2.396901110547844,2.1572528529389956,26.99414657142857,1.9205650905444425,2.202042551576966,2.8605364935738713,0.44216815196707204,-0.8969321743510065,22.141666666666666
2026-06-06,2.398125,3.64,21.464583333333334,48,17.70061391194662,26.177672,1.412776413375765,0.0025749206429281912,,63,95.83333333333331,16.755093087090415,18.389778300694086,20.782571456545902,16.897609795464437,24.47137257142857,2.3564133231161954,1.4934233958996401,26.797566571428572,1.9413535513406115,2.2072579579948126,1.4921685052296496,0.42667408318992467,-0.9044054548343001,21.772916666666667
2026-06-07,2.059791666666667,3.46,21.620833333333334,48,20.593703206380212,26.43786,1.6229791096882669,0.385969877243042,-0.04605329283896212,1,95.83333333333331,16.416256841023785,17.805803825741748,20.38779166085382,17.125862672593886,24.769709142857145,2.3033808097090325,0.7621757323903466,26.554993142857143,1.9839689208735916,2.209832878637741,0.6799411531478619,0.4110537546870351,-0.9116111071930239,21.464583333333334
2026-06-08,2.2851063829787233,3.53,21.548936170212766,47,19.666960652669275,25.668844,2.327481801180029,6.501349916788968,-0.04605329283896212,2,95.83333333333331,18.062315665351036,18.004935836792015,20.214012809026833,17.422353045145694,24.728156571428574,2.094510858029633,1.1457741257885345,26.551574,1.970584255661274,2.569487305212448,0.5825827916463204,0.3953117887649151,-0.9185469991587165,21.620833333333334
2026-06-09,2.282608695652174,3.36,22.491304347826087,46,15.029711023966513,25.879668,4.50565836779358,0.010067618859466165,-0.04605329283896212,3,95.83333333333331,19.32042592366537,17.866033899216443,20.035068857102193,17.665034696790933,24.314655999999996,2.171539364462589,7.646697869368779,26.223659714285713,1.9361636037165495,9.069978915121624,0.2009992024255105,0.37945284372454435,-0.925211078289358,21.548936170212766
2026-06-10,2.25625,3.43,22.1125,48,13.882534917195642,29.288648,4.168838335807686,0.0017046927496267017,-0.04605329283896212,4,95.83333333333331,18.430124961005333,17.608038293747693,19.54077673412507,17.749684185451954,25.482322857142858,2.271268057974013,7.6305364643403095,25.868113142857144,2.109155521014011,9.078336736124015,-0.14164589170426112,0.36348161248290634,-0.9316013725767187,22.491304347826087
2026-06-11,2.2845833333333334,3.62,22.116666666666667,48,16.148541386922204,30.682508,3.625640936634166,0.001293420723413874,-0.04605329283896212,5,95.83333333333331,16.193068864610478,16.917382903326143,18.839600181579613,17.783636495802163,25.324470857142853,2.6275658294701536,7.631800082720019,25.78665171428571,2.362146466967303,9.079605671090007,-0.8662535924760206,0.3474028211842774,-0.9377159910299093,22.1125
2026-06-12,2.4317777777777776,4.26,22.34,45,20.419573084513388,30.996144,2.0817059040796972,0.0004261732051702438,-0.04605329283896212,6,95.83333333333331,15.020262442694786,16.98781356811525,18.277391551789805,17.942439185248507,27.143604571428572,2.705727316271652,6.909028199743261,25.949320857142858,2.5513142134097477,9.066281052682257,-0.9546256171332566,0.3312212278016865,-0.9435531242349544,22.116666666666667
2026-06-13,2.612608695652174,4.26,22.16304347826087,46,23.68607101440432,30.341436,1.1742548209259676,0.000852346317969932,-0.04605329283896212,7,95.83333333333331,16.816883129543744,17.634519740513408,18.012149020603747,18.26495473649769,27.875906285714283,2.820725838365599,6.903386620212615,26.17363942857143,2.5885695807408964,8.396810016112255,-0.630434995984281,0.31494162072895193,-0.9491110448902284,22.34
2026-06-14,2.9110416666666667,4.02,22.35625,48,24.4291924794515,25.033888,0.43543877254035546,0.34455955028533936,-0.3194839801991999,1,95.83333333333331,20.084728495279972,18.489585040864508,18.147694433303126,18.71184380849205,28.470729714285714,2.7866513251584846,6.901664045887657,26.62021942857143,2.545016067433758,7.663839778278003,-0.22225876762754027,0.2985688173637202,-0.9543881083175908,22.16304347826087
2026-06-15,2.8158695652173913,4.27,22.682608695652174,46,23.632403945922874,25.89844,2.206359395479887,0.32692253535060445,-0.3194839801991999,2,95.83333333333331,22.84494552612307,19.03751207987469,18.521223958333355,19.243859863281273,28.270162285714285,2.617002705565926,6.860253718929954,26.499159428571428,2.3557567817977794,8.006027844718488,-0.20634778340658144,0.2821076626819194,-0.9593827529490743,22.35625
2026-06-16,2.603125,4.57,23.36875,48,24.01845258076986,27.518096,0.3161570682815778,0.5081802607946884,-0.3194839801991999,3,95.83333333333331,23.9158891465929,19.60400397891092,18.735018939063682,19.730541102091493,28.30296171428571,2.59969950475162,0.6858263374915907,26.308808857142857,2.3856194346071047,8.33252420686037,-0.1265371231805723,0.26556302780405594,-0.9640935007889755,22.682608695652174
2026-06-17,2.2885416666666667,4.14,23.4625,48,27.100289281209314,28.168064,1.3944920129633027,0.13891141998101375,-0.3194839801991999,4,95.83333333333331,24.026683002048077,20.888109915597113,19.248074104672405,20.171330303616013,28.53702285714286,2.001199319107048,1.183938979426813,27.009672857142856,2.136233688540531,8.814475443767122,0.7167796119810994,0.24893980855376657,-0.9685189578512204,23.36875
2026-06-18,1.8706382978723404,3.7,23.52127659574468,47,26.705000813802087,28.856688,2.6902180611978044,0.008572444755827746,-0.3194839801991999,5,95.83333333333331,24.917048602634015,22.77636053902764,19.84687172117689,20.628169420030403,28.37693942857143,1.6048641301292792,1.3211457066582,26.850705142857144,2.1162149797997163,8.95294578937822,2.148191118997236,0.23224292400907015,-0.9726578145718654,23.4625
2026-06-19,1.7722916666666666,2.99,23.245833333333334,48,25.86888720194503,28.39596,2.8263609460773798,0.31976401805877686,-0.3194839801991999,6,95.83333333333331,25.941247558593755,24.284426171439048,20.63611986977715,20.950516064961775,28.116108,1.4712322907812276,1.3284247306906138,27.629856285714286,2.0884798035264396,8.237452930433875,3.3339101064772727,0.21547731504673012,-0.976508846196619,23.52127659574468
2026-06-20,1.579148936170213,2.91,23.57872340425532,47,26.678207015991234,25.948644,2.92963953456402,0.8203506469044441,-0.3194839801991999,7,95.83333333333331,26.558059098985478,25.062899616786428,21.348709678649918,21.213510831197127,27.744653142857146,1.5776115824951822,1.6477625755442205,27.810279714285713,2.1991687104303903,8.551149195756835,3.8493887855893014,0.19864794288017112,-0.9800709131432666,23.245833333333334
2026-06-21,1.462127659574468,2.75,23.348936170212767,47,28.806892649332724,29.514976,3.164041103946972,0.18395721201613924,-0.3194839801991999,8,95.83333333333331,26.41736501057945,25.49034761701313,21.989966328938817,21.359896024068217,27.117111428571427,1.8283808273006183,2.4672608761306947,27.793920571428572,2.3075160762295512,9.368924922018351,4.130451592944912,0.18175978759137534,-0.9833429613388902,23.57872340425532
2026-06-22,1.5626086956521739,2.7,23.954347826086956,46,29.83213132222494,30.039496,1.9430007361805381,0.000852346317969932,-0.3194839801991999,9,95.83333333333331,27.117995622422995,26.11573335556759,22.57662271772114,21.510767851935512,27.75726685714286,2.2181811603587063,2.3066585378614946,28.013714571428572,2.417591932962316,9.166912256791448,4.6049655036320765,0.16481784665719793,-0.9863240225317866,23.348936170212767
2026-06-23,1.6602127659574468,2.78,24.621276595744682,47,30.95490099589034,30.035472,1.2382997556867912,0.0017136334804490616,-0.3194839801991999,10,91.66666666666669,28.439076995849632,27.001408695039313,23.302706336975117,21.730921194288488,28.348846285714284,2.180558494744514,1.98058834882886,28.325904,2.390128999748067,2.6664146863204508,5.270487500750825,0.14782713347053048,-0.9890132145779883,23.954347826086956
2026-06-24,2.1043478260869564,3.05,25.295652173913044,46,29.879952367146814,29.952016,2.442215486990903,0.02396106719970703,-0.3194839801991999,11,91.66666666666669,29.864641655816,27.99232989719938,24.440219906398248,21.995197656419563,28.708471428571425,2.31229316437383,1.4741217215146207,28.622747142857143,2.156746241740439,2.6580607009414337,5.997132240779816,0.13079267585675922,-0.9914097417023038,24.621276595744682
2026-06-25,2.517708333333333,3.93,25.714583333333334,48,28.234462992350302,27.2504,1.6567280455861388,1.444593071937561,-0.3194839801991999,12,91.66666666666669,30.222328228420697,28.38942462376188,25.58289258139476,22.25212353600398,28.963321714285716,2.4619679463777726,1.359171368733314,28.67013057142857,2.033416038253526,2.680317075391514,6.137301087757898,0.11371951458594969,-0.9935128947338007,25.295652173913044
2026-06-26,2.5527659574468085,3.8,26.08936170212766,47,27.3602284749349,26.285316,2.0484139822941745,0.0,-0.3194839801991999,13,91.66666666666669,29.689772118462486,28.60791922069734,26.446172696068196,22.461612277560782,28.733851999999995,2.314326515576106,2.7951919959150473,28.42498,1.8927794031786667,4.123616726605661,6.146306943136558,0.0966127018812031,-0.9953220513156602,25.714583333333334
2026-06-27,2.9891666666666667,3.91,24.958333333333332,48,27.886708831787132,27.6624,1.836796610460589,0.03859400749206543,-0.3194839801991999,14,91.66666666666669,28.491547944810673,28.820967973981606,26.941933795384017,22.583653004964216,28.432331428571427,2.203191235035648,2.4754279778562704,28.088492285714285,1.890401408765415,4.123190553400491,6.23731496901739,0.07947729992362097,-0.9968366760893436,26.08936170212766
2026-06-28,3.211666666666667,4.29,25.3375,48,21.996909077962243,20.53866,1.6506075221992167,18.06210577433376,-0.3194839801991999,15,91.66666666666669,27.827133433024112,28.993611090523878,27.241979353768503,22.712561225891132,28.677153714285712,2.0470708173065866,1.6936713384438917,27.897132571428568,1.9377258223036022,4.160932214574586,6.281049864632745,0.062318379354325076,-0.998056320853012,24.958333333333332
2026-06-29,3.0576595744680852,4.23,25.66595744680851,47,20.903389231363974,28.260704,4.0042541788848105,0.4944653058487347,,16,91.66666666666669,25.747948794894757,28.02075629461381,27.068244825090698,22.6413592444526,27.394822857142856,1.8308660199140505,19.57181990076151,27.576044857142854,2.0245235901363783,21.878478438623006,5.379397050161209,0.04514101777397193,-0.9989806246941579,25.3375
2026-06-30,3.1483333333333334,5.09,26.172916666666666,48,21.36435216267904,29.671948,3.1617818700439866,0.004082917314462975,,17,91.66666666666669,23.595669047037784,26.7452217102051,26.873315202622205,22.611857710944303,27.140709714285716,2.1253307974432323,20.065432860292276,27.744778,2.152944646093873,22.046021209121136,4.133363999260798,0.02795029824021032,-0.999609314096404,25.66595744680851
2026-07-01,2.9117021276595745,4.21,25.985106382978724,47,18.453780746459984,29.417656,5.076085752085428,0.00022351741790771484,,18,91.66666666666669,21.421550157335087,25.37514330546063,26.683736601330004,22.684010145399323,27.08877771428572,2.400113956637117,20.06780214412629,27.89862457142857,2.3562035605054734,21.54192386564091,2.6911331600613053,0.01075130776352193,-0.9999422030204416,26.172916666666666
2026-07-02,3.0322916666666666,4.45,25.19375,48,18.312816238403343,30.16652,5.645064825645285,0.01690089538897155,,19,91.66666666666669,20.240507380167667,23.74283307393394,26.06612884884791,22.61116036309138,27.012440571428574,2.7763811373649063,20.04406459434449,27.98788114285714,2.6191745418713395,21.403235963077805,1.1316727108425617,-0.00645086419810515,-0.9999791929590823,25.985106382978724
2026-07-03,3.515833333333333,4.85,25.1875,48,20.412676111857138,29.661208,4.536916576506015,0.04193193253243521,,20,91.66666666666669,19.37698304918079,22.32545496622723,25.466687093462287,22.66039822896324,27.429029142857143,3.3461435345162127,18.6163724177959,28.081440571428573,2.83023502504616,21.41156441371095,-0.33494326273600805,-0.023651127245231586,-0.9997202729664083,25.19375
2026-07-04,3.4266666666666667,5.09,25.429166666666667,48,22.610443369547568,30.082432,3.5403403562480285,0.014322996037208213,,21,91.66666666666669,19.05975769890682,21.33294748578755,25.07695772988458,22.71691667768692,27.91129942857143,3.7016439051179044,18.658304350328336,28.171815428571428,2.9524175700767765,21.133732328184607,-1.3839691918993715,-0.04084439154329611,-0.9991655196610109,25.1875
2026-07-05,3.3260869565217392,5.1,25.643478260869564,46,25.704837417602562,30.56978,1.823800127136038,0.000870227722771233,,22,91.66666666666669,20.445311906602683,20.579195276896183,24.786403183710032,22.948747232225227,28.257018285714285,3.9450072973732526,18.63403333887348,28.467086,2.99603905733992,20.32770467731737,-2.369551955329044,-0.05802556932878035,-0.9983150972033183,25.429166666666667
2026-07-06,3.286304347826087,5.46,25.369565217391305,46,28.638598378499353,29.418048,0.3405556414893957,0.000852346317969932,,23,91.66666666666669,22.909318966335757,21.10889932541623,24.56482781001502,23.275820816887766,29.69003542857143,3.969749098078513,0.5727977922624916,28.542429142857145,2.9003075589962815,20.144617693024003,-2.1669214914715376,-0.07518957641475855,-0.9971692572470178,25.643478260869564
2026-07-07,3.2391666666666667,4.83,25.779166666666665,48,29.599160766601585,27.274024,0.9395935380163735,0.09864866729003552,,24,87.5,25.651293055216495,22.213929203578427,24.479575456891762,23.640420299106193,29.855370285714287,3.446363592736311,0.07918483273172683,28.49804,2.7858471950897714,20.144617693024003,-1.4264910955277657,-0.09233133369539122,-0.9957283388645872,25.369565217391305
2026-07-08,3.4404255319148938,5.09,25.66595744680851,47,28.089329655965173,25.686184,1.128941644958479,0.34478306770324707,,25,87.5,27.980865520901165,23.39033043271022,24.382736869085424,23.94060221778024,29.512809714285712,3.128908116732366,0.17375058270729937,28.300793714285714,2.7645110366847416,20.24155272683359,-0.5502717850700201,-0.10944576864891556,-0.993992768446958,25.779166666666665
2026-07-09,3.8597916666666667,5.19,25.483333333333334,48,28.431221898396814,27.489822,0.868430268521582,1.335981488125526,,26,87.5,28.775696267022038,24.766837419782387,24.254835246858164,24.221347851223435,28.979742285714284,2.565030387142802,0.5183101329926387,27.996091428571425,2.670705762253854,20.56237472733713,0.5454895685589527,-0.12652781683868314,-0.9919630595773397,25.66595744680851
2026-07-10,4.241276595744681,5.64,25.376595744680852,47,27.977297719319665,26.25293,1.4547427781857967,0.1507401466369629,,27,87.5,28.706570773654523,26.212323942638598,24.268889454432916,24.668064880371112,28.59735685714286,1.882654021839416,1.8373907257291933,28.013192999999998,2.614398778177814,20.453763143525094,1.5442590622674857,-0.1435724234118113,-0.9896398128792412,25.483333333333334
2026-07-11,4.319166666666667,5.62,25.322916666666668,48,27.33062006632491,29.848604,1.9649203625603784,0.0,,28,87.5,28.165949757893884,27.292984172276103,24.31296582903183,25.137890307108584,28.110459999999996,1.4423434792222418,1.946198939833721,28.010879714285718,2.571993692170073,20.604503290162057,2.155093865167519,-0.16057454459499376,-0.9870237158387383,25.376595744680852
2026-07-12,3.840625,5.67,24.61875,48,27.96767387390139,25.836192,3.5517257411218424,0.5471739732456626,-0.08788626722239687,1,87.5,27.91304656134713,27.96729512895858,24.27324520292738,25.51062626308867,28.077056000000002,1.2172834801240062,1.9318759437965127,28.167037142857144,2.5811453887486295,20.565909282669992,2.456668865869908,-0.17752914918703497,-0.984115542601034,25.322916666666668
2026-07-13,4.613043478260869,6.34,24.997826086956522,46,27.571176783243857,28.978106,0.3919816670308899,0.02842347026899006,-0.08788626722239687,2,87.5,27.758530553181988,28.290557479858414,24.699728402637323,25.76222962273494,27.40082914285714,1.4641299964076926,2.478179689319404,28.54543228571428,2.716939547243103,3.0509774815818957,2.5283278571234753,-0.19443122004766195,-0.9809161537413774,24.61875
2026-07-14,4.315833333333333,5.77,25.725,48,28.6407460530599,30.157976,1.3397455403118648,0.0008583068797918258,-0.08788626722239687,3,83.33333333333333,27.623156907823386,28.1380686805362,25.175998942057312,25.89173314836292,27.337980285714284,1.4714765714850486,2.5057508132704243,28.596675285714287,2.4589200821106796,2.584935646002151,2.24633553217328,-0.2112757555821793,-0.9774264960104055,24.997826086956522
2026-07-15,4.261702127659574,6.98,26.16595744680851,47,28.48269869486495,29.36042,1.2292173098896602,0.010660290627129143,-0.08788626722239687,4,83.33333333333333,28.059865570068382,28.001152292887387,25.695741362798802,26.032118267483202,27.74997342857143,1.5286411432415474,2.4079604528601806,28.631391571428573,2.328774629986957,2.58171103556748,1.9690340254041843,-0.2280577712215198,-0.9736476020539838,25.725
2026-07-16,3.854375,5.33,26.5375,48,26.402043279012048,27.7887,1.3486111042873326,0.24762749671936035,-0.08788626722239687,5,83.33333333333333,28.231540510389568,28.05734786987307,26.41209264482773,26.193794759114606,28.27486428571429,1.5429662382317164,2.0738376757840626,28.627303285714284,2.053998312687259,2.5921478087767014,1.8635531107584633,-0.24477230089725957,-0.9695805901076308,26.16595744680851
2026-07-17,3.2980434782608694,5.22,26.35,46,24.139311091105185,30.02621,2.3974154047424374,0.000870227722771233,0.030213524248585324,1,83.33333333333333,27.841829342312298,27.76746520996096,26.98989457629978,26.27324778238934,28.31756114285714,1.6115635004839663,0.9854836843778969,28.457459,1.7471087611616911,2.82287441010709,1.4942174275716198,-0.2614143985111562,-0.965226663665613,26.5375
2026-07-18,3.003191489361702,5.01,26.353191489361702,47,23.997182464599632,29.673556,2.5077047952833293,0.016518065649506752,0.030213524248585324,2,83.33333333333333,26.341351021660728,27.21918140593032,27.25608278910321,26.174548509385872,28.856601142857148,1.7462310185634866,0.8356137654637052,28.48353057142857,1.5942872488928643,2.781812705297426,1.0446328965444494,-0.2779791393987801,-0.9605871111248129,26.35
2026-07-19,3.0102083333333334,5.1,26.483333333333334,48,25.376053746541345,28.485414,1.970930997179799,1.23797655095359,0.030213524248585324,3,83.33333333333333,24.84617894490562,26.742976034255282,27.35513558160693,26.084287897745792,28.831594285714285,1.8237716518096223,0.852131831113212,28.454325142857147,1.5205275659668145,2.7840077749097247,0.6586881365094897,-0.2944616217868012,-0.9556633054034704,26.353191489361702
2026-07-20,2.844255319148936,4.65,26.604255319148937,47,26.405830001831077,29.484796,1.539302351687894,1.6237050294876099,0.030213524248585324,4,83.33333333333333,24.504182434082054,26.37274458748956,27.331651033673985,26.067860115899002,29.21005457142857,1.5979438312464733,1.5429344088211394,28.305441857142856,1.531036913827083,4.0211140981405435,0.3048844715905581,-0.3108569682435036,-0.9504567035349151,26.483333333333334
2026-07-21,3.163333333333333,5.0,26.80666666666667,45,25.315639114379906,28.862034,2.9511288876426214,0.3962516784667969,0.030213524248585324,5,79.16666666666667,25.259688737657353,26.206266475859163,27.17216757819768,26.058780882093664,29.28243885714286,1.761846786197474,3.138215968039759,28.310209571428572,1.6166616788412613,5.6439667813101835,0.14748559376549863,-0.3271603271220951,-0.9449688462364056,26.604255319148937
2026-07-22,3.556808510638298,5.4,26.651063829787233,47,27.31807670593264,27.300696,1.0958651407220552,0.05256533622244319,0.030213524248585324,6,79.16666666666667,25.69917428758411,25.73125119890488,26.86620174589613,25.9424057642619,29.097304285714284,1.992044407244725,3.5336093396267643,28.42363885714286,1.7603427752431362,5.941569792486945,-0.21115456535702037,-0.34336687399638804,-0.939201357453208,26.80666666666667
2026-07-23,3.9006521739130435,6.13,26.595652173913045,46,28.225376383463583,29.563834,1.8237519477780049,0.0,0.030213524248585324,7,79.16666666666667,26.346515274047874,25.564876629057405,26.811112249465236,25.858603943718826,28.803058,1.9729940973636384,3.5755143852220783,28.538961142857143,1.7579801677976776,5.649352061006141,-0.293727314661421,-0.3594718130884232,-0.9331559438780432,26.651063829787233
2026-07-24,4.041041666666667,5.79,26.69375,48,27.698045349121116,28.649484,1.4302511895071406,0.0,-0.5585750160741662,1,79.16666666666667,26.953030734592044,25.825352786836195,26.79640899839858,25.767619789971263,29.056648571428575,2.0408713607194486,3.327886888502718,28.68710485714286,1.8262174306017076,4.313370572880615,0.05773299686493161,-0.3754703786876202,-0.9268343944460494,26.595652173913045
2026-07-25,4.722083333333333,6.98,26.435416666666665,48,19.801523462931357,20.619442,3.6447929622012825,3.489983081710335,-0.5585750160741662,2,79.16666666666667,27.747166146172447,26.333743395124184,26.776462400527254,25.694889556037076,28.859973428571433,1.9027050442572635,3.3270166607799467,28.858287285714283,1.824468031410375,4.162630426243652,0.6388538390871084,-0.3913578365610259,-0.9202385798054075,26.69375
2026-07-26,4.683958333333333,6.78,25.775,48,19.375543212890648,27.471308,3.704367538350027,0.0008475781783090497,-0.5585750160741662,3,79.16666666666667,25.24164839850535,25.734363537743004,26.238669785999143,25.413791571723113,27.56652857142857,2.065146210959828,6.800481676840775,28.19906142857143,1.9444589313847251,7.652613507953987,0.3205719660198909,-0.4071294853542516,-0.9133704517637858,26.435416666666665
2026-07-27,4.8591304347826085,6.5,25.60217391304348,46,21.91215858459475,28.477472,2.739208757483104,0.0004412302132550394,-0.5585750160741662,4,79.16666666666667,22.291704008314372,24.877147747221475,25.624946167355517,25.147635396321636,27.421656285714285,2.312780002555575,5.563352704065494,28.31585542857143,1.9553619169010241,7.106287112886633,-0.2704876491001613,-0.4227806579826773,-0.9062320427107697,25.775
2026-07-28,4.287083333333333,5.7,25.366666666666667,48,27.079937871297204,28.972274,0.9625430158686099,0.0017201826949531096,-0.5585750160741662,5,75.0,20.363075086805583,24.235194687616286,25.220730581737723,24.948483721415226,27.277752857142854,2.4841952033834622,3.940088904791139,28.280095857142857,2.123020994790468,7.078304872830898,-0.7132890337989402,-0.4383067230125192,-0.898825465016444,25.60217391304348
2026-07-29,4.258510638297873,6.11,25.538297872340426,47,29.7372820536296,27.848818,2.4861706019982566,0.4732283180004515,-0.5585750160741662,6,75.0,22.789213222927533,24.4872373671759,25.10924428304039,25.11791801452639,27.293501428571428,2.200111507415746,3.5455574090192954,28.195402857142856,2.0960779573302357,7.07916674864606,-0.6306806473504878,-0.45370308603134424,-0.8911529104063088,25.366666666666667
2026-07-30,4.1940425531914896,6.11,25.608510638297872,47,29.744430160522484,26.341034,0.13728726269668953,0.051373243330488094,-0.5585750160741662,7,75.0,26.24312616984052,24.832838131132608,25.198857380095006,25.41238110860191,27.371804571428573,2.3987265733123464,3.9662203907973037,28.087431285714285,2.1858603353379924,7.541734776019382,-0.579542977469302,-0.46896519100763184,-0.8832166493127127,25.538297872340426
2026-07-31,3.925227272727273,5.63,26.147727272727273,44,24.196533457438193,26.715802,2.4434414974944185,0.5370855330966151,-0.5585750160741662,8,75.0,28.85388336181643,25.049845813569593,25.437599300202894,25.691717041863356,26.91140457142857,2.1578030468721585,4.017593634127792,27.98402657142857,2.099337203795804,7.34548052263051,-0.6418712282937626,-0.48408852163897587,-0.8750190302029955,25.608510638297872
2026-08-01,3.65375,5.21,26.460416666666667,48,24.597027079264365,26.501154,1.942062134122004,0.005325674919731682,-0.5585750160741662,9,75.0,27.892748557196757,24.54962982904346,25.441686612083824,25.883142132229295,26.635164285714286,2.3025445194417697,4.554679167224407,27.747568857142856,2.1026247818495167,7.881695828004354,-1.3335123031858345,-0.4990686026885319,-0.8665624788845385,26.147727272727273
2026-08-02,3.5247916666666668,4.63,26.497916666666665,48,27.194601313273154,27.204522,1.0784521932069366,0.012150406803357328,-0.5585750160741662,10,75.0,26.179330232408347,25.23470177423389,25.48453265598845,26.092615826924668,27.475408857142856,2.059297258287587,1.0700217604338036,27.520968714285715,2.0622217346237077,7.870503437274579,-0.8579140526907771,-0.5139010013093103,-0.8578494977869301,26.460416666666667
2026-08-03,3.8851063829787233,5.51,26.568085106382977,47,26.094962692260765,17.8107,0.6283145162674351,0.009161450918782066,-0.5585750160741662,11,75.0,25.329387283325236,26.351710074288537,25.614428910755006,26.3186800003052,27.437296571428572,1.6841664946957169,1.0813245890588519,27.42947642857143,1.9984732486256462,6.644677293124346,0.033030073983336905,-0.5285813283559292,-0.8488826652214553,26.497916666666665
2026-08-04,4.052708333333333,6.5,26.16875,48,25.338068262736044,24.756244,1.97771868330246,0.0251650808991144,-0.5585750160741662,12,70.83333333333333,25.962197028266093,26.949253518240823,25.592224102928554,26.434830644395642,25.913472000000002,1.38261017452205,1.090044809764379,26.595612428571428,1.933402688952756,5.030133714555518,0.5144228738451808,-0.5431052396834317,-0.8396646346181327,26.568085106382977
2026-08-05,3.8672340425531915,5.51,26.174468085106383,47,23.48246536254885,24.925766,3.173145231681872,0.003033876055269502,-0.5585750160741662,13,70.83333333333333,26.209210756089988,26.700415002732086,25.593826184953993,26.42260500590009,25.311182,1.5276352698697429,1.1134897079685402,26.302341714285713,1.8638733886427445,4.659047116987836,0.2778099968319978,-0.5574684374327892,-0.8301981337405212,26.16875
2026-08-06,3.387446808510638,5.75,26.385106382978723,47,23.293183263142907,24.949172,2.9322865694596603,0.3616872812699512,-0.022402798675303582,1,70.83333333333333,24.971832105848552,25.806869761149123,25.319853946140864,26.250733905368406,24.893603142857142,1.6257745026816879,0.6432952660233582,26.13270385714286,2.012250537997017,4.609515656820662,-0.4438641442192832,-0.5716666713027052,-0.8204859638785327,26.174468085106383
2026-08-07,2.8241666666666667,4.54,26.447916666666668,48,26.041148122151696,26.565192,1.2147223066307469,0.4202008246352307,-0.022402798675303582,2,70.83333333333333,24.037905629475933,24.885263061523467,24.967554437546532,26.040534655253115,24.694765714285715,2.025060117933541,0.9536093039628213,25.80308514285714,2.09143158240285,4.971202938090613,-1.1552715937296476,-0.5856957398073508,-0.8105309990194823,26.385106382978723
2026-08-08,2.9884782608695653,5.28,26.51086956521739,46,26.667770004272484,24.601234,0.8982901900758841,3.4094422668431434,-0.022402798675303582,3,70.83333333333333,24.272265582614484,25.148779442196826,24.849204635620143,25.972261937459333,24.67325,1.849528804953016,0.8367245955014369,25.654207142857143,2.076036662197393,5.391403762725844,-0.8234824952625068,-0.5995514915196489,-0.8003361849976323,26.447916666666668
2026-08-09,3.0514893617021275,4.69,26.148936170212767,47,27.089416122436546,23.523962,0.7006076390423774,0.18075108528137207,-0.022402798675303582,4,70.83333333333333,25.334033796522363,25.444599860055128,25.33965081714451,25.91348020765519,24.401832857142857,1.7004185272321422,4.240841187424849,25.93862085714286,1.8798578927598644,5.310862947858652,-0.4688803476000629,-0.6132298262997502,-0.7899045386224707,26.51086956521739
2026-08-10,3.0943478260869566,4.84,26.056521739130435,46,24.539194997151696,25.076472,1.215087841685854,3.2142045939664854,-0.022402798675303582,5,70.83333333333333,26.599444749620243,25.429573404221326,25.89064173925493,25.88388415442575,23.876038571428573,1.6464407337800624,4.409441865902863,25.656667571428574,1.6653036142378894,5.490766454961715,-0.45431075020442435,-0.6267266965083301,-0.7792391467859886,26.148936170212767
2026-08-11,2.7253191489361703,4.9,26.240425531914894,47,26.44485753377279,22.73983,1.0684748706673737,0.016423414635369227,-0.022402798675303582,6,66.66666666666667,26.098793707953575,25.207320876348604,26.078287197294713,25.790836652119978,24.914006,1.7302654945541218,7.614485008950567,25.413739,1.556437834538086,8.704529818714946,-0.5835157757713745,-0.6400381082043503,-0.7683431655492202,26.056521739130435
2026-08-12,2.3670833333333334,3.56,26.69375,48,28.48313420613607,24.526624,1.5167167145619658,0.0008583068833445395,-0.022402798675303582,7,66.66666666666667,26.024489551120343,25.365433629353852,26.03292431604297,25.740076107449024,24.625946857142857,1.6003735213205383,7.6057433426868215,24.968564428571426,1.5640043955951406,8.719233050655362,-0.37464247809517204,-0.65316012232693,-0.7572198192083127,26.240425531914894
2026-08-13,2.211304347826087,3.52,26.71086956521739,46,29.567324574788415,24.987356,1.6135042311248213,0.6511837243010632,-0.15464143404016975,1,66.66666666666667,26.489062245686853,26.079814892723455,25.94334232693629,25.7704746882121,24.56892657142857,1.3637408760176946,7.6035677735148965,24.731264857142857,1.4947576893496912,8.246863039538255,0.30934020451135424,-0.666088855860977,-0.7458723993404063,26.69375
2026-08-14,2.3344444444444443,3.67,26.886666666666667,45,28.068940734863304,21.532752,0.27047041236216607,1.876920461654663,-0.15464143404016975,2,66.66666666666667,28.165105438232427,26.9761207943871,25.930691927955284,25.801360638936384,24.574381428571428,1.1753433991127176,7.8930642165460085,24.63457357142857,1.6002017585231292,8.84667352050883,1.1747601554507163,-0.6788204829862355,-0.734304263829602,26.71086956521739
2026-08-15,2.673125,3.87,26.66875,48,24.685887273152673,20.58246,0.6086811072750519,8.822616934669014,-0.15464143404016975,3,66.66666666666667,28.706466505262597,27.2658054533459,26.207292447771362,25.78756870693633,23.855461428571427,1.0404502713600632,9.349783853565441,24.264355714285717,1.4449895381565396,10.186508449066878,1.4782367464095714,-0.6913512362094071,-0.722518835873311,26.886666666666667
2026-08-16,3.20468085106383,5.78,26.35531914893617,47,23.386532719930017,21.152012,1.432449017017565,1.5059828757557625,-0.15464143404016975,4,66.66666666666667,27.440717527601464,26.982679348900213,26.21363960447767,25.730363506741014,23.281350857142858,0.9990775452456585,14.762958521391312,23.841591857142856,1.3497480362389003,19.00379970881616,1.2523158421591987,-0.7036774074790128,-0.7105196029692745,26.66875
2026-08-17,2.9915555555555557,4.4,26.197777777777777,45,23.909132258097372,22.948272,2.386947187440413,0.06022751330192477,-0.15464143404016975,5,66.66666666666667,25.380453575982,26.453696005684996,25.941634704953163,25.705270894368514,22.942500857142853,1.1036263135278281,16.088190311865702,23.40926971428571,1.3750335236539453,20.497632177768565,0.7484251113164824,-0.7157953492826642,-0.6983101158835584,26.35531914893617
2026-08-18,2.777083333333333,4.61,26.56875,48,24.645499801635765,26.09964,2.03450419557185,0.0017195939676639682,-0.15464143404016975,6,62.5,23.993850750393353,26.363687042962948,25.785503959655777,25.7023358874851,22.638472285714283,1.271034791492765,12.934213231201142,23.776239142857143,1.5006501430234438,20.548698240151708,0.6613511554778491,-0.7277014757264236,-0.6858939875998223,26.197777777777777
2026-08-19,2.428936170212766,3.4,26.697872340425533,47,26.198916371663415,23.671348,1.1358519372418547,1.506611704826355,-0.15464143404016975,7,62.5,23.980388259887718,26.106635938371944,25.736034783862898,25.67798408932158,23.118445142857144,1.4090389807648334,12.919509410533436,23.872196,1.5047062510426856,20.525252753220258,0.4286518490503646,-0.7393922635959241,-0.673274892250183,26.56875
2026-08-20,2.776875,3.7,27.010416666666668,48,21.309620793660486,19.305402,2.081299646971028,8.36189091205597,-0.15464143404016975,8,62.5,24.917849477132183,25.78031910487585,25.930066998799653,25.671086968315993,22.996262857142856,1.3546297268619603,14.425262808476447,23.782594714285715,1.3591853014398274,22.028830581991343,0.1092321365598572,-0.7508642533989489,-0.6604565640279754,26.697872340425533
2026-08-21,3.877083333333333,5.21,26.304166666666667,48,18.18768145243331,13.789618,2.9985588386176767,0.180724263088905,-0.15464143404016975,9,62.5,24.051345655653222,24.60064713614329,25.788383965265194,25.537553024292016,22.184555142857143,1.4214576434114183,22.135969996231353,23.37946828571429,1.2984005212620677,30.02903421277736,-0.9369058881487256,-0.7621140503891487,-0.6474427960827475,27.010416666666668
2026-08-22,4.23,4.94,25.802083333333332,48,20.14569689432784,18.890562,1.5544487438180739,0.37382841099997677,-0.15464143404016975,10,62.5,21.898739539252404,23.189038667224718,25.22742206028531,25.233206515842035,21.078393142857145,1.81118456144792,20.439773797665595,22.466927285714284,1.4258174164039914,29.789557651231036,-2.0441678486173167,-0.7731383255706026,-0.6342374393978054,26.304166666666667
2026-08-23,4.732916666666667,7.14,25.258333333333333,48,23.601719156901083,20.35804,2.573065339355729,1.0459203769528358,-0.03080451790752187,1,62.5,19.88099971347388,22.540440041678316,24.761559695289264,24.963883866204174,20.83669342857143,1.9462942238112089,11.990985273996557,22.059022142857145,1.4726858845284336,26.75394379538787,-2.423443824525858,-0.7839338166829201,-0.620844401650647,25.802083333333332
2026-08-24,4.785652173913044,6.29,25.0,46,23.583334223429404,21.061342,3.024631665902126,0.08773207663992366,-0.03080451790752187,2,62.5,20.645032501220744,22.57118096124561,24.512438483465303,24.827339659796845,20.72326885714286,2.1092394127166605,11.53092277519363,21.832884857142854,1.6064328631222442,27.619113087059333,-2.2561586985512356,-0.7944973291665992,-0.6072676460566135,25.258333333333333
2026-08-25,5.220208333333333,6.25,25.022916666666667,48,23.547955449422204,22.549424,1.8632365055010283,0.0,-0.03080451790752187,3,62.5,22.44358342488611,22.52463838486447,24.44416271391371,24.95340001848011,20.453707428571427,2.2003371953540483,11.55842733853163,21.546089857142857,1.7356859934234066,24.49264056973277,-2.4287616336156397,-0.8048257371083452,-0.593511190196115,25.0
2026-08-26,5.105625,7.28,24.814583333333335,48,24.399661000569665,22.213278,2.4252422900393618,0.0,-0.03080451790752187,4,62.5,23.577669609917564,22.36784633454825,24.237241136460096,25.092480426364496,19.946533714285717,2.1758703824867878,11.556707744563965,21.53248942857143,1.7924546816258107,24.4762171550974,-2.7246340918162453,-0.8149159841660791,-0.5795791048257612,25.022916666666667
2026-08-27,5.025833333333333,6.99,24.425,48,21.10472895304366,15.97947,3.8177721715350588,0.1141667365978094,-0.03080451790752187,5,62.5,23.84365022447376,22.110809852963428,23.94556447891964,25.175397173563663,19.738238,2.360069004315003,10.05009603973761,21.367250428571428,1.8573493655884816,24.475358848214057,-3.0645873206002356,-0.8247650844733614,-0.5654755126737576,24.814583333333335
2026-08-28,4.8777083333333335,6.5,23.9375,48,19.650473531087243,22.871352,1.6906344269655849,0.0,-0.03080451790752187,6,62.5,23.01744846767851,22.081539590018167,23.341093363080727,24.976223542955207,19.263104857142856,2.6081365078241503,1.8023718642794506,20.72383,2.0147970756177846,23.938341860510803,-2.89468395293704,-0.8343701235229538,-0.5512045872199277,24.425
2026-08-29,4.747708333333334,7.05,23.902083333333334,48,21.695810572306357,24.65975,0.716225741758282,0.0004410743663640915,-0.03080451790752187,7,62.5,21.718287828233525,22.290509886968728,22.739774277096725,24.639996592203797,20.560495428571432,2.421290163302423,1.6216476011905456,20.819444285714287,2.1162373623751716,22.06142139885614,-2.349486705235069,-0.8437282590292712,-0.5367705514607103,23.9375
2026-08-30,5.508333333333333,9.33,23.945833333333333,48,22.40067380269369,23.07586,1.2564586868249419,0.008273124592506065,-0.03080451790752187,8,62.5,20.817004352145755,22.511954698108518,22.526197369893417,24.371709272596593,21.38466514285714,2.301544020151024,1.248260264556933,21.110679285714287,2.1239191219811167,13.23924553855349,-1.8597545744880755,-0.8528367217694595,-0.522177676659508,23.902083333333334
2026-08-31,4.225531914893617,7.39,24.112765957446808,47,20.329651133219443,24.2577,3.036717970082779,0.0,-0.14205232639826823,1,62.5,21.248985968695763,22.340376790364605,22.455778875805105,24.31184728410511,21.77292514285714,2.113457355503769,0.21061301219660322,21.248097,2.1113483841102147,11.741535787390234,-1.9714704937405045,-0.8616928164028522,-0.5074302810827518,23.945833333333333
2026-09-01,5.21375,10.54,23.972916666666666,48,21.89123115539553,22.837404,0.9450791301804167,0.841289758682251,-0.14205232639826823,2,58.333333333333336,21.47537850273983,21.875564920334607,22.20010165259954,24.169601419236944,22.22954771428571,2.1151839703867195,0.12288093555667956,21.34162757142857,2.157760582870384,11.681308274088309,-2.2940364989023365,-0.8702939222685674,-0.49253272872205434,24.112765957446808
2026-09-02,5.4774468085106385,7.39,24.159574468085108,47,23.49611371358236,23.665098,1.5835154021504687,0.0015177926115939044,-0.9742764096747042,1,58.333333333333336,21.540518697102886,21.63889002118794,22.003368177868094,23.99282241397436,22.270687714285714,1.9840186310552037,0.9641706942389305,21.10861071428571,2.0799445067709956,12.520878438802896,-2.353932392786419,-0.8786374941610001,-0.4774894280028391,23.972916666666666
2026-09-03,4.726875,8.8,24.408333333333335,48,25.56437009175619,23.580444,1.0207814276695204,0.0008455314173261286,-0.9742764096747042,2,58.333333333333336,21.905665334065777,21.509811837332613,21.81031084514802,23.906194114685082,22.47809057142857,1.8637719327853617,0.9656884868505244,21.108164285714285,2.1119204685501827,11.015784526588135,-2.396382277352469,-0.886721063082993,-0.46230483047981086,24.159574468085108
2026-09-04,4.31936170212766,6.18,24.485106382978724,47,27.697578048706077,23.480978,1.1948651608582412,0.00042094495711353375,-0.9742764096747042,3,58.333333333333336,23.650571653578027,22.146903428577257,22.114221509297714,23.91373750898575,23.563944,1.4642018265188563,0.8523672816700412,21.413524428571428,2.0361691671715034,2.654739145949492,-1.7668340804084934,-0.8945422369764496,-0.4469834295196741,24.408333333333335
2026-09-05,4.962916666666667,6.48,24.61875,48,29.175916290283226,21.682046,0.39402770753745586,0.0,-0.9742764096747042,4,58.333333333333336,25.586020618014874,23.296489788237093,22.793499837602912,24.05424126519099,23.651033428571427,1.3933776456463784,0.8527882266271547,22.10576442857143,1.9073339044744009,2.4744358278177003,-0.7577514769538958,-0.9020987014301837,-0.43152975897147144,24.485106382978724
2026-09-06,8.276041666666666,11.05,24.48125,48,28.83534647623702,16.295706,0.5027673265635764,0.008910894393920898,-0.9742764096747042,5,58.333333333333336,27.47928814358183,24.365076319376644,23.43851550874258,24.250332366095666,23.225647142857145,1.3473493550434037,0.8523471522607906,22.30515614285714,1.8244466875972136,2.1006074168177236,0.11474395328097842,-0.9093882203647925,-0.4159483918249421,24.61875
2026-09-07,7.805744680851064,12.18,24.470212765957445,47,26.8325185139974,22.49903,1.2813501361306348,0.0012645294305002608,-0.9742764096747042,6,58.333333333333336,28.569613605075443,25.284315272739978,23.81234603155229,24.343472311231842,22.257053714285714,1.2396791607203512,0.8529849220622054,22.01498942857143,1.6765682581120604,1.0635979342588087,0.9408429615081353,-0.9164086366943458,-0.4002439388573056,24.48125
2026-09-08,7.097916666666666,12.77,24.647916666666667,48,24.468508021036826,21.28338,2.0267079249294824,0.038053660603054595,-0.9742764096747042,7,58.333333333333336,28.281260426839214,26.213296327136828,24.044430623735717,24.348963928222677,22.00581514285714,0.9889123272986163,0.8542494514927057,22.117681428571426,1.5520481488426678,0.9771303870493853,1.8643323989141507,-0.9231578729647039,-0.38442104726885545,24.470212765957445
2026-09-09,7.307916666666666,9.48,24.410416666666666,48,16.323185857137048,20.568566,5.0367885374295485,1.7339885234832764,-0.9742764096747042,8,58.333333333333336,26.712124337090415,26.581478736514157,24.11018437885105,24.261600324842682,21.783811714285715,1.1434307265484829,0.05101335341350932,22.027249714285716,1.5637246788018433,1.0151840476524399,2.319878411671475,-0.9296339319682695,-0.3684843993077793,24.647916666666667
2026-09-10,8.824468085106384,14.16,23.75744680851064,47,17.062622324625693,21.694706,3.140940733914089,0.0008523463748133508,-0.9742764096747042,9,58.333333333333336,22.54140413072376,25.55677475702197,23.53329329717729,23.98773335350886,21.341450000000002,1.63675546015978,1.7834840842851918,21.909770285714284,1.7502636964725706,2.7491725711357162,1.5690414035131077,-0.9358348973349941,-0.35243871088460327,24.410416666666666
2026-09-11,7.22125,11.74,23.385416666666668,48,18.01534550984701,22.489458,2.6454685646970493,0.002143935034837341,-0.9742764096747042,10,58.333333333333336,19.284772067599857,24.342239361717613,23.244571395147435,23.674992179870628,21.072058857142856,1.939635361051861,1.783490899242679,22.318001428571428,1.7019185937853585,2.63585818091272,0.6672471818469852,-0.9417589340994617,-0.33628873017668287,23.75744680851064
2026-09-12,7.1883333333333335,10.17,23.45625,48,19.045791880289755,22.167306,1.7623819687214783,0.0017157139495793672,-1.0,1,58.333333333333336,17.13371789720325,22.959063284737745,23.12777653648742,23.32606588999432,20.930413142857144,2.1468644187431196,1.7852138893204028,22.290723285714286,1.7701210321947491,2.6380021159475575,-0.3670026052565767,-0.9474042892438845,-0.32003923622313857,23.385416666666668
2026-09-13,7.465208333333333,9.42,23.197916666666668,48,21.358441289265954,21.829652,0.5203472358112196,0.0004351138045421976,-1.0,2,58.333333333333336,18.041253238254154,21.51190265473868,22.938489487057662,22.975348133511034,20.999736000000002,2.342343598912265,1.7869296032699822,22.11269157142857,1.8448464769778343,2.639276755530773,-1.4634454787723534,-0.9527692922168511,-0.30369503751065885,23.45625
2026-09-14,8.323404255319149,14.8,23.31063829787234,47,23.867587661743187,21.789374,0.5926017423660815,0.0,-1.0,3,58.333333333333336,19.47319289313424,20.44377334231424,22.86404430752711,22.75166481865779,21.790299714285712,2.344855014519072,1.7784538226806035,22.023676714285717,1.7922670876197113,2.631438744742809,-2.307891476343549,-0.9578523554276669,-0.28726097055059635,23.197916666666668
